filename,xmin,ymin,xmax,ymax,class
chip_rgb27.jpg,378,82,464,154,can
chip_rgb27.jpg,433,150,487,206,can
chip_rgb27.jpg,483,152,540,211,can
chip_rgb27.jpg,418,188,478,224,bottle
chip_rgb28.jpg,275,395,316,461,bottle
chip_rgb28.jpg,170,577,217,628,bottle
chip_rgb28.jpg,151,482,191,540,bottle
chip_rgb28.jpg,136,475,161,544,bottle
chip_rgb28.jpg,105,515,162,560,bottle
chip_rgb28.jpg,96,544,147,579,bottle
chip_rgb30.jpg,157,368,283,465,container
chip_rgb30.jpg,76,349,173,438,container
chip_rgb30.jpg,121,346,175,394,bottle
chip_rgb31.jpg,333,368,458,465,container
chip_rgb31.jpg,443,348,540,438,container
chip_rgb31.jpg,441,345,495,394,bottle
chip_rgb32.jpg,0,67,66,112,bottle
chip_rgb32.jpg,438,73,508,122,bottle
chip_rgb32.jpg,189,280,236,335,bottle
chip_rgb32.jpg,403,291,453,343,bottle
chip_rgb32.jpg,321,421,386,472,bottle
chip_rgb32.jpg,52,83,137,158,can
chip_rgb32.jpg,45,13,133,79,can
chip_rgb32.jpg,119,33,178,101,container
chip_rgb36.jpg,527,542,573,612,bottle
chip_rgb36.jpg,518,100,567,169,bottle
chip_rgb36.jpg,305,372,360,419,bottle
chip_rgb36.jpg,296,155,349,205,bottle
chip_rgb36.jpg,356,583,392,640,bottle
chip_rgb36.jpg,167,221,219,287,bottle
chip_rgb36.jpg,481,471,556,555,can
chip_rgb36.jpg,560,475,626,562,can
chip_rgb36.jpg,537,430,606,489,container
chip_rgb37.jpg,492,392,524,460,bottle
chip_rgb37.jpg,410,370,474,407,bottle
chip_rgb37.jpg,405,397,460,434,bottle
chip_rgb37.jpg,36,442,91,492,bottle
chip_rgb48.jpg,193,89,262,223,bottle
chip_rgb48.jpg,137,0,221,99,bottle
chip_rgb48.jpg,69,31,152,140,bottle
chip_rgb52.jpg,292,14,418,72,bottle
chip_rgb52.jpg,365,21,446,138,bottle
chip_rgb52.jpg,425,47,492,183,bottle
chip_rgb53.jpg,499,542,603,637,bottle
chip_rgb53.jpg,125,335,259,406,bottle
chip_rgb56.jpg,253,14,380,72,bottle
chip_rgb56.jpg,225,21,307,138,bottle
chip_rgb56.jpg,180,47,247,183,bottle
chip_rgb57.jpg,466,3,571,98,bottle
chip_rgb57.jpg,93,234,227,305,bottle
chip_rgb62.jpg,331,0,550,153,bottle
chip_rgb62.jpg,48,336,293,475,bottle
chip_rgb62.jpg,0,0,186,223,bottle
chip_rgb62.jpg,0,88,132,225,bottle
chip_rgb63.jpg,486,113,640,332,bottle
chip_rgb63.jpg,164,371,303,616,bottle
chip_rgb63.jpg,416,477,640,640,bottle
chip_rgb63.jpg,415,532,552,640,bottle
chip_rgb65.jpg,588,0,640,51,bottle
chip_rgb65.jpg,322,0,402,174,bottle
chip_rgb65.jpg,214,158,421,263,bottle
chip_rgb65.jpg,368,49,483,281,bottle
chip_rgb65.jpg,416,181,640,354,bottle
chip_rgb65.jpg,489,0,619,174,bottle
chip_rgb65.jpg,210,0,336,121,bottle
chip_rgb65.jpg,159,82,295,191,bottle
chip_rgb65.jpg,294,446,449,532,bottle
chip_rgb65.jpg,199,425,351,563,bottle
chip_rgb65.jpg,44,231,212,510,container
chip_rgb65.jpg,159,210,404,468,can
chip_rgb65.jpg,439,281,640,628,can
chip_rgb65.jpg,384,572,640,640,can
chip_rgb65.jpg,233,547,307,640,bottle
chip_rgb66.jpg,332,0,550,228,bottle
chip_rgb66.jpg,345,481,560,640,bottle
chip_rgb66.jpg,215,298,367,625,bottle
chip_rgb66.jpg,79,0,334,107,bottle
chip_rgb66.jpg,0,0,186,51,bottle
chip_rgb66.jpg,0,202,164,405,bottle
chip_rgb66.jpg,0,281,143,628,can
chip_rgb67.jpg,412,114,640,332,bottle
chip_rgb67.jpg,0,104,159,318,bottle
chip_rgb67.jpg,15,296,342,448,bottle
chip_rgb67.jpg,533,330,640,585,bottle
chip_rgb67.jpg,588,478,640,640,bottle
chip_rgb67.jpg,234,500,436,640,bottle
chip_rgb67.jpg,11,521,358,640,can
chip_rgb69.jpg,557,428,640,493,container
chip_rgb69.jpg,277,0,571,129,can
chip_rgb69.jpg,414,0,640,256,can
chip_rgb69.jpg,319,138,533,389,can
chip_rgb69.jpg,273,285,554,442,can
chip_rgb69.jpg,19,130,320,315,can
chip_rgb69.jpg,0,41,59,261,can
chip_rgb69.jpg,0,197,112,357,can
chip_rgb69.jpg,235,414,387,489,bottle
chip_rgb69.jpg,0,0,329,163,container
chip_rgb69.jpg,582,333,640,407,bottle
chip_rgb70.jpg,453,345,640,560,bottle
chip_rgb70.jpg,276,0,571,167,can
chip_rgb71.jpg,322,0,536,186,bottle
chip_rgb71.jpg,0,69,143,362,can
chip_rgb73.jpg,379,426,598,640,can
chip_rgb73.jpg,283,487,442,640,can
chip_rgb73.jpg,240,534,335,632,bottle
chip_rgb73.jpg,263,357,358,569,bottle
chip_rgb73.jpg,212,427,295,592,bottle
chip_rgb81.jpg,0,471,82,626,bottle
chip_rgb81.jpg,373,452,639,581,bottle
chip_rgb81.jpg,235,351,502,519,bottle
chip_rgb81.jpg,166,218,428,343,bottle
chip_rgb81.jpg,0,409,231,517,bottle
chip_rgb81.jpg,0,461,94,624,bottle
chip_rgb81.jpg,0,536,188,640,bottle
chip_rgb81.jpg,0,222,50,388,bottle
chip_rgb81.jpg,0,282,245,433,bottle
chip_rgb81.jpg,62,232,266,398,bottle
chip_rgb81.jpg,264,524,554,640,bottle
chip_rgb81.jpg,160,531,292,640,bottle
chip_rgb82.jpg,368,53,583,394,bottle
chip_rgb82.jpg,189,241,514,533,bottle
chip_rgb82.jpg,197,387,388,640,bottle
chip_rgb82.jpg,1,438,264,640,bottle
chip_rgb82.jpg,452,573,640,640,bottle
chip_rgb82.jpg,348,552,479,640,bottle
chip_rgb82.jpg,1,233,57,444,bottle
chip_rgb82.jpg,567,358,640,589,bottle
chip_rgb83.jpg,56,221,271,562,bottle
chip_rgb83.jpg,125,82,450,374,bottle
chip_rgb83.jpg,251,0,442,229,bottle
chip_rgb83.jpg,375,0,639,177,bottle
chip_rgb83.jpg,160,0,292,64,bottle
chip_rgb83.jpg,583,172,639,383,bottle
chip_rgb83.jpg,0,26,73,257,bottle
chip_rgb85.jpg,235,228,569,495,can
chip_rgb85.jpg,182,82,504,283,container
chip_rgb85.jpg,0,216,102,284,container
chip_rgb85.jpg,64,517,276,640,container
chip_rgb85.jpg,144,243,309,457,bottle
chip_rgb85.jpg,185,367,321,578,bottle
chip_rgb85.jpg,468,471,640,626,bottle
chip_rgb85.jpg,490,277,628,528,bottle
chip_rgb85.jpg,478,461,640,624,bottle
chip_rgb85.jpg,551,536,640,640,bottle
chip_rgb85.jpg,414,583,616,640,bottle
chip_rgb85.jpg,45,578,518,640,can
chip_rgb85.jpg,0,304,188,393,bottle
chip_rgb85.jpg,0,380,197,472,bottle
chip_rgb85.jpg,0,336,51,455,bottle
chip_rgb85.jpg,80,259,287,357,bottle
chip_rgb85.jpg,28,247,216,334,bottle
chip_rgb85.jpg,571,221,640,388,bottle
chip_rgb85.jpg,0,500,171,640,can
chip_rgb86.jpg,495,364,640,576,container
chip_rgb86.jpg,45,144,230,555,bottle
chip_rgb86.jpg,0,445,213,640,bottle
chip_rgb86.jpg,572,0,640,89,bottle
chip_rgb86.jpg,451,24,640,226,bottle
chip_rgb86.jpg,269,48,513,264,bottle
chip_rgb86.jpg,279,122,640,595,can
chip_rgb86.jpg,359,0,589,100,bottle
chip_rgb86.jpg,510,469,640,640,can
chip_rgb89.jpg,0,3,62,347,container
chip_rgb89.jpg,0,18,214,394,can
chip_rgb89.jpg,0,0,148,82,can
chip_rgb89.jpg,125,0,261,163,can
chip_rgb89.jpg,215,32,320,122,bottle
chip_rgb89.jpg,205,149,356,272,bottle
chip_rgb89.jpg,311,256,406,434,bottle
chip_rgb89.jpg,229,182,369,354,bottle
chip_rgb89.jpg,16,363,302,608,can
chip_rgb89.jpg,185,308,369,620,can
chip_rgb89.jpg,0,482,140,640,can
chip_rgb90.jpg,0,293,191,637,container
chip_rgb90.jpg,426,0,640,136,bottle
chip_rgb90.jpg,25,0,365,320,can
chip_rgb90.jpg,0,558,86,640,can
chip_rgb90.jpg,0,0,128,158,can
chip_rgb93.jpg,273,508,429,601,bottle
chip_rgb93.jpg,346,343,447,539,bottle
chip_rgb93.jpg,490,422,640,640,can
chip_rgb93.jpg,378,472,514,640,can
chip_rgb93.jpg,307,568,431,640,bottle
chip_rgb94.jpg,0,553,217,640,can
chip_rgb95.jpg,577,422,640,640,can
chip_rgb97.jpg,211,7,366,100,bottle
chip_rgb97.jpg,192,69,293,265,bottle
chip_rgb97.jpg,0,0,149,186,can
chip_rgb97.jpg,125,0,261,136,can
chip_rgb101.jpg,532,469,640,597,bottle
chip_rgb101.jpg,97,331,373,474,bottle
chip_rgb101.jpg,83,510,423,635,bottle
chip_rgb101.jpg,334,507,467,640,bottle
chip_rgb101.jpg,427,532,639,640,bottle
chip_rgb101.jpg,0,461,211,567,bottle
chip_rgb101.jpg,385,405,640,498,bottle
chip_rgb101.jpg,586,211,640,358,bottle
chip_rgb101.jpg,193,222,440,325,bottle
chip_rgb101.jpg,381,287,618,415,bottle
chip_rgb101.jpg,428,204,522,305,bottle
chip_rgb102.jpg,355,236,556,548,bottle
chip_rgb102.jpg,300,534,640,640,bottle
chip_rgb102.jpg,174,79,487,364,bottle
chip_rgb102.jpg,179,0,361,250,bottle
chip_rgb102.jpg,335,0,468,69,bottle
chip_rgb102.jpg,371,79,589,346,bottle
chip_rgb102.jpg,565,60,640,255,bottle
chip_rgb102.jpg,1,0,250,186,bottle
chip_rgb105.jpg,427,0,633,124,bottle
chip_rgb105.jpg,485,43,640,171,bottle
chip_rgb105.jpg,512,117,626,363,bottle
chip_rgb105.jpg,204,84,307,300,bottle
chip_rgb105.jpg,179,208,312,377,bottle
chip_rgb105.jpg,565,0,640,108,bottle
chip_rgb105.jpg,318,54,533,212,bottle
chip_rgb105.jpg,415,159,501,247,bottle
chip_rgb105.jpg,58,325,215,384,bottle
chip_rgb105.jpg,0,189,182,273,bottle
chip_rgb105.jpg,214,380,523,557,container
chip_rgb105.jpg,0,378,112,443,container
chip_rgb105.jpg,579,281,640,429,bottle
chip_rgb105.jpg,8,263,172,343,bottle
chip_rgb105.jpg,136,0,514,82,can
chip_rgb105.jpg,0,0,166,175,can
chip_rgb105.jpg,282,143,561,414,can
chip_rgb106.jpg,80,126,224,500,bottle
chip_rgb106.jpg,0,339,215,640,bottle
chip_rgb106.jpg,307,37,525,246,bottle
chip_rgb106.jpg,475,6,640,211,bottle
chip_rgb106.jpg,326,125,640,503,can
chip_rgb106.jpg,534,473,640,640,can
chip_rgb109.jpg,315,205,478,288,bottle
chip_rgb109.jpg,282,244,431,288,bottle
chip_rgb109.jpg,0,234,75,384,bottle
chip_rgb109.jpg,41,308,120,381,bottle
chip_rgb109.jpg,185,293,308,411,bottle
chip_rgb109.jpg,119,336,213,412,bottle
chip_rgb109.jpg,233,279,377,340,bottle
chip_rgb109.jpg,498,465,640,640,can
chip_rgb109.jpg,384,311,627,616,can
chip_rgb109.jpg,60,397,396,619,can
chip_rgb109.jpg,0,468,106,640,can
chip_rgb109.jpg,0,359,170,533,can
chip_rgb109.jpg,343,262,638,440,can
chip_rgb109.jpg,0,572,464,640,container
chip_rgb110.jpg,0,425,83,640,bottle
chip_rgb110.jpg,0,0,279,323,can
chip_rgb110.jpg,0,0,142,106,can
chip_rgb110.jpg,533,0,639,69,can
chip_rgb110.jpg,175,0,639,144,container
chip_rgb113.jpg,371,213,599,303,bottle
chip_rgb113.jpg,539,212,620,373,bottle
chip_rgb113.jpg,450,295,560,368,bottle
chip_rgb113.jpg,452,0,640,171,can
chip_rgb113.jpg,517,107,640,280,can
chip_rgb114.jpg,0,570,186,640,can
chip_rgb117.jpg,9,213,237,303,bottle
chip_rgb117.jpg,0,212,69,373,bottle
chip_rgb117.jpg,48,295,158,368,bottle
chip_rgb117.jpg,0,0,154,171,can
chip_rgb117.jpg,0,107,91,280,can
chip_rgb118.jpg,485,0,640,69,can
chip_rgb121.jpg,289,533,558,626,bottle
chip_rgb121.jpg,142,584,379,640,bottle
chip_rgb121.jpg,46,577,172,640,bottle
chip_rgb121.jpg,0,348,181,479,bottle
chip_rgb121.jpg,140,421,393,542,bottle
chip_rgb121.jpg,121,265,332,383,bottle
chip_rgb121.jpg,40,228,158,374,bottle
chip_rgb122.jpg,103,344,371,584,bottle
chip_rgb122.jpg,230,23,489,265,bottle
chip_rgb122.jpg,80,0,354,93,bottle
chip_rgb122.jpg,0,0,131,132,bottle
chip_rgb122.jpg,404,217,592,470,bottle
chip_rgb122.jpg,483,346,592,619,bottle
chip_rgb122.jpg,555,341,640,621,bottle
chip_rgb122.jpg,504,46,640,172,bottle
chip_rgb122.jpg,531,0,640,74,bottle
chip_rgb123.jpg,128,343,395,584,bottle
chip_rgb123.jpg,254,23,513,265,bottle
chip_rgb123.jpg,104,0,378,93,bottle
chip_rgb123.jpg,0,0,154,132,bottle
chip_rgb123.jpg,427,217,616,470,bottle
chip_rgb123.jpg,506,346,616,619,bottle
chip_rgb123.jpg,578,341,640,620,bottle
chip_rgb123.jpg,528,45,640,171,bottle
chip_rgb123.jpg,555,0,639,73,bottle
chip_rgb126.jpg,0,533,131,640,bottle
chip_rgb126.jpg,85,122,197,424,bottle
chip_rgb126.jpg,0,0,194,235,bottle
chip_rgb126.jpg,269,323,483,508,bottle
chip_rgb126.jpg,340,515,545,586,bottle
chip_rgb126.jpg,531,479,640,640,bottle
chip_rgb126.jpg,443,362,640,531,bottle
chip_rgb126.jpg,319,121,640,438,can
chip_rgb126.jpg,509,0,640,156,can
chip_rgb127.jpg,0,0,154,107,bottle
chip_rgb127.jpg,109,216,221,517,bottle
chip_rgb127.jpg,21,405,218,640,bottle
chip_rgb127.jpg,292,131,507,316,bottle
chip_rgb127.jpg,363,53,569,125,bottle
chip_rgb127.jpg,554,0,640,159,bottle
chip_rgb127.jpg,466,108,640,277,bottle
chip_rgb127.jpg,344,201,640,519,can
chip_rgb127.jpg,534,483,640,640,can
chip_rgb129.jpg,397,218,458,389,bottle
chip_rgb129.jpg,204,322,274,510,bottle
chip_rgb129.jpg,201,357,305,505,bottle
chip_rgb129.jpg,270,287,374,392,bottle
chip_rgb129.jpg,285,67,404,173,bottle
chip_rgb129.jpg,215,57,362,126,bottle
chip_rgb129.jpg,301,17,397,84,bottle
chip_rgb129.jpg,512,523,640,639,can
chip_rgb129.jpg,341,430,614,633,can
chip_rgb129.jpg,273,371,472,640,can
chip_rgb129.jpg,439,139,633,428,can
chip_rgb129.jpg,376,0,540,240,can
chip_rgb129.jpg,490,0,640,179,can
chip_rgb134.jpg,576,561,640,639,can
chip_rgb141.jpg,452,0,640,80,bottle
chip_rgb141.jpg,432,0,538,173,bottle
chip_rgb141.jpg,230,0,465,178,bottle
chip_rgb141.jpg,81,65,372,180,bottle
chip_rgb141.jpg,72,146,345,266,bottle
chip_rgb141.jpg,121,227,394,338,bottle
chip_rgb141.jpg,308,174,580,287,bottle
chip_rgb141.jpg,506,86,640,294,bottle
chip_rgb141.jpg,528,303,640,396,bottle
chip_rgb141.jpg,323,477,550,614,bottle
chip_rgb141.jpg,293,327,529,449,bottle
chip_rgb141.jpg,283,335,487,508,bottle
chip_rgb141.jpg,584,0,640,87,bottle
chip_rgb141.jpg,509,472,636,638,bottle
chip_rgb141.jpg,497,456,640,573,bottle
chip_rgb141.jpg,512,373,640,528,bottle
chip_rgb143.jpg,0,257,91,552,bottle
chip_rgb143.jpg,274,13,519,266,bottle
chip_rgb143.jpg,0,0,187,145,bottle
chip_rgb143.jpg,101,0,206,69,bottle
chip_rgb143.jpg,0,0,56,127,bottle
chip_rgb144.jpg,0,181,149,465,container
chip_rgb144.jpg,0,566,58,640,container
chip_rgb145.jpg,429,380,640,530,bottle
chip_rgb145.jpg,318,392,479,628,bottle
chip_rgb145.jpg,491,243,640,336,bottle
chip_rgb145.jpg,414,118,519,340,bottle
chip_rgb145.jpg,485,5,591,165,bottle
chip_rgb145.jpg,400,313,615,428,bottle
chip_rgb145.jpg,442,469,544,640,bottle
chip_rgb145.jpg,538,552,640,640,bottle
chip_rgb145.jpg,556,112,640,266,bottle
chip_rgb145.jpg,0,27,186,102,bottle
chip_rgb145.jpg,161,173,240,367,bottle
chip_rgb145.jpg,139,343,331,426,bottle
chip_rgb145.jpg,252,270,447,428,bottle
chip_rgb145.jpg,174,0,458,111,container
chip_rgb145.jpg,220,47,470,291,can
chip_rgb145.jpg,86,411,389,640,can
chip_rgb145.jpg,0,304,117,567,can
chip_rgb145.jpg,15,161,138,265,bottle
chip_rgb149.jpg,488,73,640,335,can
chip_rgb149.jpg,369,0,640,178,can
chip_rgb149.jpg,49,57,422,270,container
chip_rgb149.jpg,391,234,596,526,can
chip_rgb149.jpg,332,386,605,585,can
chip_rgb149.jpg,101,236,391,421,can
chip_rgb149.jpg,0,327,187,485,can
chip_rgb149.jpg,0,163,152,371,can
chip_rgb149.jpg,17,493,84,640,bottle
chip_rgb149.jpg,50,463,134,578,bottle
chip_rgb149.jpg,141,431,264,538,bottle
chip_rgb149.jpg,212,456,315,575,bottle
chip_rgb149.jpg,192,398,348,461,bottle
chip_rgb149.jpg,278,585,470,640,bottle
chip_rgb149.jpg,306,554,468,640,bottle
chip_rgb149.jpg,455,544,640,624,bottle
chip_rgb151.jpg,185,0,383,107,bottle
chip_rgb151.jpg,0,0,80,269,can
chip_rgb153.jpg,155,573,312,640,can
chip_rgb153.jpg,269,531,477,640,can
chip_rgb153.jpg,83,431,177,627,bottle
chip_rgb157.jpg,268,563,476,640,can
chip_rgb157.jpg,83,462,176,640,bottle
chip_rgb166.jpg,194,485,369,640,can
chip_rgb167.jpg,193,509,369,640,can
chip_rgb169.jpg,83,159,224,367,container
chip_rgb169.jpg,12,0,100,72,bottle
chip_rgb189.jpg,408,556,513,640,bottle
chip_rgb189.jpg,307,246,433,458,container
chip_rgb206.jpg,207,7,448,224,can
chip_rgb209.jpg,0,525,105,640,bottle
chip_rgb209.jpg,216,390,436,548,container
chip_rgb226.jpg,27,202,232,421,can
chip_rgb229.jpg,544,0,640,93,bottle
chip_rgb229.jpg,204,76,435,249,container
chip_rgb246.jpg,66,0,242,125,bottle
chip_rgb247.jpg,89,0,266,125,bottle
chip_rgb250.jpg,65,0,242,68,bottle
chip_rgb250.jpg,346,235,583,565,bottle
chip_rgb251.jpg,89,0,266,68,bottle
chip_rgb251.jpg,369,236,607,565,bottle
chip_rgb264.jpg,319,301,376,390,bottle
chip_rgb264.jpg,281,214,349,294,bottle
chip_rgb264.jpg,233,242,292,313,bottle
chip_rgb265.jpg,389,57,435,157,bottle
chip_rgb269.jpg,583,0,640,70,bottle
chip_rgb269.jpg,428,230,507,281,bottle
chip_rgb269.jpg,543,136,607,199,bottle
chip_rgb269.jpg,335,508,412,575,bottle
chip_rgb269.jpg,2,425,56,513,bottle
chip_rgb273.jpg,350,228,416,315,bottle
chip_rgb273.jpg,270,535,329,637,bottle
chip_rgb273.jpg,0,365,100,484,can
chip_rgb274.jpg,198,250,276,327,bottle
chip_rgb274.jpg,8,142,115,280,can
chip_rgb274.jpg,0,250,88,355,container
chip_rgb274.jpg,558,0,598,89,bottle
chip_rgb275.jpg,388,313,466,389,bottle
chip_rgb275.jpg,548,359,640,497,can
chip_rgb275.jpg,576,284,640,389,container
chip_rgb275.jpg,65,551,106,640,bottle
chip_rgb278.jpg,364,283,442,359,bottle
chip_rgb278.jpg,525,175,632,313,can
chip_rgb278.jpg,552,283,640,388,container
chip_rgb278.jpg,42,13,82,120,bottle
chip_rgb282.jpg,377,0,640,238,can
chip_rgb283.jpg,0,0,287,238,can
chip_rgb286.jpg,0,0,263,248,can
chip_rgb286.jpg,369,514,556,640,bottle
chip_rgb287.jpg,0,352,248,640,can
chip_rgb287.jpg,513,60,640,245,bottle
chip_rgb291.jpg,59,0,245,101,bottle
chip_rgb304.jpg,548,75,614,212,bottle
chip_rgb304.jpg,549,184,606,286,bottle
chip_rgb304.jpg,510,101,580,189,bottle
chip_rgb304.jpg,493,260,612,324,can
chip_rgb304.jpg,516,322,616,410,can
chip_rgb304.jpg,469,370,574,464,can
chip_rgb304.jpg,440,325,549,430,can
chip_rgb304.jpg,411,163,443,238,bottle
chip_rgb304.jpg,446,97,470,165,bottle
chip_rgb304.jpg,428,246,468,294,bottle
chip_rgb304.jpg,436,165,507,234,can
chip_rgb309.jpg,416,517,561,640,can
chip_rgb309.jpg,271,284,374,466,bottle
chip_rgb309.jpg,0,0,126,130,container
chip_rgb310.jpg,0,0,130,146,container
chip_rgb313.jpg,393,514,640,640,container
chip_rgb314.jpg,493,394,640,640,container
chip_rgb315.jpg,0,0,246,122,container
chip_rgb317.jpg,0,514,214,640,container
chip_rgb319.jpg,518,0,640,214,container
chip_rgb324.jpg,94,450,124,491,bottle
chip_rgb324.jpg,44,207,73,279,bottle
chip_rgb324.jpg,22,144,60,211,bottle
chip_rgb324.jpg,34,104,64,173,bottle
chip_rgb324.jpg,69,113,103,144,bottle
chip_rgb324.jpg,30,255,118,333,can
chip_rgb324.jpg,132,332,178,407,can
chip_rgb324.jpg,92,370,152,451,can
chip_rgb324.jpg,133,160,185,249,can
chip_rgb324.jpg,102,234,155,331,can
chip_rgb324.jpg,27,319,114,411,can
chip_rgb324.jpg,169,125,197,165,bottle
chip_rgb324.jpg,155,100,175,150,bottle
chip_rgb324.jpg,130,122,163,168,bottle
chip_rgb324.jpg,185,170,211,230,bottle
chip_rgb324.jpg,156,248,190,280,bottle
chip_rgb324.jpg,102,154,133,204,bottle
chip_rgb324.jpg,88,112,118,167,bottle
chip_rgb324.jpg,63,168,88,236,bottle
chip_rgb329.jpg,0,0,112,152,container
chip_rgb329.jpg,270,308,356,445,bottle
chip_rgb329.jpg,421,533,538,640,can
chip_rgb333.jpg,0,0,252,112,container
chip_rgb335.jpg,0,0,253,122,container
chip_rgb338.jpg,493,419,640,640,container
chip_rgb344.jpg,163,540,223,571,bottle
chip_rgb344.jpg,276,568,300,595,bottle
chip_rgb344.jpg,119,567,161,593,bottle
chip_rgb345.jpg,76,204,111,273,bottle
chip_rgb345.jpg,97,136,126,215,bottle
chip_rgb345.jpg,87,100,117,167,bottle
chip_rgb345.jpg,56,161,85,221,bottle
chip_rgb345.jpg,22,111,50,161,bottle
chip_rgb345.jpg,38,108,74,143,bottle
chip_rgb345.jpg,36,151,74,198,bottle
chip_rgb345.jpg,19,314,115,402,can
chip_rgb345.jpg,25,251,119,323,can
chip_rgb349.jpg,45,322,119,454,bottle
chip_rgb349.jpg,221,529,343,640,can
chip_rgb350.jpg,0,219,175,489,container
chip_rgb351.jpg,465,243,640,514,container
chip_rgb354.jpg,149,431,420,640,container
chip_rgb355.jpg,432,243,640,514,container
chip_rgb358.jpg,463,219,640,490,container
chip_rgb359.jpg,464,126,640,396,container
chip_rgb364.jpg,481,11,522,53,bottle
chip_rgb364.jpg,463,86,509,127,bottle
chip_rgb364.jpg,457,136,509,170,bottle
chip_rgb364.jpg,303,132,328,163,bottle
chip_rgb364.jpg,415,13,473,51,bottle
chip_rgb364.jpg,249,132,290,165,bottle
chip_rgb364.jpg,178,81,272,142,can
chip_rgb364.jpg,125,42,208,115,can
chip_rgb364.jpg,168,0,277,72,can
chip_rgb364.jpg,263,0,350,54,can
chip_rgb364.jpg,369,86,463,152,can
chip_rgb364.jpg,272,38,372,115,can
chip_rgb364.jpg,417,56,474,90,bottle
chip_rgb375.jpg,0,0,369,546,container
chip_rgb378.jpg,0,294,578,640,container
chip_rgb379.jpg,0,61,369,640,container
chip_rgb384.jpg,45,405,112,515,can
chip_rgb384.jpg,32,247,68,303,bottle
chip_rgb384.jpg,124,260,157,313,bottle
chip_rgb384.jpg,135,193,170,276,bottle
chip_rgb384.jpg,105,134,149,198,bottle
chip_rgb384.jpg,87,106,119,176,bottle
chip_rgb384.jpg,65,101,102,170,bottle
chip_rgb384.jpg,47,141,92,194,bottle
chip_rgb384.jpg,8,177,59,248,bottle
chip_rgb384.jpg,0,459,77,578,can
chip_rgb384.jpg,53,188,126,303,can
chip_rgb384.jpg,5,283,75,395,can
chip_rgb384.jpg,11,373,79,482,can
chip_rgb384.jpg,71,321,112,365,bottle
chip_rgb384.jpg,108,338,139,370,bottle
chip_rgb384.jpg,7,131,51,177,bottle
chip_rgb385.jpg,521,353,573,472,bottle
chip_rgb385.jpg,540,426,582,524,bottle
chip_rgb385.jpg,539,277,599,380,bottle
chip_rgb385.jpg,583,348,627,438,bottle
chip_rgb385.jpg,535,212,640,322,can
chip_rgb385.jpg,530,111,640,232,can
chip_rgb390.jpg,179,10,332,254,bottle
chip_rgb391.jpg,9,155,254,308,bottle
chip_rgb404.jpg,420,536,486,578,bottle
chip_rgb404.jpg,451,566,523,599,bottle
chip_rgb404.jpg,338,504,424,545,bottle
chip_rgb404.jpg,225,536,258,585,bottle
chip_rgb404.jpg,144,539,217,599,bottle
chip_rgb404.jpg,285,520,352,553,bottle
chip_rgb404.jpg,301,558,424,640,can
chip_rgb404.jpg,52,577,174,640,can
chip_rgb405.jpg,307,412,444,473,bottle
chip_rgb405.jpg,437,508,499,575,bottle
chip_rgb405.jpg,416,548,501,601,bottle
chip_rgb405.jpg,350,572,442,640,bottle
chip_rgb405.jpg,431,578,491,640,bottle
chip_rgb405.jpg,216,441,338,509,bottle
chip_rgb405.jpg,316,488,411,544,bottle
chip_rgb405.jpg,369,506,430,585,bottle
chip_rgb405.jpg,382,437,505,486,bottle
chip_rgb405.jpg,285,464,378,550,bottle
chip_rgb405.jpg,0,562,108,640,can
chip_rgb405.jpg,34,433,160,573,can
chip_rgb405.jpg,139,430,264,587,can
chip_rgb405.jpg,177,563,298,640,can
chip_rgb405.jpg,90,572,193,640,can
chip_rgb411.jpg,347,19,640,312,can
chip_rgb425.jpg,555,295,640,525,bottle
chip_rgb425.jpg,489,399,631,596,bottle
chip_rgb425.jpg,521,197,604,411,bottle
chip_rgb425.jpg,471,446,582,640,bottle
chip_rgb425.jpg,375,397,509,533,bottle
chip_rgb425.jpg,308,306,428,386,bottle
chip_rgb425.jpg,323,194,428,292,bottle
chip_rgb425.jpg,370,345,461,484,bottle
chip_rgb425.jpg,152,396,239,536,bottle
chip_rgb425.jpg,164,255,233,413,bottle
chip_rgb425.jpg,188,202,282,283,bottle
chip_rgb425.jpg,269,195,337,342,bottle
chip_rgb425.jpg,106,208,191,284,bottle
chip_rgb425.jpg,51,266,122,322,bottle
chip_rgb425.jpg,85,153,142,280,bottle
chip_rgb425.jpg,54,143,100,271,bottle
chip_rgb425.jpg,4,194,69,289,bottle
chip_rgb425.jpg,11,332,57,428,bottle
chip_rgb425.jpg,190,266,283,396,bottle
chip_rgb425.jpg,213,371,288,502,bottle
chip_rgb425.jpg,479,280,551,459,bottle
chip_rgb425.jpg,320,578,581,640,can
chip_rgb425.jpg,181,487,339,640,can
chip_rgb425.jpg,62,284,198,472,can
chip_rgb425.jpg,61,502,99,625,bottle
chip_rgb425.jpg,10,507,62,541,bottle
chip_rgb425.jpg,97,548,174,625,bottle
chip_rgb425.jpg,7,431,63,503,bottle
chip_rgb425.jpg,17,566,98,640,bottle
chip_rgb484.jpg,133,151,174,197,bottle
chip_rgb484.jpg,71,184,107,253,bottle
chip_rgb484.jpg,97,132,143,182,bottle
chip_rgb485.jpg,357,19,402,87,bottle
chip_rgb491.jpg,410,11,472,56,bottle
chip_rgb494.jpg,185,313,259,364,bottle
chip_rgb494.jpg,242,280,308,325,bottle
chip_rgb494.jpg,332,189,377,258,bottle
chip_rgb494.jpg,309,264,359,328,bottle
chip_rgb494.jpg,358,228,403,301,bottle
chip_rgb494.jpg,17,544,79,599,bottle
chip_rgb494.jpg,391,0,439,61,bottle
chip_rgb494.jpg,415,44,461,108,bottle
chip_rgb494.jpg,437,44,480,116,bottle
chip_rgb495.jpg,185,337,259,388,bottle
chip_rgb495.jpg,242,304,308,349,bottle
chip_rgb495.jpg,332,213,377,282,bottle
chip_rgb495.jpg,309,288,359,352,bottle
chip_rgb495.jpg,358,252,403,325,bottle
chip_rgb495.jpg,18,568,80,623,bottle
chip_rgb495.jpg,391,23,439,85,bottle
chip_rgb495.jpg,415,68,461,132,bottle
chip_rgb495.jpg,437,68,480,140,bottle
chip_rgb497.jpg,418,322,495,376,bottle
chip_rgb497.jpg,468,528,538,562,bottle
chip_rgb497.jpg,530,479,615,555,can
chip_rgb497.jpg,524,557,612,622,can
chip_rgb498.jpg,153,312,227,364,bottle
chip_rgb498.jpg,210,280,276,325,bottle
chip_rgb498.jpg,300,189,345,258,bottle
chip_rgb498.jpg,277,264,327,328,bottle
chip_rgb498.jpg,326,228,371,301,bottle
chip_rgb498.jpg,358,0,407,61,bottle
chip_rgb498.jpg,382,44,429,108,bottle
chip_rgb498.jpg,405,44,448,116,bottle
chip_rgb499.jpg,153,251,227,303,bottle
chip_rgb499.jpg,210,291,276,336,bottle
chip_rgb499.jpg,300,358,345,427,bottle
chip_rgb499.jpg,277,288,327,352,bottle
chip_rgb499.jpg,326,315,371,388,bottle
chip_rgb499.jpg,358,555,406,617,bottle
chip_rgb499.jpg,382,508,428,572,bottle
chip_rgb499.jpg,404,500,447,572,bottle
chip_rgb700.jpg,388,348,423,395,bottle
chip_rgb701.jpg,361,421,404,471,bottle
chip_rgb707.jpg,157,87,211,153,can
chip_rgb707.jpg,111,123,166,173,can
chip_rgb707.jpg,114,161,164,208,can
chip_rgb709.jpg,472,498,531,562,can
chip_rgb709.jpg,421,498,476,551,can
chip_rgb709.jpg,466,462,514,508,container
chip_rgb709.jpg,445,558,486,603,bottle
chip_rgb709.jpg,119,38,167,68,bottle
chip_rgb709.jpg,109,60,155,81,bottle
chip_rgb709.jpg,148,9,169,57,bottle
chip_rgb709.jpg,164,6,191,54,bottle
chip_rgb709.jpg,176,85,211,119,bottle
chip_rgb709.jpg,226,130,266,156,bottle
chip_rgb709.jpg,146,322,190,344,bottle
chip_rgb709.jpg,273,436,304,481,bottle
chip_rgb709.jpg,317,588,344,636,bottle
chip_rgb709.jpg,276,265,314,296,bottle
chip_rgb709.jpg,443,226,477,269,bottle
chip_rgb709.jpg,562,473,607,510,bottle
chip_rgb711.jpg,63,337,124,383,can
chip_rgb711.jpg,589,69,637,103,bottle
chip_rgb711.jpg,432,247,481,264,bottle
chip_rgb711.jpg,420,179,443,226,bottle
chip_rgb711.jpg,434,173,466,220,bottle
chip_rgb715.jpg,568,98,601,136,bottle
chip_rgb715.jpg,543,115,568,163,bottle
chip_rgb715.jpg,559,137,585,185,bottle
chip_rgb715.jpg,527,278,550,317,bottle
chip_rgb715.jpg,498,277,544,303,bottle
chip_rgb715.jpg,499,255,529,289,bottle
chip_rgb718.jpg,40,452,65,500,bottle
chip_rgb718.jpg,58,298,81,338,bottle
chip_rgb718.jpg,64,312,110,339,bottle
chip_rgb718.jpg,79,326,109,361,bottle
chip_rgb719.jpg,40,114,65,162,bottle
chip_rgb719.jpg,58,277,81,316,bottle
chip_rgb719.jpg,64,276,110,302,bottle
chip_rgb719.jpg,79,254,109,288,bottle
chip_rgb801.jpg,271,545,304,577,bottle
chip_rgb803.jpg,284,151,321,192,can
chip_rgb803.jpg,270,258,311,304,can
chip_rgb803.jpg,374,131,396,158,container
chip_rgb803.jpg,269,174,290,199,container
chip_rgb804.jpg,40,584,61,620,bottle
chip_rgb805.jpg,570,85,592,112,bottle
chip_rgb805.jpg,576,100,603,127,bottle
chip_rgb805.jpg,542,119,579,140,bottle
chip_rgb806.jpg,392,307,425,349,can
chip_rgb806.jpg,358,266,393,297,can
chip_rgb806.jpg,361,289,394,323,can
chip_rgb806.jpg,351,300,369,327,bottle
chip_rgb806.jpg,236,79,299,134,container
chip_rgb806.jpg,196,76,243,119,container
chip_rgb806.jpg,216,73,249,97,bottle
chip_rgb807.jpg,416,291,449,333,can
chip_rgb807.jpg,382,343,417,374,can
chip_rgb807.jpg,385,317,418,351,can
chip_rgb807.jpg,375,313,393,340,bottle
chip_rgb807.jpg,260,506,324,561,container
chip_rgb807.jpg,220,521,267,564,container
chip_rgb807.jpg,240,543,273,567,bottle
chip_rgb809.jpg,198,569,233,591,bottle
chip_rgb809.jpg,189,561,227,580,bottle
chip_rgb809.jpg,212,577,236,614,bottle
chip_rgb809.jpg,225,581,246,612,bottle
chip_rgb809.jpg,268,508,296,529,bottle
chip_rgb809.jpg,238,532,262,560,bottle
chip_rgb809.jpg,214,383,246,396,bottle
chip_rgb809.jpg,305,416,332,439,bottle
chip_rgb809.jpg,418,439,437,464,bottle
chip_rgb809.jpg,303,293,323,317,bottle
chip_rgb809.jpg,335,189,353,219,bottle
chip_rgb809.jpg,420,213,446,244,bottle
chip_rgb809.jpg,498,278,527,298,bottle
chip_rgb809.jpg,429,273,469,307,container
chip_rgb809.jpg,402,243,435,278,can
chip_rgb809.jpg,439,239,476,282,can
chip_rgb825.jpg,34,97,62,116,can
chip_rgb825.jpg,192,285,211,297,bottle
chip_rgb825.jpg,261,75,282,88,bottle
chip_rgb825.jpg,586,188,606,199,bottle
chip_rgb826.jpg,568,19,599,50,can
chip_rgb826.jpg,531,566,567,596,container
chip_rgb826.jpg,504,574,535,599,container
chip_rgb826.jpg,517,588,536,602,bottle
chip_rgb827.jpg,48,43,84,74,container
chip_rgb827.jpg,80,40,111,66,container
chip_rgb827.jpg,79,37,98,52,bottle
chip_rgb829.jpg,586,567,619,601,can
chip_rgb829.jpg,381,391,412,416,can
chip_rgb829.jpg,357,389,386,422,can
chip_rgb829.jpg,558,427,569,444,bottle
chip_rgb829.jpg,531,438,553,452,bottle
chip_rgb829.jpg,531,428,551,443,bottle
chip_rgb829.jpg,515,325,537,336,bottle
chip_rgb829.jpg,506,318,524,330,bottle
chip_rgb829.jpg,498,331,518,344,bottle
chip_rgb829.jpg,497,342,512,365,bottle
chip_rgb829.jpg,488,360,502,378,bottle
chip_rgb829.jpg,417,413,438,428,bottle
chip_rgb829.jpg,378,416,400,432,container
chip_rgb829.jpg,575,311,592,325,bottle
chip_rgb829.jpg,316,358,329,378,bottle
chip_rgb829.jpg,368,509,385,532,bottle
chip_rgb829.jpg,298,421,315,439,bottle
chip_rgb829.jpg,296,500,318,509,bottle
chip_rgb829.jpg,242,476,269,489,bottle
chip_rgb829.jpg,278,559,298,567,bottle
chip_rgb829.jpg,259,569,275,585,bottle
chip_rgb829.jpg,234,585,257,599,bottle
chip_rgb849.jpg,133,470,144,478,bottle
chip_rgb849.jpg,130,454,135,467,bottle
chip_rgb849.jpg,131,452,141,465,bottle
chip_rgb849.jpg,50,282,59,299,bottle
chip_rgb849.jpg,106,262,111,277,bottle
chip_rgb849.jpg,88,297,98,310,bottle
chip_rgb849.jpg,136,298,149,307,bottle
chip_rgb849.jpg,176,308,192,318,bottle
chip_rgb849.jpg,75,344,90,354,bottle
chip_rgb849.jpg,165,346,180,357,bottle
chip_rgb849.jpg,144,376,155,390,bottle
chip_rgb849.jpg,175,425,190,432,bottle
chip_rgb849.jpg,185,432,199,441,bottle
chip_rgb849.jpg,201,431,208,442,bottle
chip_rgb849.jpg,205,433,213,442,bottle
chip_rgb849.jpg,211,437,217,449,bottle
chip_rgb849.jpg,205,443,213,456,bottle
chip_rgb849.jpg,142,350,154,365,container
chip_rgb849.jpg,151,353,169,369,can
chip_rgb849.jpg,151,339,168,353,can
chip_rgb865.jpg,163,228,178,247,can
chip_rgb865.jpg,291,336,303,350,bottle
chip_rgb865.jpg,519,227,536,243,can
chip_rgb865.jpg,517,240,531,248,bottle
chip_rgb865.jpg,508,265,522,276,container
chip_rgb865.jpg,527,219,540,229,container
chip_rgb865.jpg,562,221,583,239,can
chip_rgb865.jpg,531,502,546,520,can
chip_rgb865.jpg,544,513,558,527,can
chip_rgb865.jpg,545,524,558,537,can
chip_rgb865.jpg,551,510,564,524,bottle
chip_rgb865.jpg,148,385,156,398,bottle
chip_rgb869.jpg,32,121,51,138,can
chip_rgb869.jpg,136,153,149,162,bottle
chip_rgb869.jpg,133,166,140,178,bottle
chip_rgb869.jpg,136,166,146,180,bottle
chip_rgb869.jpg,209,177,217,191,bottle
chip_rgb869.jpg,215,183,220,197,bottle
chip_rgb869.jpg,207,192,218,200,bottle
chip_rgb869.jpg,204,190,214,202,bottle
chip_rgb869.jpg,192,193,204,202,bottle
chip_rgb869.jpg,179,201,194,209,bottle
chip_rgb869.jpg,148,243,160,258,bottle
chip_rgb869.jpg,171,278,185,289,bottle
chip_rgb869.jpg,154,266,174,282,can
chip_rgb869.jpg,144,269,159,285,container
chip_rgb869.jpg,156,282,172,296,can
chip_rgb869.jpg,182,317,196,326,bottle
chip_rgb869.jpg,139,328,153,339,bottle
chip_rgb869.jpg,91,326,101,338,bottle
chip_rgb869.jpg,78,282,94,291,bottle
chip_rgb869.jpg,106,359,116,375,bottle
chip_rgb869.jpg,53,339,62,352,bottle
chip_rgb869.jpg,40,354,51,365,bottle
chip_rgb885.jpg,149,193,164,212,can
chip_rgb885.jpg,291,310,303,326,bottle
chip_rgb885.jpg,550,183,564,196,container
chip_rgb885.jpg,540,192,559,210,can
chip_rgb885.jpg,538,205,556,215,bottle
chip_rgb885.jpg,530,233,543,246,container
chip_rgb885.jpg,588,185,613,205,can
chip_rgb885.jpg,552,494,572,514,can
chip_rgb885.jpg,579,503,590,518,bottle
chip_rgb885.jpg,568,506,582,520,can
chip_rgb885.jpg,570,520,585,533,can
chip_rgb885.jpg,132,362,143,379,bottle
chip_rgb905.jpg,516,552,534,579,can
chip_rgb905.jpg,39,516,50,529,container
chip_rgb905.jpg,339,412,355,433,bottle
chip_rgb905.jpg,545,340,556,360,bottle
chip_rgb905.jpg,435,37,447,54,bottle
chip_rgb907.jpg,568,577,595,613,container
chip_rgb907.jpg,573,555,599,582,container
chip_rgb907.jpg,587,570,601,586,bottle
chip_rgb909.jpg,41,36,62,65,can
chip_rgb909.jpg,387,38,408,50,bottle
chip_rgb909.jpg,371,141,393,152,bottle
chip_rgb909.jpg,332,187,339,204,bottle
chip_rgb909.jpg,315,246,322,262,bottle
chip_rgb909.jpg,327,119,338,130,bottle
chip_rgb909.jpg,345,67,360,77,bottle
chip_rgb909.jpg,366,49,379,63,bottle
chip_rgb909.jpg,262,102,275,122,bottle
chip_rgb909.jpg,212,200,232,215,bottle
chip_rgb909.jpg,260,231,271,248,bottle
chip_rgb909.jpg,247,195,268,212,container
chip_rgb909.jpg,262,207,283,232,can
chip_rgb909.jpg,239,209,262,234,can
chip_rgb909.jpg,136,279,149,291,bottle
chip_rgb909.jpg,117,286,135,295,bottle
chip_rgb909.jpg,128,290,148,302,bottle
chip_rgb909.jpg,139,285,154,297,bottle
chip_rgb909.jpg,102,177,122,187,bottle
chip_rgb909.jpg,102,184,121,197,bottle
chip_rgb909.jpg,87,183,96,199,bottle
chip_rgb909.jpg,68,294,79,308,bottle
chip_rgb925.jpg,84,211,257,361,can
chip_rgb925.jpg,176,104,310,216,can
chip_rgb925.jpg,152,45,277,131,bottle
chip_rgb925.jpg,295,100,412,209,can
chip_rgb931.jpg,517,364,636,483,bottle
chip_rgb931.jpg,370,149,577,391,container
chip_rgb931.jpg,424,376,613,579,container
chip_rgb933.jpg,518,0,640,81,can
chip_rgb942.jpg,552,108,571,126,container
chip_rgb942.jpg,560,85,588,113,can
chip_rgb942.jpg,565,77,590,89,bottle
chip_rgb942.jpg,473,95,508,122,can
chip_rgb946.jpg,380,537,409,564,can
chip_rgb946.jpg,394,506,414,525,bottle
chip_rgb946.jpg,399,515,421,539,can
chip_rgb946.jpg,418,512,441,540,can
chip_rgb946.jpg,549,390,588,429,container
chip_rgb946.jpg,543,424,580,470,container
chip_rgb946.jpg,567,409,588,434,bottle
chip_rgb947.jpg,380,52,409,79,can
chip_rgb947.jpg,394,91,414,110,bottle
chip_rgb947.jpg,399,77,421,101,can
chip_rgb947.jpg,418,76,441,104,can
chip_rgb947.jpg,549,186,588,225,container
chip_rgb947.jpg,543,146,580,191,container
chip_rgb947.jpg,567,181,588,206,bottle
chip_rgb949.jpg,389,28,404,52,bottle
chip_rgb949.jpg,258,44,270,73,bottle
chip_rgb949.jpg,247,57,264,87,bottle
chip_rgb949.jpg,253,68,278,91,bottle
chip_rgb949.jpg,281,74,309,93,bottle
chip_rgb949.jpg,300,89,327,105,bottle
chip_rgb949.jpg,365,168,384,192,bottle
chip_rgb949.jpg,340,207,372,235,can
chip_rgb949.jpg,364,217,392,242,container
chip_rgb949.jpg,342,236,372,261,can
chip_rgb949.jpg,320,231,344,245,bottle
chip_rgb949.jpg,484,236,511,254,bottle
chip_rgb949.jpg,378,321,399,340,bottle
chip_rgb949.jpg,301,301,323,317,bottle
chip_rgb949.jpg,471,314,489,337,bottle
chip_rgb949.jpg,542,339,557,360,bottle
chip_rgb949.jpg,445,376,459,403,bottle
chip_rgb949.jpg,563,368,581,390,bottle
chip_rgb949.jpg,587,389,605,417,bottle
chip_rgb949.jpg,581,395,592,422,bottle
chip_rgb962.jpg,255,125,282,154,container
chip_rgb962.jpg,228,142,273,185,can
chip_rgb962.jpg,223,177,265,197,bottle
chip_rgb962.jpg,205,241,233,271,container
chip_rgb962.jpg,351,127,398,173,can
chip_rgb965.jpg,90,83,129,105,bottle
chip_rgb965.jpg,58,66,91,95,bottle
chip_rgb965.jpg,67,50,100,75,bottle
chip_rgb966.jpg,273,230,314,276,can
chip_rgb966.jpg,309,259,347,292,can
chip_rgb966.jpg,332,249,362,284,bottle
chip_rgb966.jpg,312,285,349,322,can
chip_rgb966.jpg,415,473,487,530,container
chip_rgb966.jpg,477,485,535,537,container
chip_rgb966.jpg,472,514,509,544,bottle
chip_rgb967.jpg,249,230,290,276,can
chip_rgb967.jpg,285,259,323,292,can
chip_rgb967.jpg,308,249,338,284,bottle
chip_rgb967.jpg,288,285,325,322,can
chip_rgb967.jpg,390,473,463,530,container
chip_rgb967.jpg,453,485,511,537,container
chip_rgb967.jpg,447,514,485,544,bottle
chip_rgb971.jpg,172,540,215,586,can
chip_rgb971.jpg,106,270,129,304,bottle
chip_rgb971.jpg,60,297,98,316,bottle
chip_rgb971.jpg,56,278,92,307,bottle
chip_rgb971.jpg,25,85,66,105,bottle
chip_rgb971.jpg,10,71,50,91,bottle
chip_rgb971.jpg,134,56,169,83,bottle
chip_rgb980.jpg,1,189,62,227,bottle
chip_rgb984.jpg,173,538,237,573,bottle
chip_rgb984.jpg,112,506,171,552,bottle
chip_rgb984.jpg,124,473,185,521,bottle
chip_rgb985.jpg,4,345,68,383,bottle
chip_rgb989.jpg,22,99,87,129,bottle
chip_rgb989.jpg,22,118,91,162,bottle
chip_rgb989.jpg,68,65,110,125,bottle
chip_rgb989.jpg,94,45,134,113,bottle
chip_rgb989.jpg,122,128,189,193,bottle
chip_rgb989.jpg,194,209,239,274,bottle
chip_rgb989.jpg,465,93,510,166,bottle
chip_rgb989.jpg,386,271,443,336,bottle
chip_rgb989.jpg,316,514,403,569,bottle
chip_rgb990.jpg,374,104,415,183,bottle
chip_rgb990.jpg,575,116,640,182,bottle
chip_rgb991.jpg,433,374,512,415,bottle
chip_rgb991.jpg,433,575,499,640,bottle
chip_rgb993.jpg,284,572,331,640,bottle
chip_rgb993.jpg,340,356,383,425,bottle
chip_rgb993.jpg,528,404,579,480,bottle
chip_rgb993.jpg,547,531,631,602,container
chip_rgb993.jpg,566,464,640,552,can
chip_rgb993.jpg,488,466,567,551,can
chip_rgb994.jpg,41,571,91,640,bottle
chip_rgb994.jpg,227,274,270,343,bottle
chip_rgb994.jpg,213,241,301,289,bottle
chip_rgb994.jpg,220,217,287,279,bottle
chip_rgb994.jpg,197,192,277,237,bottle
chip_rgb994.jpg,256,298,304,374,bottle
chip_rgb994.jpg,296,344,330,424,bottle
chip_rgb994.jpg,513,537,589,589,bottle
chip_rgb995.jpg,65,572,115,640,bottle
chip_rgb995.jpg,20,136,68,222,bottle
chip_rgb995.jpg,251,274,294,343,bottle
chip_rgb995.jpg,237,241,325,289,bottle
chip_rgb995.jpg,244,217,311,279,bottle
chip_rgb995.jpg,221,193,301,237,bottle
chip_rgb995.jpg,280,298,328,374,bottle
chip_rgb995.jpg,320,344,354,424,bottle
chip_rgb995.jpg,538,537,613,589,bottle
chip_rgb998.jpg,306,370,375,413,bottle
chip_rgb998.jpg,273,339,321,427,bottle
chip_rgb998.jpg,249,353,311,420,bottle
chip_rgb998.jpg,225,363,269,443,bottle
chip_rgb998.jpg,330,336,406,384,bottle
chip_rgb998.jpg,376,310,456,344,bottle
chip_rgb998.jpg,569,51,621,126,bottle
chip_rgb999.jpg,168,572,254,620,bottle
chip_rgb999.jpg,306,346,375,389,bottle
chip_rgb999.jpg,273,315,321,403,bottle
chip_rgb999.jpg,249,329,311,396,bottle
chip_rgb999.jpg,225,339,269,419,bottle
chip_rgb999.jpg,330,312,406,360,bottle
chip_rgb999.jpg,376,286,456,320,bottle
chip_rgb999.jpg,569,27,621,102,bottle
chip_rgb1005.jpg,476,418,640,523,bottle
chip_rgb1008.jpg,386,461,531,615,bottle
chip_rgb1008.jpg,327,137,443,318,bottle
chip_rgb1008.jpg,263,131,338,318,bottle
chip_rgb1008.jpg,171,258,350,382,bottle
chip_rgb1008.jpg,108,363,295,441,bottle
chip_rgb1014.jpg,180,489,313,640,bottle
chip_rgb1015.jpg,0,303,151,436,bottle
chip_rgb1017.jpg,493,514,640,628,bottle
chip_rgb1020.jpg,488,299,635,462,bottle
chip_rgb1020.jpg,105,237,312,364,bottle
chip_rgb1020.jpg,116,168,317,245,bottle
chip_rgb1020.jpg,277,71,390,264,bottle
chip_rgb1020.jpg,365,14,473,214,bottle
chip_rgb1024.jpg,528,50,640,139,bottle
chip_rgb1026.jpg,482,366,640,470,bottle
chip_rgb1027.jpg,0,194,157,297,bottle
chip_rgb1030.jpg,367,582,470,640,bottle
chip_rgb1031.jpg,582,342,640,445,bottle
chip_rgb1033.jpg,146,125,360,257,bottle
chip_rgb1064.jpg,2,49,359,329,can
chip_rgb1084.jpg,0,0,195,261,can
chip_rgb1102.jpg,0,396,133,639,container
chip_rgb1102.jpg,0,589,64,640,bottle
chip_rgb1106.jpg,588,0,640,51,bottle
chip_rgb1122.jpg,577,273,640,310,bottle
chip_rgb1127.jpg,230,196,284,274,bottle
chip_rgb1127.jpg,109,152,258,260,container
chip_rgb1127.jpg,251,183,369,288,container
chip_rgb1136.jpg,67,345,105,435,bottle
chip_rgb1136.jpg,19,295,69,376,bottle
chip_rgb1136.jpg,7,240,81,287,bottle
chip_rgb1136.jpg,0,189,60,259,bottle
chip_rgb1136.jpg,350,537,390,623,bottle
chip_rgb1136.jpg,452,549,540,614,container
chip_rgb1136.jpg,517,413,564,487,bottle
chip_rgb1136.jpg,522,443,619,531,can
chip_rgb1136.jpg,435,479,528,568,can
chip_rgb1142.jpg,0,129,98,382,container
chip_rgb1146.jpg,60,165,167,294,bottle
chip_rgb1146.jpg,0,257,119,511,container
chip_rgb1146.jpg,0,58,153,278,container
chip_rgb1149.jpg,334,561,528,640,can
chip_rgb1156.jpg,159,467,295,548,bottle
chip_rgb1156.jpg,141,517,269,600,bottle
chip_rgb1156.jpg,319,509,406,640,bottle
chip_rgb1160.jpg,240,392,295,429,bottle
chip_rgb1164.jpg,517,220,562,261,bottle
chip_rgb1164.jpg,579,132,629,172,bottle
chip_rgb1164.jpg,576,118,631,146,bottle
chip_rgb1165.jpg,500,39,562,72,bottle
chip_rgb1165.jpg,442,42,505,95,can
chip_rgb1165.jpg,452,83,509,133,can
chip_rgb1165.jpg,581,321,640,402,container
chip_rgb1165.jpg,190,560,253,631,can
chip_rgb1166.jpg,34,341,110,410,container
chip_rgb1166.jpg,17,357,60,408,bottle
chip_rgb1167.jpg,10,341,86,410,container
chip_rgb1169.jpg,73,190,109,247,bottle
chip_rgb1169.jpg,170,171,209,233,bottle
chip_rgb1169.jpg,137,185,197,239,bottle
chip_rgb1169.jpg,73,49,135,86,bottle
chip_rgb1169.jpg,41,80,96,116,bottle
chip_rgb1180.jpg,365,50,406,81,bottle
chip_rgb1184.jpg,141,464,183,486,bottle
chip_rgb1184.jpg,110,478,140,501,bottle
chip_rgb1184.jpg,124,498,151,523,bottle
chip_rgb1184.jpg,49,261,85,280,bottle
chip_rgb1185.jpg,199,466,252,507,can
chip_rgb1185.jpg,168,435,209,476,can
chip_rgb1185.jpg,164,401,200,440,can
chip_rgb1185.jpg,123,456,166,475,bottle
chip_rgb1185.jpg,31,179,95,242,container
chip_rgb1188.jpg,446,212,487,245,bottle
chip_rgb1188.jpg,353,72,386,107,container
chip_rgb1188.jpg,420,100,453,119,bottle
chip_rgb1188.jpg,370,55,417,103,can
chip_rgb1188.jpg,390,97,434,147,can
chip_rgb1188.jpg,32,318,62,344,bottle
chip_rgb1188.jpg,68,272,90,305,bottle
chip_rgb1188.jpg,178,237,206,260,bottle
chip_rgb1188.jpg,143,105,180,126,bottle
chip_rgb1188.jpg,228,333,245,371,bottle
chip_rgb1188.jpg,331,279,360,310,bottle
chip_rgb1189.jpg,235,209,266,247,bottle
chip_rgb1189.jpg,218,224,247,253,bottle
chip_rgb1189.jpg,163,217,187,262,bottle
chip_rgb1189.jpg,161,107,201,130,bottle
chip_rgb1189.jpg,134,128,173,151,bottle
chip_rgb1189.jpg,119,146,139,177,bottle
chip_rgb1189.jpg,102,128,128,154,bottle
chip_rgb1189.jpg,88,128,119,161,bottle
chip_rgb1205.jpg,581,223,624,265,can
chip_rgb1205.jpg,557,208,581,237,container
chip_rgb1205.jpg,566,87,605,136,can
chip_rgb1209.jpg,566,345,594,376,container
chip_rgb1212.jpg,188,227,212,267,bottle
chip_rgb1212.jpg,178,196,202,232,bottle
chip_rgb1212.jpg,156,194,183,243,bottle
chip_rgb1212.jpg,393,124,416,162,bottle
chip_rgb1212.jpg,326,24,357,55,bottle
chip_rgb1212.jpg,312,75,338,106,bottle
chip_rgb1212.jpg,307,74,323,110,bottle
chip_rgb1212.jpg,292,67,314,94,bottle
chip_rgb1212.jpg,285,53,312,79,bottle
chip_rgb1225.jpg,500,190,531,223,container
chip_rgb1225.jpg,512,43,562,102,can
chip_rgb1225.jpg,529,202,576,261,can
chip_rgb1225.jpg,571,214,595,264,bottle
chip_rgb1228.jpg,294,539,355,570,bottle
chip_rgb1232.jpg,566,527,593,573,bottle
chip_rgb1232.jpg,582,566,602,609,bottle
chip_rgb1235.jpg,557,41,606,103,container
chip_rgb1236.jpg,494,567,540,593,bottle
chip_rgb1236.jpg,533,583,576,603,bottle
chip_rgb1237.jpg,196,71,226,119,bottle
chip_rgb1237.jpg,164,165,205,216,can
chip_rgb1237.jpg,202,124,250,169,can
chip_rgb1237.jpg,243,123,293,161,can
chip_rgb1238.jpg,58,505,107,567,container
chip_rgb1238.jpg,34,515,58,552,bottle
chip_rgb1239.jpg,557,504,606,566,container
chip_rgb1246.jpg,561,471,640,539,can
chip_rgb1247.jpg,0,100,55,167,can
chip_rgb1249.jpg,385,36,432,77,container
chip_rgb1252.jpg,521,112,571,161,bottle
chip_rgb1256.jpg,511,69,559,119,bottle
chip_rgb1265.jpg,471,75,597,176,can
chip_rgb1265.jpg,566,187,629,247,container
chip_rgb1265.jpg,474,47,579,88,bottle
chip_rgb1266.jpg,421,327,521,449,can
chip_rgb1267.jpg,167,118,288,218,can
chip_rgb1269.jpg,154,98,219,165,container
chip_rgb1286.jpg,252,401,452,621,can
chip_rgb1286.jpg,438,446,503,627,bottle
chip_rgb1286.jpg,136,348,253,475,container
chip_rgb1287.jpg,0,253,215,452,can
chip_rgb1287.jpg,0,439,170,503,bottle
chip_rgb1287.jpg,141,136,267,253,container
chip_rgb1309.jpg,0,557,151,640,can
chip_rgb1310.jpg,573,0,640,151,can
chip_rgb1313.jpg,0,0,140,123,container
chip_rgb1315.jpg,422,0,640,141,container
chip_rgb1317.jpg,517,0,640,173,container
chip_rgb1318.jpg,466,398,640,640,container
chip_rgb1319.jpg,0,422,173,640,container
chip_rgb1330.jpg,0,494,162,640,can
chip_rgb1342.jpg,412,543,607,639,can
chip_rgb1343.jpg,0,389,97,583,can
chip_rgb1349.jpg,538,32,640,151,can
chip_rgb1353.jpg,61,423,389,640,container
chip_rgb1354.jpg,0,251,139,578,container
chip_rgb1354.jpg,28,442,102,597,bottle
chip_rgb1354.jpg,99,454,265,640,container
chip_rgb1355.jpg,0,61,115,388,container
chip_rgb1355.jpg,5,42,79,197,bottle
chip_rgb1355.jpg,76,0,241,186,container
chip_rgb1357.jpg,94,0,421,216,container
chip_rgb1358.jpg,0,94,139,421,container
chip_rgb1358.jpg,29,75,103,230,bottle
chip_rgb1358.jpg,100,0,265,218,container
chip_rgb1372.jpg,203,555,302,640,bottle
chip_rgb1374.jpg,183,506,315,585,bottle
chip_rgb1374.jpg,173,551,298,637,bottle
chip_rgb1374.jpg,349,551,436,640,bottle
chip_rgb1376.jpg,587,338,640,437,bottle
chip_rgb1378.jpg,474,184,553,315,bottle
chip_rgb1378.jpg,519,174,605,298,bottle
chip_rgb1378.jpg,518,350,640,436,bottle
chip_rgb1379.jpg,474,349,553,480,bottle
chip_rgb1379.jpg,519,366,605,490,bottle
chip_rgb1379.jpg,519,228,640,314,bottle
chip_rgb1382.jpg,350,105,423,162,bottle
chip_rgb1383.jpg,350,81,423,138,bottle
chip_rgb1389.jpg,589,187,640,249,can
chip_rgb1389.jpg,42,104,192,268,container
chip_rgb1389.jpg,18,119,105,154,bottle
chip_rgb1389.jpg,0,39,95,119,container
chip_rgb1401.jpg,367,321,419,393,bottle
chip_rgb1401.jpg,76,293,123,321,bottle
chip_rgb1402.jpg,131,143,180,207,can
chip_rgb1405.jpg,166,183,229,214,bottle
chip_rgb1405.jpg,528,252,602,305,can
chip_rgb1405.jpg,567,110,602,150,bottle
chip_rgb1408.jpg,308,566,368,626,can
chip_rgb1408.jpg,560,107,617,142,bottle
chip_rgb1408.jpg,536,35,568,87,container
chip_rgb1408.jpg,560,26,608,80,can
chip_rgb1412.jpg,91,345,116,395,bottle
chip_rgb1412.jpg,109,342,139,388,bottle
chip_rgb1412.jpg,306,252,339,314,bottle
chip_rgb1412.jpg,94,200,141,240,bottle
chip_rgb1412.jpg,132,212,180,240,bottle
chip_rgb1412.jpg,182,218,206,257,bottle
chip_rgb1412.jpg,172,202,213,224,bottle
chip_rgb1412.jpg,204,180,232,226,bottle
chip_rgb1416.jpg,344,556,394,581,bottle
chip_rgb1416.jpg,341,533,387,563,bottle
chip_rgb1416.jpg,252,333,314,366,bottle
chip_rgb1416.jpg,199,530,239,578,bottle
chip_rgb1416.jpg,211,491,239,540,bottle
chip_rgb1416.jpg,217,465,257,490,bottle
chip_rgb1416.jpg,201,458,223,499,bottle
chip_rgb1416.jpg,179,439,225,467,bottle
chip_rgb1433.jpg,404,384,640,617,container
chip_rgb1435.jpg,487,134,640,330,container
chip_rgb1445.jpg,261,48,350,160,can
chip_rgb1449.jpg,361,482,531,640,container
chip_rgb1449.jpg,235,297,330,459,container
chip_rgb1463.jpg,576,252,640,343,bottle
chip_rgb1465.jpg,302,495,369,624,bottle
chip_rgb1465.jpg,567,73,640,136,bottle
chip_rgb1466.jpg,354,270,449,385,bottle
chip_rgb1468.jpg,556,484,640,561,bottle
chip_rgb1470.jpg,508,236,585,367,bottle
chip_rgb1474.jpg,318,193,432,301,bottle
chip_rgb1474.jpg,185,207,310,282,bottle
chip_rgb1474.jpg,71,213,184,277,bottle
chip_rgb1474.jpg,86,141,206,205,bottle
chip_rgb1474.jpg,40,84,112,226,bottle
chip_rgb1475.jpg,363,318,471,432,bottle
chip_rgb1475.jpg,382,185,457,310,bottle
chip_rgb1475.jpg,386,72,451,184,bottle
chip_rgb1475.jpg,458,87,523,206,bottle
chip_rgb1475.jpg,437,40,580,113,bottle
chip_rgb1479.jpg,363,176,471,290,bottle
chip_rgb1479.jpg,382,298,457,422,bottle
chip_rgb1479.jpg,386,424,451,536,bottle
chip_rgb1479.jpg,458,402,523,521,bottle
chip_rgb1479.jpg,437,495,580,567,bottle
chip_rgb1481.jpg,452,1,510,67,bottle
chip_rgb1481.jpg,476,31,533,111,bottle
chip_rgb1481.jpg,543,1,610,67,bottle
chip_rgb1481.jpg,483,404,541,471,bottle
chip_rgb1481.jpg,446,421,514,474,bottle
chip_rgb1481.jpg,516,381,586,459,bottle
chip_rgb1481.jpg,550,393,605,474,bottle
chip_rgb1481.jpg,499,516,536,585,bottle
chip_rgb1483.jpg,483,435,561,492,bottle
chip_rgb1485.jpg,73,581,122,639,bottle
chip_rgb1485.jpg,391,423,461,485,bottle
chip_rgb1485.jpg,180,338,218,419,bottle
chip_rgb1485.jpg,446,176,528,207,bottle
chip_rgb1486.jpg,199,528,263,602,bottle
chip_rgb1487.jpg,198,14,262,88,bottle
chip_rgb1489.jpg,202,544,279,612,bottle
chip_rgb1489.jpg,123,428,170,502,container
chip_rgb1489.jpg,125,294,206,414,can
chip_rgb1489.jpg,167,396,241,493,can
chip_rgb1489.jpg,187,298,260,357,bottle
chip_rgb1489.jpg,79,40,122,123,bottle
chip_rgb1493.jpg,463,0,505,62,bottle
chip_rgb1494.jpg,299,562,361,615,bottle
chip_rgb1494.jpg,539,221,613,286,bottle
chip_rgb1494.jpg,582,486,639,550,bottle
chip_rgb1494.jpg,578,554,627,639,bottle
chip_rgb1495.jpg,323,25,385,78,bottle
chip_rgb1495.jpg,563,353,637,418,bottle
chip_rgb1497.jpg,578,494,640,537,bottle
chip_rgb1498.jpg,254,539,319,613,bottle
chip_rgb1498.jpg,519,582,583,639,bottle
chip_rgb1498.jpg,587,578,640,627,bottle
chip_rgb1499.jpg,3,254,77,319,bottle
chip_rgb1504.jpg,464,266,533,334,bottle
chip_rgb1505.jpg,271,447,389,569,can
chip_rgb1526.jpg,57,0,215,107,can
chip_rgb1528.jpg,172,453,273,626,bottle
chip_rgb1528.jpg,36,521,215,640,can
chip_rgb1529.jpg,424,590,603,640,can
chip_rgb1529.jpg,529,523,640,640,container
chip_rgb1530.jpg,58,0,216,105,can
chip_rgb1531.jpg,399,0,558,104,can
chip_rgb1535.jpg,569,570,639,640,can
chip_rgb1539.jpg,570,537,640,640,can
chip_rgb1556.jpg,274,326,398,425,bottle
chip_rgb1560.jpg,286,574,402,640,container
chip_rgb1560.jpg,99,578,242,640,can
chip_rgb1561.jpg,10,47,119,133,bottle
chip_rgb1562.jpg,320,551,502,640,can
chip_rgb1564.jpg,552,260,640,410,can
chip_rgb1564.jpg,590,397,640,540,can
chip_rgb1564.jpg,518,445,599,521,bottle
chip_rgb1564.jpg,488,104,601,176,bottle
chip_rgb1564.jpg,0,0,99,59,bottle
chip_rgb1587.jpg,65,584,208,640,bottle
chip_rgb1589.jpg,233,101,362,174,bottle
chip_rgb1589.jpg,259,44,390,134,bottle
chip_rgb1589.jpg,328,0,396,94,bottle
chip_rgb1589.jpg,378,0,455,94,bottle
chip_rgb1589.jpg,403,166,514,274,bottle
chip_rgb1589.jpg,545,300,640,380,bottle
chip_rgb1590.jpg,27,0,106,82,bottle
chip_rgb1591.jpg,52,0,130,82,bottle
chip_rgb1595.jpg,495,25,614,141,bottle
chip_rgb1595.jpg,474,487,590,585,bottle
chip_rgb1595.jpg,52,0,130,58,bottle
chip_rgb1598.jpg,470,530,590,640,bottle
chip_rgb1598.jpg,450,86,566,185,bottle
chip_rgb1605.jpg,322,139,408,189,bottle
chip_rgb1605.jpg,318,110,402,143,bottle
chip_rgb1605.jpg,294,146,358,222,bottle
chip_rgb1605.jpg,262,173,315,253,bottle
chip_rgb1605.jpg,258,149,308,224,bottle
chip_rgb1605.jpg,237,155,271,242,bottle
chip_rgb1605.jpg,213,156,246,243,bottle
chip_rgb1605.jpg,184,171,231,247,bottle
chip_rgb1605.jpg,153,111,232,160,bottle
chip_rgb1605.jpg,195,46,239,128,bottle
chip_rgb1605.jpg,214,18,288,73,bottle
chip_rgb1605.jpg,278,14,315,93,bottle
chip_rgb1605.jpg,312,31,382,101,can
chip_rgb1605.jpg,221,62,328,156,can
chip_rgb1610.jpg,352,294,442,361,bottle
chip_rgb1610.jpg,547,169,612,246,bottle
chip_rgb1614.jpg,552,303,614,408,bottle
chip_rgb1615.jpg,302,576,407,638,bottle
chip_rgb1618.jpg,26,271,88,376,bottle
chip_rgb1619.jpg,576,264,638,369,bottle
chip_rgb1630.jpg,106,158,223,249,bottle
chip_rgb1630.jpg,362,0,462,87,bottle
chip_rgb1631.jpg,393,158,510,249,bottle
chip_rgb1631.jpg,153,0,253,87,bottle
chip_rgb1650.jpg,347,105,411,169,bottle
chip_rgb1651.jpg,81,228,145,292,bottle
chip_rgb1653.jpg,109,90,156,171,container
chip_rgb1653.jpg,153,97,230,197,can
chip_rgb1653.jpg,144,187,216,278,can
chip_rgb1653.jpg,203,221,263,252,bottle
chip_rgb1653.jpg,141,454,203,530,bottle
chip_rgb1654.jpg,458,449,511,535,bottle
chip_rgb1654.jpg,446,506,485,606,bottle
chip_rgb1654.jpg,184,470,247,534,bottle
chip_rgb1657.jpg,469,516,550,563,container
chip_rgb1657.jpg,443,442,543,519,can
chip_rgb1657.jpg,362,456,453,528,can
chip_rgb1657.jpg,388,409,419,469,bottle
chip_rgb1657.jpg,110,469,186,531,bottle
chip_rgb1658.jpg,417,129,503,182,bottle
chip_rgb1658.jpg,474,154,574,194,bottle
chip_rgb1658.jpg,438,393,502,455,bottle
chip_rgb1658.jpg,567,150,622,231,bottle
chip_rgb1658.jpg,567,128,640,175,bottle
chip_rgb1669.jpg,534,84,637,159,can
chip_rgb1669.jpg,475,178,542,243,can
chip_rgb1669.jpg,539,152,570,233,bottle
chip_rgb1669.jpg,561,145,592,228,bottle
chip_rgb1669.jpg,587,176,634,234,bottle
chip_rgb1669.jpg,573,290,615,372,bottle
chip_rgb1669.jpg,511,297,582,328,bottle
chip_rgb1669.jpg,463,234,535,300,bottle
chip_rgb1669.jpg,446,186,478,252,bottle
chip_rgb1669.jpg,442,279,497,322,bottle
chip_rgb1669.jpg,516,300,587,331,bottle
chip_rgb1669.jpg,515,214,591,319,can
chip_rgb1670.jpg,470,322,547,382,bottle
chip_rgb1671.jpg,494,258,571,318,bottle
chip_rgb1673.jpg,340,0,385,76,container
chip_rgb1673.jpg,216,95,273,145,bottle
chip_rgb1673.jpg,231,347,284,407,bottle
chip_rgb1673.jpg,261,0,352,90,can
chip_rgb1673.jpg,254,68,343,180,can
chip_rgb1674.jpg,17,484,73,573,bottle
chip_rgb1674.jpg,288,527,328,618,bottle
chip_rgb1674.jpg,528,258,570,358,bottle
chip_rgb1675.jpg,485,42,573,97,bottle
chip_rgb1675.jpg,527,313,618,352,bottle
chip_rgb1675.jpg,257,552,357,594,bottle
chip_rgb1679.jpg,543,99,598,187,bottle
chip_rgb1679.jpg,287,54,327,145,bottle
chip_rgb1679.jpg,311,0,356,73,bottle
chip_rgb1679.jpg,46,314,88,414,bottle
chip_rgb1689.jpg,459,224,532,271,bottle
chip_rgb1689.jpg,541,256,582,331,bottle
chip_rgb1689.jpg,479,303,546,324,bottle
chip_rgb1689.jpg,449,288,480,366,bottle
chip_rgb1689.jpg,428,351,487,399,bottle
chip_rgb1689.jpg,392,287,442,352,bottle
chip_rgb1689.jpg,373,326,434,381,bottle
chip_rgb1689.jpg,393,376,441,456,bottle
chip_rgb1689.jpg,496,406,541,481,bottle
chip_rgb1689.jpg,540,414,565,468,bottle
chip_rgb1689.jpg,553,412,608,459,bottle
chip_rgb1689.jpg,571,402,640,437,bottle
chip_rgb1689.jpg,571,369,640,416,bottle
chip_rgb1689.jpg,555,373,620,407,bottle
chip_rgb1689.jpg,558,347,640,376,bottle
chip_rgb1689.jpg,570,323,640,364,bottle
chip_rgb1689.jpg,580,306,640,345,bottle
chip_rgb1689.jpg,496,487,595,569,can
chip_rgb1689.jpg,479,307,554,412,can
chip_rgb1689.jpg,422,387,499,464,can
chip_rgb1690.jpg,138,381,222,436,bottle
chip_rgb1691.jpg,382,114,436,198,bottle
chip_rgb1693.jpg,82,534,148,564,bottle
chip_rgb1693.jpg,89,216,168,303,bottle
chip_rgb1693.jpg,139,493,218,595,can
chip_rgb1695.jpg,506,378,547,477,bottle
chip_rgb1709.jpg,284,304,453,421,can
chip_rgb1709.jpg,161,216,275,271,bottle
chip_rgb1709.jpg,258,162,317,304,bottle
chip_rgb1709.jpg,305,190,363,323,bottle
chip_rgb1709.jpg,341,181,432,281,bottle
chip_rgb1709.jpg,482,118,574,204,bottle
chip_rgb1709.jpg,397,76,493,131,bottle
chip_rgb1709.jpg,483,0,565,100,bottle
chip_rgb1709.jpg,452,0,534,66,bottle
chip_rgb1709.jpg,397,0,449,109,bottle
chip_rgb1709.jpg,397,57,501,137,bottle
chip_rgb1709.jpg,302,7,419,56,bottle
chip_rgb1709.jpg,250,0,300,87,bottle
chip_rgb1709.jpg,145,45,224,149,bottle
chip_rgb1709.jpg,161,75,248,164,bottle
chip_rgb1709.jpg,180,111,281,174,bottle
chip_rgb1709.jpg,166,167,287,230,bottle
chip_rgb1709.jpg,240,121,315,211,bottle
chip_rgb1709.jpg,297,16,410,195,can
chip_rgb1709.jpg,404,121,527,226,can
chip_rgb1711.jpg,134,559,212,640,bottle
chip_rgb1711.jpg,250,556,360,640,bottle
chip_rgb1729.jpg,296,221,449,331,can
chip_rgb1729.jpg,401,291,587,440,container
chip_rgb1729.jpg,411,409,525,526,can
chip_rgb1729.jpg,402,510,494,576,bottle
chip_rgb1729.jpg,499,443,572,545,bottle
chip_rgb1729.jpg,463,571,529,640,bottle
chip_rgb1729.jpg,478,547,563,640,bottle
chip_rgb1729.jpg,402,507,505,576,bottle
chip_rgb1729.jpg,398,538,451,640,bottle
chip_rgb1729.jpg,302,583,414,640,bottle
chip_rgb1729.jpg,250,555,309,640,bottle
chip_rgb1729.jpg,143,502,232,597,bottle
chip_rgb1729.jpg,183,490,268,567,bottle
chip_rgb1729.jpg,168,467,287,534,bottle
chip_rgb1729.jpg,168,417,289,481,bottle
chip_rgb1729.jpg,248,445,317,522,bottle
chip_rgb1729.jpg,170,369,294,426,bottle
chip_rgb1729.jpg,251,348,322,443,bottle
chip_rgb1729.jpg,320,321,375,434,bottle
chip_rgb1729.jpg,344,357,437,467,bottle
chip_rgb1729.jpg,314,455,413,605,can
chip_rgb1730.jpg,125,5,213,113,bottle
chip_rgb1730.jpg,246,29,372,91,bottle
chip_rgb1730.jpg,208,0,315,62,bottle
chip_rgb1731.jpg,427,0,515,89,bottle
chip_rgb1731.jpg,268,5,393,67,bottle
chip_rgb1745.jpg,163,223,239,298,bottle
chip_rgb1745.jpg,143,211,205,281,bottle
chip_rgb1745.jpg,91,244,165,329,bottle
chip_rgb1745.jpg,71,241,142,330,bottle
chip_rgb1745.jpg,106,297,160,368,bottle
chip_rgb1745.jpg,62,275,126,372,bottle
chip_rgb1745.jpg,32,330,106,373,bottle
chip_rgb1745.jpg,81,427,152,502,bottle
chip_rgb1745.jpg,56,414,124,481,bottle
chip_rgb1745.jpg,37,398,109,456,bottle
chip_rgb1745.jpg,9,381,80,436,bottle
chip_rgb1745.jpg,26,470,61,575,bottle
chip_rgb1745.jpg,64,561,132,636,container
chip_rgb1745.jpg,0,227,74,345,can
chip_rgb1746.jpg,565,477,640,639,container
chip_rgb1747.jpg,0,0,138,75,container
chip_rgb1749.jpg,586,329,624,406,bottle
chip_rgb1749.jpg,456,381,495,469,bottle
chip_rgb1749.jpg,402,509,454,602,bottle
chip_rgb1749.jpg,411,559,455,640,bottle
chip_rgb1749.jpg,532,552,588,634,bottle
chip_rgb1749.jpg,569,534,640,596,bottle
chip_rgb1749.jpg,584,493,640,534,bottle
chip_rgb1749.jpg,506,478,596,536,bottle
chip_rgb1749.jpg,493,506,568,572,bottle
chip_rgb1749.jpg,457,471,517,545,bottle
chip_rgb1749.jpg,484,488,547,563,bottle
chip_rgb1749.jpg,442,575,529,640,can
chip_rgb1749.jpg,325,556,386,615,container
chip_rgb1749.jpg,358,445,427,552,container
chip_rgb1749.jpg,422,266,565,378,container
chip_rgb1749.jpg,538,200,640,291,can
chip_rgb1749.jpg,335,339,453,433,can
chip_rgb1749.jpg,300,436,376,561,can
chip_rgb1749.jpg,392,410,483,522,can
chip_rgb1749.jpg,482,385,588,494,can
chip_rgb1749.jpg,578,398,640,528,can
chip_rgb1749.jpg,440,580,531,640,can
chip_rgb1749.jpg,521,292,599,404,can
chip_rgb1750.jpg,349,72,379,165,bottle
chip_rgb1750.jpg,273,26,354,73,bottle
chip_rgb1750.jpg,227,136,311,186,bottle
chip_rgb1750.jpg,254,42,330,115,bottle
chip_rgb1750.jpg,505,0,640,162,container
chip_rgb1750.jpg,442,0,529,57,can
chip_rgb1750.jpg,440,0,531,60,can
chip_rgb1751.jpg,48,349,141,379,bottle
chip_rgb1751.jpg,111,227,162,311,bottle
chip_rgb1751.jpg,18,254,91,330,bottle
chip_rgb1751.jpg,0,504,138,640,container
chip_rgb1765.jpg,52,428,165,526,bottle
chip_rgb1765.jpg,39,385,154,486,bottle
chip_rgb1765.jpg,85,290,199,390,bottle
chip_rgb1765.jpg,107,335,204,437,bottle
chip_rgb1765.jpg,161,348,279,441,bottle
chip_rgb1765.jpg,142,283,261,386,bottle
chip_rgb1765.jpg,228,246,287,365,bottle
chip_rgb1765.jpg,208,200,342,264,bottle
chip_rgb1765.jpg,217,155,306,212,bottle
chip_rgb1765.jpg,221,124,339,180,bottle
chip_rgb1765.jpg,275,242,325,379,bottle
chip_rgb1765.jpg,279,231,386,322,bottle
chip_rgb1765.jpg,301,258,407,376,bottle
chip_rgb1765.jpg,337,304,442,408,bottle
chip_rgb1765.jpg,349,325,470,436,bottle
chip_rgb1765.jpg,426,256,568,312,bottle
chip_rgb1765.jpg,463,137,534,265,bottle
chip_rgb1765.jpg,543,179,640,282,bottle
chip_rgb1765.jpg,525,125,619,239,bottle
chip_rgb1765.jpg,562,62,640,178,bottle
chip_rgb1765.jpg,494,8,586,126,bottle
chip_rgb1765.jpg,452,32,527,161,bottle
chip_rgb1765.jpg,549,0,636,78,bottle
chip_rgb1765.jpg,151,0,329,87,container
chip_rgb1765.jpg,554,329,640,422,container
chip_rgb1765.jpg,81,137,247,308,can
chip_rgb1765.jpg,47,47,194,212,can
chip_rgb1765.jpg,332,130,514,258,can
chip_rgb1765.jpg,325,0,473,155,can
chip_rgb1765.jpg,165,24,351,146,can
chip_rgb1767.jpg,433,490,584,548,bottle
chip_rgb1767.jpg,397,507,534,615,bottle
chip_rgb1767.jpg,331,547,408,640,bottle
chip_rgb1767.jpg,397,289,640,577,container
chip_rgb1767.jpg,532,536,640,640,can
chip_rgb1769.jpg,190,586,314,640,bottle
chip_rgb1769.jpg,4,586,91,640,bottle
chip_rgb1769.jpg,8,510,141,611,bottle
chip_rgb1769.jpg,0,566,65,613,bottle
chip_rgb1769.jpg,1,327,130,424,bottle
chip_rgb1769.jpg,0,204,101,297,bottle
chip_rgb1769.jpg,0,335,53,460,bottle
chip_rgb1769.jpg,311,547,489,640,container
chip_rgb1769.jpg,75,461,214,566,container
chip_rgb1769.jpg,119,497,287,640,can
chip_rgb1769.jpg,40,359,231,487,can
chip_rgb1769.jpg,241,406,375,586,can
chip_rgb1769.jpg,107,496,288,640,can
chip_rgb1771.jpg,0,301,130,365,bottle
chip_rgb1771.jpg,29,261,184,353,bottle
chip_rgb1771.jpg,341,220,468,323,bottle
chip_rgb1771.jpg,267,197,350,335,bottle
chip_rgb1771.jpg,182,238,300,343,bottle
chip_rgb1771.jpg,406,0,530,103,bottle
chip_rgb1771.jpg,87,247,209,314,bottle
chip_rgb1771.jpg,0,209,105,256,bottle
chip_rgb1771.jpg,0,152,89,238,bottle
chip_rgb1771.jpg,6,136,127,212,bottle
chip_rgb1771.jpg,0,18,99,146,bottle
chip_rgb1771.jpg,73,82,195,151,bottle
chip_rgb1771.jpg,84,0,139,93,bottle
chip_rgb1771.jpg,129,0,192,107,bottle
chip_rgb1771.jpg,168,26,241,125,bottle
chip_rgb1771.jpg,192,0,263,55,bottle
chip_rgb1771.jpg,279,0,403,86,bottle
chip_rgb1771.jpg,328,37,426,165,bottle
chip_rgb1771.jpg,259,139,409,221,bottle
chip_rgb1771.jpg,219,85,347,172,bottle
chip_rgb1771.jpg,217,51,325,137,bottle
chip_rgb1771.jpg,221,0,330,96,bottle
chip_rgb1771.jpg,294,0,409,86,bottle
chip_rgb1771.jpg,194,128,264,264,bottle
chip_rgb1771.jpg,104,138,195,265,bottle
chip_rgb1789.jpg,0,434,70,518,bottle
chip_rgb1789.jpg,1,487,66,553,bottle
chip_rgb1789.jpg,30,491,135,528,bottle
chip_rgb1789.jpg,138,437,212,530,bottle
chip_rgb1789.jpg,218,454,287,556,bottle
chip_rgb1789.jpg,269,552,362,629,bottle
chip_rgb1789.jpg,216,571,276,640,bottle
chip_rgb1789.jpg,39,540,73,612,bottle
chip_rgb1789.jpg,95,567,148,638,bottle
chip_rgb1789.jpg,74,532,104,626,bottle
chip_rgb1789.jpg,112,526,175,605,bottle
chip_rgb1789.jpg,112,499,201,561,bottle
chip_rgb1789.jpg,143,539,217,616,bottle
chip_rgb1789.jpg,168,540,268,619,bottle
chip_rgb1789.jpg,81,372,175,501,can
chip_rgb1789.jpg,31,375,117,488,container
chip_rgb1789.jpg,0,326,81,454,can
chip_rgb1789.jpg,11,264,146,363,can
chip_rgb1790.jpg,9,168,67,267,bottle
chip_rgb1790.jpg,54,168,151,219,bottle
chip_rgb1790.jpg,56,222,138,316,bottle
chip_rgb1790.jpg,79,109,155,186,bottle
chip_rgb1790.jpg,118,0,165,70,bottle
chip_rgb1790.jpg,90,3,161,106,bottle
chip_rgb1790.jpg,48,0,109,49,bottle
chip_rgb1790.jpg,0,110,94,174,bottle
chip_rgb1790.jpg,75,33,137,124,bottle
chip_rgb1790.jpg,21,56,103,109,bottle
chip_rgb1791.jpg,420,30,471,127,bottle
chip_rgb1791.jpg,322,32,416,114,bottle
chip_rgb1791.jpg,453,55,530,131,bottle
chip_rgb1791.jpg,569,94,640,141,bottle
chip_rgb1791.jpg,532,66,636,137,bottle
chip_rgb1791.jpg,589,24,639,85,bottle
chip_rgb1791.jpg,466,0,529,70,bottle
chip_rgb1791.jpg,514,51,606,113,bottle
chip_rgb1791.jpg,530,0,582,79,bottle
chip_rgb1801.jpg,190,154,288,285,bottle
chip_rgb1801.jpg,453,365,584,450,bottle
chip_rgb1802.jpg,45,250,179,342,bottle
chip_rgb1803.jpg,274,461,366,595,bottle
chip_rgb1805.jpg,45,0,164,93,bottle
chip_rgb1807.jpg,338,225,452,335,bottle
chip_rgb1807.jpg,157,256,322,414,can
chip_rgb1807.jpg,157,89,331,238,can
chip_rgb1807.jpg,49,142,191,290,container
chip_rgb1829.jpg,590,320,640,428,container
chip_rgb1829.jpg,521,280,620,362,can
chip_rgb1829.jpg,570,209,640,310,can
chip_rgb1829.jpg,546,192,610,272,container
chip_rgb1829.jpg,494,176,567,275,can
chip_rgb1829.jpg,580,168,637,226,bottle
chip_rgb1829.jpg,573,137,623,189,bottle
chip_rgb1829.jpg,520,150,606,188,bottle
chip_rgb1829.jpg,470,153,525,223,bottle
chip_rgb1829.jpg,409,134,461,210,bottle
chip_rgb1829.jpg,477,131,548,177,bottle
chip_rgb1829.jpg,469,83,526,143,bottle
chip_rgb1829.jpg,549,80,577,150,bottle
chip_rgb1829.jpg,575,76,601,147,bottle
chip_rgb1829.jpg,473,132,539,178,bottle
chip_rgb1829.jpg,421,53,464,118,bottle
chip_rgb1829.jpg,426,14,506,58,bottle
chip_rgb1829.jpg,520,62,559,122,bottle
chip_rgb1829.jpg,541,50,608,102,bottle
chip_rgb1829.jpg,424,82,500,142,bottle
chip_rgb1829.jpg,353,77,423,134,bottle
chip_rgb1829.jpg,544,0,587,62,bottle
chip_rgb1829.jpg,503,0,551,72,bottle
chip_rgb1829.jpg,453,30,510,91,bottle
chip_rgb1829.jpg,479,42,533,90,bottle
chip_rgb1829.jpg,577,18,640,62,bottle
chip_rgb1831.jpg,324,435,399,521,bottle
chip_rgb1845.jpg,392,407,444,459,bottle
chip_rgb1845.jpg,397,435,459,467,bottle
chip_rgb1845.jpg,369,423,403,479,bottle
chip_rgb1845.jpg,384,464,425,516,bottle
chip_rgb1845.jpg,359,458,405,510,bottle
chip_rgb1845.jpg,338,475,367,531,bottle
chip_rgb1845.jpg,312,523,372,550,bottle
chip_rgb1845.jpg,324,543,365,578,bottle
chip_rgb1845.jpg,315,554,369,585,bottle
chip_rgb1845.jpg,296,495,342,538,bottle
chip_rgb1845.jpg,315,469,344,536,bottle
chip_rgb1845.jpg,282,475,329,526,bottle
chip_rgb1845.jpg,269,459,320,511,bottle
chip_rgb1845.jpg,256,444,309,492,bottle
chip_rgb1845.jpg,213,502,281,523,bottle
chip_rgb1845.jpg,224,520,268,580,bottle
chip_rgb1845.jpg,194,531,236,588,bottle
chip_rgb1845.jpg,176,513,224,564,bottle
chip_rgb1845.jpg,166,564,213,606,bottle
chip_rgb1845.jpg,206,580,249,637,bottle
chip_rgb1845.jpg,234,567,269,628,bottle
chip_rgb1845.jpg,169,566,218,605,bottle
chip_rgb1845.jpg,75,584,128,626,bottle
chip_rgb1845.jpg,108,590,151,640,bottle
chip_rgb1845.jpg,376,546,444,617,can
chip_rgb1845.jpg,310,574,385,627,can
chip_rgb1845.jpg,348,504,426,579,can
chip_rgb1845.jpg,233,529,320,582,can
chip_rgb1845.jpg,258,571,322,640,can
chip_rgb1845.jpg,73,485,181,609,container
chip_rgb1845.jpg,177,453,224,495,container
chip_rgb1849.jpg,577,7,616,76,bottle
chip_rgb1849.jpg,566,24,598,76,bottle
chip_rgb1849.jpg,563,68,614,119,bottle
chip_rgb1849.jpg,554,112,611,143,bottle
chip_rgb1849.jpg,560,144,602,201,bottle
chip_rgb1849.jpg,526,119,555,171,bottle
chip_rgb1849.jpg,467,173,510,223,bottle
chip_rgb1849.jpg,412,147,473,186,bottle
chip_rgb1849.jpg,400,93,450,138,bottle
chip_rgb1849.jpg,397,13,442,51,bottle
chip_rgb1849.jpg,441,30,505,61,bottle
chip_rgb1849.jpg,435,70,475,133,bottle
chip_rgb1849.jpg,446,74,486,110,bottle
chip_rgb1849.jpg,458,109,498,134,bottle
chip_rgb1849.jpg,467,108,511,166,bottle
chip_rgb1849.jpg,477,137,537,177,bottle
chip_rgb1849.jpg,515,76,576,111,bottle
chip_rgb1849.jpg,493,30,532,81,bottle
chip_rgb1849.jpg,517,0,557,59,bottle
chip_rgb1849.jpg,525,60,578,101,bottle
chip_rgb1849.jpg,516,74,575,112,bottle
chip_rgb1849.jpg,479,72,521,98,bottle
chip_rgb1849.jpg,426,48,465,94,container
chip_rgb1849.jpg,361,59,436,119,can
chip_rgb1849.jpg,293,19,352,96,can
chip_rgb1849.jpg,335,0,406,62,can
chip_rgb1849.jpg,361,33,430,76,container
chip_rgb1849.jpg,452,54,509,75,bottle
chip_rgb1851.jpg,389,562,454,616,bottle
chip_rgb1851.jpg,270,381,313,436,bottle
chip_rgb1865.jpg,370,114,409,149,bottle
chip_rgb1865.jpg,374,106,417,130,bottle
chip_rgb1865.jpg,364,75,395,109,bottle
chip_rgb1865.jpg,356,98,381,138,bottle
chip_rgb1865.jpg,349,79,382,112,bottle
chip_rgb1865.jpg,332,62,354,104,bottle
chip_rgb1865.jpg,315,49,360,71,bottle
chip_rgb1865.jpg,296,65,330,103,bottle
chip_rgb1865.jpg,287,78,323,111,bottle
chip_rgb1865.jpg,279,86,314,121,bottle
chip_rgb1865.jpg,248,66,293,83,bottle
chip_rgb1865.jpg,258,28,285,70,bottle
chip_rgb1865.jpg,225,87,255,115,container
chip_rgb1865.jpg,152,6,233,93,container
chip_rgb1865.jpg,223,38,256,76,bottle
chip_rgb1865.jpg,235,23,268,66,bottle
chip_rgb1865.jpg,264,26,324,64,can
chip_rgb1865.jpg,342,29,396,81,can
chip_rgb1865.jpg,362,2,410,56,can
chip_rgb1869.jpg,343,31,387,68,container
chip_rgb1869.jpg,368,76,409,106,bottle
chip_rgb1869.jpg,379,111,422,137,bottle
chip_rgb1869.jpg,417,130,450,168,bottle
chip_rgb1869.jpg,423,108,467,132,bottle
chip_rgb1869.jpg,413,86,445,129,bottle
chip_rgb1869.jpg,407,45,452,65,bottle
chip_rgb1869.jpg,396,63,422,104,bottle
chip_rgb1869.jpg,493,21,523,67,bottle
chip_rgb1869.jpg,478,110,508,148,bottle
chip_rgb1869.jpg,574,141,602,179,bottle
chip_rgb1869.jpg,467,87,517,109,bottle
chip_rgb1869.jpg,486,64,519,97,bottle
chip_rgb1869.jpg,462,37,500,61,bottle
chip_rgb1869.jpg,452,65,490,90,bottle
chip_rgb1869.jpg,457,52,493,82,bottle
chip_rgb1869.jpg,459,91,481,131,bottle
chip_rgb1869.jpg,420,62,463,80,bottle
chip_rgb1869.jpg,431,28,457,57,bottle
chip_rgb1869.jpg,342,54,397,94,can
chip_rgb1869.jpg,297,25,339,79,can
chip_rgb1869.jpg,388,46,418,76,container
chip_rgb1870.jpg,232,549,267,599,bottle
chip_rgb1871.jpg,573,373,623,408,bottle
chip_rgb1885.jpg,247,523,274,549,bottle
chip_rgb1885.jpg,239,537,274,555,bottle
chip_rgb1885.jpg,259,543,276,568,bottle
chip_rgb1885.jpg,256,551,280,580,bottle
chip_rgb1885.jpg,269,531,288,562,bottle
chip_rgb1885.jpg,269,550,294,578,bottle
chip_rgb1885.jpg,323,545,352,572,bottle
chip_rgb1885.jpg,314,552,341,577,bottle
chip_rgb1885.jpg,309,560,336,587,bottle
chip_rgb1885.jpg,300,558,315,587,bottle
chip_rgb1885.jpg,306,573,328,592,bottle
chip_rgb1885.jpg,290,559,307,591,bottle
chip_rgb1885.jpg,284,585,322,603,bottle
chip_rgb1885.jpg,335,577,373,588,bottle
chip_rgb1885.jpg,369,583,392,610,bottle
chip_rgb1885.jpg,345,586,363,615,bottle
chip_rgb1885.jpg,255,574,298,615,can
chip_rgb1885.jpg,312,589,363,621,can
chip_rgb1885.jpg,359,590,384,623,bottle
chip_rgb1885.jpg,366,545,393,573,container
chip_rgb1885.jpg,386,565,447,631,container
chip_rgb1889.jpg,337,589,364,615,container
chip_rgb1889.jpg,297,578,332,620,can
chip_rgb1889.jpg,333,567,379,598,can
chip_rgb1889.jpg,370,580,395,600,container
chip_rgb1889.jpg,376,560,397,590,bottle
chip_rgb1889.jpg,363,531,395,551,bottle
chip_rgb1889.jpg,393,508,420,539,bottle
chip_rgb1889.jpg,400,535,433,555,bottle
chip_rgb1889.jpg,426,536,445,571,bottle
chip_rgb1889.jpg,442,524,468,554,bottle
chip_rgb1889.jpg,516,499,539,532,bottle
chip_rgb1889.jpg,437,553,472,572,bottle
chip_rgb1889.jpg,446,563,473,592,bottle
chip_rgb1889.jpg,424,571,452,588,bottle
chip_rgb1889.jpg,454,589,475,622,bottle
chip_rgb1889.jpg,446,583,469,614,bottle
chip_rgb1889.jpg,425,589,452,606,bottle
chip_rgb1889.jpg,407,590,428,620,bottle
chip_rgb1889.jpg,393,543,415,569,bottle
chip_rgb1889.jpg,402,552,424,585,bottle
chip_rgb1925.jpg,48,269,68,289,bottle
chip_rgb1925.jpg,44,265,57,288,bottle
chip_rgb1925.jpg,37,278,52,288,bottle
chip_rgb1925.jpg,40,287,61,298,bottle
chip_rgb1925.jpg,30,285,50,302,bottle
chip_rgb1925.jpg,34,320,53,338,bottle
chip_rgb1925.jpg,35,351,51,368,container
chip_rgb1929.jpg,343,573,362,589,bottle
chip_rgb1929.jpg,348,556,369,571,bottle
chip_rgb1929.jpg,368,540,385,559,bottle
chip_rgb1929.jpg,401,551,416,570,bottle
chip_rgb1929.jpg,449,533,465,555,bottle
chip_rgb1929.jpg,397,570,419,584,bottle
chip_rgb1929.jpg,403,578,420,596,bottle
chip_rgb1929.jpg,390,559,401,582,bottle
chip_rgb1929.jpg,372,559,391,571,bottle
chip_rgb1929.jpg,372,571,385,589,bottle
chip_rgb1929.jpg,353,590,367,604,container
chip_rgb1929.jpg,304,587,327,616,can
chip_rgb1929.jpg,327,580,357,602,can
chip_rgb1929.jpg,388,584,407,600,bottle
chip_rgb1929.jpg,510,490,532,504,bottle
chip_rgb1929.jpg,523,477,537,493,bottle
chip_rgb1929.jpg,513,474,527,490,bottle
chip_rgb2020.jpg,497,0,571,86,bottle
chip_rgb2020.jpg,443,0,519,126,bottle
chip_rgb2021.jpg,31,1,107,100,bottle
chip_rgb2021.jpg,59,186,160,285,bottle
chip_rgb2021.jpg,183,300,312,369,bottle
chip_rgb2022.jpg,535,168,640,257,bottle
chip_rgb2023.jpg,0,406,105,495,bottle
chip_rgb2025.jpg,482,330,573,452,bottle
chip_rgb2025.jpg,194,528,305,621,bottle
chip_rgb2025.jpg,176,79,300,163,bottle
chip_rgb2030.jpg,182,344,305,449,bottle
chip_rgb2030.jpg,0,0,60,121,bottle
chip_rgb2030.jpg,18,374,175,518,can
chip_rgb2030.jpg,18,210,193,358,can
chip_rgb2031.jpg,368,182,473,305,bottle
chip_rgb2031.jpg,21,0,145,59,bottle
chip_rgb2031.jpg,399,18,542,175,can
chip_rgb2031.jpg,235,18,382,193,can
chip_rgb2049.jpg,56,246,69,255,bottle
chip_rgb2049.jpg,83,210,92,222,bottle
chip_rgb2049.jpg,90,213,99,222,bottle
chip_rgb2049.jpg,90,210,97,215,bottle
chip_rgb2049.jpg,49,274,60,282,bottle
chip_rgb2049.jpg,54,290,65,302,bottle
chip_rgb2049.jpg,47,299,57,312,bottle
chip_rgb2049.jpg,41,291,53,301,bottle
chip_rgb2049.jpg,47,287,56,299,bottle
chip_rgb2085.jpg,376,187,394,203,bottle
chip_rgb2085.jpg,382,184,399,194,bottle
chip_rgb2085.jpg,377,178,387,193,bottle
chip_rgb2085.jpg,375,168,388,188,bottle
chip_rgb2085.jpg,370,180,379,197,bottle
chip_rgb2085.jpg,367,169,379,188,bottle
chip_rgb2085.jpg,359,164,369,180,bottle
chip_rgb2085.jpg,351,156,371,167,bottle
chip_rgb2085.jpg,362,146,391,171,can
chip_rgb2085.jpg,372,135,397,160,can
chip_rgb2085.jpg,352,129,374,151,can
chip_rgb2085.jpg,343,94,364,121,can
chip_rgb2085.jpg,316,88,342,107,can
chip_rgb2085.jpg,325,107,349,129,can
chip_rgb2085.jpg,354,112,382,140,container
chip_rgb2085.jpg,334,126,353,149,can
chip_rgb2085.jpg,325,145,354,164,can
chip_rgb2085.jpg,305,174,323,188,container
chip_rgb2085.jpg,272,137,311,178,container
chip_rgb2085.jpg,289,121,317,142,can
chip_rgb2085.jpg,306,96,319,110,container
chip_rgb2085.jpg,319,164,341,173,bottle
chip_rgb2085.jpg,332,173,348,188,bottle
chip_rgb2085.jpg,337,169,354,185,bottle
chip_rgb2085.jpg,340,163,357,180,bottle
chip_rgb2085.jpg,274,132,292,145,bottle
chip_rgb2085.jpg,264,121,273,140,bottle
chip_rgb2085.jpg,219,47,234,65,bottle
chip_rgb2085.jpg,292,52,307,70,bottle
chip_rgb2085.jpg,304,64,325,79,bottle
chip_rgb2085.jpg,312,82,328,98,bottle
chip_rgb2085.jpg,303,84,315,100,bottle
chip_rgb2085.jpg,294,72,306,88,bottle
chip_rgb2085.jpg,286,69,303,80,bottle
chip_rgb2085.jpg,275,70,287,91,bottle
chip_rgb2085.jpg,264,62,276,79,bottle
chip_rgb2085.jpg,260,78,280,91,bottle
chip_rgb2085.jpg,259,87,274,102,bottle
chip_rgb2085.jpg,257,101,270,120,bottle
chip_rgb2085.jpg,255,106,264,129,bottle
chip_rgb2085.jpg,307,151,322,166,bottle
chip_rgb2085.jpg,313,144,326,161,bottle
chip_rgb2085.jpg,304,137,319,153,bottle
chip_rgb2085.jpg,320,125,333,143,bottle
chip_rgb2085.jpg,323,101,339,115,container
chip_rgb2085.jpg,312,108,327,123,bottle
chip_rgb2085.jpg,286,105,302,121,bottle
chip_rgb2085.jpg,287,115,303,128,bottle
chip_rgb2085.jpg,287,79,296,97,bottle
chip_rgb2085.jpg,296,95,308,108,bottle
chip_rgb2085.jpg,276,110,288,125,bottle
chip_rgb2085.jpg,272,103,286,111,bottle
chip_rgb2085.jpg,296,108,310,121,bottle
chip_rgb2105.jpg,225,397,246,417,bottle
chip_rgb2105.jpg,220,408,239,422,bottle
chip_rgb2105.jpg,242,404,254,425,bottle
chip_rgb2105.jpg,238,415,259,437,bottle
chip_rgb2105.jpg,232,418,248,437,bottle
chip_rgb2105.jpg,253,423,267,445,bottle
chip_rgb2105.jpg,250,439,276,456,bottle
chip_rgb2105.jpg,258,453,274,465,bottle
chip_rgb2105.jpg,262,419,274,445,bottle
chip_rgb2105.jpg,268,434,281,448,bottle
chip_rgb2105.jpg,269,421,286,443,bottle
chip_rgb2105.jpg,272,416,293,437,bottle
chip_rgb2105.jpg,276,412,296,432,bottle
chip_rgb2105.jpg,289,434,313,444,bottle
chip_rgb2105.jpg,309,439,326,457,bottle
chip_rgb2105.jpg,303,445,319,466,bottle
chip_rgb2105.jpg,312,457,331,474,bottle
chip_rgb2105.jpg,307,472,319,494,bottle
chip_rgb2105.jpg,300,489,320,509,bottle
chip_rgb2105.jpg,300,521,322,537,bottle
chip_rgb2105.jpg,270,483,290,493,bottle
chip_rgb2105.jpg,240,469,274,504,container
chip_rgb2105.jpg,309,413,328,433,container
chip_rgb2105.jpg,321,427,365,477,container
chip_rgb2105.jpg,411,555,428,576,bottle
chip_rgb2105.jpg,345,465,366,479,bottle
chip_rgb2105.jpg,314,467,347,493,can
chip_rgb2105.jpg,271,442,306,465,can
chip_rgb2105.jpg,273,462,296,485,can
chip_rgb2105.jpg,273,483,303,509,can
chip_rgb2105.jpg,285,508,316,530,can
chip_rgb2105.jpg,260,493,286,525,can
chip_rgb2105.jpg,247,460,276,481,can
chip_rgb2105.jpg,230,433,261,464,can
chip_rgb2105.jpg,224,448,250,478,can
chip_rgb2105.jpg,307,541,327,555,bottle
chip_rgb2105.jpg,326,552,344,573,bottle
chip_rgb2105.jpg,361,541,376,561,bottle
chip_rgb2105.jpg,362,513,380,532,bottle
chip_rgb2105.jpg,359,527,380,540,bottle
chip_rgb2105.jpg,369,493,385,517,bottle
chip_rgb2105.jpg,372,483,386,507,bottle
chip_rgb2105.jpg,367,471,376,493,bottle
chip_rgb2105.jpg,345,486,361,504,bottle
chip_rgb2105.jpg,349,526,361,553,bottle
chip_rgb2105.jpg,322,505,346,516,bottle
chip_rgb2105.jpg,314,514,328,535,bottle
chip_rgb2105.jpg,332,493,349,515,bottle
chip_rgb2105.jpg,329,484,349,501,bottle
chip_rgb2105.jpg,330,540,352,553,bottle
chip_rgb2105.jpg,340,526,357,541,bottle
chip_rgb2105.jpg,324,526,342,550,bottle
chip_rgb2105.jpg,363,497,377,518,bottle
chip_rgb2125.jpg,343,211,369,237,bottle
chip_rgb2125.jpg,355,202,372,233,bottle
chip_rgb2125.jpg,351,230,380,246,bottle
chip_rgb2125.jpg,365,230,392,251,bottle
chip_rgb2125.jpg,367,219,393,239,bottle
chip_rgb2125.jpg,374,246,400,262,bottle
chip_rgb2125.jpg,394,242,412,272,bottle
chip_rgb2125.jpg,386,258,406,279,bottle
chip_rgb2125.jpg,374,262,399,285,bottle
chip_rgb2125.jpg,368,268,390,293,bottle
chip_rgb2125.jpg,362,274,385,297,bottle
chip_rgb2125.jpg,386,286,399,316,bottle
chip_rgb2125.jpg,400,305,426,325,bottle
chip_rgb2125.jpg,394,313,415,332,bottle
chip_rgb2125.jpg,398,293,422,310,bottle
chip_rgb2125.jpg,415,292,441,308,bottle
chip_rgb2125.jpg,446,265,460,290,bottle
chip_rgb2125.jpg,455,303,476,325,bottle
chip_rgb2125.jpg,492,301,511,328,bottle
chip_rgb2125.jpg,515,307,534,335,bottle
chip_rgb2125.jpg,529,333,553,355,bottle
chip_rgb2125.jpg,514,339,529,365,bottle
chip_rgb2125.jpg,499,360,528,374,bottle
chip_rgb2125.jpg,500,375,514,399,bottle
chip_rgb2125.jpg,516,375,539,394,bottle
chip_rgb2125.jpg,533,437,558,454,bottle
chip_rgb2125.jpg,434,310,460,327,bottle
chip_rgb2125.jpg,415,314,436,337,bottle
chip_rgb2125.jpg,424,355,441,380,bottle
chip_rgb2125.jpg,423,346,449,362,bottle
chip_rgb2125.jpg,430,381,459,390,bottle
chip_rgb2125.jpg,445,388,474,404,bottle
chip_rgb2125.jpg,458,382,484,401,bottle
chip_rgb2125.jpg,483,377,504,399,bottle
chip_rgb2125.jpg,463,378,491,395,bottle
chip_rgb2125.jpg,448,356,473,373,bottle
chip_rgb2125.jpg,448,339,465,359,bottle
chip_rgb2125.jpg,472,328,484,354,bottle
chip_rgb2125.jpg,483,320,509,336,bottle
chip_rgb2125.jpg,475,285,503,321,can
chip_rgb2125.jpg,446,272,479,306,can
chip_rgb2125.jpg,458,254,495,282,can
chip_rgb2125.jpg,406,211,439,241,can
chip_rgb2125.jpg,417,237,445,271,can
chip_rgb2125.jpg,386,218,423,255,can
chip_rgb2125.jpg,421,267,451,297,can
chip_rgb2125.jpg,398,268,423,307,can
chip_rgb2125.jpg,364,312,384,334,container
chip_rgb2125.jpg,379,328,436,379,container
chip_rgb2125.jpg,430,228,469,267,container
chip_rgb2125.jpg,481,353,506,374,container
chip_rgb2125.jpg,497,332,524,353,container
chip_rgb2125.jpg,427,323,456,356,can
chip_rgb2165.jpg,134,145,171,184,bottle
chip_rgb2165.jpg,122,167,164,192,bottle
chip_rgb2165.jpg,167,159,190,201,bottle
chip_rgb2165.jpg,149,187,179,227,bottle
chip_rgb2165.jpg,164,186,199,226,bottle
chip_rgb2165.jpg,150,174,172,213,bottle
chip_rgb2165.jpg,192,197,215,241,bottle
chip_rgb2165.jpg,185,231,234,261,bottle
chip_rgb2165.jpg,203,263,231,278,bottle
chip_rgb2165.jpg,208,197,234,241,bottle
chip_rgb2165.jpg,217,218,246,246,bottle
chip_rgb2165.jpg,221,196,257,238,bottle
chip_rgb2165.jpg,227,186,264,222,bottle
chip_rgb2165.jpg,234,175,274,214,bottle
chip_rgb2165.jpg,258,218,306,238,bottle
chip_rgb2165.jpg,271,235,293,275,bottle
chip_rgb2165.jpg,289,240,321,283,bottle
chip_rgb2165.jpg,303,230,336,266,bottle
chip_rgb2165.jpg,303,264,341,300,bottle
chip_rgb2165.jpg,280,277,311,317,bottle
chip_rgb2165.jpg,272,292,308,318,bottle
chip_rgb2165.jpg,269,267,292,306,bottle
chip_rgb2165.jpg,262,305,304,331,bottle
chip_rgb2165.jpg,224,319,266,339,bottle
chip_rgb2165.jpg,299,294,324,339,bottle
chip_rgb2165.jpg,374,278,414,309,bottle
chip_rgb2165.jpg,356,277,386,320,bottle
chip_rgb2165.jpg,413,290,432,335,bottle
chip_rgb2165.jpg,430,313,452,362,bottle
chip_rgb2165.jpg,423,336,450,379,bottle
chip_rgb2165.jpg,369,318,389,365,bottle
chip_rgb2165.jpg,340,324,374,349,bottle
chip_rgb2165.jpg,328,361,371,379,bottle
chip_rgb2165.jpg,320,348,360,366,bottle
chip_rgb2165.jpg,305,326,349,346,bottle
chip_rgb2165.jpg,286,330,319,360,bottle
chip_rgb2165.jpg,259,347,308,382,container
chip_rgb2165.jpg,164,291,232,358,container
chip_rgb2165.jpg,302,183,335,214,container
chip_rgb2165.jpg,323,206,412,299,container
chip_rgb2165.jpg,317,286,371,334,can
chip_rgb2165.jpg,257,366,316,414,can
chip_rgb2165.jpg,236,321,291,369,can
chip_rgb2165.jpg,205,337,252,398,can
chip_rgb2165.jpg,226,274,273,325,can
chip_rgb2165.jpg,228,238,287,278,can
chip_rgb2165.jpg,176,271,232,313,can
chip_rgb2165.jpg,145,220,205,277,can
chip_rgb2165.jpg,134,250,184,308,can
chip_rgb2165.jpg,376,318,405,362,bottle
chip_rgb2165.jpg,410,344,438,384,bottle
chip_rgb2165.jpg,410,378,448,414,bottle
chip_rgb2165.jpg,404,405,443,430,bottle
chip_rgb2165.jpg,408,431,440,473,bottle
chip_rgb2165.jpg,508,461,537,506,bottle
chip_rgb2165.jpg,384,407,408,453,bottle
chip_rgb2165.jpg,338,454,373,492,bottle
chip_rgb2165.jpg,297,432,339,461,bottle
chip_rgb2165.jpg,285,393,328,428,bottle
chip_rgb2165.jpg,344,429,391,456,bottle
chip_rgb2165.jpg,334,410,366,452,bottle
chip_rgb2165.jpg,364,382,400,432,bottle
chip_rgb2165.jpg,410,312,445,360,bottle
chip_rgb2165.jpg,317,380,340,420,bottle
chip_rgb2165.jpg,332,367,368,400,bottle
chip_rgb2185.jpg,20,106,62,166,bottle
chip_rgb2185.jpg,39,139,64,185,bottle
chip_rgb2185.jpg,0,240,63,283,bottle
chip_rgb2185.jpg,46,240,107,280,bottle
chip_rgb2185.jpg,106,231,140,295,bottle
chip_rgb2185.jpg,120,177,155,232,bottle
chip_rgb2185.jpg,6,275,66,319,bottle
chip_rgb2185.jpg,42,296,93,352,bottle
chip_rgb2185.jpg,87,290,153,324,bottle
chip_rgb2185.jpg,64,260,120,305,bottle
chip_rgb2185.jpg,83,241,122,300,bottle
chip_rgb2185.jpg,139,264,183,315,bottle
chip_rgb2185.jpg,139,298,163,360,bottle
chip_rgb2185.jpg,61,400,104,460,bottle
chip_rgb2185.jpg,59,376,121,419,bottle
chip_rgb2185.jpg,118,352,167,405,bottle
chip_rgb2185.jpg,155,373,219,418,bottle
chip_rgb2185.jpg,121,403,184,447,bottle
chip_rgb2185.jpg,106,415,161,454,bottle
chip_rgb2185.jpg,101,435,165,471,bottle
chip_rgb2185.jpg,111,455,169,503,bottle
chip_rgb2185.jpg,78,462,146,491,bottle
chip_rgb2185.jpg,112,486,186,519,bottle
chip_rgb2185.jpg,147,471,213,517,bottle
chip_rgb2185.jpg,161,459,225,496,bottle
chip_rgb2185.jpg,178,422,223,488,bottle
chip_rgb2185.jpg,210,454,265,512,bottle
chip_rgb2185.jpg,254,443,291,509,bottle
chip_rgb2185.jpg,290,452,352,499,bottle
chip_rgb2185.jpg,216,404,252,466,bottle
chip_rgb2185.jpg,205,409,237,459,bottle
chip_rgb2185.jpg,118,403,186,448,bottle
chip_rgb2185.jpg,186,332,210,399,bottle
chip_rgb2185.jpg,165,319,187,383,bottle
chip_rgb2185.jpg,171,301,241,328,bottle
chip_rgb2185.jpg,188,297,234,341,container
chip_rgb2185.jpg,163,230,217,298,container
chip_rgb2185.jpg,84,82,180,179,container
chip_rgb2185.jpg,0,327,90,459,container
chip_rgb2185.jpg,195,225,261,309,can
chip_rgb2185.jpg,122,190,198,273,can
chip_rgb2185.jpg,154,150,239,212,can
chip_rgb2185.jpg,52,104,112,182,can
chip_rgb2185.jpg,26,39,104,106,can
chip_rgb2185.jpg,0,57,55,133,can
chip_rgb2185.jpg,0,181,58,264,can
chip_rgb2185.jpg,55,179,128,242,can
chip_rgb2185.jpg,72,317,143,394,can
chip_rgb2185.jpg,215,312,278,352,bottle
chip_rgb2185.jpg,238,267,283,323,bottle
chip_rgb2185.jpg,300,284,339,345,bottle
chip_rgb2185.jpg,330,348,388,395,bottle
chip_rgb2185.jpg,255,415,322,448,bottle
chip_rgb2185.jpg,291,360,330,422,bottle
chip_rgb2185.jpg,263,345,321,387,bottle
chip_rgb2185.jpg,243,333,310,356,bottle
chip_rgb2185.jpg,251,382,295,438,bottle
chip_rgb2185.jpg,217,361,277,409,bottle
chip_rgb2185.jpg,217,325,252,366,bottle
chip_rgb2204.jpg,25,504,105,576,bottle
chip_rgb2204.jpg,39,490,124,533,bottle
chip_rgb2204.jpg,27,459,64,527,bottle
chip_rgb2204.jpg,11,423,66,503,bottle
chip_rgb2204.jpg,0,267,90,373,can
chip_rgb2204.jpg,0,333,72,435,can
chip_rgb2209.jpg,1,335,74,409,bottle
chip_rgb2211.jpg,26,563,81,639,bottle
chip_rgb2211.jpg,300,399,376,457,bottle
chip_rgb2211.jpg,304,341,367,396,bottle
chip_rgb2211.jpg,356,337,407,391,bottle
chip_rgb2220.jpg,291,368,403,473,bottle
chip_rgb2220.jpg,260,443,380,508,bottle
chip_rgb2220.jpg,355,445,407,559,bottle
chip_rgb2220.jpg,344,489,428,618,bottle
chip_rgb2220.jpg,400,396,463,530,bottle
chip_rgb2220.jpg,400,484,494,608,bottle
chip_rgb2220.jpg,488,522,551,640,bottle
chip_rgb2220.jpg,533,505,592,640,bottle
chip_rgb2220.jpg,543,551,640,640,bottle
chip_rgb2220.jpg,566,500,640,613,bottle
chip_rgb2220.jpg,581,462,640,570,bottle
chip_rgb2221.jpg,69,579,177,640,bottle
chip_rgb2221.jpg,104,553,210,640,bottle
chip_rgb2221.jpg,25,442,84,585,bottle
chip_rgb2221.jpg,0,346,64,461,bottle
chip_rgb2221.jpg,115,365,206,458,container
chip_rgb2221.jpg,0,108,159,369,container
chip_rgb2224.jpg,587,477,640,603,bottle
chip_rgb2224.jpg,521,465,606,577,bottle
chip_rgb2224.jpg,530,534,571,614,bottle
chip_rgb2224.jpg,281,419,468,614,container
chip_rgb2224.jpg,159,562,332,640,can
chip_rgb2224.jpg,414,438,535,610,can
chip_rgb2224.jpg,532,344,640,502,can
chip_rgb2224.jpg,424,317,583,463,can
chip_rgb2225.jpg,551,465,640,553,bottle
chip_rgb2225.jpg,541,384,640,481,bottle
chip_rgb2225.jpg,501,108,640,369,container
chip_rgb2225.jpg,216,403,334,555,container
chip_rgb2225.jpg,190,313,288,411,container
chip_rgb2225.jpg,446,477,575,544,bottle
chip_rgb2225.jpg,417,413,540,507,bottle
chip_rgb2225.jpg,382,432,444,554,bottle
chip_rgb2225.jpg,352,367,495,437,bottle
chip_rgb2225.jpg,293,375,380,489,bottle
chip_rgb2225.jpg,347,279,397,413,bottle
chip_rgb2225.jpg,287,219,336,364,bottle
chip_rgb2225.jpg,244,197,292,335,bottle
chip_rgb2225.jpg,235,156,358,249,bottle
chip_rgb2225.jpg,337,191,443,295,bottle
chip_rgb2225.jpg,437,168,562,265,bottle
chip_rgb2225.jpg,470,90,570,213,bottle
chip_rgb2225.jpg,484,317,595,426,bottle
chip_rgb2225.jpg,419,415,497,537,bottle
chip_rgb2225.jpg,276,314,376,410,bottle
chip_rgb2225.jpg,77,345,180,459,bottle
chip_rgb2225.jpg,0,293,52,419,bottle
chip_rgb2225.jpg,102,302,232,368,bottle
chip_rgb2225.jpg,147,231,228,344,bottle
chip_rgb2225.jpg,90,217,188,313,bottle
chip_rgb2225.jpg,97,171,228,256,bottle
chip_rgb2225.jpg,16,216,137,294,bottle
chip_rgb2225.jpg,0,132,85,254,bottle
chip_rgb2225.jpg,66,111,172,215,bottle
chip_rgb2225.jpg,87,137,212,216,bottle
chip_rgb2225.jpg,21,82,157,141,bottle
chip_rgb2225.jpg,193,64,268,157,bottle
chip_rgb2225.jpg,165,49,236,180,bottle
chip_rgb2225.jpg,311,100,439,194,bottle
chip_rgb2225.jpg,233,7,318,142,bottle
chip_rgb2225.jpg,151,0,253,66,bottle
chip_rgb2225.jpg,106,0,164,95,bottle
chip_rgb2225.jpg,0,0,91,64,bottle
chip_rgb2225.jpg,406,27,537,71,bottle
chip_rgb2225.jpg,351,0,465,89,bottle
chip_rgb2225.jpg,234,0,364,73,bottle
chip_rgb2225.jpg,346,54,474,126,bottle
chip_rgb2225.jpg,273,146,419,209,bottle
chip_rgb2225.jpg,125,380,263,548,can
chip_rgb2225.jpg,381,217,537,386,can
chip_rgb2225.jpg,253,467,408,636,can
chip_rgb2225.jpg,159,586,332,640,can
chip_rgb2225.jpg,396,543,576,640,can
chip_rgb2225.jpg,533,506,640,640,can
chip_rgb2229.jpg,5,176,119,283,bottle
chip_rgb2230.jpg,281,0,368,123,bottle
chip_rgb2231.jpg,0,257,123,344,bottle
chip_rgb2245.jpg,569,273,640,401,bottle
chip_rgb2245.jpg,514,482,623,581,bottle
chip_rgb2245.jpg,305,98,380,224,bottle
chip_rgb2249.jpg,516,13,606,137,bottle
chip_rgb2249.jpg,226,184,342,297,bottle
chip_rgb2251.jpg,282,428,425,526,bottle
chip_rgb2254.jpg,375,0,468,117,bottle
chip_rgb2254.jpg,25,235,152,340,bottle
chip_rgb2254.jpg,283,236,428,372,container
chip_rgb2254.jpg,406,99,556,262,can
chip_rgb2254.jpg,249,79,399,272,can
chip_rgb2255.jpg,0,399,117,492,bottle
chip_rgb2255.jpg,235,49,341,176,bottle
chip_rgb2255.jpg,236,307,372,452,container
chip_rgb2255.jpg,99,429,262,580,can
chip_rgb2255.jpg,79,272,272,423,can
chip_rgb2258.jpg,375,9,468,149,bottle
chip_rgb2258.jpg,25,267,152,373,bottle
chip_rgb2258.jpg,283,268,428,404,container
chip_rgb2258.jpg,406,131,556,294,can
chip_rgb2258.jpg,249,111,399,304,can
chip_rgb2405.jpg,588,302,640,439,can
chip_rgb2405.jpg,582,115,640,255,can
chip_rgb2405.jpg,520,69,608,170,can
chip_rgb2405.jpg,545,0,620,116,can
chip_rgb2406.jpg,433,114,513,255,bottle
chip_rgb2406.jpg,464,81,521,233,bottle
chip_rgb2406.jpg,469,265,525,320,bottle
chip_rgb2406.jpg,498,346,597,435,bottle
chip_rgb2406.jpg,571,382,617,482,bottle
chip_rgb2406.jpg,506,474,573,608,bottle
chip_rgb2406.jpg,555,572,601,640,bottle
chip_rgb2406.jpg,508,396,593,500,bottle
chip_rgb2406.jpg,517,225,640,404,can
chip_rgb2406.jpg,545,200,640,338,can
chip_rgb2407.jpg,103,114,182,255,bottle
chip_rgb2407.jpg,94,81,151,233,bottle
chip_rgb2407.jpg,91,265,147,320,bottle
chip_rgb2407.jpg,19,346,118,435,bottle
chip_rgb2407.jpg,42,474,110,608,bottle
chip_rgb2407.jpg,14,572,60,639,bottle
chip_rgb2407.jpg,23,396,107,500,bottle
chip_rgb2407.jpg,0,226,99,404,can
chip_rgb2407.jpg,0,201,71,338,can
chip_rgb2410.jpg,0,555,75,601,bottle
chip_rgb2410.jpg,40,552,151,640,bottle
chip_rgb2410.jpg,27,574,119,640,bottle
chip_rgb2410.jpg,151,557,392,640,container
chip_rgb2410.jpg,62,511,168,557,container
chip_rgb2422.jpg,220,588,274,640,bottle
chip_rgb2423.jpg,0,388,52,442,bottle
chip_rgb2425.jpg,549,0,640,107,can
chip_rgb2425.jpg,573,124,640,258,can
chip_rgb2426.jpg,227,506,310,640,bottle
chip_rgb2426.jpg,220,530,274,640,bottle
chip_rgb2426.jpg,164,394,243,531,bottle
chip_rgb2426.jpg,120,304,235,392,bottle
chip_rgb2426.jpg,139,165,206,294,bottle
chip_rgb2426.jpg,150,113,227,248,bottle
chip_rgb2426.jpg,144,272,211,338,bottle
chip_rgb2426.jpg,105,253,146,357,bottle
chip_rgb2426.jpg,110,0,174,142,bottle
chip_rgb2426.jpg,28,343,206,537,can
chip_rgb2426.jpg,25,405,171,550,can
chip_rgb2426.jpg,18,59,132,239,can
chip_rgb2426.jpg,0,234,111,377,can
chip_rgb2427.jpg,0,352,134,436,bottle
chip_rgb2427.jpg,0,388,110,442,bottle
chip_rgb2427.jpg,109,420,245,499,bottle
chip_rgb2427.jpg,247,429,335,544,bottle
chip_rgb2427.jpg,345,458,474,524,bottle
chip_rgb2427.jpg,392,437,527,513,bottle
chip_rgb2427.jpg,301,453,367,520,bottle
chip_rgb2427.jpg,282,518,385,559,bottle
chip_rgb2427.jpg,497,490,640,554,bottle
chip_rgb2427.jpg,102,457,296,635,can
chip_rgb2427.jpg,89,492,234,638,can
chip_rgb2427.jpg,400,532,580,640,can
chip_rgb2427.jpg,261,553,404,640,can
chip_rgb2429.jpg,572,0,610,73,bottle
chip_rgb2429.jpg,546,41,589,148,bottle
chip_rgb2429.jpg,562,168,601,259,bottle
chip_rgb2429.jpg,569,230,632,297,bottle
chip_rgb2429.jpg,578,263,640,324,bottle
chip_rgb2429.jpg,572,337,630,421,bottle
chip_rgb2429.jpg,480,373,525,476,bottle
chip_rgb2429.jpg,517,273,564,349,bottle
chip_rgb2429.jpg,536,213,580,273,bottle
chip_rgb2429.jpg,572,70,609,156,bottle
chip_rgb2447.jpg,106,189,268,243,bottle
chip_rgb2447.jpg,131,200,277,283,bottle
chip_rgb2447.jpg,249,141,392,209,bottle
chip_rgb2447.jpg,380,94,464,212,bottle
chip_rgb2447.jpg,492,112,633,178,bottle
chip_rgb2447.jpg,526,128,640,198,bottle
chip_rgb2447.jpg,439,98,510,192,bottle
chip_rgb2447.jpg,245,11,426,178,can
chip_rgb2447.jpg,223,5,362,153,can
chip_rgb2447.jpg,517,0,640,117,can
chip_rgb2447.jpg,413,0,519,97,can
chip_rgb2464.jpg,367,348,450,481,bottle
chip_rgb2464.jpg,421,481,504,584,bottle
chip_rgb2464.jpg,492,457,564,543,bottle
chip_rgb2469.jpg,409,535,520,637,bottle
chip_rgb2469.jpg,39,327,168,418,bottle
chip_rgb2469.jpg,553,388,634,499,bottle
chip_rgb2472.jpg,438,0,508,80,bottle
chip_rgb2473.jpg,131,587,201,640,bottle
chip_rgb2473.jpg,253,237,358,368,bottle
chip_rgb2474.jpg,319,117,467,194,bottle
chip_rgb2475.jpg,173,470,320,547,bottle
chip_rgb2476.jpg,406,0,476,81,bottle
chip_rgb2478.jpg,140,446,288,523,bottle
chip_rgb2486.jpg,83,57,362,330,can
chip_rgb2486.jpg,50,151,260,366,can
chip_rgb2486.jpg,265,251,507,392,can
chip_rgb2486.jpg,481,166,640,321,can
chip_rgb2486.jpg,507,296,640,428,can
chip_rgb2486.jpg,428,349,617,530,can
chip_rgb2486.jpg,534,346,640,471,can
chip_rgb2486.jpg,486,0,640,133,bottle
chip_rgb2486.jpg,589,116,640,208,bottle
chip_rgb2486.jpg,110,1,308,120,bottle
chip_rgb2486.jpg,473,487,621,563,bottle
chip_rgb2486.jpg,334,39,462,166,bottle
chip_rgb2490.jpg,537,166,640,321,can
chip_rgb2490.jpg,541,346,640,471,can
chip_rgb2490.jpg,446,413,640,570,can
chip_rgb2490.jpg,186,301,416,464,can
chip_rgb2490.jpg,0,119,342,363,container
chip_rgb2490.jpg,282,2,418,96,container
chip_rgb2490.jpg,0,496,134,597,bottle
chip_rgb2490.jpg,586,0,640,133,bottle
chip_rgb2490.jpg,438,116,640,208,bottle
chip_rgb2490.jpg,408,173,513,335,bottle
chip_rgb2490.jpg,296,133,468,297,bottle
chip_rgb2490.jpg,481,551,603,632,bottle
chip_rgb2490.jpg,160,491,239,590,bottle
chip_rgb2490.jpg,217,461,437,533,bottle
chip_rgb2490.jpg,47,332,130,514,bottle
chip_rgb2491.jpg,295,0,450,103,can
chip_rgb2491.jpg,145,0,270,99,can
chip_rgb2491.jpg,45,0,202,193,can
chip_rgb2491.jpg,151,224,315,453,can
chip_rgb2491.jpg,252,298,496,640,container
chip_rgb2491.jpg,520,222,614,358,container
chip_rgb2491.jpg,18,504,118,640,bottle
chip_rgb2491.jpg,483,0,626,53,bottle
chip_rgb2491.jpg,408,0,500,201,bottle
chip_rgb2491.jpg,281,127,443,232,bottle
chip_rgb2491.jpg,319,171,483,344,bottle
chip_rgb2491.jpg,0,36,65,157,bottle
chip_rgb2491.jpg,25,400,123,479,bottle
chip_rgb2491.jpg,82,202,155,421,bottle
chip_rgb2491.jpg,101,509,283,593,bottle
chip_rgb2494.jpg,277,0,520,61,container
chip_rgb2494.jpg,126,0,232,86,bottle
chip_rgb2507.jpg,536,99,640,223,container
chip_rgb2507.jpg,150,0,372,132,container
chip_rgb2507.jpg,377,288,581,378,bottle
chip_rgb2507.jpg,489,256,640,354,bottle
chip_rgb2507.jpg,560,126,640,351,can
chip_rgb2507.jpg,317,52,522,285,can
chip_rgb2507.jpg,350,0,588,130,can
chip_rgb2507.jpg,460,11,640,232,can
chip_rgb2511.jpg,416,0,541,134,container
chip_rgb2511.jpg,159,0,283,172,bottle
chip_rgb2511.jpg,258,146,369,258,bottle
chip_rgb2511.jpg,194,322,317,463,bottle
chip_rgb2511.jpg,245,472,379,543,bottle
chip_rgb2511.jpg,361,393,458,618,bottle
chip_rgb2511.jpg,331,574,414,640,bottle
chip_rgb2511.jpg,216,515,357,640,bottle
chip_rgb2511.jpg,219,463,372,555,bottle
chip_rgb2511.jpg,588,584,640,640,bottle
chip_rgb2511.jpg,548,0,640,177,bottle
chip_rgb2511.jpg,288,0,514,193,can
chip_rgb2511.jpg,407,0,629,82,can
chip_rgb2511.jpg,455,233,640,531,can
chip_rgb2515.jpg,30,445,211,551,bottle
chip_rgb2515.jpg,47,337,154,463,bottle
chip_rgb2515.jpg,0,37,109,245,bottle
chip_rgb2515.jpg,0,225,128,309,bottle
chip_rgb2515.jpg,186,84,272,266,bottle
chip_rgb2515.jpg,0,0,166,52,bottle
chip_rgb2519.jpg,89,0,195,178,bottle
chip_rgb2519.jpg,177,15,303,122,bottle
chip_rgb2519.jpg,395,0,602,77,bottle
chip_rgb2519.jpg,331,0,414,96,bottle
chip_rgb2519.jpg,374,155,555,240,bottle
chip_rgb2519.jpg,588,0,640,134,bottle
chip_rgb2522.jpg,271,441,640,640,can
chip_rgb2522.jpg,235,447,534,640,can
chip_rgb2523.jpg,247,441,640,640,can
chip_rgb2523.jpg,211,446,509,640,can
chip_rgb2526.jpg,27,554,205,640,bottle
chip_rgb2526.jpg,13,10,328,199,bottle
chip_rgb2526.jpg,342,0,525,151,bottle
chip_rgb2526.jpg,243,146,461,227,bottle
chip_rgb2526.jpg,394,0,640,368,can
chip_rgb2526.jpg,487,105,640,404,can
chip_rgb2526.jpg,156,213,492,456,can
chip_rgb2526.jpg,0,124,223,375,can
chip_rgb2526.jpg,0,286,183,497,can
chip_rgb2526.jpg,0,329,121,561,can
chip_rgb2526.jpg,39,386,256,601,can
chip_rgb2526.jpg,246,383,383,480,container
chip_rgb2530.jpg,436,171,640,498,container
chip_rgb2530.jpg,469,283,640,448,bottle
chip_rgb2530.jpg,410,0,598,93,bottle
chip_rgb2530.jpg,289,24,518,113,bottle
chip_rgb2530.jpg,0,433,351,627,bottle
chip_rgb2530.jpg,205,253,349,512,bottle
chip_rgb2530.jpg,63,212,224,401,bottle
chip_rgb2530.jpg,112,143,284,332,bottle
chip_rgb2530.jpg,294,252,558,369,bottle
chip_rgb2530.jpg,291,15,541,115,bottle
chip_rgb2530.jpg,0,264,153,515,can
chip_rgb2530.jpg,0,142,87,352,can
chip_rgb2530.jpg,0,78,193,310,can
chip_rgb2530.jpg,0,2,274,170,can
chip_rgb2530.jpg,311,88,624,303,can
chip_rgb2530.jpg,62,75,243,224,container
chip_rgb2530.jpg,264,328,513,546,bottle
chip_rgb2531.jpg,147,436,474,640,container
chip_rgb2531.jpg,259,470,424,640,bottle
chip_rgb2531.jpg,0,410,69,597,bottle
chip_rgb2531.jpg,0,289,89,518,bottle
chip_rgb2531.jpg,409,0,603,351,bottle
chip_rgb2531.jpg,229,205,488,349,bottle
chip_rgb2531.jpg,188,63,377,224,bottle
chip_rgb2531.jpg,120,111,308,284,bottle
chip_rgb2531.jpg,228,294,345,558,bottle
chip_rgb2531.jpg,0,291,91,541,bottle
chip_rgb2531.jpg,240,0,491,153,can
chip_rgb2531.jpg,118,0,329,87,can
chip_rgb2531.jpg,54,0,286,193,can
chip_rgb2531.jpg,0,0,146,274,can
chip_rgb2531.jpg,64,311,279,624,can
chip_rgb2531.jpg,51,61,200,243,container
chip_rgb2531.jpg,305,264,522,513,bottle
chip_rgb2534.jpg,171,0,498,241,container
chip_rgb2534.jpg,283,0,448,132,bottle
chip_rgb2534.jpg,133,220,255,408,bottle
chip_rgb2534.jpg,12,249,172,384,bottle
chip_rgb2534.jpg,19,0,154,128,bottle
chip_rgb2534.jpg,38,89,214,180,bottle
chip_rgb2535.jpg,165,399,492,640,container
chip_rgb2535.jpg,215,508,379,640,bottle
chip_rgb2535.jpg,409,232,530,420,bottle
chip_rgb2535.jpg,492,256,640,391,bottle
chip_rgb2535.jpg,508,512,640,640,bottle
chip_rgb2535.jpg,449,460,625,551,bottle
chip_rgb2538.jpg,0,171,209,498,container
chip_rgb2538.jpg,0,284,100,448,bottle
chip_rgb2538.jpg,187,134,376,255,bottle
chip_rgb2538.jpg,216,12,352,172,bottle
chip_rgb2538.jpg,0,20,96,155,bottle
chip_rgb2538.jpg,56,39,148,215,bottle
chip_rgb2539.jpg,165,0,492,209,container
chip_rgb2539.jpg,216,0,380,100,bottle
chip_rgb2539.jpg,409,188,530,376,bottle
chip_rgb2539.jpg,492,216,640,352,bottle
chip_rgb2539.jpg,509,0,640,96,bottle
chip_rgb2539.jpg,449,56,625,148,bottle
chip_rgb2543.jpg,318,195,416,297,bottle
chip_rgb2543.jpg,384,85,454,198,bottle
chip_rgb2543.jpg,466,0,542,52,bottle
chip_rgb2543.jpg,414,0,473,88,bottle
chip_rgb2543.jpg,468,0,557,85,bottle
chip_rgb2546.jpg,587,121,640,198,bottle
chip_rgb2546.jpg,457,126,578,184,bottle
chip_rgb2546.jpg,421,166,530,212,bottle
chip_rgb2546.jpg,547,250,625,326,bottle
chip_rgb2546.jpg,392,238,466,317,bottle
chip_rgb2546.jpg,133,279,301,338,bottle
chip_rgb2546.jpg,451,195,532,289,bottle
chip_rgb2546.jpg,397,31,559,126,container
chip_rgb2546.jpg,32,138,145,232,container
chip_rgb2546.jpg,0,113,73,189,can
chip_rgb2546.jpg,135,159,226,262,can
chip_rgb2546.jpg,251,147,401,258,can
chip_rgb2546.jpg,187,126,299,236,can
chip_rgb2546.jpg,176,48,285,155,can
chip_rgb2546.jpg,54,77,194,176,can
chip_rgb2546.jpg,351,75,490,165,can
chip_rgb2546.jpg,293,63,379,131,container
chip_rgb2546.jpg,552,172,628,255,bottle
chip_rgb2547.jpg,587,98,640,174,bottle
chip_rgb2547.jpg,457,103,578,160,bottle
chip_rgb2547.jpg,421,143,530,188,bottle
chip_rgb2547.jpg,547,226,625,302,bottle
chip_rgb2547.jpg,392,215,466,293,bottle
chip_rgb2547.jpg,133,255,301,314,bottle
chip_rgb2547.jpg,451,172,532,265,bottle
chip_rgb2547.jpg,397,8,559,102,container
chip_rgb2547.jpg,32,114,145,208,container
chip_rgb2547.jpg,0,88,73,164,can
chip_rgb2547.jpg,135,136,226,238,can
chip_rgb2547.jpg,251,124,401,234,can
chip_rgb2547.jpg,187,102,299,212,can
chip_rgb2547.jpg,176,24,285,131,can
chip_rgb2547.jpg,54,53,194,152,can
chip_rgb2547.jpg,352,52,490,141,can
chip_rgb2547.jpg,294,39,380,107,container
chip_rgb2547.jpg,552,148,628,231,bottle
chip_rgb2562.jpg,500,27,595,189,bottle
chip_rgb2562.jpg,91,63,167,167,bottle
chip_rgb2562.jpg,299,132,435,235,bottle
chip_rgb2562.jpg,148,165,316,256,bottle
chip_rgb2562.jpg,150,214,336,271,bottle
chip_rgb2562.jpg,98,157,171,313,bottle
chip_rgb2562.jpg,4,146,102,274,bottle
chip_rgb2562.jpg,0,108,57,240,bottle
chip_rgb2562.jpg,0,285,98,354,bottle
chip_rgb2562.jpg,111,270,238,380,bottle
chip_rgb2562.jpg,138,296,285,420,bottle
chip_rgb2567.jpg,88,195,159,388,bottle
chip_rgb2567.jpg,144,249,199,440,bottle
chip_rgb2567.jpg,96,521,226,601,bottle
chip_rgb2567.jpg,37,423,102,602,bottle
chip_rgb2567.jpg,132,590,264,640,bottle
chip_rgb2567.jpg,295,509,356,640,bottle
chip_rgb2567.jpg,232,480,354,547,bottle
chip_rgb2567.jpg,425,394,497,463,container
chip_rgb2567.jpg,388,494,526,640,container
chip_rgb2567.jpg,425,0,482,59,bottle
chip_rgb2567.jpg,272,54,382,213,container
chip_rgb2567.jpg,339,92,447,232,can
chip_rgb2567.jpg,205,169,363,318,can
chip_rgb2567.jpg,257,247,404,416,can
chip_rgb2567.jpg,207,328,356,488,can
chip_rgb2567.jpg,394,211,478,371,can
chip_rgb2567.jpg,344,472,459,623,can
chip_rgb2567.jpg,349,221,442,340,can
chip_rgb2567.jpg,312,0,419,119,can
chip_rgb2567.jpg,408,30,457,137,can
chip_rgb2571.jpg,156,0,213,56,bottle
chip_rgb2582.jpg,414,51,579,130,bottle
chip_rgb2582.jpg,165,111,263,205,bottle
chip_rgb2582.jpg,252,40,392,99,bottle
chip_rgb2582.jpg,169,49,288,117,bottle
chip_rgb2582.jpg,30,62,144,168,bottle
chip_rgb2582.jpg,0,5,98,64,bottle
chip_rgb2582.jpg,264,14,416,66,bottle
chip_rgb2582.jpg,102,17,162,141,bottle
chip_rgb2583.jpg,534,60,613,225,bottle
chip_rgb2583.jpg,458,376,552,474,bottle
chip_rgb2583.jpg,565,247,624,387,bottle
chip_rgb2583.jpg,546,351,615,470,bottle
chip_rgb2583.jpg,495,495,600,609,bottle
chip_rgb2583.jpg,521,477,639,537,bottle
chip_rgb2585.jpg,25,582,71,640,bottle
chip_rgb2585.jpg,6,106,65,177,bottle
chip_rgb2585.jpg,47,0,140,96,container
chip_rgb2585.jpg,1,0,102,109,can
chip_rgb2585.jpg,5,235,96,390,can
chip_rgb2585.jpg,0,388,66,539,can
chip_rgb2585.jpg,57,140,91,207,container
chip_rgb2585.jpg,83,342,117,392,bottle
chip_rgb2585.jpg,60,390,90,436,bottle
chip_rgb2602.jpg,374,223,570,316,bottle
chip_rgb2602.jpg,277,1,563,250,can
chip_rgb2602.jpg,290,526,567,640,can
chip_rgb2602.jpg,250,492,421,640,can
chip_rgb2602.jpg,228,398,317,516,container
chip_rgb2602.jpg,155,1,343,304,container
chip_rgb2602.jpg,432,221,586,328,bottle
chip_rgb2602.jpg,332,209,472,366,bottle
chip_rgb2602.jpg,427,29,598,248,bottle
chip_rgb2602.jpg,563,133,640,397,can
chip_rgb2602.jpg,464,357,640,640,can
chip_rgb2602.jpg,533,545,639,640,can
chip_rgb2602.jpg,331,431,504,528,bottle
chip_rgb2602.jpg,444,302,551,423,bottle
chip_rgb2603.jpg,323,350,417,546,bottle
chip_rgb2603.jpg,389,253,639,539,can
chip_rgb2603.jpg,0,266,114,542,can
chip_rgb2603.jpg,0,226,148,397,can
chip_rgb2603.jpg,124,204,242,293,container
chip_rgb2603.jpg,336,131,639,319,container
chip_rgb2603.jpg,311,408,419,562,bottle
chip_rgb2603.jpg,274,308,431,448,bottle
chip_rgb2603.jpg,391,403,611,574,bottle
chip_rgb2603.jpg,242,539,506,640,can
chip_rgb2603.jpg,0,440,283,640,can
chip_rgb2603.jpg,0,509,94,639,can
chip_rgb2603.jpg,111,307,209,480,bottle
chip_rgb2603.jpg,216,420,338,527,bottle
chip_rgb2606.jpg,87,326,393,572,can
chip_rgb2606.jpg,0,291,107,567,can
chip_rgb2606.jpg,0,250,153,422,can
chip_rgb2606.jpg,338,362,617,582,can
chip_rgb2606.jpg,284,290,545,415,can
chip_rgb2606.jpg,488,256,640,327,bottle
chip_rgb2606.jpg,442,193,541,331,bottle
chip_rgb2606.jpg,362,183,438,324,bottle
chip_rgb2606.jpg,169,254,298,381,bottle
chip_rgb2606.jpg,103,245,234,338,bottle
chip_rgb2606.jpg,39,183,186,294,bottle
chip_rgb2606.jpg,102,517,429,640,container
chip_rgb2606.jpg,0,534,169,640,can
chip_rgb2622.jpg,455,146,639,268,bottle
chip_rgb2622.jpg,74,76,333,237,bottle
chip_rgb2622.jpg,197,159,476,264,bottle
chip_rgb2622.jpg,238,213,481,318,bottle
chip_rgb2622.jpg,202,264,426,351,bottle
chip_rgb2622.jpg,9,210,271,289,bottle
chip_rgb2622.jpg,0,28,169,278,bottle
chip_rgb2622.jpg,0,0,123,144,bottle
chip_rgb2622.jpg,0,320,219,471,bottle
chip_rgb2622.jpg,0,315,55,396,bottle
chip_rgb2622.jpg,0,129,67,308,bottle
chip_rgb2623.jpg,347,1,470,185,bottle
chip_rgb2623.jpg,379,307,539,566,bottle
chip_rgb2623.jpg,352,163,457,443,bottle
chip_rgb2623.jpg,298,159,403,402,bottle
chip_rgb2623.jpg,265,214,352,438,bottle
chip_rgb2623.jpg,327,369,405,631,bottle
chip_rgb2623.jpg,338,471,588,640,bottle
chip_rgb2623.jpg,472,517,640,640,bottle
chip_rgb2623.jpg,145,421,295,640,bottle
chip_rgb2623.jpg,219,585,300,640,bottle
chip_rgb2623.jpg,307,573,486,640,bottle
chip_rgb2626.jpg,0,535,143,640,bottle
chip_rgb2626.jpg,103,267,266,423,bottle
chip_rgb2626.jpg,247,97,352,169,bottle
chip_rgb2626.jpg,315,463,397,640,bottle
chip_rgb2626.jpg,348,451,490,640,bottle
chip_rgb2626.jpg,289,325,483,413,bottle
chip_rgb2626.jpg,455,80,640,345,container
chip_rgb2626.jpg,90,0,297,123,container
chip_rgb2626.jpg,0,0,294,283,can
chip_rgb2626.jpg,77,0,326,80,can
chip_rgb2626.jpg,273,137,521,371,can
chip_rgb2626.jpg,181,349,282,563,bottle
chip_rgb2626.jpg,291,416,383,640,bottle
chip_rgb2626.jpg,129,545,309,640,bottle
chip_rgb2626.jpg,0,213,125,426,bottle
chip_rgb2627.jpg,0,472,105,640,bottle
chip_rgb2627.jpg,217,350,372,512,bottle
chip_rgb2627.jpg,471,264,543,369,bottle
chip_rgb2627.jpg,0,218,177,300,bottle
chip_rgb2627.jpg,0,126,189,267,bottle
chip_rgb2627.jpg,226,133,315,327,bottle
chip_rgb2627.jpg,294,0,560,160,container
chip_rgb2627.jpg,517,318,640,526,container
chip_rgb2627.jpg,356,321,640,619,can
chip_rgb2627.jpg,560,288,640,539,can
chip_rgb2627.jpg,269,95,502,343,can
chip_rgb2627.jpg,77,333,291,434,bottle
chip_rgb2627.jpg,0,232,224,324,bottle
chip_rgb2627.jpg,0,307,95,486,bottle
chip_rgb2627.jpg,213,491,426,638,bottle
chip_rgb2630.jpg,152,6,278,75,bottle
chip_rgb2630.jpg,173,142,300,294,bottle
chip_rgb2630.jpg,124,256,208,406,bottle
chip_rgb2630.jpg,392,24,591,361,container
chip_rgb2630.jpg,343,583,550,640,container
chip_rgb2630.jpg,410,288,640,556,can
chip_rgb2630.jpg,312,417,563,640,can
chip_rgb2630.jpg,207,332,429,542,can
chip_rgb2630.jpg,259,61,462,349,can
chip_rgb2630.jpg,347,0,529,97,can
chip_rgb2630.jpg,218,0,389,170,can
chip_rgb2630.jpg,154,296,305,565,can
chip_rgb2634.jpg,56,324,261,406,bottle
chip_rgb2634.jpg,11,320,89,461,bottle
chip_rgb2634.jpg,0,111,178,292,can
chip_rgb2634.jpg,0,251,61,421,can
chip_rgb2635.jpg,349,56,430,261,bottle
chip_rgb2635.jpg,344,11,485,89,bottle
chip_rgb2635.jpg,135,0,316,178,can
chip_rgb2635.jpg,275,0,445,61,can
chip_rgb2639.jpg,24,210,229,291,bottle
chip_rgb2639.jpg,0,155,57,296,bottle
chip_rgb2639.jpg,0,324,146,505,can
chip_rgb2642.jpg,178,402,449,502,bottle
chip_rgb2642.jpg,309,422,565,579,bottle
chip_rgb2642.jpg,514,415,640,640,bottle
chip_rgb2642.jpg,421,206,640,343,bottle
chip_rgb2642.jpg,480,125,640,225,bottle
chip_rgb2642.jpg,509,506,640,640,bottle
chip_rgb2642.jpg,189,332,403,416,bottle
chip_rgb2642.jpg,245,306,459,399,bottle
chip_rgb2646.jpg,286,10,371,251,bottle
chip_rgb2646.jpg,321,463,461,589,bottle
chip_rgb2646.jpg,465,286,604,544,container
chip_rgb2646.jpg,0,341,269,640,can
chip_rgb2646.jpg,65,252,304,398,bottle
chip_rgb2646.jpg,142,67,276,300,bottle
chip_rgb2646.jpg,0,0,134,129,bottle
chip_rgb2646.jpg,349,12,459,202,bottle
chip_rgb2646.jpg,279,280,497,507,can
chip_rgb2654.jpg,249,406,330,597,bottle
chip_rgb2654.jpg,335,467,544,640,can
chip_rgb2654.jpg,243,525,385,640,can
chip_rgb2655.jpg,226,406,306,597,bottle
chip_rgb2655.jpg,312,467,520,640,can
chip_rgb2655.jpg,219,525,361,640,can
chip_rgb2658.jpg,11,309,202,390,bottle
chip_rgb2658.jpg,0,95,141,304,can
chip_rgb2658.jpg,0,254,83,396,can
chip_rgb2659.jpg,225,11,306,202,bottle
chip_rgb2659.jpg,311,0,520,141,can
chip_rgb2659.jpg,218,0,360,83,can
chip_rgb2664.jpg,589,108,640,365,container
chip_rgb2666.jpg,429,0,578,123,bottle
chip_rgb2666.jpg,540,0,640,279,bottle
chip_rgb2666.jpg,423,334,599,640,bottle
chip_rgb2666.jpg,586,452,640,570,bottle
chip_rgb2667.jpg,37,517,187,640,bottle
chip_rgb2667.jpg,0,360,76,640,bottle
chip_rgb2667.jpg,16,0,192,305,bottle
chip_rgb2669.jpg,155,59,305,373,container
chip_rgb2669.jpg,524,563,585,640,container
chip_rgb2669.jpg,38,317,298,577,can
chip_rgb2669.jpg,166,433,403,640,can
chip_rgb2669.jpg,287,347,549,541,can
chip_rgb2669.jpg,415,300,550,559,can
chip_rgb2669.jpg,269,79,449,347,can
chip_rgb2669.jpg,209,0,392,115,can
chip_rgb2669.jpg,330,0,476,155,can
chip_rgb2669.jpg,463,29,550,79,bottle
chip_rgb2669.jpg,454,582,519,640,bottle
chip_rgb2669.jpg,447,185,500,296,bottle
chip_rgb2669.jpg,504,259,562,410,bottle
chip_rgb2671.jpg,453,0,602,155,bottle
chip_rgb2677.jpg,170,0,237,168,bottle
chip_rgb2677.jpg,246,0,430,97,can
