modelname,filename,confidence,decision
Model_16_G,chip_g1005.tif,0.9999795,T
Model_16_G,chip_g1008.tif,0.32091835,T
Model_16_G,chip_g1008.tif,0.27411017,T
Model_16_G,chip_g1008.tif,0.27094233,T
Model_16_G,chip_g1008.tif,0.26764372,T
Model_16_G,chip_g1008.tif,0.26598427,T
Model_16_G,chip_g1013.tif,0.99997485,T
Model_16_G,chip_g1014.tif,0.99997354,T
Model_16_G,chip_g1018.tif,0.99948955,T
Model_16_G,chip_g1026.tif,0.9988691,T
Model_16_G,chip_g1027.tif,0.9998361,T
Model_16_G,chip_g1029.tif,0.999796,T
Model_16_G,chip_g1037.tif,0.99871325,T
Model_16_G,chip_g109.tif,0.25778997,T
Model_16_G,chip_g1113.tif,0.50358593,T
Model_16_G,chip_g1121.tif,0.25702167,F
Model_16_G,chip_g1127.tif,0.49313024,T
Model_16_G,chip_g1127.tif,0.35309908,T
Model_16_G,chip_g1133.tif,0.32500216,T
Model_16_G,chip_g1133.tif,0.2924753,F
Model_16_G,chip_g1133.tif,0.25254738,T
Model_16_G,chip_g1142.tif,0.9983621,T
Model_16_G,chip_g1147.tif,0.47574505,T
Model_16_G,chip_g1147.tif,0.46685454,T
Model_16_G,chip_g1147.tif,0.38813362,T
Model_16_G,chip_g1168.tif,0.26092723,F
Model_16_G,chip_g117.tif,0.57421255,T
Model_16_G,chip_g117.tif,0.3260462,F
Model_16_G,chip_g117.tif,0.29760635,F
Model_16_G,chip_g1005.tif,0.9999795,T
Model_16_G,chip_g1018.tif,0.99948955,T
Model_16_G,chip_g1234.tif,0.2740601,F
Model_16_G,chip_g1238.tif,0.42407975,F
Model_16_G,chip_g1253.tif,0.30136776,F
Model_16_G,chip_g126.tif,0.28673258,T
Model_16_G,chip_g126.tif,0.26728123,T
Model_16_G,chip_g126.tif,0.2611922,T
Model_16_G,chip_g126.tif,0.25819534,T
Model_16_G,chip_g1269.tif,0.73380476,T
Model_16_G,chip_g131.tif,0.26311868,T
Model_16_G,chip_g1314.tif,0.83252704,T
Model_16_G,chip_g1317.tif,0.9999281,T
Model_16_G,chip_g1343.tif,0.4970381,F
Model_16_G,chip_g1353.tif,0.9998311,T
Model_16_G,chip_g1354.tif,0.5982911,T
Model_16_G,chip_g1354.tif,0.41804808,T
Model_16_G,chip_g1378.tif,0.41752213,T
Model_16_G,chip_g1378.tif,0.39849308,T
Model_16_G,chip_g1378.tif,0.3423828,F
Model_16_G,chip_g1378.tif,0.29195294,T
Model_16_G,chip_g1401.tif,0.27311316,F
Model_16_G,chip_g1401.tif,0.25297022,T
Model_16_G,chip_g1409.tif,0.3667944,T
Model_16_G,chip_g1412.tif,0.26321957,F
Model_16_G,chip_g1412.tif,0.25422463,F
Model_16_G,chip_g1412.tif,0.25055438,T
Model_16_G,chip_g1434.tif,0.99983466,T
Model_16_G,chip_g1435.tif,0.9986015,T
Model_16_G,chip_g1449.tif,0.74386996,T
Model_16_G,chip_g1449.tif,0.36800548,T
Model_16_G,chip_g146.tif,0.27112082,T
Model_16_G,chip_g146.tif,0.2682083,T
Model_16_G,chip_g146.tif,0.2610655,T
Model_16_G,chip_g146.tif,0.25959522,T
Model_16_G,chip_g146.tif,0.25815108,T
Model_16_G,chip_g146.tif,0.25199336,F
Model_16_G,chip_g1461.tif,0.81153834,T
Model_16_G,chip_g1462.tif,0.7263287,T
Model_16_G,chip_g1463.tif,0.4864736,T
Model_16_G,chip_g1466.tif,0.99322706,T
Model_16_G,chip_g1468.tif,0.8813937,T
Model_16_G,chip_g1469.tif,0.3872584,T
Model_16_G,chip_g1471.tif,0.9935115,T
Model_16_G,chip_g1478.tif,0.3202922,T
Model_16_G,chip_g1478.tif,0.29453894,T
Model_16_G,chip_g1478.tif,0.29077977,T
Model_16_G,chip_g1478.tif,0.28979278,T
Model_16_G,chip_g1478.tif,0.28130677,T
Model_16_G,chip_g1485.tif,0.32823935,T
Model_16_G,chip_g1485.tif,0.27816796,T
Model_16_G,chip_g1526.tif,0.48099977,F
Model_16_G,chip_g1529.tif,0.99462235,T
Model_16_G,chip_g1556.tif,0.76084185,T
Model_16_G,chip_g1584.tif,0.34258834,T
Model_16_G,chip_g1584.tif,0.28968975,T
Model_16_G,chip_g1589.tif,0.43461046,T
Model_16_G,chip_g1589.tif,0.277634,T
Model_16_G,chip_g1589.tif,0.27348283,T
Model_16_G,chip_g1589.tif,0.25747418,T
Model_16_G,chip_g1593.tif,0.99476177,T
Model_16_G,chip_g1594.tif,0.47134876,T
Model_16_G,chip_g1594.tif,0.4288086,T
Model_16_G,chip_g1618.tif,0.33085313,T
Model_16_G,chip_g1631.tif,0.45599338,T
Model_16_G,chip_g1631.tif,0.35388714,T
Model_16_G,chip_g1645.tif,0.26655772,T
Model_16_G,chip_g1669.tif,0.26262128,F
Model_16_G,chip_g1669.tif,0.25197488,F
Model_16_G,chip_g1669.tif,0.25008607,F
Model_16_G,chip_g1673.tif,0.25366616,T
Model_16_G,chip_g1675.tif,0.2833973,F
Model_16_G,chip_g1675.tif,0.26065078,T
Model_16_G,chip_g1677.tif,0.28509068,F
Model_16_G,chip_g1678.tif,0.43691856,F
Model_16_G,chip_g1697.tif,0.27850083,T
Model_16_G,chip_g1697.tif,0.26121145,T
Model_16_G,chip_g1711.tif,0.5681926,T
Model_16_G,chip_g1711.tif,0.2730616,T
Model_16_G,chip_g1730.tif,0.5665491,T
Model_16_G,chip_g1730.tif,0.43194067,T
Model_16_G,chip_g1731.tif,0.4325674,T
Model_16_G,chip_g1731.tif,0.271766,T
Model_16_G,chip_g1749.tif,0.2657557,F
Model_16_G,chip_g1749.tif,0.2616383,T
Model_16_G,chip_g1749.tif,0.2562299,F
Model_16_G,chip_g1749.tif,0.2551632,F
Model_16_G,chip_g1749.tif,0.2546529,T
Model_16_G,chip_g1751.tif,0.566938,T
Model_16_G,chip_g1751.tif,0.25520825,F
Model_16_G,chip_g1769.tif,0.2816279,T
Model_16_G,chip_g1769.tif,0.2707013,T
Model_16_G,chip_g1769.tif,0.26165748,T
Model_16_G,chip_g1769.tif,0.2525995,T
Model_16_G,chip_g1771.tif,0.2556513,T
Model_16_G,chip_g1771.tif,0.25342336,T
Model_16_G,chip_g1771.tif,0.25152305,T
Model_16_G,chip_g1771.tif,0.25089234,T
Model_16_G,chip_g1771.tif,0.2507428,T
Model_16_G,chip_g1771.tif,0.2505911,T
Model_16_G,chip_g1771.tif,0.25055006,T
Model_16_G,chip_g1785.tif,0.25463596,F
Model_16_G,chip_g1785.tif,0.25245228,T
Model_16_G,chip_g1785.tif,0.25144476,F
Model_16_G,chip_g1789.tif,0.254299,T
Model_16_G,chip_g1790.tif,0.26575187,T
Model_16_G,chip_g1790.tif,0.2641794,F
Model_16_G,chip_g1790.tif,0.262419,F
Model_16_G,chip_g1790.tif,0.26035076,T
Model_16_G,chip_g1790.tif,0.25820404,F
Model_16_G,chip_g1790.tif,0.254035,F
Model_16_G,chip_g1790.tif,0.25332454,T
Model_16_G,chip_g1790.tif,0.25292924,T
Model_16_G,chip_g1790.tif,0.25061756,F
Model_16_G,chip_g1790.tif,0.2502081,F
Model_16_G,chip_g1791.tif,0.27293983,T
Model_16_G,chip_g1830.tif,0.2673963,T
Model_16_G,chip_g1830.tif,0.25166786,T
Model_16_G,chip_g1851.tif,0.38715947,T
Model_16_G,chip_g1869.tif,0.26360342,F
Model_16_G,chip_g1869.tif,0.25562978,F
Model_16_G,chip_g2020.tif,0.29827383,T
Model_16_G,chip_g2022.tif,0.8521336,T
Model_16_G,chip_g2026.tif,0.8746091,T
Model_16_G,chip_g2026.tif,0.31537718,T
Model_16_G,chip_g2030.tif,0.54717135,T
Model_16_G,chip_g2031.tif,0.69076097,T
Model_16_G,chip_g2181.tif,0.26015088,F
Model_16_G,chip_g2185.tif,0.2536272,F
Model_16_G,chip_g2185.tif,0.25278902,F
Model_16_G,chip_g2185.tif,0.25204855,F
Model_16_G,chip_g2185.tif,0.25147757,F
Model_16_G,chip_g2185.tif,0.2512433,F
Model_16_G,chip_g2185.tif,0.25028062,F
Model_16_G,chip_g2210.tif,0.35455695,T
Model_16_G,chip_g2211.tif,0.2624867,T
Model_16_G,chip_g2220.tif,0.2527829,T
Model_16_G,chip_g2220.tif,0.25054118,T
Model_16_G,chip_g2221.tif,0.28677446,T
Model_16_G,chip_g2221.tif,0.2857603,T
Model_16_G,chip_g2221.tif,0.2822696,T
Model_16_G,chip_g2221.tif,0.26482338,T
Model_16_G,chip_g2224.tif,0.44074315,T
Model_16_G,chip_g2225.tif,0.25354242,T
Model_16_G,chip_g2225.tif,0.25136515,T
Model_16_G,chip_g2225.tif,0.25099152,F
Model_16_G,chip_g2225.tif,0.25009036,T
Model_16_G,chip_g2226.tif,0.46795788,F
Model_16_G,chip_g2249.tif,0.6248043,T
Model_16_G,chip_g2249.tif,0.4232821,T
Model_16_G,chip_g2258.tif,0.40654466,T
Model_16_G,chip_g2258.tif,0.37012383,T
Model_16_G,chip_g2258.tif,0.32359853,T
Model_16_G,chip_g2406.tif,0.30071035,T
Model_16_G,chip_g2406.tif,0.26162565,T
Model_16_G,chip_g2406.tif,0.2593959,T
Model_16_G,chip_g2406.tif,0.25594565,F
Model_16_G,chip_g2407.tif,0.2577573,T
Model_16_G,chip_g2407.tif,0.2549821,F
Model_16_G,chip_g2407.tif,0.25072712,T
Model_16_G,chip_g2411.tif,0.28206918,T
Model_16_G,chip_g2426.tif,0.2596269,T
Model_16_G,chip_g2426.tif,0.2578342,F
Model_16_G,chip_g2426.tif,0.2537507,T
Model_16_G,chip_g2427.tif,0.27924928,T
Model_16_G,chip_g2427.tif,0.25567618,T
Model_16_G,chip_g2427.tif,0.25223187,F
Model_16_G,chip_g2450.tif,0.33610994,T
Model_16_G,chip_g2450.tif,0.27143335,T
Model_16_G,chip_g2451.tif,0.38720053,T
Model_16_G,chip_g2451.tif,0.29017115,T
Model_16_G,chip_g247.tif,0.9071366,T
Model_16_G,chip_g2473.tif,0.5776412,T
Model_16_G,chip_g2475.tif,0.9774169,T
Model_16_G,chip_g2486.tif,0.2721513,T
Model_16_G,chip_g2486.tif,0.25188375,T
Model_16_G,chip_g2487.tif,0.25620148,F
Model_16_G,chip_g2487.tif,0.25541297,T
Model_16_G,chip_g2491.tif,0.26274663,T
Model_16_G,chip_g2491.tif,0.2613715,T
Model_16_G,chip_g2491.tif,0.25656936,T
Model_16_G,chip_g2491.tif,0.2553316,T
Model_16_G,chip_g2491.tif,0.25513825,T
Model_16_G,chip_g2491.tif,0.25485483,T
Model_16_G,chip_g2491.tif,0.25470784,T
Model_16_G,chip_g2494.tif,0.48015106,T
Model_16_G,chip_g2495.tif,0.49961165,T
Model_16_G,chip_g2522.tif,0.409668,F
Model_16_G,chip_g2527.tif,0.4138023,F
Model_16_G,chip_g2527.tif,0.2592702,T
Model_16_G,chip_g2527.tif,0.25040412,F
Model_16_G,chip_g2538.tif,0.26792246,T
Model_16_G,chip_g2538.tif,0.26405182,T
Model_16_G,chip_g2539.tif,0.4090553,T
Model_16_G,chip_g2539.tif,0.32577848,T
Model_16_G,chip_g2539.tif,0.25745714,T
Model_16_G,chip_g2542.tif,0.39428607,T
Model_16_G,chip_g2542.tif,0.37532604,T
Model_16_G,chip_g2586.tif,0.3345223,T
Model_16_G,chip_g2586.tif,0.32455903,F
Model_16_G,chip_g2586.tif,0.3001362,T
Model_16_G,chip_g2603.tif,0.26339012,T
Model_16_G,chip_g2603.tif,0.26255038,T
Model_16_G,chip_g2603.tif,0.25215775,T
Model_16_G,chip_g2603.tif,0.25039303,T
Model_16_G,chip_g2603.tif,0.25029665,T
Model_16_G,chip_g2607.tif,0.32888228,T
Model_16_G,chip_g2607.tif,0.26474556,T
Model_16_G,chip_g2607.tif,0.25776005,F
Model_16_G,chip_g2635.tif,0.28535464,T
Model_16_G,chip_g2642.tif,0.25576997,T
Model_16_G,chip_g2642.tif,0.25420696,T
Model_16_G,chip_g2642.tif,0.25113657,T
Model_16_G,chip_g2647.tif,0.25969306,T
Model_16_G,chip_g2647.tif,0.25902262,T
Model_16_G,chip_g2647.tif,0.25878912,T
Model_16_G,chip_g2647.tif,0.2584424,T
Model_16_G,chip_g2647.tif,0.25825712,T
Model_16_G,chip_g2647.tif,0.25705594,T
Model_16_G,chip_g2647.tif,0.2508016,T
Model_16_G,chip_g265.tif,0.6805091,T
Model_16_G,chip_g2659.tif,0.3562127,F
Model_16_G,chip_g2659.tif,0.34570268,T
Model_16_G,chip_g2667.tif,0.34334096,T
Model_16_G,chip_g2667.tif,0.2941042,T
Model_16_G,chip_g2671.tif,0.9916011,T
Model_16_G,chip_g269.tif,0.2691037,T
Model_16_G,chip_g269.tif,0.25962624,T
Model_16_G,chip_g273.tif,0.2698762,T
Model_16_G,chip_g274.tif,0.40150756,T
Model_16_G,chip_g274.tif,0.35744506,T
Model_16_G,chip_g274.tif,0.34830427,T
Model_16_G,chip_g278.tif,0.46247673,T
Model_16_G,chip_g278.tif,0.33344075,T
Model_16_G,chip_g286.tif,0.95984584,T
Model_16_G,chip_g30.tif,0.5086142,T
Model_16_G,chip_g30.tif,0.40930864,T
Model_16_G,chip_g309.tif,0.29666644,F
Model_16_G,chip_g309.tif,0.28727424,T
Model_16_G,chip_g309.tif,0.27822456,T
Model_16_G,chip_g329.tif,0.41995734,T
Model_16_G,chip_g330.tif,0.9876013,T
Model_16_G,chip_g337.tif,0.83529085,T
Model_16_G,chip_g338.tif,0.9999738,T
Model_16_G,chip_g339.tif,0.9998301,T
Model_16_G,chip_g350.tif,0.7847911,T
Model_16_G,chip_g358.tif,0.88677037,T
Model_16_G,chip_g358.tif,0.26257902,F
Model_16_G,chip_g375.tif,0.9491251,T
Model_16_G,chip_g385.tif,0.32556218,F
Model_16_G,chip_g425.tif,0.2566147,T
Model_16_G,chip_g425.tif,0.25607398,T
Model_16_G,chip_g425.tif,0.25139427,T
Model_16_G,chip_g485.tif,0.28011587,T
Model_16_G,chip_g489.tif,0.27686653,T
Model_16_G,chip_g489.tif,0.26544616,F
Model_16_G,chip_g489.tif,0.2551364,T
Model_16_G,chip_g489.tif,0.2539356,F
Model_16_G,chip_g489.tif,0.25321892,F
Model_16_G,chip_g489.tif,0.25224215,F
Model_16_G,chip_g497.tif,0.25544336,F
Model_16_G,chip_g56.tif,0.33878717,T
Model_16_G,chip_g56.tif,0.31610066,T
Model_16_G,chip_g56.tif,0.29631835,T
Model_16_G,chip_g57.tif,0.624797,T
Model_16_G,chip_g57.tif,0.41646102,T
Model_16_G,chip_g67.tif,0.28827164,T
Model_16_G,chip_g67.tif,0.27841017,T
Model_16_G,chip_g67.tif,0.2532746,T
Model_16_G,chip_g67.tif,0.25026447,T
Model_16_G,chip_g810.tif,0.33342597,F
Model_16_G,chip_g810.tif,0.2520649,F
Model_16_G,chip_g82.tif,0.2659742,T
Model_16_G,chip_g82.tif,0.2641281,T
Model_16_G,chip_g82.tif,0.25562006,T
Model_16_G,chip_g82.tif,0.2545255,F
Model_16_G,chip_g82.tif,0.2502145,T
Model_16_G,chip_g906.tif,0.51343197,T
Model_16_G,chip_g906.tif,0.34012792,T
Model_16_G,chip_g91.tif,0.5272512,T
Model_16_G,chip_g925.tif,0.32494196,T
Model_16_G,chip_g93.tif,0.42541653,T
Model_16_G,chip_g93.tif,0.41391346,T
Model_16_G,chip_g93.tif,0.26086867,T
Model_16_G,chip_g930.tif,0.6470053,T
Model_16_G,chip_g930.tif,0.38442108,T
Model_16_G,chip_g930.tif,0.3027741,T
Model_16_G,chip_g950.tif,0.38349158,F
Model_16_G,chip_g985.tif,0.28227425,T
Model_16_G,chip_g990.tif,0.39389497,T
Model_16_G,chip_g999.tif,0.25675517,F
Model_16_G,chip_g999.tif,0.25508207,F
Model_16_G,chip_g999.tif,0.2540977,F
Model_16_G,chip_g999.tif,0.25235704,F
Model_16_G,chip_g999.tif,0.25186062,T
Model_16_G,chip_g999.tif,0.25173438,F
Model_16_G,chip_g999.tif,0.25168708,T
Model_16_G,chip_g999.tif,0.25153327,T
Model_16_NIR,chip_nir1013.tif,0.9998635,T
Model_16_NIR,chip_nir1018.tif,0.7312239,T
Model_16_NIR,chip_nir102.tif,0.27394047,T
Model_16_NIR,chip_nir102.tif,0.27106243,T
Model_16_NIR,chip_nir102.tif,0.26845455,T
Model_16_NIR,chip_nir102.tif,0.26040787,T
Model_16_NIR,chip_nir102.tif,0.2603749,T
Model_16_NIR,chip_nir102.tif,0.25624698,T
Model_16_NIR,chip_nir102.tif,0.25075495,T
Model_16_NIR,chip_nir1020.tif,0.26186147,T
Model_16_NIR,chip_nir1020.tif,0.25270104,T
Model_16_NIR,chip_nir1025.tif,0.9877059,F
Model_16_NIR,chip_nir1027.tif,0.8716058,T
Model_16_NIR,chip_nir1031.tif,0.3129394,T
Model_16_NIR,chip_nir106.tif,0.31539857,T
Model_16_NIR,chip_nir106.tif,0.29040122,T
Model_16_NIR,chip_nir106.tif,0.28992558,T
Model_16_NIR,chip_nir106.tif,0.2824797,T
Model_16_NIR,chip_nir107.tif,0.27629545,T
Model_16_NIR,chip_nir107.tif,0.27201524,T
Model_16_NIR,chip_nir107.tif,0.25225684,T
Model_16_NIR,chip_nir109.tif,0.2630574,T
Model_16_NIR,chip_nir1113.tif,0.43372285,T
Model_16_NIR,chip_nir1126.tif,0.420411,T
Model_16_NIR,chip_nir1126.tif,0.2921417,T
Model_16_NIR,chip_nir1127.tif,0.46264654,T
Model_16_NIR,chip_nir113.tif,0.73942524,T
Model_16_NIR,chip_nir1133.tif,0.35214332,T
Model_16_NIR,chip_nir1143.tif,0.99846727,T
Model_16_NIR,chip_nir1146.tif,0.44374081,T
Model_16_NIR,chip_nir1146.tif,0.40704045,T
Model_16_NIR,chip_nir1146.tif,0.37222505,T
Model_16_NIR,chip_nir117.tif,0.29549688,T
Model_16_NIR,chip_nir1188.tif,0.25295857,F
Model_16_NIR,chip_nir1188.tif,0.2501228,F
Model_16_NIR,chip_nir1212.tif,0.25475562,F
Model_16_NIR,chip_nir1212.tif,0.25264326,F
Model_16_NIR,chip_nir1212.tif,0.25180233,F
Model_16_NIR,chip_nir1212.tif,0.25127918,F
Model_16_NIR,chip_nir1212.tif,0.2509412,F
Model_16_NIR,chip_nir1212.tif,0.25043955,F
Model_16_NIR,chip_nir1212.tif,0.2503432,F
Model_16_NIR,chip_nir1212.tif,0.25032017,F
Model_16_NIR,chip_nir1216.tif,0.25055164,T
Model_16_NIR,chip_nir122.tif,0.2625522,T
Model_16_NIR,chip_nir122.tif,0.25842872,T
Model_16_NIR,chip_nir122.tif,0.25060883,T
Model_16_NIR,chip_nir1235.tif,0.25005326,F
Model_16_NIR,chip_nir129.tif,0.25668603,T
Model_16_NIR,chip_nir129.tif,0.25437063,F
Model_16_NIR,chip_nir1309.tif,0.39533594,F
Model_16_NIR,chip_nir131.tif,0.6588196,T
Model_16_NIR,chip_nir1313.tif,0.42949015,T
Model_16_NIR,chip_nir1353.tif,0.99813986,T
Model_16_NIR,chip_nir1355.tif,0.84627885,T
Model_16_NIR,chip_nir1355.tif,0.30852783,T
Model_16_NIR,chip_nir1379.tif,0.34326637,T
Model_16_NIR,chip_nir1379.tif,0.30782452,T
Model_16_NIR,chip_nir1379.tif,0.26554298,F
Model_16_NIR,chip_nir1389.tif,0.59959453,T
Model_16_NIR,chip_nir1389.tif,0.3375582,T
Model_16_NIR,chip_nir141.tif,0.25386798,T
Model_16_NIR,chip_nir141.tif,0.25253066,T
Model_16_NIR,chip_nir1416.tif,0.25297412,F
Model_16_NIR,chip_nir1425.tif,0.3041806,F
Model_16_NIR,chip_nir143.tif,0.26292714,F
Model_16_NIR,chip_nir143.tif,0.2522611,F
Model_16_NIR,chip_nir1449.tif,0.5500469,T
Model_16_NIR,chip_nir1449.tif,0.5256557,T
Model_16_NIR,chip_nir146.tif,0.28255016,T
Model_16_NIR,chip_nir146.tif,0.25221333,T
Model_16_NIR,chip_nir1462.tif,0.28655985,T
Model_16_NIR,chip_nir1465.tif,0.88672376,T
Model_16_NIR,chip_nir1465.tif,0.25448737,F
Model_16_NIR,chip_nir147.tif,0.26366922,T
Model_16_NIR,chip_nir147.tif,0.25343627,T
Model_16_NIR,chip_nir1470.tif,0.6518658,T
Model_16_NIR,chip_nir1482.tif,0.26438025,F
Model_16_NIR,chip_nir1545.tif,0.3244327,F
Model_16_NIR,chip_nir1569.tif,0.45338657,T
Model_16_NIR,chip_nir157.tif,0.4244031,T
Model_16_NIR,chip_nir1586.tif,0.29935578,F
Model_16_NIR,chip_nir1594.tif,0.5571896,T
Model_16_NIR,chip_nir1594.tif,0.47336924,T
Model_16_NIR,chip_nir1598.tif,0.62071913,T
Model_16_NIR,chip_nir1598.tif,0.59866667,T
Model_16_NIR,chip_nir1599.tif,0.70190036,T
Model_16_NIR,chip_nir1599.tif,0.63387114,T
Model_16_NIR,chip_nir1625.tif,0.264961,F
Model_16_NIR,chip_nir1630.tif,0.43055642,T
Model_16_NIR,chip_nir1657.tif,0.2693822,F
Model_16_NIR,chip_nir1691.tif,0.33790588,T
Model_16_NIR,chip_nir1709.tif,0.25995252,T
Model_16_NIR,chip_nir1709.tif,0.2597474,F
Model_16_NIR,chip_nir1709.tif,0.25972506,F
Model_16_NIR,chip_nir1709.tif,0.25558236,T
Model_16_NIR,chip_nir1709.tif,0.25125948,F
Model_16_NIR,chip_nir1710.tif,0.52161694,F
Model_16_NIR,chip_nir1769.tif,0.2714882,T
Model_16_NIR,chip_nir1785.tif,0.27563697,F
Model_16_NIR,chip_nir1785.tif,0.25153303,F
Model_16_NIR,chip_nir1791.tif,0.29162177,T
Model_16_NIR,chip_nir1802.tif,0.99492466,T
Model_16_NIR,chip_nir1825.tif,0.25719842,T
Model_16_NIR,chip_nir1825.tif,0.25567508,T
Model_16_NIR,chip_nir1825.tif,0.25561273,T
Model_16_NIR,chip_nir1825.tif,0.25524417,T
Model_16_NIR,chip_nir1825.tif,0.25410664,T
Model_16_NIR,chip_nir1825.tif,0.2537893,T
Model_16_NIR,chip_nir1825.tif,0.2537022,T
Model_16_NIR,chip_nir1825.tif,0.2535937,T
Model_16_NIR,chip_nir1825.tif,0.25299644,T
Model_16_NIR,chip_nir1825.tif,0.25248697,T
Model_16_NIR,chip_nir1825.tif,0.25098923,T
Model_16_NIR,chip_nir1830.tif,0.25495452,F
Model_16_NIR,chip_nir1830.tif,0.25045148,F
Model_16_NIR,chip_nir1830.tif,0.25040552,F
Model_16_NIR,chip_nir1850.tif,0.28646168,T
Model_16_NIR,chip_nir1865.tif,0.26770678,F
Model_16_NIR,chip_nir1865.tif,0.25742945,F
Model_16_NIR,chip_nir1865.tif,0.25009525,F
Model_16_NIR,chip_nir1925.tif,0.25689116,F
Model_16_NIR,chip_nir1925.tif,0.25476098,F
Model_16_NIR,chip_nir1949.tif,0.26321712,F
Model_16_NIR,chip_nir1969.tif,0.2564626,F
Model_16_NIR,chip_nir1969.tif,0.25484392,F
Model_16_NIR,chip_nir2023.tif,0.28844622,T
Model_16_NIR,chip_nir2029.tif,0.68067443,T
Model_16_NIR,chip_nir2085.tif,0.25774002,F
Model_16_NIR,chip_nir2220.tif,0.2626108,T
Model_16_NIR,chip_nir2221.tif,0.25653642,F
Model_16_NIR,chip_nir2224.tif,0.267745,T
Model_16_NIR,chip_nir2245.tif,0.5758659,T
Model_16_NIR,chip_nir2245.tif,0.56660295,T
Model_16_NIR,chip_nir2251.tif,0.36851645,T
Model_16_NIR,chip_nir2253.tif,0.7131911,T
Model_16_NIR,chip_nir2406.tif,0.26698238,T
Model_16_NIR,chip_nir2469.tif,0.61776227,T
Model_16_NIR,chip_nir2469.tif,0.36196584,F
Model_16_NIR,chip_nir2473.tif,0.6689839,T
Model_16_NIR,chip_nir2487.tif,0.25313246,T
Model_16_NIR,chip_nir2487.tif,0.25038084,F
Model_16_NIR,chip_nir2506.tif,0.42902982,T
Model_16_NIR,chip_nir2510.tif,0.2604119,T
Model_16_NIR,chip_nir2510.tif,0.25366446,F
Model_16_NIR,chip_nir2510.tif,0.25305843,T
Model_16_NIR,chip_nir2511.tif,0.26109716,F
Model_16_NIR,chip_nir2511.tif,0.25987628,T
Model_16_NIR,chip_nir2511.tif,0.25839505,T
Model_16_NIR,chip_nir2511.tif,0.2516032,T
Model_16_NIR,chip_nir2518.tif,0.29566202,F
Model_16_NIR,chip_nir2518.tif,0.27351582,T
Model_16_NIR,chip_nir2518.tif,0.25730193,T
Model_16_NIR,chip_nir2526.tif,0.25814405,T
Model_16_NIR,chip_nir2526.tif,0.2516623,T
Model_16_NIR,chip_nir2526.tif,0.2504284,F
Model_16_NIR,chip_nir2533.tif,0.2544527,T
Model_16_NIR,chip_nir2534.tif,0.26601502,T
Model_16_NIR,chip_nir2534.tif,0.25116116,T
Model_16_NIR,chip_nir2537.tif,0.5544402,T
Model_16_NIR,chip_nir2537.tif,0.38389668,T
Model_16_NIR,chip_nir2539.tif,0.5365543,T
Model_16_NIR,chip_nir2539.tif,0.34251398,T
Model_16_NIR,chip_nir2539.tif,0.3003574,T
Model_16_NIR,chip_nir2562.tif,0.25343138,T
Model_16_NIR,chip_nir2562.tif,0.25110072,T
Model_16_NIR,chip_nir2582.tif,0.25743002,T
Model_16_NIR,chip_nir2582.tif,0.25549945,F
Model_16_NIR,chip_nir2602.tif,0.25000077,T
Model_16_NIR,chip_nir2603.tif,0.26557368,T
Model_16_NIR,chip_nir2603.tif,0.26131797,T
Model_16_NIR,chip_nir2603.tif,0.25838467,T
Model_16_NIR,chip_nir2603.tif,0.25585446,T
Model_16_NIR,chip_nir2603.tif,0.2553357,T
Model_16_NIR,chip_nir2622.tif,0.26099405,T
Model_16_NIR,chip_nir2622.tif,0.258748,T
Model_16_NIR,chip_nir2622.tif,0.2541776,F
Model_16_NIR,chip_nir2626.tif,0.26785237,T
Model_16_NIR,chip_nir2626.tif,0.2606474,T
Model_16_NIR,chip_nir2626.tif,0.25216892,T
Model_16_NIR,chip_nir2626.tif,0.25174838,F
Model_16_NIR,chip_nir2626.tif,0.251664,F
Model_16_NIR,chip_nir2631.tif,0.29957768,T
Model_16_NIR,chip_nir2642.tif,0.25686392,F
Model_16_NIR,chip_nir2642.tif,0.25342405,T
Model_16_NIR,chip_nir2642.tif,0.25331673,T
Model_16_NIR,chip_nir2643.tif,0.25845212,T
Model_16_NIR,chip_nir2643.tif,0.2579178,F
Model_16_NIR,chip_nir2661.tif,0.2557669,T
Model_16_NIR,chip_nir2661.tif,0.25175908,T
Model_16_NIR,chip_nir2665.tif,0.2805813,T
Model_16_NIR,chip_nir2665.tif,0.27210099,F
Model_16_NIR,chip_nir2665.tif,0.2522165,T
Model_16_NIR,chip_nir2667.tif,0.28222403,T
Model_16_NIR,chip_nir2670.tif,0.49340156,T
Model_16_NIR,chip_nir269.tif,0.2681319,T
Model_16_NIR,chip_nir269.tif,0.26373178,T
Model_16_NIR,chip_nir28.tif,0.2690812,F
Model_16_NIR,chip_nir28.tif,0.26218936,F
Model_16_NIR,chip_nir28.tif,0.25440198,F
Model_16_NIR,chip_nir28.tif,0.25198385,F
Model_16_NIR,chip_nir283.tif,0.26191208,F
Model_16_NIR,chip_nir286.tif,0.93794996,T
Model_16_NIR,chip_nir289.tif,0.6693787,T
Model_16_NIR,chip_nir30.tif,0.40026543,T
Model_16_NIR,chip_nir30.tif,0.39840448,T
Model_16_NIR,chip_nir31.tif,0.3888262,T
Model_16_NIR,chip_nir31.tif,0.34594917,T
Model_16_NIR,chip_nir315.tif,0.31752962,T
Model_16_NIR,chip_nir319.tif,0.8323496,T
Model_16_NIR,chip_nir32.tif,0.2581514,F
Model_16_NIR,chip_nir33.tif,0.2661997,F
Model_16_NIR,chip_nir333.tif,0.4407359,T
Model_16_NIR,chip_nir354.tif,0.76660097,T
Model_16_NIR,chip_nir354.tif,0.34368974,F
Model_16_NIR,chip_nir355.tif,0.81583506,F
Model_16_NIR,chip_nir355.tif,0.38418186,T
Model_16_NIR,chip_nir379.tif,0.994885,T
Model_16_NIR,chip_nir495.tif,0.25487036,T
Model_16_NIR,chip_nir495.tif,0.25469103,T
Model_16_NIR,chip_nir495.tif,0.25453758,T
Model_16_NIR,chip_nir495.tif,0.2539093,T
Model_16_NIR,chip_nir495.tif,0.25256377,F
Model_16_NIR,chip_nir57.tif,0.7499879,T
Model_16_NIR,chip_nir57.tif,0.3600633,T
Model_16_NIR,chip_nir70.tif,0.99871993,T
Model_16_NIR,chip_nir73.tif,0.30720314,F
Model_16_NIR,chip_nir73.tif,0.28346306,F
Model_16_NIR,chip_nir77.tif,0.28984308,F
Model_16_NIR,chip_nir802.tif,0.3044399,F
Model_16_NIR,chip_nir82.tif,0.27039635,T
Model_16_NIR,chip_nir82.tif,0.26717082,F
Model_16_NIR,chip_nir82.tif,0.266816,T
Model_16_NIR,chip_nir82.tif,0.25737315,T
Model_16_NIR,chip_nir82.tif,0.25403792,F
Model_16_NIR,chip_nir86.tif,0.2743621,T
Model_16_NIR,chip_nir86.tif,0.27423394,T
Model_16_NIR,chip_nir86.tif,0.2658346,T
Model_16_NIR,chip_nir90.tif,0.27310368,T
Model_16_NIR,chip_nir906.tif,0.32979015,T
Model_16_NIR,chip_nir93.tif,0.5644125,T
Model_16_NIR,chip_nir93.tif,0.35097513,T
Model_16_NIR,chip_nir930.tif,0.69354576,T
Model_16_NIR,chip_nir930.tif,0.5002908,T
Model_16_NIR,chip_nir942.tif,0.28642848,F
Model_16_NIR,chip_nir947.tif,0.38309154,F
Model_16_NIR,chip_nir947.tif,0.37689707,F
Model_16_NIR,chip_nir961.tif,0.27424058,F
Model_16_NIR,chip_nir961.tif,0.26474217,F
Model_16_NIR,chip_nir961.tif,0.25107786,T
Model_16_NIR,chip_nir965.tif,0.2809567,F
Model_16_NIR,chip_nir966.tif,0.2692179,T
Model_16_NIR,chip_nir966.tif,0.26223665,T
Model_16_NIR,chip_nir97.tif,0.36664134,T
Model_16_NIR,chip_nir97.tif,0.33851072,T
Model_16_NIR,chip_nir990.tif,0.260589,T
Model_16_NIR,chip_nir990.tif,0.259763,T
Model_16_NIR,chip_nir994.tif,0.2576921,T
Model_16_NIR,chip_nir994.tif,0.25410777,F
Model_16_NIR,chip_nir994.tif,0.25187358,F
Model_16_NIR,chip_nir998.tif,0.25429562,F
Model_16_NIR,chip_nir998.tif,0.25262946,F
Model_16_NIR,chip_nir998.tif,0.25163123,T
Model_16_R,chip_r1008.tif,0.4944152,T
Model_16_R,chip_r1008.tif,0.38277033,T
Model_16_R,chip_r1008.tif,0.3357719,T
Model_16_R,chip_r1008.tif,0.29302064,T
Model_16_R,chip_r1008.tif,0.26574147,F
Model_16_R,chip_r1013.tif,0.9999696,T
Model_16_R,chip_r1015.tif,0.99992216,T
Model_16_R,chip_r1033.tif,0.9523032,T
Model_16_R,chip_r1037.tif,0.9992817,T
Model_16_R,chip_r106.tif,0.3148984,T
Model_16_R,chip_r106.tif,0.29118127,T
Model_16_R,chip_r106.tif,0.27612114,T
Model_16_R,chip_r106.tif,0.2630331,T
Model_16_R,chip_r107.tif,0.3654487,T
Model_16_R,chip_r107.tif,0.29469466,T
Model_16_R,chip_r107.tif,0.287504,F
Model_16_R,chip_r107.tif,0.2622324,T
Model_16_R,chip_r1107.tif,0.89053696,T
Model_16_R,chip_r1126.tif,0.45459035,T
Model_16_R,chip_r1126.tif,0.3442563,T
Model_16_R,chip_r1127.tif,0.38279757,T
Model_16_R,chip_r1127.tif,0.33943486,T
Model_16_R,chip_r1136.tif,0.27852455,F
Model_16_R,chip_r1149.tif,0.5783434,F
Model_16_R,chip_r1167.tif,0.25849193,T
Model_16_R,chip_r1169.tif,0.29408425,F
Model_16_R,chip_r1169.tif,0.2720306,F
Model_16_R,chip_r1169.tif,0.2620985,T
Model_16_R,chip_r1212.tif,0.2645948,F
Model_16_R,chip_r1212.tif,0.253343,F
Model_16_R,chip_r1212.tif,0.2524345,F
Model_16_R,chip_r1212.tif,0.2505983,F
Model_16_R,chip_r1236.tif,0.26067218,T
Model_16_R,chip_r1238.tif,0.35326442,F
Model_16_R,chip_r1239.tif,0.45682406,F
Model_16_R,chip_r1239.tif,0.2891073,T
Model_16_R,chip_r1239.tif,0.2697739,F
Model_16_R,chip_r1252.tif,0.29197246,T
Model_16_R,chip_r1252.tif,0.2797906,F
Model_16_R,chip_r1252.tif,0.2695927,F
Model_16_R,chip_r1266.tif,0.30559453,F
Model_16_R,chip_r127.tif,0.2828235,T
Model_16_R,chip_r127.tif,0.2687883,T
Model_16_R,chip_r127.tif,0.2564978,T
Model_16_R,chip_r127.tif,0.2561823,T
Model_16_R,chip_r127.tif,0.2544984,T
Model_16_R,chip_r127.tif,0.25176954,F
Model_16_R,chip_r1286.tif,0.96743226,T
Model_16_R,chip_r1286.tif,0.47910166,T
Model_16_R,chip_r129.tif,0.27171534,T
Model_16_R,chip_r130.tif,0.30702984,T
Model_16_R,chip_r1309.tif,0.8380085,F
Model_16_R,chip_r1317.tif,0.43976334,T
Model_16_R,chip_r1354.tif,0.7980484,T
Model_16_R,chip_r1358.tif,0.8474438,T
Model_16_R,chip_r1358.tif,0.29116726,T
Model_16_R,chip_r1359.tif,0.40065235,T
Model_16_R,chip_r1359.tif,0.39659333,T
Model_16_R,chip_r1359.tif,0.38766217,T
Model_16_R,chip_r1374.tif,0.51766443,T
Model_16_R,chip_r1374.tif,0.47871777,T
Model_16_R,chip_r1374.tif,0.45984656,T
Model_16_R,chip_r1375.tif,0.33073518,T
Model_16_R,chip_r1375.tif,0.28544107,T
Model_16_R,chip_r1378.tif,0.5475258,T
Model_16_R,chip_r1378.tif,0.45804211,T
Model_16_R,chip_r1379.tif,0.33803755,T
Model_16_R,chip_r1379.tif,0.32093066,T
Model_16_R,chip_r1379.tif,0.31114578,F
Model_16_R,chip_r1379.tif,0.25895584,T
Model_16_R,chip_r1388.tif,0.42625043,F
Model_16_R,chip_r1389.tif,0.58625835,T
Model_16_R,chip_r1400.tif,0.26641855,F
Model_16_R,chip_r1409.tif,0.3581017,T
Model_16_R,chip_r1416.tif,0.30338496,F
Model_16_R,chip_r1435.tif,0.9993349,T
Model_16_R,chip_r1465.tif,0.73314065,T
Model_16_R,chip_r1465.tif,0.273277,T
Model_16_R,chip_r1470.tif,0.8908312,T
Model_16_R,chip_r1471.tif,0.5804094,T
Model_16_R,chip_r1475.tif,0.4687669,T
Model_16_R,chip_r1475.tif,0.35341322,T
Model_16_R,chip_r1475.tif,0.34396428,F
Model_16_R,chip_r1475.tif,0.30182934,T
Model_16_R,chip_r1475.tif,0.2638329,T
Model_16_R,chip_r1475.tif,0.25347784,T
Model_16_R,chip_r1479.tif,0.33422697,T
Model_16_R,chip_r1479.tif,0.3144916,T
Model_16_R,chip_r1479.tif,0.28993702,T
Model_16_R,chip_r1479.tif,0.28892407,T
Model_16_R,chip_r1479.tif,0.26411015,T
Model_16_R,chip_r1483.tif,0.25201237,T
Model_16_R,chip_r1486.tif,0.2733483,F
Model_16_R,chip_r1489.tif,0.2741162,T
Model_16_R,chip_r1498.tif,0.40614343,F
Model_16_R,chip_r1498.tif,0.31396285,F
Model_16_R,chip_r1529.tif,0.9862446,T
Model_16_R,chip_r1560.tif,0.65448195,T
Model_16_R,chip_r1586.tif,0.85083777,T
Model_16_R,chip_r1590.tif,0.5321549,T
Model_16_R,chip_r1594.tif,0.5269386,T
Model_16_R,chip_r1594.tif,0.5229497,T
Model_16_R,chip_r1605.tif,0.27333063,F
Model_16_R,chip_r1605.tif,0.25686613,F
Model_16_R,chip_r1605.tif,0.25437102,F
Model_16_R,chip_r1605.tif,0.25116515,F
Model_16_R,chip_r1617.tif,0.33502126,T
Model_16_R,chip_r1617.tif,0.2585549,F
Model_16_R,chip_r1618.tif,0.34988707,T
Model_16_R,chip_r1658.tif,0.2774962,T
Model_16_R,chip_r1658.tif,0.26925394,T
Model_16_R,chip_r1674.tif,0.45050535,T
Model_16_R,chip_r1678.tif,0.26158878,T
Model_16_R,chip_r169.tif,0.2717668,T
Model_16_R,chip_r1693.tif,0.4107783,F
Model_16_R,chip_r1711.tif,0.6377108,T
Model_16_R,chip_r1711.tif,0.31189948,T
Model_16_R,chip_r1731.tif,0.398156,F
Model_16_R,chip_r1746.tif,0.9995546,T
Model_16_R,chip_r1749.tif,0.2611823,F
Model_16_R,chip_r1749.tif,0.2536675,T
Model_16_R,chip_r1785.tif,0.26720607,F
Model_16_R,chip_r1785.tif,0.2505677,F
Model_16_R,chip_r1785.tif,0.25050598,T
Model_16_R,chip_r1806.tif,0.50266135,T
Model_16_R,chip_r1806.tif,0.4078312,T
Model_16_R,chip_r1807.tif,0.41048598,T
Model_16_R,chip_r1807.tif,0.27819216,T
Model_16_R,chip_r1831.tif,0.2672387,T
Model_16_R,chip_r1845.tif,0.28784424,T
Model_16_R,chip_r1849.tif,0.25376585,T
Model_16_R,chip_r1849.tif,0.25047803,F
Model_16_R,chip_r1869.tif,0.26704514,F
Model_16_R,chip_r1869.tif,0.26213044,T
Model_16_R,chip_r1869.tif,0.26183027,F
Model_16_R,chip_r1869.tif,0.253558,F
Model_16_R,chip_r1869.tif,0.25184768,F
Model_16_R,chip_r1929.tif,0.27203175,T
Model_16_R,chip_r1929.tif,0.2617204,T
Model_16_R,chip_r2022.tif,0.6071212,T
Model_16_R,chip_r2025.tif,0.7531042,T
Model_16_R,chip_r2025.tif,0.36093807,T
Model_16_R,chip_r2029.tif,0.27966705,T
Model_16_R,chip_r2181.tif,0.25911102,T
Model_16_R,chip_r2181.tif,0.25398198,T
Model_16_R,chip_r2181.tif,0.2525861,F
Model_16_R,chip_r2210.tif,0.4202101,T
Model_16_R,chip_r2220.tif,0.26111138,T
Model_16_R,chip_r2220.tif,0.25969696,F
Model_16_R,chip_r2220.tif,0.25251204,T
Model_16_R,chip_r2220.tif,0.25083685,T
Model_16_R,chip_r2221.tif,0.47113556,T
Model_16_R,chip_r2221.tif,0.39424857,T
Model_16_R,chip_r2221.tif,0.30541423,T
Model_16_R,chip_r2225.tif,0.25438243,F
Model_16_R,chip_r2225.tif,0.2527182,F
Model_16_R,chip_r2225.tif,0.2520599,T
Model_16_R,chip_r2240.tif,0.44412354,T
Model_16_R,chip_r2240.tif,0.30994403,T
Model_16_R,chip_r2240.tif,0.291057,T
Model_16_R,chip_r2245.tif,0.7130116,T
Model_16_R,chip_r2245.tif,0.43381193,T
Model_16_R,chip_r2250.tif,0.95338035,T
Model_16_R,chip_r2251.tif,0.34385717,T
Model_16_R,chip_r2253.tif,0.84731627,T
Model_16_R,chip_r2257.tif,0.96702474,T
Model_16_R,chip_r2406.tif,0.2725518,F
Model_16_R,chip_r2406.tif,0.26250774,T
Model_16_R,chip_r2406.tif,0.25159186,T
Model_16_R,chip_r2407.tif,0.26590312,T
Model_16_R,chip_r2407.tif,0.25432238,T
Model_16_R,chip_r2410.tif,0.6421056,T
Model_16_R,chip_r2427.tif,0.27523187,T
Model_16_R,chip_r2427.tif,0.2519518,T
Model_16_R,chip_r247.tif,0.9431296,T
Model_16_R,chip_r2474.tif,0.8970951,T
Model_16_R,chip_r2487.tif,0.2807279,F
Model_16_R,chip_r2487.tif,0.25279886,F
Model_16_R,chip_r2487.tif,0.2501975,F
Model_16_R,chip_r2490.tif,0.30096355,T
Model_16_R,chip_r2490.tif,0.2688362,F
Model_16_R,chip_r2490.tif,0.2578205,T
Model_16_R,chip_r2490.tif,0.2551664,F
Model_16_R,chip_r2490.tif,0.25294778,T
Model_16_R,chip_r2490.tif,0.25248808,T
Model_16_R,chip_r2490.tif,0.25201216,F
Model_16_R,chip_r2490.tif,0.25067413,T
Model_16_R,chip_r2498.tif,0.51414335,F
Model_16_R,chip_r2499.tif,0.43648216,F
Model_16_R,chip_r2511.tif,0.25242233,F
Model_16_R,chip_r2523.tif,0.4583958,F
Model_16_R,chip_r2533.tif,0.37867656,T
Model_16_R,chip_r2533.tif,0.29596627,F
Model_16_R,chip_r2538.tif,0.26730722,F
Model_16_R,chip_r2538.tif,0.2590421,T
Model_16_R,chip_r2538.tif,0.25380743,T
Model_16_R,chip_r2538.tif,0.2512078,T
Model_16_R,chip_r2539.tif,0.26189393,T
Model_16_R,chip_r2562.tif,0.25285453,T
Model_16_R,chip_r2562.tif,0.25275075,T
Model_16_R,chip_r2562.tif,0.2524836,T
Model_16_R,chip_r2562.tif,0.25028548,T
Model_16_R,chip_r2562.tif,0.25002548,T
Model_16_R,chip_r2567.tif,0.2570335,F
Model_16_R,chip_r2567.tif,0.2507898,F
Model_16_R,chip_r2582.tif,0.2606367,T
Model_16_R,chip_r2582.tif,0.25965294,T
Model_16_R,chip_r2587.tif,0.27182668,T
Model_16_R,chip_r2602.tif,0.2591138,T
Model_16_R,chip_r2602.tif,0.25907114,F
Model_16_R,chip_r2602.tif,0.2507265,T
Model_16_R,chip_r2603.tif,0.2607464,T
Model_16_R,chip_r2603.tif,0.2571271,T
Model_16_R,chip_r2603.tif,0.25384864,T
Model_16_R,chip_r2603.tif,0.25099126,T
Model_16_R,chip_r2606.tif,0.3659712,T
Model_16_R,chip_r2606.tif,0.2767522,T
Model_16_R,chip_r2606.tif,0.27484012,T
Model_16_R,chip_r2606.tif,0.2649219,T
Model_16_R,chip_r2606.tif,0.25306863,F
Model_16_R,chip_r2606.tif,0.25097314,F
Model_16_R,chip_r2626.tif,0.2551901,T
Model_16_R,chip_r2627.tif,0.2654553,T
Model_16_R,chip_r2627.tif,0.2559988,F
Model_16_R,chip_r2627.tif,0.2534213,T
Model_16_R,chip_r2627.tif,0.25168884,F
Model_16_R,chip_r2635.tif,0.2936436,T
Model_16_R,chip_r2635.tif,0.26957682,T
Model_16_R,chip_r2642.tif,0.27825773,T
Model_16_R,chip_r2642.tif,0.26467347,T
Model_16_R,chip_r2643.tif,0.26071516,T
Model_16_R,chip_r2658.tif,0.99547946,T
Model_16_R,chip_r2667.tif,0.28993332,T
Model_16_R,chip_r2667.tif,0.28222758,F
Model_16_R,chip_r2673.tif,0.39618328,T
Model_16_R,chip_r2673.tif,0.3226902,F
Model_16_R,chip_r2673.tif,0.31066397,F
Model_16_R,chip_r286.tif,0.99759334,T
Model_16_R,chip_r287.tif,0.7730181,T
Model_16_R,chip_r309.tif,0.49600932,T
Model_16_R,chip_r309.tif,0.41088748,T
Model_16_R,chip_r318.tif,0.99742943,T
Model_16_R,chip_r330.tif,0.5654087,T
Model_16_R,chip_r339.tif,0.9994492,T
Model_16_R,chip_r359.tif,0.99980503,T
Model_16_R,chip_r369.tif,0.7134974,T
Model_16_R,chip_r378.tif,0.3771364,T
Model_16_R,chip_r379.tif,0.9009264,T
Model_16_R,chip_r384.tif,0.28337222,F
Model_16_R,chip_r384.tif,0.26065856,F
Model_16_R,chip_r384.tif,0.2602055,T
Model_16_R,chip_r384.tif,0.25665867,T
Model_16_R,chip_r384.tif,0.2521608,T
Model_16_R,chip_r384.tif,0.25203606,T
Model_16_R,chip_r384.tif,0.2503255,T
Model_16_R,chip_r405.tif,0.2620662,F
Model_16_R,chip_r48.tif,0.4487872,T
Model_16_R,chip_r48.tif,0.3719002,T
Model_16_R,chip_r48.tif,0.27187434,T
Model_16_R,chip_r484.tif,0.26799554,T
Model_16_R,chip_r485.tif,0.2697224,T
Model_16_R,chip_r489.tif,0.26458985,T
Model_16_R,chip_r489.tif,0.25281098,T
Model_16_R,chip_r493.tif,0.2638146,T
Model_16_R,chip_r493.tif,0.26340565,F
Model_16_R,chip_r498.tif,0.26045474,F
Model_16_R,chip_r498.tif,0.25465637,F
Model_16_R,chip_r52.tif,0.334703,T
Model_16_R,chip_r52.tif,0.25994673,T
Model_16_R,chip_r61.tif,0.26623708,T
Model_16_R,chip_r61.tif,0.2597678,T
Model_16_R,chip_r61.tif,0.25899193,T
Model_16_R,chip_r61.tif,0.25731632,T
Model_16_R,chip_r61.tif,0.25330976,T
Model_16_R,chip_r61.tif,0.25159642,F
Model_16_R,chip_r61.tif,0.25040007,F
Model_16_R,chip_r62.tif,0.2848857,T
Model_16_R,chip_r62.tif,0.2816708,T
Model_16_R,chip_r62.tif,0.26765695,T
Model_16_R,chip_r66.tif,0.29192498,T
Model_16_R,chip_r66.tif,0.25815356,T
Model_16_R,chip_r66.tif,0.25466555,T
Model_16_R,chip_r69.tif,0.45623296,T
Model_16_R,chip_r709.tif,0.25894246,T
Model_16_R,chip_r709.tif,0.25161183,F
Model_16_R,chip_r709.tif,0.25017264,T
Model_16_R,chip_r802.tif,0.27722007,F
Model_16_R,chip_r802.tif,0.25033584,F
Model_16_R,chip_r802.tif,0.25013945,F
Model_16_R,chip_r83.tif,0.26499462,T
Model_16_R,chip_r83.tif,0.26266286,T
Model_16_R,chip_r83.tif,0.2608796,T
Model_16_R,chip_r83.tif,0.25991404,T
Model_16_R,chip_r83.tif,0.25964725,T
Model_16_R,chip_r83.tif,0.25633883,T
Model_16_R,chip_r86.tif,0.30010962,T
Model_16_R,chip_r86.tif,0.26854748,T
Model_16_R,chip_r86.tif,0.26464254,T
Model_16_R,chip_r86.tif,0.2603158,T
Model_16_R,chip_r966.tif,0.2667683,T
Model_16_R,chip_r966.tif,0.2573848,T
Model_16_R,chip_r97.tif,0.44441128,T
Model_16_R,chip_r97.tif,0.27848053,T
Model_16_R,chip_r970.tif,0.28892878,F
Model_16_R,chip_r990.tif,0.27243543,T
Model_16_R,chip_r998.tif,0.26059985,T
Model_16_R,chip_r998.tif,0.2562048,T
Model_16_R,chip_r998.tif,0.25332177,F
Model_16_R,chip_r998.tif,0.25144607,F
Model_16_R,chip_r998.tif,0.25086775,T
Model_16_RE,chip_re1008.tif,0.4519043,T
Model_16_RE,chip_re1008.tif,0.44947764,T
Model_16_RE,chip_re1008.tif,0.38674432,T
Model_16_RE,chip_re1008.tif,0.33623347,T
Model_16_RE,chip_re101.tif,0.25806865,T
Model_16_RE,chip_re101.tif,0.25364155,T
Model_16_RE,chip_re101.tif,0.25278407,T
Model_16_RE,chip_re101.tif,0.25087187,T
Model_16_RE,chip_re101.tif,0.25087038,T
Model_16_RE,chip_re101.tif,0.25085172,T
Model_16_RE,chip_re1014.tif,0.8528979,T
Model_16_RE,chip_re1019.tif,0.89806706,T
Model_16_RE,chip_re102.tif,0.29397565,T
Model_16_RE,chip_re102.tif,0.25999337,T
Model_16_RE,chip_re102.tif,0.25835705,T
Model_16_RE,chip_re102.tif,0.25071543,T
Model_16_RE,chip_re102.tif,0.25021654,T
Model_16_RE,chip_re1028.tif,0.67972594,T
Model_16_RE,chip_re1037.tif,0.9055935,T
Model_16_RE,chip_re1102.tif,0.32709873,T
Model_16_RE,chip_re1103.tif,0.9081149,T
Model_16_RE,chip_re1137.tif,0.3359349,T
Model_16_RE,chip_re1137.tif,0.290032,T
Model_16_RE,chip_re1142.tif,0.96585065,T
Model_16_RE,chip_re1156.tif,0.5287746,T
Model_16_RE,chip_re1156.tif,0.37717864,T
Model_16_RE,chip_re1160.tif,0.30096078,F
Model_16_RE,chip_re1205.tif,0.43883368,F
Model_16_RE,chip_re1205.tif,0.35623688,F
Model_16_RE,chip_re121.tif,0.26653603,T
Model_16_RE,chip_re121.tif,0.26069888,T
Model_16_RE,chip_re121.tif,0.2604294,T
Model_16_RE,chip_re121.tif,0.2597658,T
Model_16_RE,chip_re121.tif,0.25755358,T
Model_16_RE,chip_re121.tif,0.25602567,T
Model_16_RE,chip_re1246.tif,0.2997811,F
Model_16_RE,chip_re125.tif,0.27091047,T
Model_16_RE,chip_re125.tif,0.25317386,T
Model_16_RE,chip_re125.tif,0.25116953,F
Model_16_RE,chip_re127.tif,0.25639296,T
Model_16_RE,chip_re1318.tif,0.9979126,T
Model_16_RE,chip_re1318.tif,0.32768026,F
Model_16_RE,chip_re1319.tif,0.9986771,T
Model_16_RE,chip_re1319.tif,0.52974355,F
Model_16_RE,chip_re1353.tif,0.9990283,T
Model_16_RE,chip_re1354.tif,0.6741409,T
Model_16_RE,chip_re1354.tif,0.40058854,T
Model_16_RE,chip_re1359.tif,0.40784198,T
Model_16_RE,chip_re1359.tif,0.37974364,T
Model_16_RE,chip_re1359.tif,0.36514032,T
Model_16_RE,chip_re1381.tif,0.30465844,T
Model_16_RE,chip_re1388.tif,0.4765852,F
Model_16_RE,chip_re1388.tif,0.31341156,F
Model_16_RE,chip_re1416.tif,0.2654963,F
Model_16_RE,chip_re1416.tif,0.2613469,F
Model_16_RE,chip_re1416.tif,0.26013094,F
Model_16_RE,chip_re1416.tif,0.25685927,F
Model_16_RE,chip_re1416.tif,0.25293604,F
Model_16_RE,chip_re1416.tif,0.25244066,F
Model_16_RE,chip_re1416.tif,0.2518402,F
Model_16_RE,chip_re1416.tif,0.25102937,F
Model_16_RE,chip_re1416.tif,0.25070125,F
Model_16_RE,chip_re1421.tif,0.38653475,F
Model_16_RE,chip_re1433.tif,0.71113837,T
Model_16_RE,chip_re1437.tif,0.9820534,T
Model_16_RE,chip_re1449.tif,0.8050454,T
Model_16_RE,chip_re1449.tif,0.3632565,T
Model_16_RE,chip_re147.tif,0.27355054,T
Model_16_RE,chip_re147.tif,0.26798552,T
Model_16_RE,chip_re147.tif,0.26473862,T
Model_16_RE,chip_re147.tif,0.26094303,T
Model_16_RE,chip_re147.tif,0.25216126,T
Model_16_RE,chip_re147.tif,0.25166187,T
Model_16_RE,chip_re1479.tif,0.31233713,T
Model_16_RE,chip_re1479.tif,0.3085723,T
Model_16_RE,chip_re1479.tif,0.2813827,T
Model_16_RE,chip_re1481.tif,0.351119,F
Model_16_RE,chip_re1489.tif,0.26471168,T
Model_16_RE,chip_re1490.tif,0.2795331,T
Model_16_RE,chip_re1529.tif,0.9847024,T
Model_16_RE,chip_re153.tif,0.3971127,T
Model_16_RE,chip_re1545.tif,0.7596363,F
Model_16_RE,chip_re1556.tif,0.5585449,T
Model_16_RE,chip_re1563.tif,0.36493284,F
Model_16_RE,chip_re1584.tif,0.46877915,T
Model_16_RE,chip_re1589.tif,0.33601555,T
Model_16_RE,chip_re1589.tif,0.3101823,F
Model_16_RE,chip_re1589.tif,0.254159,T
Model_16_RE,chip_re1593.tif,0.9986771,T
Model_16_RE,chip_re1598.tif,0.6814978,T
Model_16_RE,chip_re1599.tif,0.5052757,T
Model_16_RE,chip_re1599.tif,0.45286953,T
Model_16_RE,chip_re1610.tif,0.36126828,T
Model_16_RE,chip_re1614.tif,0.46821624,T
Model_16_RE,chip_re1618.tif,0.37209505,T
Model_16_RE,chip_re1619.tif,0.37699974,T
Model_16_RE,chip_re1631.tif,0.57947284,T
Model_16_RE,chip_re1631.tif,0.49397567,T
Model_16_RE,chip_re1645.tif,0.25128293,F
Model_16_RE,chip_re165.tif,0.27015242,T
Model_16_RE,chip_re165.tif,0.268188,F
Model_16_RE,chip_re1651.tif,0.25037387,T
Model_16_RE,chip_re1657.tif,0.25383967,F
Model_16_RE,chip_re1678.tif,0.312606,T
Model_16_RE,chip_re1678.tif,0.3047503,T
Model_16_RE,chip_re1691.tif,0.28435165,T
Model_16_RE,chip_re1711.tif,0.55471385,T
Model_16_RE,chip_re1745.tif,0.26442963,F
Model_16_RE,chip_re1745.tif,0.26411638,F
Model_16_RE,chip_re1745.tif,0.25926572,F
Model_16_RE,chip_re1745.tif,0.2574632,T
Model_16_RE,chip_re1745.tif,0.2533673,F
Model_16_RE,chip_re1749.tif,0.25372472,T
Model_16_RE,chip_re1749.tif,0.25349587,F
Model_16_RE,chip_re1749.tif,0.25090283,F
Model_16_RE,chip_re1765.tif,0.25395647,F
Model_16_RE,chip_re1789.tif,0.25092715,F
Model_16_RE,chip_re1789.tif,0.2504154,F
Model_16_RE,chip_re1789.tif,0.2500098,F
Model_16_RE,chip_re1805.tif,0.4724084,T
Model_16_RE,chip_re1807.tif,0.34797943,T
Model_16_RE,chip_re1849.tif,0.30760595,F
Model_16_RE,chip_re1849.tif,0.2604629,T
Model_16_RE,chip_re1849.tif,0.2559364,F
Model_16_RE,chip_re1849.tif,0.25392875,F
Model_16_RE,chip_re1849.tif,0.25295338,F
Model_16_RE,chip_re1849.tif,0.25283447,F
Model_16_RE,chip_re1849.tif,0.25032273,T
Model_16_RE,chip_re1849.tif,0.25014728,T
Model_16_RE,chip_re1865.tif,0.27801332,F
Model_16_RE,chip_re1889.tif,0.25772673,F
Model_16_RE,chip_re189.tif,0.3250147,T
Model_16_RE,chip_re1925.tif,0.27263486,F
Model_16_RE,chip_re1925.tif,0.26154298,F
Model_16_RE,chip_re1925.tif,0.25602677,F
Model_16_RE,chip_re1925.tif,0.2501347,F
Model_16_RE,chip_re2020.tif,0.34270018,T
Model_16_RE,chip_re2023.tif,0.34943867,T
Model_16_RE,chip_re2031.tif,0.5749113,T
Model_16_RE,chip_re2105.tif,0.27029067,F
Model_16_RE,chip_re2105.tif,0.26492578,F
Model_16_RE,chip_re2105.tif,0.25990945,F
Model_16_RE,chip_re2105.tif,0.25911143,F
Model_16_RE,chip_re2105.tif,0.25723767,F
Model_16_RE,chip_re2105.tif,0.25556535,F
Model_16_RE,chip_re2105.tif,0.25440586,F
Model_16_RE,chip_re2105.tif,0.2536149,F
Model_16_RE,chip_re2105.tif,0.25153616,F
Model_16_RE,chip_re2105.tif,0.25030923,F
Model_16_RE,chip_re2145.tif,0.25718954,F
Model_16_RE,chip_re2145.tif,0.25499257,F
Model_16_RE,chip_re2145.tif,0.2541884,F
Model_16_RE,chip_re2145.tif,0.25316945,F
Model_16_RE,chip_re2145.tif,0.25233123,F
Model_16_RE,chip_re2249.tif,0.30068496,T
Model_16_RE,chip_re2249.tif,0.27829352,T
Model_16_RE,chip_re2257.tif,0.57305896,T
Model_16_RE,chip_re2258.tif,0.32977653,T
Model_16_RE,chip_re2258.tif,0.32268438,T
Model_16_RE,chip_re2406.tif,0.2611154,T
Model_16_RE,chip_re2430.tif,0.26524222,T
Model_16_RE,chip_re2431.tif,0.26220748,T
Model_16_RE,chip_re2446.tif,0.2541023,T
Model_16_RE,chip_re247.tif,0.9995771,T
Model_16_RE,chip_re2473.tif,0.37068102,T
Model_16_RE,chip_re2476.tif,0.25058857,T
Model_16_RE,chip_re2477.tif,0.508518,T
Model_16_RE,chip_re2478.tif,0.5592811,T
Model_16_RE,chip_re2486.tif,0.2630043,T
Model_16_RE,chip_re2486.tif,0.25400674,T
Model_16_RE,chip_re2487.tif,0.25999093,F
Model_16_RE,chip_re2487.tif,0.25289547,T
Model_16_RE,chip_re2494.tif,0.44597688,T
Model_16_RE,chip_re2494.tif,0.26456398,F
Model_16_RE,chip_re2507.tif,0.49067116,T
Model_16_RE,chip_re2510.tif,0.291166,T
Model_16_RE,chip_re2510.tif,0.25634897,F
Model_16_RE,chip_re2510.tif,0.2545443,T
Model_16_RE,chip_re2523.tif,0.30557495,F
Model_16_RE,chip_re2527.tif,0.2569657,T
Model_16_RE,chip_re2533.tif,0.2997792,T
Model_16_RE,chip_re2534.tif,0.27123448,T
Model_16_RE,chip_re2534.tif,0.26006368,T
Model_16_RE,chip_re2534.tif,0.2597052,T
Model_16_RE,chip_re2534.tif,0.2564508,T
Model_16_RE,chip_re2534.tif,0.2544229,T
Model_16_RE,chip_re2534.tif,0.25404137,T
Model_16_RE,chip_re2537.tif,0.42553028,T
Model_16_RE,chip_re2537.tif,0.3936514,T
Model_16_RE,chip_re2543.tif,0.25809535,T
Model_16_RE,chip_re2567.tif,0.25416523,T
Model_16_RE,chip_re2583.tif,0.26898184,T
Model_16_RE,chip_re2583.tif,0.26057598,T
Model_16_RE,chip_re2585.tif,0.26153862,F
Model_16_RE,chip_re2603.tif,0.2637319,T
Model_16_RE,chip_re2603.tif,0.26337472,T
Model_16_RE,chip_re2603.tif,0.2612334,T
Model_16_RE,chip_re2603.tif,0.2527755,T
Model_16_RE,chip_re2603.tif,0.25202504,T
Model_16_RE,chip_re2607.tif,0.3210079,T
Model_16_RE,chip_re2607.tif,0.2656174,T
Model_16_RE,chip_re2622.tif,0.2621207,T
Model_16_RE,chip_re2622.tif,0.25906348,F
Model_16_RE,chip_re2622.tif,0.25367406,T
Model_16_RE,chip_re2622.tif,0.25259462,T
Model_16_RE,chip_re2622.tif,0.25038084,T
Model_16_RE,chip_re2626.tif,0.2582354,T
Model_16_RE,chip_re2626.tif,0.25047588,T
Model_16_RE,chip_re2627.tif,0.268353,T
Model_16_RE,chip_re2627.tif,0.25581303,T
Model_16_RE,chip_re2627.tif,0.25544927,T
Model_16_RE,chip_re2627.tif,0.25277987,T
Model_16_RE,chip_re2627.tif,0.25265297,T
Model_16_RE,chip_re2627.tif,0.2515965,T
Model_16_RE,chip_re2631.tif,0.3001286,T
Model_16_RE,chip_re2631.tif,0.28366464,T
Model_16_RE,chip_re264.tif,0.38014957,T
Model_16_RE,chip_re2643.tif,0.26012284,T
Model_16_RE,chip_re2643.tif,0.25559232,T
Model_16_RE,chip_re2643.tif,0.2523049,T
Model_16_RE,chip_re2646.tif,0.2661642,T
Model_16_RE,chip_re2646.tif,0.2573036,T
Model_16_RE,chip_re2646.tif,0.25160545,T
Model_16_RE,chip_re2646.tif,0.25021434,F
Model_16_RE,chip_re265.tif,0.26762575,F
Model_16_RE,chip_re2661.tif,0.25936207,T
Model_16_RE,chip_re2661.tif,0.25238213,T
Model_16_RE,chip_re2661.tif,0.251441,T
Model_16_RE,chip_re2661.tif,0.25042745,T
Model_16_RE,chip_re2661.tif,0.25032794,T
Model_16_RE,chip_re2661.tif,0.25029135,T
Model_16_RE,chip_re2661.tif,0.25005776,T
Model_16_RE,chip_re2669.tif,0.25898194,T
Model_16_RE,chip_re2669.tif,0.2577816,T
Model_16_RE,chip_re2673.tif,0.3807733,T
Model_16_RE,chip_re2677.tif,0.9902749,T
Model_16_RE,chip_re275.tif,0.34115982,F
Model_16_RE,chip_re275.tif,0.25742868,T
Model_16_RE,chip_re279.tif,0.3569836,T
Model_16_RE,chip_re279.tif,0.25210696,F
Model_16_RE,chip_re287.tif,0.99963236,T
Model_16_RE,chip_re313.tif,0.99961203,T
Model_16_RE,chip_re314.tif,0.9997025,T
Model_16_RE,chip_re338.tif,0.9997763,T
Model_16_RE,chip_re349.tif,0.52554125,T
Model_16_RE,chip_re374.tif,0.9929362,T
Model_16_RE,chip_re379.tif,0.98080814,T
Model_16_RE,chip_re489.tif,0.29715675,F
Model_16_RE,chip_re489.tif,0.26580104,F
Model_16_RE,chip_re489.tif,0.25711375,F
Model_16_RE,chip_re489.tif,0.25222284,F
Model_16_RE,chip_re493.tif,0.28891003,F
Model_16_RE,chip_re52.tif,0.25075343,F
Model_16_RE,chip_re66.tif,0.28638732,T
Model_16_RE,chip_re66.tif,0.28010878,T
Model_16_RE,chip_re66.tif,0.2731891,T
Model_16_RE,chip_re66.tif,0.26764742,T
Model_16_RE,chip_re73.tif,0.366404,F
Model_16_RE,chip_re73.tif,0.32284266,F
Model_16_RE,chip_re86.tif,0.26280585,T
Model_16_RE,chip_re86.tif,0.25435296,F
Model_16_RE,chip_re905.tif,0.2631717,T
Model_16_RE,chip_re905.tif,0.25616556,T
Model_16_RE,chip_re905.tif,0.25075448,F
Model_16_RE,chip_re93.tif,0.45000014,T
Model_16_RE,chip_re93.tif,0.43073112,T
Model_16_RE,chip_re93.tif,0.42935574,T
Model_16_RE,chip_re931.tif,0.4456516,T
Model_16_RE,chip_re931.tif,0.4066802,T
Model_16_RE,chip_re931.tif,0.3851924,F
Model_16_RE,chip_re950.tif,0.27182135,F
Model_16_RE,chip_re969.tif,0.25034997,F
Model_16_RE,chip_re984.tif,0.25784716,F
Model_16_RE,chip_re984.tif,0.25462264,F
Model_16_RE,chip_re995.tif,0.25909507,T
Model_16_RE,chip_re995.tif,0.25595137,T
Model_16_RE,chip_re995.tif,0.2544797,T
Model_16_RE,chip_re995.tif,0.2542461,T
Model_16_RE,chip_re995.tif,0.25341222,F
Model_16_RE,chip_re995.tif,0.25212002,F
Model_16_RE,chip_re995.tif,0.25209892,T
Model_16_RE,chip_re995.tif,0.25147212,F
Model_16_RE,chip_re995.tif,0.25107098,F
Model_16_RE,chip_re995.tif,0.25030106,T
Model_16_RE,chip_re997.tif,0.25719112,F
Model_16_RE,chip_re997.tif,0.25648257,F
Model_16_RE,chip_re997.tif,0.25352547,F
Model_16_RE,chip_re998.tif,0.25495172,T
Model_16_G,chip_g1005.tif,0.9999795,T
Model_16_G,chip_g1008.tif,0.32091835,T
Model_16_G,chip_g1008.tif,0.27411017,T
Model_16_G,chip_g1008.tif,0.27094233,T
Model_16_G,chip_g1008.tif,0.26764372,T
Model_16_G,chip_g1008.tif,0.26598427,T
Model_16_G,chip_g1013.tif,0.99997485,T
Model_16_G,chip_g1014.tif,0.99997354,T
Model_16_G,chip_g1018.tif,0.99948955,T
Model_16_G,chip_g1026.tif,0.9988691,T
Model_16_G,chip_g1027.tif,0.9998361,T
Model_16_G,chip_g1029.tif,0.999796,T
Model_16_G,chip_g1037.tif,0.99871325,T
Model_16_G,chip_g109.tif,0.25778997,T
Model_16_G,chip_g1113.tif,0.50358593,T
Model_16_G,chip_g1121.tif,0.25702167,F
Model_16_G,chip_g1127.tif,0.49313024,T
Model_16_G,chip_g1127.tif,0.35309908,T
Model_16_G,chip_g1133.tif,0.32500216,T
Model_16_G,chip_g1133.tif,0.2924753,F
Model_16_G,chip_g1133.tif,0.25254738,T
Model_16_G,chip_g1142.tif,0.9983621,T
Model_16_G,chip_g1147.tif,0.47574505,T
Model_16_G,chip_g1147.tif,0.46685454,T
Model_16_G,chip_g1147.tif,0.38813362,T
Model_16_G,chip_g1168.tif,0.26092723,F
Model_16_G,chip_g117.tif,0.57421255,T
Model_16_G,chip_g117.tif,0.3260462,F
Model_16_G,chip_g117.tif,0.29760635,F
Model_16_G,chip_g1234.tif,0.2740601,F
Model_16_G,chip_g1238.tif,0.42407975,F
Model_16_G,chip_g1253.tif,0.30136776,F
Model_16_G,chip_g126.tif,0.28673258,T
Model_16_G,chip_g126.tif,0.26728123,T
Model_16_G,chip_g126.tif,0.2611922,T
Model_16_G,chip_g126.tif,0.25819534,T
Model_16_G,chip_g1269.tif,0.73380476,T
Model_16_G,chip_g131.tif,0.26311868,T
Model_16_G,chip_g1314.tif,0.83252704,T
Model_16_G,chip_g1317.tif,0.9999281,T
Model_16_G,chip_g1343.tif,0.4970381,F
Model_16_G,chip_g1353.tif,0.9998311,T
Model_16_G,chip_g1354.tif,0.5982911,T
Model_16_G,chip_g1354.tif,0.41804808,T
Model_16_G,chip_g1378.tif,0.41752213,T
Model_16_G,chip_g1378.tif,0.39849308,T
Model_16_G,chip_g1378.tif,0.3423828,F
Model_16_G,chip_g1378.tif,0.29195294,T
Model_16_G,chip_g1401.tif,0.27311316,F
Model_16_G,chip_g1401.tif,0.25297022,T
Model_16_G,chip_g1409.tif,0.3667944,T
Model_16_G,chip_g1412.tif,0.26321957,F
Model_16_G,chip_g1412.tif,0.25422463,F
Model_16_G,chip_g1412.tif,0.25055438,T
Model_16_G,chip_g1434.tif,0.99983466,T
Model_16_G,chip_g1435.tif,0.9986015,T
Model_16_G,chip_g1449.tif,0.74386996,T
Model_16_G,chip_g1449.tif,0.36800548,T
Model_16_G,chip_g146.tif,0.27112082,T
Model_16_G,chip_g146.tif,0.2682083,T
Model_16_G,chip_g146.tif,0.2610655,T
Model_16_G,chip_g146.tif,0.25959522,T
Model_16_G,chip_g146.tif,0.25815108,T
Model_16_G,chip_g146.tif,0.25199336,F
Model_16_G,chip_g1461.tif,0.81153834,T
Model_16_G,chip_g1462.tif,0.7263287,T
Model_16_G,chip_g1463.tif,0.4864736,T
Model_16_G,chip_g1466.tif,0.99322706,T
Model_16_G,chip_g1468.tif,0.8813937,T
Model_16_G,chip_g1469.tif,0.3872584,T
Model_16_G,chip_g1471.tif,0.9935115,T
Model_16_G,chip_g1478.tif,0.3202922,T
Model_16_G,chip_g1478.tif,0.29453894,T
Model_16_G,chip_g1478.tif,0.29077977,T
Model_16_G,chip_g1478.tif,0.28979278,T
Model_16_G,chip_g1478.tif,0.28130677,T
Model_16_G,chip_g1485.tif,0.32823935,T
Model_16_G,chip_g1485.tif,0.27816796,T
Model_16_G,chip_g1526.tif,0.48099977,F
Model_16_G,chip_g1529.tif,0.99462235,T
Model_16_G,chip_g1556.tif,0.76084185,T
Model_16_G,chip_g1584.tif,0.34258834,T
Model_16_G,chip_g1584.tif,0.28968975,T
Model_16_G,chip_g1589.tif,0.43461046,T
Model_16_G,chip_g1589.tif,0.277634,T
Model_16_G,chip_g1589.tif,0.27348283,T
Model_16_G,chip_g1589.tif,0.25747418,T
Model_16_G,chip_g1593.tif,0.99476177,T
Model_16_G,chip_g1594.tif,0.47134876,T
Model_16_G,chip_g1594.tif,0.4288086,T
Model_16_G,chip_g1618.tif,0.33085313,T
Model_16_G,chip_g1631.tif,0.45599338,T
Model_16_G,chip_g1631.tif,0.35388714,T
Model_16_G,chip_g1645.tif,0.26655772,T
Model_16_G,chip_g1669.tif,0.26262128,F
Model_16_G,chip_g1669.tif,0.25197488,F
Model_16_G,chip_g1669.tif,0.25008607,F
Model_16_G,chip_g1673.tif,0.25366616,T
Model_16_G,chip_g1675.tif,0.2833973,F
Model_16_G,chip_g1675.tif,0.26065078,T
Model_16_G,chip_g1677.tif,0.28509068,F
Model_16_G,chip_g1678.tif,0.43691856,F
Model_16_G,chip_g1697.tif,0.27850083,T
Model_16_G,chip_g1697.tif,0.26121145,T
Model_16_G,chip_g1711.tif,0.5681926,T
Model_16_G,chip_g1711.tif,0.2730616,T
Model_16_G,chip_g1730.tif,0.5665491,T
Model_16_G,chip_g1730.tif,0.43194067,T
Model_16_G,chip_g1731.tif,0.4325674,T
Model_16_G,chip_g1731.tif,0.271766,T
Model_16_G,chip_g1749.tif,0.2657557,F
Model_16_G,chip_g1749.tif,0.2616383,T
Model_16_G,chip_g1749.tif,0.2562299,F
Model_16_G,chip_g1749.tif,0.2551632,F
Model_16_G,chip_g1749.tif,0.2546529,T
Model_16_G,chip_g1751.tif,0.566938,T
Model_16_G,chip_g1751.tif,0.25520825,F
Model_16_G,chip_g1769.tif,0.2816279,T
Model_16_G,chip_g1769.tif,0.2707013,T
Model_16_G,chip_g1769.tif,0.26165748,T
Model_16_G,chip_g1769.tif,0.2525995,T
Model_16_G,chip_g1771.tif,0.2556513,T
Model_16_G,chip_g1771.tif,0.25342336,T
Model_16_G,chip_g1771.tif,0.25152305,T
Model_16_G,chip_g1771.tif,0.25089234,T
Model_16_G,chip_g1771.tif,0.2507428,T
Model_16_G,chip_g1771.tif,0.2505911,T
Model_16_G,chip_g1771.tif,0.25055006,T
Model_16_G,chip_g1785.tif,0.25463596,F
Model_16_G,chip_g1785.tif,0.25245228,T
Model_16_G,chip_g1785.tif,0.25144476,F
Model_16_G,chip_g1789.tif,0.254299,T
Model_16_G,chip_g1790.tif,0.26575187,T
Model_16_G,chip_g1790.tif,0.2641794,F
Model_16_G,chip_g1790.tif,0.262419,F
Model_16_G,chip_g1790.tif,0.26035076,T
Model_16_G,chip_g1790.tif,0.25820404,F
Model_16_G,chip_g1790.tif,0.254035,F
Model_16_G,chip_g1790.tif,0.25332454,T
Model_16_G,chip_g1790.tif,0.25292924,T
Model_16_G,chip_g1790.tif,0.25061756,F
Model_16_G,chip_g1790.tif,0.2502081,F
Model_16_G,chip_g1791.tif,0.27293983,T
Model_16_G,chip_g1830.tif,0.2673963,T
Model_16_G,chip_g1830.tif,0.25166786,T
Model_16_G,chip_g1851.tif,0.38715947,T
Model_16_G,chip_g1869.tif,0.26360342,F
Model_16_G,chip_g1869.tif,0.25562978,F
Model_16_G,chip_g2020.tif,0.29827383,T
Model_16_G,chip_g2022.tif,0.8521336,T
Model_16_G,chip_g2026.tif,0.8746091,T
Model_16_G,chip_g2026.tif,0.31537718,T
Model_16_G,chip_g2030.tif,0.54717135,T
Model_16_G,chip_g2031.tif,0.69076097,T
Model_16_G,chip_g2181.tif,0.26015088,F
Model_16_G,chip_g2185.tif,0.2536272,F
Model_16_G,chip_g2185.tif,0.25278902,F
Model_16_G,chip_g2185.tif,0.25204855,F
Model_16_G,chip_g2185.tif,0.25147757,F
Model_16_G,chip_g2185.tif,0.2512433,F
Model_16_G,chip_g2185.tif,0.25028062,F
Model_16_G,chip_g2210.tif,0.35455695,T
Model_16_G,chip_g2211.tif,0.2624867,T
Model_16_G,chip_g2220.tif,0.2527829,T
Model_16_G,chip_g2220.tif,0.25054118,T
Model_16_G,chip_g2221.tif,0.28677446,T
Model_16_G,chip_g2221.tif,0.2857603,T
Model_16_G,chip_g2221.tif,0.2822696,T
Model_16_G,chip_g2221.tif,0.26482338,T
Model_16_G,chip_g2224.tif,0.44074315,T
Model_16_G,chip_g2225.tif,0.25354242,T
Model_16_G,chip_g2225.tif,0.25136515,T
Model_16_G,chip_g2225.tif,0.25099152,F
Model_16_G,chip_g2225.tif,0.25009036,T
Model_16_G,chip_g2226.tif,0.46795788,F
Model_16_G,chip_g2249.tif,0.6248043,T
Model_16_G,chip_g2249.tif,0.4232821,T
Model_16_G,chip_g2258.tif,0.40654466,T
Model_16_G,chip_g2258.tif,0.37012383,T
Model_16_G,chip_g2258.tif,0.32359853,T
Model_16_G,chip_g2406.tif,0.30071035,T
Model_16_G,chip_g2406.tif,0.26162565,T
Model_16_G,chip_g2406.tif,0.2593959,T
Model_16_G,chip_g2406.tif,0.25594565,F
Model_16_G,chip_g2407.tif,0.2577573,T
Model_16_G,chip_g2407.tif,0.2549821,F
Model_16_G,chip_g2407.tif,0.25072712,T
Model_16_G,chip_g2411.tif,0.28206918,T
Model_16_G,chip_g2426.tif,0.2596269,T
Model_16_G,chip_g2426.tif,0.2578342,F
Model_16_G,chip_g2426.tif,0.2537507,T
Model_16_G,chip_g2427.tif,0.27924928,T
Model_16_G,chip_g2427.tif,0.25567618,T
Model_16_G,chip_g2427.tif,0.25223187,F
Model_16_G,chip_g2450.tif,0.33610994,T
Model_16_G,chip_g2450.tif,0.27143335,T
Model_16_G,chip_g2451.tif,0.38720053,T
Model_16_G,chip_g2451.tif,0.29017115,T
Model_16_G,chip_g247.tif,0.9071366,T
Model_16_G,chip_g2473.tif,0.5776412,T
Model_16_G,chip_g2475.tif,0.9774169,T
Model_16_G,chip_g2486.tif,0.2721513,T
Model_16_G,chip_g2486.tif,0.25188375,T
Model_16_G,chip_g2487.tif,0.25620148,F
Model_16_G,chip_g2487.tif,0.25541297,T
Model_16_G,chip_g2491.tif,0.26274663,T
Model_16_G,chip_g2491.tif,0.2613715,T
Model_16_G,chip_g2491.tif,0.25656936,T
Model_16_G,chip_g2491.tif,0.2553316,T
Model_16_G,chip_g2491.tif,0.25513825,T
Model_16_G,chip_g2491.tif,0.25485483,T
Model_16_G,chip_g2491.tif,0.25470784,T
Model_16_G,chip_g2494.tif,0.48015106,T
Model_16_G,chip_g2495.tif,0.49961165,T
Model_16_G,chip_g2522.tif,0.409668,F
Model_16_G,chip_g2527.tif,0.4138023,F
Model_16_G,chip_g2527.tif,0.2592702,T
Model_16_G,chip_g2527.tif,0.25040412,F
Model_16_G,chip_g2538.tif,0.26792246,T
Model_16_G,chip_g2538.tif,0.26405182,T
Model_16_G,chip_g2539.tif,0.4090553,T
Model_16_G,chip_g2539.tif,0.32577848,T
Model_16_G,chip_g2539.tif,0.25745714,T
Model_16_G,chip_g2542.tif,0.39428607,T
Model_16_G,chip_g2542.tif,0.37532604,T
Model_16_G,chip_g2586.tif,0.3345223,T
Model_16_G,chip_g2586.tif,0.32455903,F
Model_16_G,chip_g2586.tif,0.3001362,T
Model_16_G,chip_g2603.tif,0.26339012,T
Model_16_G,chip_g2603.tif,0.26255038,T
Model_16_G,chip_g2603.tif,0.25215775,T
Model_16_G,chip_g2603.tif,0.25039303,T
Model_16_G,chip_g2603.tif,0.25029665,T
Model_16_G,chip_g2607.tif,0.32888228,T
Model_16_G,chip_g2607.tif,0.26474556,T
Model_16_G,chip_g2607.tif,0.25776005,F
Model_16_G,chip_g2635.tif,0.28535464,T
Model_16_G,chip_g2642.tif,0.25576997,T
Model_16_G,chip_g2642.tif,0.25420696,T
Model_16_G,chip_g2642.tif,0.25113657,T
Model_16_G,chip_g2647.tif,0.25969306,T
Model_16_G,chip_g2647.tif,0.25902262,T
Model_16_G,chip_g2647.tif,0.25878912,T
Model_16_G,chip_g2647.tif,0.2584424,T
Model_16_G,chip_g2647.tif,0.25825712,T
Model_16_G,chip_g2647.tif,0.25705594,T
Model_16_G,chip_g2647.tif,0.2508016,T
Model_16_G,chip_g265.tif,0.6805091,T
Model_16_G,chip_g2659.tif,0.3562127,F
Model_16_G,chip_g2659.tif,0.34570268,T
Model_16_G,chip_g2667.tif,0.34334096,T
Model_16_G,chip_g2667.tif,0.2941042,T
Model_16_G,chip_g2671.tif,0.9916011,T
Model_16_G,chip_g269.tif,0.2691037,T
Model_16_G,chip_g269.tif,0.25962624,T
Model_16_G,chip_g273.tif,0.2698762,T
Model_16_G,chip_g274.tif,0.40150756,T
Model_16_G,chip_g274.tif,0.35744506,T
Model_16_G,chip_g274.tif,0.34830427,T
Model_16_G,chip_g278.tif,0.46247673,T
Model_16_G,chip_g278.tif,0.33344075,T
Model_16_G,chip_g286.tif,0.95984584,T
Model_16_G,chip_g30.tif,0.5086142,T
Model_16_G,chip_g30.tif,0.40930864,T
Model_16_G,chip_g309.tif,0.29666644,F
Model_16_G,chip_g309.tif,0.28727424,T
Model_16_G,chip_g309.tif,0.27822456,T
Model_16_G,chip_g329.tif,0.41995734,T
Model_16_G,chip_g330.tif,0.9876013,T
Model_16_G,chip_g337.tif,0.83529085,T
Model_16_G,chip_g338.tif,0.9999738,T
Model_16_G,chip_g339.tif,0.9998301,T
Model_16_G,chip_g350.tif,0.7847911,T
Model_16_G,chip_g358.tif,0.88677037,T
Model_16_G,chip_g358.tif,0.26257902,F
Model_16_G,chip_g375.tif,0.9491251,T
Model_16_G,chip_g385.tif,0.32556218,F
Model_16_G,chip_g425.tif,0.2566147,T
Model_16_G,chip_g425.tif,0.25607398,T
Model_16_G,chip_g425.tif,0.25139427,T
Model_16_G,chip_g485.tif,0.28011587,T
Model_16_G,chip_g489.tif,0.27686653,T
Model_16_G,chip_g489.tif,0.26544616,F
Model_16_G,chip_g489.tif,0.2551364,T
Model_16_G,chip_g489.tif,0.2539356,F
Model_16_G,chip_g489.tif,0.25321892,F
Model_16_G,chip_g489.tif,0.25224215,F
Model_16_G,chip_g497.tif,0.25544336,F
Model_16_G,chip_g56.tif,0.33878717,T
Model_16_G,chip_g56.tif,0.31610066,T
Model_16_G,chip_g56.tif,0.29631835,T
Model_16_G,chip_g57.tif,0.624797,T
Model_16_G,chip_g57.tif,0.41646102,T
Model_16_G,chip_g67.tif,0.28827164,T
Model_16_G,chip_g67.tif,0.27841017,T
Model_16_G,chip_g67.tif,0.2532746,T
Model_16_G,chip_g67.tif,0.25026447,T
Model_16_G,chip_g810.tif,0.33342597,F
Model_16_G,chip_g810.tif,0.2520649,F
Model_16_G,chip_g82.tif,0.2659742,T
Model_16_G,chip_g82.tif,0.2641281,T
Model_16_G,chip_g82.tif,0.25562006,T
Model_16_G,chip_g82.tif,0.2545255,F
Model_16_G,chip_g82.tif,0.2502145,T
Model_16_G,chip_g906.tif,0.51343197,T
Model_16_G,chip_g906.tif,0.34012792,T
Model_16_G,chip_g91.tif,0.5272512,T
Model_16_G,chip_g925.tif,0.32494196,T
Model_16_G,chip_g93.tif,0.42541653,T
Model_16_G,chip_g93.tif,0.41391346,T
Model_16_G,chip_g93.tif,0.26086867,T
Model_16_G,chip_g930.tif,0.6470053,T
Model_16_G,chip_g930.tif,0.38442108,T
Model_16_G,chip_g930.tif,0.3027741,T
Model_16_G,chip_g950.tif,0.38349158,F
Model_16_G,chip_g985.tif,0.28227425,T
Model_16_G,chip_g990.tif,0.39389497,T
Model_16_G,chip_g999.tif,0.25675517,F
Model_16_G,chip_g999.tif,0.25508207,F
Model_16_G,chip_g999.tif,0.2540977,F
Model_16_G,chip_g999.tif,0.25235704,F
Model_16_G,chip_g999.tif,0.25186062,T
Model_16_G,chip_g999.tif,0.25173438,F
Model_16_G,chip_g999.tif,0.25168708,T
Model_16_G,chip_g999.tif,0.25153327,T
Model_16_G,chip_g1005.tif,0.9999795,T
Model_16_G,chip_g1008.tif,0.32091835,T
Model_16_G,chip_g1008.tif,0.27411017,T
Model_16_G,chip_g1008.tif,0.27094233,T
Model_16_G,chip_g1008.tif,0.26764372,T
Model_16_G,chip_g1008.tif,0.26598427,T
Model_16_G,chip_g1013.tif,0.99997485,T
Model_16_G,chip_g1014.tif,0.99997354,T
Model_16_G,chip_g1018.tif,0.99948955,T
Model_16_G,chip_g1026.tif,0.9988691,T
Model_16_G,chip_g1027.tif,0.9998361,T
Model_16_G,chip_g1029.tif,0.999796,T
Model_16_G,chip_g1037.tif,0.99871325,T
Model_16_G,chip_g109.tif,0.25778997,T
Model_16_G,chip_g1113.tif,0.50358593,T
Model_16_G,chip_g1121.tif,0.25702167,F
Model_16_G,chip_g1127.tif,0.49313024,T
Model_16_G,chip_g1127.tif,0.35309908,T
Model_16_G,chip_g1133.tif,0.32500216,T
Model_16_G,chip_g1133.tif,0.2924753,F
Model_16_G,chip_g1133.tif,0.25254738,T
Model_16_G,chip_g1142.tif,0.9983621,T
Model_16_G,chip_g1147.tif,0.47574505,T
Model_16_G,chip_g1147.tif,0.46685454,T
Model_16_G,chip_g1147.tif,0.38813362,T
Model_16_G,chip_g1168.tif,0.26092723,F
Model_16_G,chip_g117.tif,0.57421255,T
Model_16_G,chip_g117.tif,0.3260462,F
Model_16_G,chip_g117.tif,0.29760635,F
Model_16_G,chip_g1234.tif,0.2740601,F
Model_16_G,chip_g1238.tif,0.42407975,F
Model_16_G,chip_g1253.tif,0.30136776,F
Model_16_G,chip_g126.tif,0.28673258,T
Model_16_G,chip_g126.tif,0.26728123,T
Model_16_G,chip_g126.tif,0.2611922,T
Model_16_G,chip_g126.tif,0.25819534,T
Model_16_G,chip_g1269.tif,0.73380476,T
Model_16_G,chip_g131.tif,0.26311868,T
Model_16_G,chip_g1314.tif,0.83252704,T
Model_16_G,chip_g1317.tif,0.9999281,T
Model_16_G,chip_g1343.tif,0.4970381,F
Model_16_G,chip_g1353.tif,0.9998311,T
Model_16_G,chip_g1354.tif,0.5982911,T
Model_16_G,chip_g1354.tif,0.41804808,T
Model_16_G,chip_g1378.tif,0.41752213,T
Model_16_G,chip_g1378.tif,0.39849308,T
Model_16_G,chip_g1378.tif,0.3423828,F
Model_16_G,chip_g1378.tif,0.29195294,T
Model_16_G,chip_g1401.tif,0.27311316,F
Model_16_G,chip_g1401.tif,0.25297022,T
Model_16_G,chip_g1409.tif,0.3667944,T
Model_16_G,chip_g1412.tif,0.26321957,F
Model_16_G,chip_g1412.tif,0.25422463,F
Model_16_G,chip_g1412.tif,0.25055438,T
Model_16_G,chip_g1434.tif,0.99983466,T
Model_16_G,chip_g1435.tif,0.9986015,T
Model_16_G,chip_g1449.tif,0.74386996,T
Model_16_G,chip_g1449.tif,0.36800548,T
Model_16_G,chip_g146.tif,0.27112082,T
Model_16_G,chip_g146.tif,0.2682083,T
Model_16_G,chip_g146.tif,0.2610655,T
Model_16_G,chip_g146.tif,0.25959522,T
Model_16_G,chip_g146.tif,0.25815108,T
Model_16_G,chip_g146.tif,0.25199336,F
Model_16_G,chip_g1461.tif,0.81153834,T
Model_16_G,chip_g1462.tif,0.7263287,T
Model_16_G,chip_g1463.tif,0.4864736,T
Model_16_G,chip_g1466.tif,0.99322706,T
Model_16_G,chip_g1468.tif,0.8813937,T
Model_16_G,chip_g1469.tif,0.3872584,T
Model_16_G,chip_g1471.tif,0.9935115,T
Model_16_G,chip_g1478.tif,0.3202922,T
Model_16_G,chip_g1478.tif,0.29453894,T
Model_16_G,chip_g1478.tif,0.29077977,T
Model_16_G,chip_g1478.tif,0.28979278,T
Model_16_G,chip_g1478.tif,0.28130677,T
Model_16_G,chip_g1485.tif,0.32823935,T
Model_16_G,chip_g1485.tif,0.27816796,T
Model_16_G,chip_g1526.tif,0.48099977,F
Model_16_G,chip_g1529.tif,0.99462235,T
Model_16_G,chip_g1556.tif,0.76084185,T
Model_16_G,chip_g1584.tif,0.34258834,T
Model_16_G,chip_g1584.tif,0.28968975,T
Model_16_G,chip_g1589.tif,0.43461046,T
Model_16_G,chip_g1589.tif,0.277634,T
Model_16_G,chip_g1589.tif,0.27348283,T
Model_16_G,chip_g1589.tif,0.25747418,T
Model_16_G,chip_g1593.tif,0.99476177,T
Model_16_G,chip_g1594.tif,0.47134876,T
Model_16_G,chip_g1594.tif,0.4288086,T
Model_16_G,chip_g1618.tif,0.33085313,T
Model_16_G,chip_g1631.tif,0.45599338,T
Model_16_G,chip_g1631.tif,0.35388714,T
Model_16_G,chip_g1645.tif,0.26655772,T
Model_16_G,chip_g1669.tif,0.26262128,F
Model_16_G,chip_g1669.tif,0.25197488,F
Model_16_G,chip_g1669.tif,0.25008607,F
Model_16_G,chip_g1673.tif,0.25366616,T
Model_16_G,chip_g1675.tif,0.2833973,F
Model_16_G,chip_g1675.tif,0.26065078,T
Model_16_G,chip_g1677.tif,0.28509068,F
Model_16_G,chip_g1678.tif,0.43691856,F
Model_16_G,chip_g1697.tif,0.27850083,T
Model_16_G,chip_g1697.tif,0.26121145,T
Model_16_G,chip_g1711.tif,0.5681926,T
Model_16_G,chip_g1711.tif,0.2730616,T
Model_16_G,chip_g1730.tif,0.5665491,T
Model_16_G,chip_g1730.tif,0.43194067,T
Model_16_G,chip_g1731.tif,0.4325674,T
Model_16_G,chip_g1731.tif,0.271766,T
Model_16_G,chip_g1749.tif,0.2657557,F
Model_16_G,chip_g1749.tif,0.2616383,T
Model_16_G,chip_g1749.tif,0.2562299,F
Model_16_G,chip_g1749.tif,0.2551632,F
Model_16_G,chip_g1749.tif,0.2546529,T
Model_16_G,chip_g1751.tif,0.566938,T
Model_16_G,chip_g1751.tif,0.25520825,F
Model_16_G,chip_g1769.tif,0.2816279,T
Model_16_G,chip_g1769.tif,0.2707013,T
Model_16_G,chip_g1769.tif,0.26165748,T
Model_16_G,chip_g1769.tif,0.2525995,T
Model_16_G,chip_g1771.tif,0.2556513,T
Model_16_G,chip_g1771.tif,0.25342336,T
Model_16_G,chip_g1771.tif,0.25152305,T
Model_16_G,chip_g1771.tif,0.25089234,T
Model_16_G,chip_g1771.tif,0.2507428,T
Model_16_G,chip_g1771.tif,0.2505911,T
Model_16_G,chip_g1771.tif,0.25055006,T
Model_16_G,chip_g1785.tif,0.25463596,F
Model_16_G,chip_g1785.tif,0.25245228,T
Model_16_G,chip_g1785.tif,0.25144476,F
Model_16_G,chip_g1789.tif,0.254299,T
Model_16_G,chip_g1790.tif,0.26575187,T
Model_16_G,chip_g1790.tif,0.2641794,F
Model_16_G,chip_g1790.tif,0.262419,F
Model_16_G,chip_g1790.tif,0.26035076,T
Model_16_G,chip_g1790.tif,0.25820404,F
Model_16_G,chip_g1790.tif,0.254035,F
Model_16_G,chip_g1790.tif,0.25332454,T
Model_16_G,chip_g1790.tif,0.25292924,T
Model_16_G,chip_g1790.tif,0.25061756,F
Model_16_G,chip_g1790.tif,0.2502081,F
Model_16_G,chip_g1791.tif,0.27293983,T
Model_16_G,chip_g1830.tif,0.2673963,T
Model_16_G,chip_g1830.tif,0.25166786,T
Model_16_G,chip_g1851.tif,0.38715947,T
Model_16_G,chip_g1869.tif,0.26360342,F
Model_16_G,chip_g1869.tif,0.25562978,F
Model_16_G,chip_g2020.tif,0.29827383,T
Model_16_G,chip_g2022.tif,0.8521336,T
Model_16_G,chip_g2026.tif,0.8746091,T
Model_16_G,chip_g2026.tif,0.31537718,T
Model_16_G,chip_g2030.tif,0.54717135,T
Model_16_G,chip_g2031.tif,0.69076097,T
Model_16_G,chip_g2181.tif,0.26015088,F
Model_16_G,chip_g2185.tif,0.2536272,F
Model_16_G,chip_g2185.tif,0.25278902,F
Model_16_G,chip_g2185.tif,0.25204855,F
Model_16_G,chip_g2185.tif,0.25147757,F
Model_16_G,chip_g2185.tif,0.2512433,F
Model_16_G,chip_g2185.tif,0.25028062,F
Model_16_G,chip_g2210.tif,0.35455695,T
Model_16_G,chip_g2211.tif,0.2624867,T
Model_16_G,chip_g2220.tif,0.2527829,T
Model_16_G,chip_g2220.tif,0.25054118,T
Model_16_G,chip_g2221.tif,0.28677446,T
Model_16_G,chip_g2221.tif,0.2857603,T
Model_16_G,chip_g2221.tif,0.2822696,T
Model_16_G,chip_g2221.tif,0.26482338,T
Model_16_G,chip_g2224.tif,0.44074315,T
Model_16_G,chip_g2225.tif,0.25354242,T
Model_16_G,chip_g2225.tif,0.25136515,T
Model_16_G,chip_g2225.tif,0.25099152,F
Model_16_G,chip_g2225.tif,0.25009036,T
Model_16_G,chip_g2226.tif,0.46795788,F
Model_16_G,chip_g2249.tif,0.6248043,T
Model_16_G,chip_g2249.tif,0.4232821,T
Model_16_G,chip_g2258.tif,0.40654466,T
Model_16_G,chip_g2258.tif,0.37012383,T
Model_16_G,chip_g2258.tif,0.32359853,T
Model_16_G,chip_g2406.tif,0.30071035,T
Model_16_G,chip_g2406.tif,0.26162565,T
Model_16_G,chip_g2406.tif,0.2593959,T
Model_16_G,chip_g2406.tif,0.25594565,F
Model_16_G,chip_g2407.tif,0.2577573,T
Model_16_G,chip_g2407.tif,0.2549821,F
Model_16_G,chip_g2407.tif,0.25072712,T
Model_16_G,chip_g2411.tif,0.28206918,T
Model_16_G,chip_g2426.tif,0.2596269,T
Model_16_G,chip_g2426.tif,0.2578342,F
Model_16_G,chip_g2426.tif,0.2537507,T
Model_16_G,chip_g2427.tif,0.27924928,T
Model_16_G,chip_g2427.tif,0.25567618,T
Model_16_G,chip_g2427.tif,0.25223187,F
Model_16_G,chip_g2450.tif,0.33610994,T
Model_16_G,chip_g2450.tif,0.27143335,T
Model_16_G,chip_g2451.tif,0.38720053,T
Model_16_G,chip_g2451.tif,0.29017115,T
Model_16_G,chip_g247.tif,0.9071366,T
Model_16_G,chip_g2473.tif,0.5776412,T
Model_16_G,chip_g2475.tif,0.9774169,T
Model_16_G,chip_g2486.tif,0.2721513,T
Model_16_G,chip_g2486.tif,0.25188375,T
Model_16_G,chip_g2487.tif,0.25620148,F
Model_16_G,chip_g2487.tif,0.25541297,T
Model_16_G,chip_g2491.tif,0.26274663,T
Model_16_G,chip_g2491.tif,0.2613715,T
Model_16_G,chip_g2491.tif,0.25656936,T
Model_16_G,chip_g2491.tif,0.2553316,T
Model_16_G,chip_g2491.tif,0.25513825,T
Model_16_G,chip_g2491.tif,0.25485483,T
Model_16_G,chip_g2491.tif,0.25470784,T
Model_16_G,chip_g2494.tif,0.48015106,T
Model_16_G,chip_g2495.tif,0.49961165,T
Model_16_G,chip_g2522.tif,0.409668,F
Model_16_G,chip_g2527.tif,0.4138023,F
Model_16_G,chip_g2527.tif,0.2592702,T
Model_16_G,chip_g2527.tif,0.25040412,F
Model_16_G,chip_g2538.tif,0.26792246,T
Model_16_G,chip_g2538.tif,0.26405182,T
Model_16_G,chip_g2539.tif,0.4090553,T
Model_16_G,chip_g2539.tif,0.32577848,T
Model_16_G,chip_g2539.tif,0.25745714,T
Model_16_G,chip_g2542.tif,0.39428607,T
Model_16_G,chip_g2542.tif,0.37532604,T
Model_16_G,chip_g2586.tif,0.3345223,T
Model_16_G,chip_g2586.tif,0.32455903,F
Model_16_G,chip_g2586.tif,0.3001362,T
Model_16_G,chip_g2603.tif,0.26339012,T
Model_16_G,chip_g2603.tif,0.26255038,T
Model_16_G,chip_g2603.tif,0.25215775,T
Model_16_G,chip_g2603.tif,0.25039303,T
Model_16_G,chip_g2603.tif,0.25029665,T
Model_16_G,chip_g2607.tif,0.32888228,T
Model_16_G,chip_g2607.tif,0.26474556,T
Model_16_G,chip_g2607.tif,0.25776005,F
Model_16_G,chip_g2635.tif,0.28535464,T
Model_16_G,chip_g2642.tif,0.25576997,T
Model_16_G,chip_g2642.tif,0.25420696,T
Model_16_G,chip_g2642.tif,0.25113657,T
Model_16_G,chip_g2647.tif,0.25969306,T
Model_16_G,chip_g2647.tif,0.25902262,T
Model_16_G,chip_g2647.tif,0.25878912,T
Model_16_G,chip_g2647.tif,0.2584424,T
Model_16_G,chip_g2647.tif,0.25825712,T
Model_16_G,chip_g2647.tif,0.25705594,T
Model_16_G,chip_g2647.tif,0.2508016,T
Model_16_G,chip_g265.tif,0.6805091,T
Model_16_G,chip_g2659.tif,0.3562127,F
Model_16_G,chip_g2659.tif,0.34570268,T
Model_16_G,chip_g2667.tif,0.34334096,T
Model_16_G,chip_g2667.tif,0.2941042,T
Model_16_G,chip_g2671.tif,0.9916011,T
Model_16_G,chip_g269.tif,0.2691037,T
Model_16_G,chip_g269.tif,0.25962624,T
Model_16_G,chip_g273.tif,0.2698762,T
Model_16_G,chip_g274.tif,0.40150756,T
Model_16_G,chip_g274.tif,0.35744506,T
Model_16_G,chip_g274.tif,0.34830427,T
Model_16_G,chip_g278.tif,0.46247673,T
Model_16_G,chip_g278.tif,0.33344075,T
Model_16_G,chip_g286.tif,0.95984584,T
Model_16_G,chip_g30.tif,0.5086142,T
Model_16_G,chip_g30.tif,0.40930864,T
Model_16_G,chip_g309.tif,0.29666644,F
Model_16_G,chip_g309.tif,0.28727424,T
Model_16_G,chip_g309.tif,0.27822456,T
Model_16_G,chip_g329.tif,0.41995734,T
Model_16_G,chip_g330.tif,0.9876013,T
Model_16_G,chip_g337.tif,0.83529085,T
Model_16_G,chip_g338.tif,0.9999738,T
Model_16_G,chip_g339.tif,0.9998301,T
Model_16_G,chip_g350.tif,0.7847911,T
Model_16_G,chip_g358.tif,0.88677037,T
Model_16_G,chip_g358.tif,0.26257902,F
Model_16_G,chip_g375.tif,0.9491251,T
Model_16_G,chip_g385.tif,0.32556218,F
Model_16_G,chip_g425.tif,0.2566147,T
Model_16_G,chip_g425.tif,0.25607398,T
Model_16_G,chip_g425.tif,0.25139427,T
Model_16_G,chip_g485.tif,0.28011587,T
Model_16_G,chip_g489.tif,0.27686653,T
Model_16_G,chip_g489.tif,0.26544616,F
Model_16_G,chip_g489.tif,0.2551364,T
Model_16_G,chip_g489.tif,0.2539356,F
Model_16_G,chip_g489.tif,0.25321892,F
Model_16_G,chip_g489.tif,0.25224215,F
Model_16_G,chip_g497.tif,0.25544336,F
Model_16_G,chip_g56.tif,0.33878717,T
Model_16_G,chip_g56.tif,0.31610066,T
Model_16_G,chip_g56.tif,0.29631835,T
Model_16_G,chip_g57.tif,0.624797,T
Model_16_G,chip_g57.tif,0.41646102,T
Model_16_G,chip_g67.tif,0.28827164,T
Model_16_G,chip_g67.tif,0.27841017,T
Model_16_G,chip_g67.tif,0.2532746,T
Model_16_G,chip_g67.tif,0.25026447,T
Model_16_G,chip_g810.tif,0.33342597,F
Model_16_G,chip_g810.tif,0.2520649,F
Model_16_G,chip_g82.tif,0.2659742,T
Model_16_G,chip_g82.tif,0.2641281,T
Model_16_G,chip_g82.tif,0.25562006,T
Model_16_G,chip_g82.tif,0.2545255,F
Model_16_G,chip_g82.tif,0.2502145,T
Model_16_G,chip_g906.tif,0.51343197,T
Model_16_G,chip_g906.tif,0.34012792,T
Model_16_G,chip_g91.tif,0.5272512,T
Model_16_G,chip_g925.tif,0.32494196,T
Model_16_G,chip_g93.tif,0.42541653,T
Model_16_G,chip_g93.tif,0.41391346,T
Model_16_G,chip_g93.tif,0.26086867,T
Model_16_G,chip_g930.tif,0.6470053,T
Model_16_G,chip_g930.tif,0.38442108,T
Model_16_G,chip_g930.tif,0.3027741,T
Model_16_G,chip_g950.tif,0.38349158,F
Model_16_G,chip_g985.tif,0.28227425,T
Model_16_G,chip_g990.tif,0.39389497,T
Model_16_G,chip_g999.tif,0.25675517,F
Model_16_G,chip_g999.tif,0.25508207,F
Model_16_G,chip_g999.tif,0.2540977,F
Model_16_G,chip_g999.tif,0.25235704,F
Model_16_G,chip_g999.tif,0.25186062,T
Model_16_G,chip_g999.tif,0.25173438,F
Model_16_G,chip_g999.tif,0.25168708,T
Model_16_G,chip_g999.tif,0.25153327,T
Model_16_NIR,chip_nir1013.tif,0.9998635,T
Model_16_NIR,chip_nir1018.tif,0.7312239,T
Model_16_NIR,chip_nir102.tif,0.27394047,T
Model_16_NIR,chip_nir102.tif,0.27106243,T
Model_16_NIR,chip_nir102.tif,0.26845455,T
Model_16_NIR,chip_nir102.tif,0.26040787,T
Model_16_NIR,chip_nir102.tif,0.2603749,T
Model_16_NIR,chip_nir102.tif,0.25624698,T
Model_16_NIR,chip_nir102.tif,0.25075495,T
Model_16_NIR,chip_nir1020.tif,0.26186147,T
Model_16_NIR,chip_nir1020.tif,0.25270104,T
Model_16_NIR,chip_nir1025.tif,0.9877059,F
Model_16_NIR,chip_nir1027.tif,0.8716058,T
Model_16_NIR,chip_nir1031.tif,0.3129394,T
Model_16_NIR,chip_nir106.tif,0.31539857,T
Model_16_NIR,chip_nir106.tif,0.29040122,T
Model_16_NIR,chip_nir106.tif,0.28992558,T
Model_16_NIR,chip_nir106.tif,0.2824797,T
Model_16_NIR,chip_nir107.tif,0.27629545,T
Model_16_NIR,chip_nir107.tif,0.27201524,T
Model_16_NIR,chip_nir107.tif,0.25225684,T
Model_16_NIR,chip_nir109.tif,0.2630574,T
Model_16_NIR,chip_nir1113.tif,0.43372285,T
Model_16_NIR,chip_nir1126.tif,0.420411,T
Model_16_NIR,chip_nir1126.tif,0.2921417,T
Model_16_NIR,chip_nir1127.tif,0.46264654,T
Model_16_NIR,chip_nir113.tif,0.73942524,T
Model_16_NIR,chip_nir1133.tif,0.35214332,T
Model_16_NIR,chip_nir1143.tif,0.99846727,T
Model_16_NIR,chip_nir1146.tif,0.44374081,T
Model_16_NIR,chip_nir1146.tif,0.40704045,T
Model_16_NIR,chip_nir1146.tif,0.37222505,T
Model_16_NIR,chip_nir117.tif,0.29549688,T
Model_16_NIR,chip_nir1188.tif,0.25295857,F
Model_16_NIR,chip_nir1188.tif,0.2501228,F
Model_16_NIR,chip_nir1212.tif,0.25475562,F
Model_16_NIR,chip_nir1212.tif,0.25264326,F
Model_16_NIR,chip_nir1212.tif,0.25180233,F
Model_16_NIR,chip_nir1212.tif,0.25127918,F
Model_16_NIR,chip_nir1212.tif,0.2509412,F
Model_16_NIR,chip_nir1212.tif,0.25043955,F
Model_16_NIR,chip_nir1212.tif,0.2503432,F
Model_16_NIR,chip_nir1212.tif,0.25032017,F
Model_16_NIR,chip_nir1216.tif,0.25055164,T
Model_16_NIR,chip_nir122.tif,0.2625522,T
Model_16_NIR,chip_nir122.tif,0.25842872,T
Model_16_NIR,chip_nir122.tif,0.25060883,T
Model_16_NIR,chip_nir1235.tif,0.25005326,F
Model_16_NIR,chip_nir129.tif,0.25668603,T
Model_16_NIR,chip_nir129.tif,0.25437063,F
Model_16_NIR,chip_nir1309.tif,0.39533594,F
Model_16_NIR,chip_nir131.tif,0.6588196,T
Model_16_NIR,chip_nir1313.tif,0.42949015,T
Model_16_NIR,chip_nir1353.tif,0.99813986,T
Model_16_NIR,chip_nir1355.tif,0.84627885,T
Model_16_NIR,chip_nir1355.tif,0.30852783,T
Model_16_NIR,chip_nir1379.tif,0.34326637,T
Model_16_NIR,chip_nir1379.tif,0.30782452,T
Model_16_NIR,chip_nir1379.tif,0.26554298,F
Model_16_NIR,chip_nir1389.tif,0.59959453,T
Model_16_NIR,chip_nir1389.tif,0.3375582,T
Model_16_NIR,chip_nir141.tif,0.25386798,T
Model_16_NIR,chip_nir141.tif,0.25253066,T
Model_16_NIR,chip_nir1416.tif,0.25297412,F
Model_16_NIR,chip_nir1425.tif,0.3041806,F
Model_16_NIR,chip_nir143.tif,0.26292714,F
Model_16_NIR,chip_nir143.tif,0.2522611,F
Model_16_NIR,chip_nir1449.tif,0.5500469,T
Model_16_NIR,chip_nir1449.tif,0.5256557,T
Model_16_NIR,chip_nir146.tif,0.28255016,T
Model_16_NIR,chip_nir146.tif,0.25221333,T
Model_16_NIR,chip_nir1462.tif,0.28655985,T
Model_16_NIR,chip_nir1465.tif,0.88672376,T
Model_16_NIR,chip_nir1465.tif,0.25448737,F
Model_16_NIR,chip_nir147.tif,0.26366922,T
Model_16_NIR,chip_nir147.tif,0.25343627,T
Model_16_NIR,chip_nir1470.tif,0.6518658,T
Model_16_NIR,chip_nir1482.tif,0.26438025,F
Model_16_NIR,chip_nir1545.tif,0.3244327,F
Model_16_NIR,chip_nir1569.tif,0.45338657,T
Model_16_NIR,chip_nir157.tif,0.4244031,T
Model_16_NIR,chip_nir1586.tif,0.29935578,F
Model_16_NIR,chip_nir1594.tif,0.5571896,T
Model_16_NIR,chip_nir1594.tif,0.47336924,T
Model_16_NIR,chip_nir1598.tif,0.62071913,T
Model_16_NIR,chip_nir1598.tif,0.59866667,T
Model_16_NIR,chip_nir1599.tif,0.70190036,T
Model_16_NIR,chip_nir1599.tif,0.63387114,T
Model_16_NIR,chip_nir1625.tif,0.264961,F
Model_16_NIR,chip_nir1630.tif,0.43055642,T
Model_16_NIR,chip_nir1657.tif,0.2693822,F
Model_16_NIR,chip_nir1691.tif,0.33790588,T
Model_16_NIR,chip_nir1709.tif,0.25995252,T
Model_16_NIR,chip_nir1709.tif,0.2597474,F
Model_16_NIR,chip_nir1709.tif,0.25972506,F
Model_16_NIR,chip_nir1709.tif,0.25558236,T
Model_16_NIR,chip_nir1709.tif,0.25125948,F
Model_16_NIR,chip_nir1710.tif,0.52161694,F
Model_16_NIR,chip_nir1769.tif,0.2714882,T
Model_16_NIR,chip_nir1785.tif,0.27563697,F
Model_16_NIR,chip_nir1785.tif,0.25153303,F
Model_16_NIR,chip_nir1791.tif,0.29162177,T
Model_16_NIR,chip_nir1802.tif,0.99492466,T
Model_16_NIR,chip_nir1825.tif,0.25719842,T
Model_16_NIR,chip_nir1825.tif,0.25567508,T
Model_16_NIR,chip_nir1825.tif,0.25561273,T
Model_16_NIR,chip_nir1825.tif,0.25524417,T
Model_16_NIR,chip_nir1825.tif,0.25410664,T
Model_16_NIR,chip_nir1825.tif,0.2537893,T
Model_16_NIR,chip_nir1825.tif,0.2537022,T
Model_16_NIR,chip_nir1825.tif,0.2535937,T
Model_16_NIR,chip_nir1825.tif,0.25299644,T
Model_16_NIR,chip_nir1825.tif,0.25248697,T
Model_16_NIR,chip_nir1825.tif,0.25098923,T
Model_16_NIR,chip_nir1830.tif,0.25495452,F
Model_16_NIR,chip_nir1830.tif,0.25045148,F
Model_16_NIR,chip_nir1830.tif,0.25040552,F
Model_16_NIR,chip_nir1850.tif,0.28646168,T
Model_16_NIR,chip_nir1865.tif,0.26770678,F
Model_16_NIR,chip_nir1865.tif,0.25742945,F
Model_16_NIR,chip_nir1865.tif,0.25009525,F
Model_16_NIR,chip_nir1925.tif,0.25689116,F
Model_16_NIR,chip_nir1925.tif,0.25476098,F
Model_16_NIR,chip_nir1949.tif,0.26321712,F
Model_16_NIR,chip_nir1969.tif,0.2564626,F
Model_16_NIR,chip_nir1969.tif,0.25484392,F
Model_16_NIR,chip_nir2023.tif,0.28844622,T
Model_16_NIR,chip_nir2029.tif,0.68067443,T
Model_16_NIR,chip_nir2085.tif,0.25774002,F
Model_16_NIR,chip_nir2220.tif,0.2626108,T
Model_16_NIR,chip_nir2221.tif,0.25653642,F
Model_16_NIR,chip_nir2224.tif,0.267745,T
Model_16_NIR,chip_nir2245.tif,0.5758659,T
Model_16_NIR,chip_nir2245.tif,0.56660295,T
Model_16_NIR,chip_nir2251.tif,0.36851645,T
Model_16_NIR,chip_nir2253.tif,0.7131911,T
Model_16_NIR,chip_nir2406.tif,0.26698238,T
Model_16_NIR,chip_nir2469.tif,0.61776227,T
Model_16_NIR,chip_nir2469.tif,0.36196584,F
Model_16_NIR,chip_nir2473.tif,0.6689839,T
Model_16_NIR,chip_nir2487.tif,0.25313246,T
Model_16_NIR,chip_nir2487.tif,0.25038084,F
Model_16_NIR,chip_nir2506.tif,0.42902982,T
Model_16_NIR,chip_nir2510.tif,0.2604119,T
Model_16_NIR,chip_nir2510.tif,0.25366446,F
Model_16_NIR,chip_nir2510.tif,0.25305843,T
Model_16_NIR,chip_nir2511.tif,0.26109716,F
Model_16_NIR,chip_nir2511.tif,0.25987628,T
Model_16_NIR,chip_nir2511.tif,0.25839505,T
Model_16_NIR,chip_nir2511.tif,0.2516032,T
Model_16_NIR,chip_nir2518.tif,0.29566202,F
Model_16_NIR,chip_nir2518.tif,0.27351582,T
Model_16_NIR,chip_nir2518.tif,0.25730193,T
Model_16_NIR,chip_nir2526.tif,0.25814405,T
Model_16_NIR,chip_nir2526.tif,0.2516623,T
Model_16_NIR,chip_nir2526.tif,0.2504284,F
Model_16_NIR,chip_nir2533.tif,0.2544527,T
Model_16_NIR,chip_nir2534.tif,0.26601502,T
Model_16_NIR,chip_nir2534.tif,0.25116116,T
Model_16_NIR,chip_nir2537.tif,0.5544402,T
Model_16_NIR,chip_nir2537.tif,0.38389668,T
Model_16_NIR,chip_nir2539.tif,0.5365543,T
Model_16_NIR,chip_nir2539.tif,0.34251398,T
Model_16_NIR,chip_nir2539.tif,0.3003574,T
Model_16_NIR,chip_nir2562.tif,0.25343138,T
Model_16_NIR,chip_nir2562.tif,0.25110072,T
Model_16_NIR,chip_nir2582.tif,0.25743002,T
Model_16_NIR,chip_nir2582.tif,0.25549945,F
Model_16_NIR,chip_nir2602.tif,0.25000077,T
Model_16_NIR,chip_nir2603.tif,0.26557368,T
Model_16_NIR,chip_nir2603.tif,0.26131797,T
Model_16_NIR,chip_nir2603.tif,0.25838467,T
Model_16_NIR,chip_nir2603.tif,0.25585446,T
Model_16_NIR,chip_nir2603.tif,0.2553357,T
Model_16_NIR,chip_nir2622.tif,0.26099405,T
Model_16_NIR,chip_nir2622.tif,0.258748,T
Model_16_NIR,chip_nir2622.tif,0.2541776,F
Model_16_NIR,chip_nir2626.tif,0.26785237,T
Model_16_NIR,chip_nir2626.tif,0.2606474,T
Model_16_NIR,chip_nir2626.tif,0.25216892,T
Model_16_NIR,chip_nir2626.tif,0.25174838,F
Model_16_NIR,chip_nir2626.tif,0.251664,F
Model_16_NIR,chip_nir2631.tif,0.29957768,T
Model_16_NIR,chip_nir2642.tif,0.25686392,F
Model_16_NIR,chip_nir2642.tif,0.25342405,T
Model_16_NIR,chip_nir2642.tif,0.25331673,T
Model_16_NIR,chip_nir2643.tif,0.25845212,T
Model_16_NIR,chip_nir2643.tif,0.2579178,F
Model_16_NIR,chip_nir2661.tif,0.2557669,T
Model_16_NIR,chip_nir2661.tif,0.25175908,T
Model_16_NIR,chip_nir2665.tif,0.2805813,T
Model_16_NIR,chip_nir2665.tif,0.27210099,F
Model_16_NIR,chip_nir2665.tif,0.2522165,T
Model_16_NIR,chip_nir2667.tif,0.28222403,T
Model_16_NIR,chip_nir2670.tif,0.49340156,T
Model_16_NIR,chip_nir269.tif,0.2681319,T
Model_16_NIR,chip_nir269.tif,0.26373178,T
Model_16_NIR,chip_nir28.tif,0.2690812,F
Model_16_NIR,chip_nir28.tif,0.26218936,F
Model_16_NIR,chip_nir28.tif,0.25440198,F
Model_16_NIR,chip_nir28.tif,0.25198385,F
Model_16_NIR,chip_nir283.tif,0.26191208,F
Model_16_NIR,chip_nir286.tif,0.93794996,T
Model_16_NIR,chip_nir289.tif,0.6693787,T
Model_16_NIR,chip_nir30.tif,0.40026543,T
Model_16_NIR,chip_nir30.tif,0.39840448,T
Model_16_NIR,chip_nir31.tif,0.3888262,T
Model_16_NIR,chip_nir31.tif,0.34594917,T
Model_16_NIR,chip_nir315.tif,0.31752962,T
Model_16_NIR,chip_nir319.tif,0.8323496,T
Model_16_NIR,chip_nir32.tif,0.2581514,F
Model_16_NIR,chip_nir33.tif,0.2661997,F
Model_16_NIR,chip_nir333.tif,0.4407359,T
Model_16_NIR,chip_nir354.tif,0.76660097,T
Model_16_NIR,chip_nir354.tif,0.34368974,F
Model_16_NIR,chip_nir355.tif,0.81583506,F
Model_16_NIR,chip_nir355.tif,0.38418186,T
Model_16_NIR,chip_nir379.tif,0.994885,T
Model_16_NIR,chip_nir495.tif,0.25487036,T
Model_16_NIR,chip_nir495.tif,0.25469103,T
Model_16_NIR,chip_nir495.tif,0.25453758,T
Model_16_NIR,chip_nir495.tif,0.2539093,T
Model_16_NIR,chip_nir495.tif,0.25256377,F
Model_16_NIR,chip_nir57.tif,0.7499879,T
Model_16_NIR,chip_nir57.tif,0.3600633,T
Model_16_NIR,chip_nir70.tif,0.99871993,T
Model_16_NIR,chip_nir73.tif,0.30720314,F
Model_16_NIR,chip_nir73.tif,0.28346306,F
Model_16_NIR,chip_nir77.tif,0.28984308,F
Model_16_NIR,chip_nir802.tif,0.3044399,F
Model_16_NIR,chip_nir82.tif,0.27039635,T
Model_16_NIR,chip_nir82.tif,0.26717082,F
Model_16_NIR,chip_nir82.tif,0.266816,T
Model_16_NIR,chip_nir82.tif,0.25737315,T
Model_16_NIR,chip_nir82.tif,0.25403792,F
Model_16_NIR,chip_nir86.tif,0.2743621,T
Model_16_NIR,chip_nir86.tif,0.27423394,T
Model_16_NIR,chip_nir86.tif,0.2658346,T
Model_16_NIR,chip_nir90.tif,0.27310368,T
Model_16_NIR,chip_nir906.tif,0.32979015,T
Model_16_NIR,chip_nir93.tif,0.5644125,T
Model_16_NIR,chip_nir93.tif,0.35097513,T
Model_16_NIR,chip_nir930.tif,0.69354576,T
Model_16_NIR,chip_nir930.tif,0.5002908,T
Model_16_NIR,chip_nir942.tif,0.28642848,F
Model_16_NIR,chip_nir947.tif,0.38309154,F
Model_16_NIR,chip_nir947.tif,0.37689707,F
Model_16_NIR,chip_nir961.tif,0.27424058,F
Model_16_NIR,chip_nir961.tif,0.26474217,F
Model_16_NIR,chip_nir961.tif,0.25107786,T
Model_16_NIR,chip_nir965.tif,0.2809567,F
Model_16_NIR,chip_nir966.tif,0.2692179,T
Model_16_NIR,chip_nir966.tif,0.26223665,T
Model_16_NIR,chip_nir97.tif,0.36664134,T
Model_16_NIR,chip_nir97.tif,0.33851072,T
Model_16_NIR,chip_nir990.tif,0.260589,T
Model_16_NIR,chip_nir990.tif,0.259763,T
Model_16_NIR,chip_nir994.tif,0.2576921,T
Model_16_NIR,chip_nir994.tif,0.25410777,F
Model_16_NIR,chip_nir994.tif,0.25187358,F
Model_16_NIR,chip_nir998.tif,0.25429562,F
Model_16_NIR,chip_nir998.tif,0.25262946,F
Model_16_NIR,chip_nir998.tif,0.25163123,T
Model_16_R,chip_r1008.tif,0.4944152,T
Model_16_R,chip_r1008.tif,0.38277033,T
Model_16_R,chip_r1008.tif,0.3357719,T
Model_16_R,chip_r1008.tif,0.29302064,T
Model_16_R,chip_r1008.tif,0.26574147,F
Model_16_R,chip_r1013.tif,0.9999696,T
Model_16_R,chip_r1015.tif,0.99992216,T
Model_16_R,chip_r1033.tif,0.9523032,T
Model_16_R,chip_r1037.tif,0.9992817,T
Model_16_R,chip_r106.tif,0.3148984,T
Model_16_R,chip_r106.tif,0.29118127,T
Model_16_R,chip_r106.tif,0.27612114,T
Model_16_R,chip_r106.tif,0.2630331,T
Model_16_R,chip_r107.tif,0.3654487,T
Model_16_R,chip_r107.tif,0.29469466,T
Model_16_R,chip_r107.tif,0.287504,F
Model_16_R,chip_r107.tif,0.2622324,T
Model_16_R,chip_r1107.tif,0.89053696,T
Model_16_R,chip_r1126.tif,0.45459035,T
Model_16_R,chip_r1126.tif,0.3442563,T
Model_16_R,chip_r1127.tif,0.38279757,T
Model_16_R,chip_r1127.tif,0.33943486,T
Model_16_R,chip_r1136.tif,0.27852455,F
Model_16_R,chip_r1149.tif,0.5783434,F
Model_16_R,chip_r1167.tif,0.25849193,T
Model_16_R,chip_r1169.tif,0.29408425,F
Model_16_R,chip_r1169.tif,0.2720306,F
Model_16_R,chip_r1169.tif,0.2620985,T
Model_16_R,chip_r1212.tif,0.2645948,F
Model_16_R,chip_r1212.tif,0.253343,F
Model_16_R,chip_r1212.tif,0.2524345,F
Model_16_R,chip_r1212.tif,0.2505983,F
Model_16_R,chip_r1236.tif,0.26067218,T
Model_16_R,chip_r1238.tif,0.35326442,F
Model_16_R,chip_r1239.tif,0.45682406,F
Model_16_R,chip_r1239.tif,0.2891073,T
Model_16_R,chip_r1239.tif,0.2697739,F
Model_16_R,chip_r1252.tif,0.29197246,T
Model_16_R,chip_r1252.tif,0.2797906,F
Model_16_R,chip_r1252.tif,0.2695927,F
Model_16_R,chip_r1266.tif,0.30559453,F
Model_16_R,chip_r127.tif,0.2828235,T
Model_16_R,chip_r127.tif,0.2687883,T
Model_16_R,chip_r127.tif,0.2564978,T
Model_16_R,chip_r127.tif,0.2561823,T
Model_16_R,chip_r127.tif,0.2544984,T
Model_16_R,chip_r127.tif,0.25176954,F
Model_16_R,chip_r1286.tif,0.96743226,T
Model_16_R,chip_r1286.tif,0.47910166,T
Model_16_R,chip_r129.tif,0.27171534,T
Model_16_R,chip_r130.tif,0.30702984,T
Model_16_R,chip_r1309.tif,0.8380085,F
Model_16_R,chip_r1317.tif,0.43976334,T
Model_16_R,chip_r1354.tif,0.7980484,T
Model_16_R,chip_r1358.tif,0.8474438,T
Model_16_R,chip_r1358.tif,0.29116726,T
Model_16_R,chip_r1359.tif,0.40065235,T
Model_16_R,chip_r1359.tif,0.39659333,T
Model_16_R,chip_r1359.tif,0.38766217,T
Model_16_R,chip_r1374.tif,0.51766443,T
Model_16_R,chip_r1374.tif,0.47871777,T
Model_16_R,chip_r1374.tif,0.45984656,T
Model_16_R,chip_r1375.tif,0.33073518,T
Model_16_R,chip_r1375.tif,0.28544107,T
Model_16_R,chip_r1378.tif,0.5475258,T
Model_16_R,chip_r1378.tif,0.45804211,T
Model_16_R,chip_r1379.tif,0.33803755,T
Model_16_R,chip_r1379.tif,0.32093066,T
Model_16_R,chip_r1379.tif,0.31114578,F
Model_16_R,chip_r1379.tif,0.25895584,T
Model_16_R,chip_r1388.tif,0.42625043,F
Model_16_R,chip_r1389.tif,0.58625835,T
Model_16_R,chip_r1400.tif,0.26641855,F
Model_16_R,chip_r1409.tif,0.3581017,T
Model_16_R,chip_r1416.tif,0.30338496,F
Model_16_R,chip_r1435.tif,0.9993349,T
Model_16_R,chip_r1465.tif,0.73314065,T
Model_16_R,chip_r1465.tif,0.273277,T
Model_16_R,chip_r1470.tif,0.8908312,T
Model_16_R,chip_r1471.tif,0.5804094,T
Model_16_R,chip_r1475.tif,0.4687669,T
Model_16_R,chip_r1475.tif,0.35341322,T
Model_16_R,chip_r1475.tif,0.34396428,F
Model_16_R,chip_r1475.tif,0.30182934,T
Model_16_R,chip_r1475.tif,0.2638329,T
Model_16_R,chip_r1475.tif,0.25347784,T
Model_16_R,chip_r1479.tif,0.33422697,T
Model_16_R,chip_r1479.tif,0.3144916,T
Model_16_R,chip_r1479.tif,0.28993702,T
Model_16_R,chip_r1479.tif,0.28892407,T
Model_16_R,chip_r1479.tif,0.26411015,T
Model_16_R,chip_r1483.tif,0.25201237,T
Model_16_R,chip_r1486.tif,0.2733483,F
Model_16_R,chip_r1489.tif,0.2741162,T
Model_16_R,chip_r1498.tif,0.40614343,F
Model_16_R,chip_r1498.tif,0.31396285,F
Model_16_R,chip_r1529.tif,0.9862446,T
Model_16_R,chip_r1560.tif,0.65448195,T
Model_16_R,chip_r1586.tif,0.85083777,T
Model_16_R,chip_r1590.tif,0.5321549,T
Model_16_R,chip_r1594.tif,0.5269386,T
Model_16_R,chip_r1594.tif,0.5229497,T
Model_16_R,chip_r1605.tif,0.27333063,F
Model_16_R,chip_r1605.tif,0.25686613,F
Model_16_R,chip_r1605.tif,0.25437102,F
Model_16_R,chip_r1605.tif,0.25116515,F
Model_16_R,chip_r1617.tif,0.33502126,T
Model_16_R,chip_r1617.tif,0.2585549,F
Model_16_R,chip_r1618.tif,0.34988707,T
Model_16_R,chip_r1658.tif,0.2774962,T
Model_16_R,chip_r1658.tif,0.26925394,T
Model_16_R,chip_r1674.tif,0.45050535,T
Model_16_R,chip_r1678.tif,0.26158878,T
Model_16_R,chip_r169.tif,0.2717668,T
Model_16_R,chip_r1693.tif,0.4107783,F
Model_16_R,chip_r1711.tif,0.6377108,T
Model_16_R,chip_r1711.tif,0.31189948,T
Model_16_R,chip_r1731.tif,0.398156,F
Model_16_R,chip_r1746.tif,0.9995546,T
Model_16_R,chip_r1749.tif,0.2611823,F
Model_16_R,chip_r1749.tif,0.2536675,T
Model_16_R,chip_r1785.tif,0.26720607,F
Model_16_R,chip_r1785.tif,0.2505677,F
Model_16_R,chip_r1785.tif,0.25050598,T
Model_16_R,chip_r1806.tif,0.50266135,T
Model_16_R,chip_r1806.tif,0.4078312,T
Model_16_R,chip_r1807.tif,0.41048598,T
Model_16_R,chip_r1807.tif,0.27819216,T
Model_16_R,chip_r1831.tif,0.2672387,T
Model_16_R,chip_r1845.tif,0.28784424,T
Model_16_R,chip_r1849.tif,0.25376585,T
Model_16_R,chip_r1849.tif,0.25047803,F
Model_16_R,chip_r1869.tif,0.26704514,F
Model_16_R,chip_r1869.tif,0.26213044,T
Model_16_R,chip_r1869.tif,0.26183027,F
Model_16_R,chip_r1869.tif,0.253558,F
Model_16_R,chip_r1869.tif,0.25184768,F
Model_16_R,chip_r1929.tif,0.27203175,T
Model_16_R,chip_r1929.tif,0.2617204,T
Model_16_R,chip_r2022.tif,0.6071212,T
Model_16_R,chip_r2025.tif,0.7531042,T
Model_16_R,chip_r2025.tif,0.36093807,T
Model_16_R,chip_r2029.tif,0.27966705,T
Model_16_R,chip_r2181.tif,0.25911102,T
Model_16_R,chip_r2181.tif,0.25398198,T
Model_16_R,chip_r2181.tif,0.2525861,F
Model_16_R,chip_r2210.tif,0.4202101,T
Model_16_R,chip_r2220.tif,0.26111138,T
Model_16_R,chip_r2220.tif,0.25969696,F
Model_16_R,chip_r2220.tif,0.25251204,T
Model_16_R,chip_r2220.tif,0.25083685,T
Model_16_R,chip_r2221.tif,0.47113556,T
Model_16_R,chip_r2221.tif,0.39424857,T
Model_16_R,chip_r2221.tif,0.30541423,T
Model_16_R,chip_r2225.tif,0.25438243,F
Model_16_R,chip_r2225.tif,0.2527182,F
Model_16_R,chip_r2225.tif,0.2520599,T
Model_16_R,chip_r2240.tif,0.44412354,T
Model_16_R,chip_r2240.tif,0.30994403,T
Model_16_R,chip_r2240.tif,0.291057,T
Model_16_R,chip_r2245.tif,0.7130116,T
Model_16_R,chip_r2245.tif,0.43381193,T
Model_16_R,chip_r2250.tif,0.95338035,T
Model_16_R,chip_r2251.tif,0.34385717,T
Model_16_R,chip_r2253.tif,0.84731627,T
Model_16_R,chip_r2257.tif,0.96702474,T
Model_16_R,chip_r2406.tif,0.2725518,F
Model_16_R,chip_r2406.tif,0.26250774,T
Model_16_R,chip_r2406.tif,0.25159186,T
Model_16_R,chip_r2407.tif,0.26590312,T
Model_16_R,chip_r2407.tif,0.25432238,T
Model_16_R,chip_r2410.tif,0.6421056,T
Model_16_R,chip_r2427.tif,0.27523187,T
Model_16_R,chip_r2427.tif,0.2519518,T
Model_16_R,chip_r247.tif,0.9431296,T
Model_16_R,chip_r2474.tif,0.8970951,T
Model_16_R,chip_r2487.tif,0.2807279,F
Model_16_R,chip_r2487.tif,0.25279886,F
Model_16_R,chip_r2487.tif,0.2501975,F
Model_16_R,chip_r2490.tif,0.30096355,T
Model_16_R,chip_r2490.tif,0.2688362,F
Model_16_R,chip_r2490.tif,0.2578205,T
Model_16_R,chip_r2490.tif,0.2551664,F
Model_16_R,chip_r2490.tif,0.25294778,T
Model_16_R,chip_r2490.tif,0.25248808,T
Model_16_R,chip_r2490.tif,0.25201216,F
Model_16_R,chip_r2490.tif,0.25067413,T
Model_16_R,chip_r2498.tif,0.51414335,F
Model_16_R,chip_r2499.tif,0.43648216,F
Model_16_R,chip_r2511.tif,0.25242233,F
Model_16_R,chip_r2523.tif,0.4583958,F
Model_16_R,chip_r2533.tif,0.37867656,T
Model_16_R,chip_r2533.tif,0.29596627,F
Model_16_R,chip_r2538.tif,0.26730722,F
Model_16_R,chip_r2538.tif,0.2590421,T
Model_16_R,chip_r2538.tif,0.25380743,T
Model_16_R,chip_r2538.tif,0.2512078,T
Model_16_R,chip_r2539.tif,0.26189393,T
Model_16_R,chip_r2562.tif,0.25285453,T
Model_16_R,chip_r2562.tif,0.25275075,T
Model_16_R,chip_r2562.tif,0.2524836,T
Model_16_R,chip_r2562.tif,0.25028548,T
Model_16_R,chip_r2562.tif,0.25002548,T
Model_16_R,chip_r2567.tif,0.2570335,F
Model_16_R,chip_r2567.tif,0.2507898,F
Model_16_R,chip_r2582.tif,0.2606367,T
Model_16_R,chip_r2582.tif,0.25965294,T
Model_16_R,chip_r2587.tif,0.27182668,T
Model_16_R,chip_r2602.tif,0.2591138,T
Model_16_R,chip_r2602.tif,0.25907114,F
Model_16_R,chip_r2602.tif,0.2507265,T
Model_16_R,chip_r2603.tif,0.2607464,T
Model_16_R,chip_r2603.tif,0.2571271,T
Model_16_R,chip_r2603.tif,0.25384864,T
Model_16_R,chip_r2603.tif,0.25099126,T
Model_16_R,chip_r2606.tif,0.3659712,T
Model_16_R,chip_r2606.tif,0.2767522,T
Model_16_R,chip_r2606.tif,0.27484012,T
Model_16_R,chip_r2606.tif,0.2649219,T
Model_16_R,chip_r2606.tif,0.25306863,F
Model_16_R,chip_r2606.tif,0.25097314,F
Model_16_R,chip_r2626.tif,0.2551901,T
Model_16_R,chip_r2627.tif,0.2654553,T
Model_16_R,chip_r2627.tif,0.2559988,F
Model_16_R,chip_r2627.tif,0.2534213,T
Model_16_R,chip_r2627.tif,0.25168884,F
Model_16_R,chip_r2635.tif,0.2936436,T
Model_16_R,chip_r2635.tif,0.26957682,T
Model_16_R,chip_r2642.tif,0.27825773,T
Model_16_R,chip_r2642.tif,0.26467347,T
Model_16_R,chip_r2643.tif,0.26071516,T
Model_16_R,chip_r2658.tif,0.99547946,T
Model_16_R,chip_r2667.tif,0.28993332,T
Model_16_R,chip_r2667.tif,0.28222758,F
Model_16_R,chip_r2673.tif,0.39618328,T
Model_16_R,chip_r2673.tif,0.3226902,F
Model_16_R,chip_r2673.tif,0.31066397,F
Model_16_R,chip_r286.tif,0.99759334,T
Model_16_R,chip_r287.tif,0.7730181,T
Model_16_R,chip_r309.tif,0.49600932,T
Model_16_R,chip_r309.tif,0.41088748,T
Model_16_R,chip_r318.tif,0.99742943,T
Model_16_R,chip_r330.tif,0.5654087,T
Model_16_R,chip_r339.tif,0.9994492,T
Model_16_R,chip_r359.tif,0.99980503,T
Model_16_R,chip_r369.tif,0.7134974,T
Model_16_R,chip_r378.tif,0.3771364,T
Model_16_R,chip_r379.tif,0.9009264,T
Model_16_R,chip_r384.tif,0.28337222,F
Model_16_R,chip_r384.tif,0.26065856,F
Model_16_R,chip_r384.tif,0.2602055,T
Model_16_R,chip_r384.tif,0.25665867,T
Model_16_R,chip_r384.tif,0.2521608,T
Model_16_R,chip_r384.tif,0.25203606,T
Model_16_R,chip_r384.tif,0.2503255,T
Model_16_R,chip_r405.tif,0.2620662,F
Model_16_R,chip_r48.tif,0.4487872,T
Model_16_R,chip_r48.tif,0.3719002,T
Model_16_R,chip_r48.tif,0.27187434,T
Model_16_R,chip_r484.tif,0.26799554,T
Model_16_R,chip_r485.tif,0.2697224,T
Model_16_R,chip_r489.tif,0.26458985,T
Model_16_R,chip_r489.tif,0.25281098,T
Model_16_R,chip_r493.tif,0.2638146,T
Model_16_R,chip_r493.tif,0.26340565,F
Model_16_R,chip_r498.tif,0.26045474,F
Model_16_R,chip_r498.tif,0.25465637,F
Model_16_R,chip_r52.tif,0.334703,T
Model_16_R,chip_r52.tif,0.25994673,T
Model_16_R,chip_r61.tif,0.26623708,T
Model_16_R,chip_r61.tif,0.2597678,T
Model_16_R,chip_r61.tif,0.25899193,T
Model_16_R,chip_r61.tif,0.25731632,T
Model_16_R,chip_r61.tif,0.25330976,T
Model_16_R,chip_r61.tif,0.25159642,F
Model_16_R,chip_r61.tif,0.25040007,F
Model_16_R,chip_r62.tif,0.2848857,T
Model_16_R,chip_r62.tif,0.2816708,T
Model_16_R,chip_r62.tif,0.26765695,T
Model_16_R,chip_r66.tif,0.29192498,T
Model_16_R,chip_r66.tif,0.25815356,T
Model_16_R,chip_r66.tif,0.25466555,T
Model_16_R,chip_r69.tif,0.45623296,T
Model_16_R,chip_r709.tif,0.25894246,T
Model_16_R,chip_r709.tif,0.25161183,F
Model_16_R,chip_r709.tif,0.25017264,T
Model_16_R,chip_r802.tif,0.27722007,F
Model_16_R,chip_r802.tif,0.25033584,F
Model_16_R,chip_r802.tif,0.25013945,F
Model_16_R,chip_r83.tif,0.26499462,T
Model_16_R,chip_r83.tif,0.26266286,T
Model_16_R,chip_r83.tif,0.2608796,T
Model_16_R,chip_r83.tif,0.25991404,T
Model_16_R,chip_r83.tif,0.25964725,T
Model_16_R,chip_r83.tif,0.25633883,T
Model_16_R,chip_r86.tif,0.30010962,T
Model_16_R,chip_r86.tif,0.26854748,T
Model_16_R,chip_r86.tif,0.26464254,T
Model_16_R,chip_r86.tif,0.2603158,T
Model_16_R,chip_r966.tif,0.2667683,T
Model_16_R,chip_r966.tif,0.2573848,T
Model_16_R,chip_r97.tif,0.44441128,T
Model_16_R,chip_r97.tif,0.27848053,T
Model_16_R,chip_r970.tif,0.28892878,F
Model_16_R,chip_r990.tif,0.27243543,T
Model_16_R,chip_r998.tif,0.26059985,T
Model_16_R,chip_r998.tif,0.2562048,T
Model_16_R,chip_r998.tif,0.25332177,F
Model_16_R,chip_r998.tif,0.25144607,F
Model_16_R,chip_r998.tif,0.25086775,T
Model_16_RE,chip_re1008.tif,0.4519043,T
Model_16_RE,chip_re1008.tif,0.44947764,T
Model_16_RE,chip_re1008.tif,0.38674432,T
Model_16_RE,chip_re1008.tif,0.33623347,T
Model_16_RE,chip_re101.tif,0.25806865,T
Model_16_RE,chip_re101.tif,0.25364155,T
Model_16_RE,chip_re101.tif,0.25278407,T
Model_16_RE,chip_re101.tif,0.25087187,T
Model_16_RE,chip_re101.tif,0.25087038,T
Model_16_RE,chip_re101.tif,0.25085172,T
Model_16_RE,chip_re1014.tif,0.8528979,T
Model_16_RE,chip_re1019.tif,0.89806706,T
Model_16_RE,chip_re102.tif,0.29397565,T
Model_16_RE,chip_re102.tif,0.25999337,T
Model_16_RE,chip_re102.tif,0.25835705,T
Model_16_RE,chip_re102.tif,0.25071543,T
Model_16_RE,chip_re102.tif,0.25021654,T
Model_16_RE,chip_re1028.tif,0.67972594,T
Model_16_RE,chip_re1037.tif,0.9055935,T
Model_16_RE,chip_re1102.tif,0.32709873,T
Model_16_RE,chip_re1103.tif,0.9081149,T
Model_16_RE,chip_re1137.tif,0.3359349,T
Model_16_RE,chip_re1137.tif,0.290032,T
Model_16_RE,chip_re1142.tif,0.96585065,T
Model_16_RE,chip_re1156.tif,0.5287746,T
Model_16_RE,chip_re1156.tif,0.37717864,T
Model_16_RE,chip_re1160.tif,0.30096078,F
Model_16_RE,chip_re1205.tif,0.43883368,F
Model_16_RE,chip_re1205.tif,0.35623688,F
Model_16_RE,chip_re121.tif,0.26653603,T
Model_16_RE,chip_re121.tif,0.26069888,T
Model_16_RE,chip_re121.tif,0.2604294,T
Model_16_RE,chip_re121.tif,0.2597658,T
Model_16_RE,chip_re121.tif,0.25755358,T
Model_16_RE,chip_re121.tif,0.25602567,T
Model_16_RE,chip_re1246.tif,0.2997811,F
Model_16_RE,chip_re125.tif,0.27091047,T
Model_16_RE,chip_re125.tif,0.25317386,T
Model_16_RE,chip_re125.tif,0.25116953,F
Model_16_RE,chip_re127.tif,0.25639296,T
Model_16_RE,chip_re1318.tif,0.9979126,T
Model_16_RE,chip_re1318.tif,0.32768026,F
Model_16_RE,chip_re1319.tif,0.9986771,T
Model_16_RE,chip_re1319.tif,0.52974355,F
Model_16_RE,chip_re1353.tif,0.9990283,T
Model_16_RE,chip_re1354.tif,0.6741409,T
Model_16_RE,chip_re1354.tif,0.40058854,T
Model_16_RE,chip_re1359.tif,0.40784198,T
Model_16_RE,chip_re1359.tif,0.37974364,T
Model_16_RE,chip_re1359.tif,0.36514032,T
Model_16_RE,chip_re1381.tif,0.30465844,T
Model_16_RE,chip_re1388.tif,0.4765852,F
Model_16_RE,chip_re1388.tif,0.31341156,F
Model_16_RE,chip_re1416.tif,0.2654963,F
Model_16_RE,chip_re1416.tif,0.2613469,F
Model_16_RE,chip_re1416.tif,0.26013094,F
Model_16_RE,chip_re1416.tif,0.25685927,F
Model_16_RE,chip_re1416.tif,0.25293604,F
Model_16_RE,chip_re1416.tif,0.25244066,F
Model_16_RE,chip_re1416.tif,0.2518402,F
Model_16_RE,chip_re1416.tif,0.25102937,F
Model_16_RE,chip_re1416.tif,0.25070125,F
Model_16_RE,chip_re1421.tif,0.38653475,F
Model_16_RE,chip_re1433.tif,0.71113837,T
Model_16_RE,chip_re1437.tif,0.9820534,T
Model_16_RE,chip_re1449.tif,0.8050454,T
Model_16_RE,chip_re1449.tif,0.3632565,T
Model_16_RE,chip_re147.tif,0.27355054,T
Model_16_RE,chip_re147.tif,0.26798552,T
Model_16_RE,chip_re147.tif,0.26473862,T
Model_16_RE,chip_re147.tif,0.26094303,T
Model_16_RE,chip_re147.tif,0.25216126,T
Model_16_RE,chip_re147.tif,0.25166187,T
Model_16_RE,chip_re1479.tif,0.31233713,T
Model_16_RE,chip_re1479.tif,0.3085723,T
Model_16_RE,chip_re1479.tif,0.2813827,T
Model_16_RE,chip_re1481.tif,0.351119,F
Model_16_RE,chip_re1489.tif,0.26471168,T
Model_16_RE,chip_re1490.tif,0.2795331,T
Model_16_RE,chip_re1529.tif,0.9847024,T
Model_16_RE,chip_re153.tif,0.3971127,T
Model_16_RE,chip_re1545.tif,0.7596363,F
Model_16_RE,chip_re1556.tif,0.5585449,T
Model_16_RE,chip_re1563.tif,0.36493284,F
Model_16_RE,chip_re1584.tif,0.46877915,T
Model_16_RE,chip_re1589.tif,0.33601555,T
Model_16_RE,chip_re1589.tif,0.3101823,F
Model_16_RE,chip_re1589.tif,0.254159,T
Model_16_RE,chip_re1593.tif,0.9986771,T
Model_16_RE,chip_re1598.tif,0.6814978,T
Model_16_RE,chip_re1599.tif,0.5052757,T
Model_16_RE,chip_re1599.tif,0.45286953,T
Model_16_RE,chip_re1610.tif,0.36126828,T
Model_16_RE,chip_re1614.tif,0.46821624,T
Model_16_RE,chip_re1618.tif,0.37209505,T
Model_16_RE,chip_re1619.tif,0.37699974,T
Model_16_RE,chip_re1631.tif,0.57947284,T
Model_16_RE,chip_re1631.tif,0.49397567,T
Model_16_RE,chip_re1645.tif,0.25128293,F
Model_16_RE,chip_re165.tif,0.27015242,T
Model_16_RE,chip_re165.tif,0.268188,F
Model_16_RE,chip_re1651.tif,0.25037387,T
Model_16_RE,chip_re1657.tif,0.25383967,F
Model_16_RE,chip_re1678.tif,0.312606,T
Model_16_RE,chip_re1678.tif,0.3047503,T
Model_16_RE,chip_re1691.tif,0.28435165,T
Model_16_RE,chip_re1711.tif,0.55471385,T
Model_16_RE,chip_re1745.tif,0.26442963,F
Model_16_RE,chip_re1745.tif,0.26411638,F
Model_16_RE,chip_re1745.tif,0.25926572,F
Model_16_RE,chip_re1745.tif,0.2574632,T
Model_16_RE,chip_re1745.tif,0.2533673,F
Model_16_RE,chip_re1749.tif,0.25372472,T
Model_16_RE,chip_re1749.tif,0.25349587,F
Model_16_RE,chip_re1749.tif,0.25090283,F
Model_16_RE,chip_re1765.tif,0.25395647,F
Model_16_RE,chip_re1789.tif,0.25092715,F
Model_16_RE,chip_re1789.tif,0.2504154,F
Model_16_RE,chip_re1789.tif,0.2500098,F
Model_16_RE,chip_re1805.tif,0.4724084,T
Model_16_RE,chip_re1807.tif,0.34797943,T
Model_16_RE,chip_re1849.tif,0.30760595,F
Model_16_RE,chip_re1849.tif,0.2604629,T
Model_16_RE,chip_re1849.tif,0.2559364,F
Model_16_RE,chip_re1849.tif,0.25392875,F
Model_16_RE,chip_re1849.tif,0.25295338,F
Model_16_RE,chip_re1849.tif,0.25283447,F
Model_16_RE,chip_re1849.tif,0.25032273,T
Model_16_RE,chip_re1849.tif,0.25014728,T
Model_16_RE,chip_re1865.tif,0.27801332,F
Model_16_RE,chip_re1889.tif,0.25772673,F
Model_16_RE,chip_re189.tif,0.3250147,T
Model_16_RE,chip_re1925.tif,0.27263486,F
Model_16_RE,chip_re1925.tif,0.26154298,F
Model_16_RE,chip_re1925.tif,0.25602677,F
Model_16_RE,chip_re1925.tif,0.2501347,F
Model_16_RE,chip_re2020.tif,0.34270018,T
Model_16_RE,chip_re2023.tif,0.34943867,T
Model_16_RE,chip_re2031.tif,0.5749113,T
Model_16_RE,chip_re2105.tif,0.27029067,F
Model_16_RE,chip_re2105.tif,0.26492578,F
Model_16_RE,chip_re2105.tif,0.25990945,F
Model_16_RE,chip_re2105.tif,0.25911143,F
Model_16_RE,chip_re2105.tif,0.25723767,F
Model_16_RE,chip_re2105.tif,0.25556535,F
Model_16_RE,chip_re2105.tif,0.25440586,F
Model_16_RE,chip_re2105.tif,0.2536149,F
Model_16_RE,chip_re2105.tif,0.25153616,F
Model_16_RE,chip_re2105.tif,0.25030923,F
Model_16_RE,chip_re2145.tif,0.25718954,F
Model_16_RE,chip_re2145.tif,0.25499257,F
Model_16_RE,chip_re2145.tif,0.2541884,F
Model_16_RE,chip_re2145.tif,0.25316945,F
Model_16_RE,chip_re2145.tif,0.25233123,F
Model_16_RE,chip_re2249.tif,0.30068496,T
Model_16_RE,chip_re2249.tif,0.27829352,T
Model_16_RE,chip_re2257.tif,0.57305896,T
Model_16_RE,chip_re2258.tif,0.32977653,T
Model_16_RE,chip_re2258.tif,0.32268438,T
Model_16_RE,chip_re2406.tif,0.2611154,T
Model_16_RE,chip_re2430.tif,0.26524222,T
Model_16_RE,chip_re2431.tif,0.26220748,T
Model_16_RE,chip_re2446.tif,0.2541023,T
Model_16_RE,chip_re247.tif,0.9995771,T
Model_16_RE,chip_re2473.tif,0.37068102,T
Model_16_RE,chip_re2476.tif,0.25058857,T
Model_16_RE,chip_re2477.tif,0.508518,T
Model_16_RE,chip_re2478.tif,0.5592811,T
Model_16_RE,chip_re2486.tif,0.2630043,T
Model_16_RE,chip_re2486.tif,0.25400674,T
Model_16_RE,chip_re2487.tif,0.25999093,F
Model_16_RE,chip_re2487.tif,0.25289547,T
Model_16_RE,chip_re2494.tif,0.44597688,T
Model_16_RE,chip_re2494.tif,0.26456398,F
Model_16_RE,chip_re2507.tif,0.49067116,T
Model_16_RE,chip_re2510.tif,0.291166,T
Model_16_RE,chip_re2510.tif,0.25634897,F
Model_16_RE,chip_re2510.tif,0.2545443,T
Model_16_RE,chip_re2523.tif,0.30557495,F
Model_16_RE,chip_re2527.tif,0.2569657,T
Model_16_RE,chip_re2533.tif,0.2997792,T
Model_16_RE,chip_re2534.tif,0.27123448,T
Model_16_RE,chip_re2534.tif,0.26006368,T
Model_16_RE,chip_re2534.tif,0.2597052,T
Model_16_RE,chip_re2534.tif,0.2564508,T
Model_16_RE,chip_re2534.tif,0.2544229,T
Model_16_RE,chip_re2534.tif,0.25404137,T
Model_16_RE,chip_re2537.tif,0.42553028,T
Model_16_RE,chip_re2537.tif,0.3936514,T
Model_16_RE,chip_re2543.tif,0.25809535,T
Model_16_RE,chip_re2567.tif,0.25416523,T
Model_16_RE,chip_re2583.tif,0.26898184,T
Model_16_RE,chip_re2583.tif,0.26057598,T
Model_16_RE,chip_re2585.tif,0.26153862,F
Model_16_RE,chip_re2603.tif,0.2637319,T
Model_16_RE,chip_re2603.tif,0.26337472,T
Model_16_RE,chip_re2603.tif,0.2612334,T
Model_16_RE,chip_re2603.tif,0.2527755,T
Model_16_RE,chip_re2603.tif,0.25202504,T
Model_16_RE,chip_re2607.tif,0.3210079,T
Model_16_RE,chip_re2607.tif,0.2656174,T
Model_16_RE,chip_re2622.tif,0.2621207,T
Model_16_RE,chip_re2622.tif,0.25906348,F
Model_16_RE,chip_re2622.tif,0.25367406,T
Model_16_RE,chip_re2622.tif,0.25259462,T
Model_16_RE,chip_re2622.tif,0.25038084,T
Model_16_RE,chip_re2626.tif,0.2582354,T
Model_16_RE,chip_re2626.tif,0.25047588,T
Model_16_RE,chip_re2627.tif,0.268353,T
Model_16_RE,chip_re2627.tif,0.25581303,T
Model_16_RE,chip_re2627.tif,0.25544927,T
Model_16_RE,chip_re2627.tif,0.25277987,T
Model_16_RE,chip_re2627.tif,0.25265297,T
Model_16_RE,chip_re2627.tif,0.2515965,T
Model_16_RE,chip_re2631.tif,0.3001286,T
Model_16_RE,chip_re2631.tif,0.28366464,T
Model_16_RE,chip_re264.tif,0.38014957,T
Model_16_RE,chip_re2643.tif,0.26012284,T
Model_16_RE,chip_re2643.tif,0.25559232,T
Model_16_RE,chip_re2643.tif,0.2523049,T
Model_16_RE,chip_re2646.tif,0.2661642,T
Model_16_RE,chip_re2646.tif,0.2573036,T
Model_16_RE,chip_re2646.tif,0.25160545,T
Model_16_RE,chip_re2646.tif,0.25021434,F
Model_16_RE,chip_re265.tif,0.26762575,F
Model_16_RE,chip_re2661.tif,0.25936207,T
Model_16_RE,chip_re2661.tif,0.25238213,T
Model_16_RE,chip_re2661.tif,0.251441,T
Model_16_RE,chip_re2661.tif,0.25042745,T
Model_16_RE,chip_re2661.tif,0.25032794,T
Model_16_RE,chip_re2661.tif,0.25029135,T
Model_16_RE,chip_re2661.tif,0.25005776,T
Model_16_RE,chip_re2669.tif,0.25898194,T
Model_16_RE,chip_re2669.tif,0.2577816,T
Model_16_RE,chip_re2673.tif,0.3807733,T
Model_16_RE,chip_re2677.tif,0.9902749,T
Model_16_RE,chip_re275.tif,0.34115982,F
Model_16_RE,chip_re275.tif,0.25742868,T
Model_16_RE,chip_re279.tif,0.3569836,T
Model_16_RE,chip_re279.tif,0.25210696,F
Model_16_RE,chip_re287.tif,0.99963236,T
Model_16_RE,chip_re313.tif,0.99961203,T
Model_16_RE,chip_re314.tif,0.9997025,T
Model_16_RE,chip_re338.tif,0.9997763,T
Model_16_RE,chip_re349.tif,0.52554125,T
Model_16_RE,chip_re374.tif,0.9929362,T
Model_16_RE,chip_re379.tif,0.98080814,T
Model_16_RE,chip_re489.tif,0.29715675,F
Model_16_RE,chip_re489.tif,0.26580104,F
Model_16_RE,chip_re489.tif,0.25711375,F
Model_16_RE,chip_re489.tif,0.25222284,F
Model_16_RE,chip_re493.tif,0.28891003,F
Model_16_RE,chip_re52.tif,0.25075343,F
Model_16_RE,chip_re66.tif,0.28638732,T
Model_16_RE,chip_re66.tif,0.28010878,T
Model_16_RE,chip_re66.tif,0.2731891,T
Model_16_RE,chip_re66.tif,0.26764742,T
Model_16_RE,chip_re73.tif,0.366404,F
Model_16_RE,chip_re73.tif,0.32284266,F
Model_16_RE,chip_re86.tif,0.26280585,T
Model_16_RE,chip_re86.tif,0.25435296,F
Model_16_RE,chip_re905.tif,0.2631717,T
Model_16_RE,chip_re905.tif,0.25616556,T
Model_16_RE,chip_re905.tif,0.25075448,F
Model_16_RE,chip_re93.tif,0.45000014,T
Model_16_RE,chip_re93.tif,0.43073112,T
Model_16_RE,chip_re93.tif,0.42935574,T
Model_16_RE,chip_re931.tif,0.4456516,T
Model_16_RE,chip_re931.tif,0.4066802,T
Model_16_RE,chip_re931.tif,0.3851924,F
Model_16_RE,chip_re950.tif,0.27182135,F
Model_16_RE,chip_re969.tif,0.25034997,F
Model_16_RE,chip_re984.tif,0.25784716,F
Model_16_RE,chip_re984.tif,0.25462264,F
Model_16_RE,chip_re995.tif,0.25909507,T
Model_16_RE,chip_re995.tif,0.25595137,T
Model_16_RE,chip_re995.tif,0.2544797,T
Model_16_RE,chip_re995.tif,0.2542461,T
Model_16_RE,chip_re995.tif,0.25341222,F
Model_16_RE,chip_re995.tif,0.25212002,F
Model_16_RE,chip_re995.tif,0.25209892,T
Model_16_RE,chip_re995.tif,0.25147212,F
Model_16_RE,chip_re995.tif,0.25107098,F
Model_16_RE,chip_re995.tif,0.25030106,T
Model_16_RE,chip_re997.tif,0.25719112,F
Model_16_RE,chip_re997.tif,0.25648257,F
Model_16_RE,chip_re997.tif,0.25352547,F
Model_16_RE,chip_re998.tif,0.25495172,T
Model_16_RGB,chip_rgb1013.jpg,0.99999464,T
Model_16_RGB,chip_rgb1018.jpg,0.99758124,T
Model_16_RGB,chip_rgb1019.jpg,0.995432,T
Model_16_RGB,chip_rgb1028.jpg,0.99862766,T
Model_16_RGB,chip_rgb1029.jpg,0.99923325,T
Model_16_RGB,chip_rgb103.jpg,0.25567663,T
Model_16_RGB,chip_rgb103.jpg,0.25561193,F
Model_16_RGB,chip_rgb1037.jpg,0.99970824,T
Model_16_RGB,chip_rgb107.jpg,0.27121398,T
Model_16_RGB,chip_rgb107.jpg,0.26366246,T
Model_16_RGB,chip_rgb107.jpg,0.25305828,F
Model_16_RGB,chip_rgb107.jpg,0.25270796,T
Model_16_RGB,chip_rgb1103.jpg,0.9945306,T
Model_16_RGB,chip_rgb1105.jpg,0.27264547,F
Model_16_RGB,chip_rgb111.jpg,0.52886164,F
Model_16_RGB,chip_rgb1113.jpg,0.70778704,T
Model_16_RGB,chip_rgb1117.jpg,0.6326555,T
Model_16_RGB,chip_rgb1121.jpg,0.26806292,F
Model_16_RGB,chip_rgb1126.jpg,0.43278867,T
Model_16_RGB,chip_rgb1126.jpg,0.26817325,T
Model_16_RGB,chip_rgb1128.jpg,0.30980867,T
Model_16_RGB,chip_rgb1132.jpg,0.25111282,F
Model_16_RGB,chip_rgb1133.jpg,0.3772471,F
Model_16_RGB,chip_rgb1133.jpg,0.25174475,T
Model_16_RGB,chip_rgb1137.jpg,0.27583054,T
Model_16_RGB,chip_rgb1137.jpg,0.2555353,T
Model_16_RGB,chip_rgb1137.jpg,0.252349,T
Model_16_RGB,chip_rgb1143.jpg,0.9951579,T
Model_16_RGB,chip_rgb1147.jpg,0.6508495,T
Model_16_RGB,chip_rgb1147.jpg,0.53371614,T
Model_16_RGB,chip_rgb1152.jpg,0.4049428,T
Model_16_RGB,chip_rgb1152.jpg,0.35055038,T
Model_16_RGB,chip_rgb1152.jpg,0.28174248,F
Model_16_RGB,chip_rgb1168.jpg,0.25045374,F
Model_16_RGB,chip_rgb1168.jpg,0.25014842,F
Model_16_RGB,chip_rgb1208.jpg,0.29536214,T
Model_16_RGB,chip_rgb1213.jpg,0.27270025,F
Model_16_RGB,chip_rgb1216.jpg,0.2531086,T
Model_16_RGB,chip_rgb1233.jpg,0.26104313,F
Model_16_RGB,chip_rgb1233.jpg,0.2606157,F
Model_16_RGB,chip_rgb1234.jpg,0.34074932,T
Model_16_RGB,chip_rgb125.jpg,0.26647487,T
Model_16_RGB,chip_rgb125.jpg,0.25391892,T
Model_16_RGB,chip_rgb1257.jpg,0.47061467,F
Model_16_RGB,chip_rgb1257.jpg,0.37211585,F
Model_16_RGB,chip_rgb1257.jpg,0.27486673,T
Model_16_RGB,chip_rgb1289.jpg,0.9935429,T
Model_16_RGB,chip_rgb131.jpg,0.398169,T
Model_16_RGB,chip_rgb1314.jpg,0.568331,T
Model_16_RGB,chip_rgb133.jpg,0.37462428,T
Model_16_RGB,chip_rgb1331.jpg,0.5038229,F
Model_16_RGB,chip_rgb1359.jpg,0.501811,T
Model_16_RGB,chip_rgb1359.jpg,0.4033235,T
Model_16_RGB,chip_rgb1359.jpg,0.36157498,T
Model_16_RGB,chip_rgb1368.jpg,0.28275284,T
Model_16_RGB,chip_rgb137.jpg,0.8812139,T
Model_16_RGB,chip_rgb1375.jpg,0.37118483,F
Model_16_RGB,chip_rgb1381.jpg,0.29597,F
Model_16_RGB,chip_rgb1409.jpg,0.30894527,T
Model_16_RGB,chip_rgb142.jpg,0.30598307,T
Model_16_RGB,chip_rgb142.jpg,0.27443102,T
Model_16_RGB,chip_rgb142.jpg,0.27357242,T
Model_16_RGB,chip_rgb142.jpg,0.2700636,T
Model_16_RGB,chip_rgb1421.jpg,0.28834856,F
Model_16_RGB,chip_rgb1434.jpg,0.99958557,T
Model_16_RGB,chip_rgb1437.jpg,0.99873644,T
Model_16_RGB,chip_rgb1438.jpg,0.9995751,T
Model_16_RGB,chip_rgb1439.jpg,0.99562776,T
Model_16_RGB,chip_rgb146.jpg,0.30515435,T
Model_16_RGB,chip_rgb146.jpg,0.26024547,T
Model_16_RGB,chip_rgb146.jpg,0.25140995,F
Model_16_RGB,chip_rgb146.jpg,0.25040185,F
Model_16_RGB,chip_rgb1461.jpg,0.77172303,T
Model_16_RGB,chip_rgb1462.jpg,0.7164169,T
Model_16_RGB,chip_rgb1467.jpg,0.99955064,T
Model_16_RGB,chip_rgb1469.jpg,0.4042841,T
Model_16_RGB,chip_rgb147.jpg,0.26686007,T
Model_16_RGB,chip_rgb147.jpg,0.26089448,T
Model_16_RGB,chip_rgb147.jpg,0.25819325,T
Model_16_RGB,chip_rgb147.jpg,0.2565281,T
Model_16_RGB,chip_rgb147.jpg,0.25616395,T
Model_16_RGB,chip_rgb147.jpg,0.25047508,T
Model_16_RGB,chip_rgb1471.jpg,0.99737716,T
Model_16_RGB,chip_rgb1478.jpg,0.36195457,T
Model_16_RGB,chip_rgb1478.jpg,0.2913578,T
Model_16_RGB,chip_rgb1478.jpg,0.27179912,T
Model_16_RGB,chip_rgb1478.jpg,0.26930913,T
Model_16_RGB,chip_rgb1482.jpg,0.2658288,F
Model_16_RGB,chip_rgb1490.jpg,0.54862225,T
Model_16_RGB,chip_rgb150.jpg,0.3448693,T
Model_16_RGB,chip_rgb1544.jpg,0.67527276,T
Model_16_RGB,chip_rgb1545.jpg,0.3854987,F
Model_16_RGB,chip_rgb1546.jpg,0.3709624,F
Model_16_RGB,chip_rgb1552.jpg,0.9970675,T
Model_16_RGB,chip_rgb1568.jpg,0.31473047,T
Model_16_RGB,chip_rgb1568.jpg,0.26811463,T
Model_16_RGB,chip_rgb1568.jpg,0.26492873,F
Model_16_RGB,chip_rgb1569.jpg,0.43785566,T
Model_16_RGB,chip_rgb1584.jpg,0.28826693,T
Model_16_RGB,chip_rgb1586.jpg,0.8333342,T
Model_16_RGB,chip_rgb1593.jpg,0.9994968,T
Model_16_RGB,chip_rgb1594.jpg,0.47798553,T
Model_16_RGB,chip_rgb1594.jpg,0.3366644,T
Model_16_RGB,chip_rgb1597.jpg,0.91791844,T
Model_16_RGB,chip_rgb1599.jpg,0.58600336,T
Model_16_RGB,chip_rgb1599.jpg,0.44812533,T
Model_16_RGB,chip_rgb1599.jpg,0.4218382,F
Model_16_RGB,chip_rgb1611.jpg,0.40268996,T
Model_16_RGB,chip_rgb1611.jpg,0.38754115,T
Model_16_RGB,chip_rgb1613.jpg,0.2624808,T
Model_16_RGB,chip_rgb1625.jpg,0.26227388,F
Model_16_RGB,chip_rgb1625.jpg,0.25937256,F
Model_16_RGB,chip_rgb1625.jpg,0.25913033,T
Model_16_RGB,chip_rgb1625.jpg,0.25907633,T
Model_16_RGB,chip_rgb1625.jpg,0.25795105,T
Model_16_RGB,chip_rgb1625.jpg,0.2545991,F
Model_16_RGB,chip_rgb1625.jpg,0.25205937,T
Model_16_RGB,chip_rgb1645.jpg,0.2628876,T
Model_16_RGB,chip_rgb1645.jpg,0.25875112,F
Model_16_RGB,chip_rgb1655.jpg,0.25691423,F
Model_16_RGB,chip_rgb1659.jpg,0.25489265,T
Model_16_RGB,chip_rgb1659.jpg,0.25071558,F
Model_16_RGB,chip_rgb1665.jpg,0.37557393,T
Model_16_RGB,chip_rgb1677.jpg,0.3356423,F
Model_16_RGB,chip_rgb1678.jpg,0.2700077,F
Model_16_RGB,chip_rgb1697.jpg,0.3371064,T
Model_16_RGB,chip_rgb1697.jpg,0.3060402,T
Model_16_RGB,chip_rgb1710.jpg,0.3991094,F
Model_16_RGB,chip_rgb1710.jpg,0.36010182,T
Model_16_RGB,chip_rgb1710.jpg,0.2591017,T
Model_16_RGB,chip_rgb1766.jpg,0.3064314,T
Model_16_RGB,chip_rgb1770.jpg,0.25492436,T
Model_16_RGB,chip_rgb1770.jpg,0.25411022,T
Model_16_RGB,chip_rgb1785.jpg,0.28382608,T
Model_16_RGB,chip_rgb1785.jpg,0.25275013,F
Model_16_RGB,chip_rgb1785.jpg,0.25052208,F
Model_16_RGB,chip_rgb1786.jpg,0.4846726,F
Model_16_RGB,chip_rgb1786.jpg,0.43963566,T
Model_16_RGB,chip_rgb1787.jpg,0.7992622,T
Model_16_RGB,chip_rgb1787.jpg,0.30309102,F
Model_16_RGB,chip_rgb1787.jpg,0.28866956,T
Model_16_RGB,chip_rgb1806.jpg,0.4788179,T
Model_16_RGB,chip_rgb1806.jpg,0.37208557,T
Model_16_RGB,chip_rgb1825.jpg,0.25448787,T
Model_16_RGB,chip_rgb1825.jpg,0.25420454,T
Model_16_RGB,chip_rgb1825.jpg,0.25276896,T
Model_16_RGB,chip_rgb1825.jpg,0.25235134,T
Model_16_RGB,chip_rgb1825.jpg,0.2514298,T
Model_16_RGB,chip_rgb1825.jpg,0.2513196,T
Model_16_RGB,chip_rgb1825.jpg,0.25124854,T
Model_16_RGB,chip_rgb1825.jpg,0.25073233,T
Model_16_RGB,chip_rgb1830.jpg,0.27948335,F
Model_16_RGB,chip_rgb1830.jpg,0.25359416,F
Model_16_RGB,chip_rgb1850.jpg,0.25023693,F
Model_16_RGB,chip_rgb1909.jpg,0.27812305,F
Model_16_RGB,chip_rgb1909.jpg,0.2731298,F
Model_16_RGB,chip_rgb1945.jpg,0.31569844,T
Model_16_RGB,chip_rgb2026.jpg,0.7909595,T
Model_16_RGB,chip_rgb2027.jpg,0.77594244,T
Model_16_RGB,chip_rgb2027.jpg,0.29591787,T
Model_16_RGB,chip_rgb2029.jpg,0.98602617,T
Model_16_RGB,chip_rgb2145.jpg,0.2619103,T
Model_16_RGB,chip_rgb2145.jpg,0.2612511,F
Model_16_RGB,chip_rgb2145.jpg,0.26000345,F
Model_16_RGB,chip_rgb2145.jpg,0.25992513,F
Model_16_RGB,chip_rgb2145.jpg,0.25854605,F
Model_16_RGB,chip_rgb2145.jpg,0.25754014,F
Model_16_RGB,chip_rgb2145.jpg,0.2515964,F
Model_16_RGB,chip_rgb2181.jpg,0.26661924,T
Model_16_RGB,chip_rgb2240.jpg,0.458874,T
Model_16_RGB,chip_rgb2240.jpg,0.35150582,T
Model_16_RGB,chip_rgb2240.jpg,0.31561524,T
Model_16_RGB,chip_rgb2244.jpg,0.30692908,T
Model_16_RGB,chip_rgb2250.jpg,0.9940905,T
Model_16_RGB,chip_rgb2253.jpg,0.9793859,T
Model_16_RGB,chip_rgb2257.jpg,0.9961384,T
Model_16_RGB,chip_rgb2259.jpg,0.40305126,T
Model_16_RGB,chip_rgb2259.jpg,0.36637554,T
Model_16_RGB,chip_rgb2259.jpg,0.2748426,T
Model_16_RGB,chip_rgb2411.jpg,0.2659617,T
Model_16_RGB,chip_rgb2430.jpg,0.37971896,T
Model_16_RGB,chip_rgb2431.jpg,0.36575556,T
Model_16_RGB,chip_rgb2431.jpg,0.30022442,T
Model_16_RGB,chip_rgb2446.jpg,0.27533528,T
Model_16_RGB,chip_rgb2449.jpg,0.25536722,F
Model_16_RGB,chip_rgb2449.jpg,0.2531443,T
Model_16_RGB,chip_rgb2449.jpg,0.25268108,F
Model_16_RGB,chip_rgb2449.jpg,0.25250193,F
Model_16_RGB,chip_rgb2449.jpg,0.25000054,F
Model_16_RGB,chip_rgb2450.jpg,0.31929654,T
Model_16_RGB,chip_rgb2450.jpg,0.27279148,F
Model_16_RGB,chip_rgb2451.jpg,0.42976764,T
Model_16_RGB,chip_rgb2451.jpg,0.2685602,T
Model_16_RGB,chip_rgb2468.jpg,0.28764886,T
Model_16_RGB,chip_rgb2477.jpg,0.9339168,T
Model_16_RGB,chip_rgb2479.jpg,0.9745769,T
Model_16_RGB,chip_rgb2498.jpg,0.35657203,F
Model_16_RGB,chip_rgb2499.jpg,0.26964766,F
Model_16_RGB,chip_rgb2510.jpg,0.26206023,T
Model_16_RGB,chip_rgb2510.jpg,0.2580859,T
Model_16_RGB,chip_rgb2510.jpg,0.25501055,F
Model_16_RGB,chip_rgb2510.jpg,0.25186452,T
Model_16_RGB,chip_rgb2514.jpg,0.26465735,T
Model_16_RGB,chip_rgb2514.jpg,0.26100242,T
Model_16_RGB,chip_rgb2514.jpg,0.25972775,F
Model_16_RGB,chip_rgb2514.jpg,0.25392213,T
Model_16_RGB,chip_rgb2514.jpg,0.2502809,T
Model_16_RGB,chip_rgb2518.jpg,0.26196724,F
Model_16_RGB,chip_rgb2518.jpg,0.2586207,T
Model_16_RGB,chip_rgb2518.jpg,0.25746176,F
Model_16_RGB,chip_rgb2518.jpg,0.25689644,T
Model_16_RGB,chip_rgb2518.jpg,0.25156426,F
Model_16_RGB,chip_rgb2527.jpg,0.25425288,T
Model_16_RGB,chip_rgb2527.jpg,0.25053644,F
Model_16_RGB,chip_rgb2529.jpg,0.4645969,T
Model_16_RGB,chip_rgb2529.jpg,0.25791726,F
Model_16_RGB,chip_rgb2533.jpg,0.44838938,T
Model_16_RGB,chip_rgb2533.jpg,0.2629721,T
Model_16_RGB,chip_rgb2537.jpg,0.6481069,T
Model_16_RGB,chip_rgb2537.jpg,0.5589501,T
Model_16_RGB,chip_rgb2542.jpg,0.49671954,T
Model_16_RGB,chip_rgb2563.jpg,0.25416237,T
Model_16_RGB,chip_rgb2563.jpg,0.25139028,F
Model_16_RGB,chip_rgb2566.jpg,0.26113796,F
Model_16_RGB,chip_rgb2566.jpg,0.25983077,T
Model_16_RGB,chip_rgb2566.jpg,0.25743017,F
Model_16_RGB,chip_rgb2566.jpg,0.25443456,F
Model_16_RGB,chip_rgb2566.jpg,0.2526126,T
Model_16_RGB,chip_rgb2566.jpg,0.25180507,F
Model_16_RGB,chip_rgb2581.jpg,0.282838,F
Model_16_RGB,chip_rgb2586.jpg,0.28427845,T
Model_16_RGB,chip_rgb2587.jpg,0.35546118,T
Model_16_RGB,chip_rgb2607.jpg,0.25459415,T
Model_16_RGB,chip_rgb2631.jpg,0.2681918,T
Model_16_RGB,chip_rgb2638.jpg,0.70709366,T
Model_16_RGB,chip_rgb2638.jpg,0.3100798,T
Model_16_RGB,chip_rgb2643.jpg,0.25764546,F
Model_16_RGB,chip_rgb2643.jpg,0.25408953,T
Model_16_RGB,chip_rgb2643.jpg,0.25359088,F
Model_16_RGB,chip_rgb2647.jpg,0.2649353,T
Model_16_RGB,chip_rgb2647.jpg,0.26003113,T
Model_16_RGB,chip_rgb2647.jpg,0.25962836,T
Model_16_RGB,chip_rgb2647.jpg,0.2588449,T
Model_16_RGB,chip_rgb2647.jpg,0.25737453,T
Model_16_RGB,chip_rgb2647.jpg,0.2564739,T
Model_16_RGB,chip_rgb2647.jpg,0.25503117,T
Model_16_RGB,chip_rgb2650.jpg,0.28069258,T
Model_16_RGB,chip_rgb2650.jpg,0.2550775,F
Model_16_RGB,chip_rgb2650.jpg,0.2509788,F
Model_16_RGB,chip_rgb2651.jpg,0.27279016,T
Model_16_RGB,chip_rgb2661.jpg,0.25118798,T
Model_16_RGB,chip_rgb2661.jpg,0.25038385,T
Model_16_RGB,chip_rgb2661.jpg,0.2503568,T
Model_16_RGB,chip_rgb2661.jpg,0.2501498,T
Model_16_RGB,chip_rgb2665.jpg,0.26041415,T
Model_16_RGB,chip_rgb2665.jpg,0.25327453,F
Model_16_RGB,chip_rgb2665.jpg,0.25296962,T
Model_16_RGB,chip_rgb2665.jpg,0.25168788,T
Model_16_RGB,chip_rgb2665.jpg,0.25082895,T
Model_16_RGB,chip_rgb2670.jpg,0.8425737,T
Model_16_RGB,chip_rgb2673.jpg,0.28561765,F
Model_16_RGB,chip_rgb2673.jpg,0.25031605,F
Model_16_RGB,chip_rgb277.jpg,0.33533034,T
Model_16_RGB,chip_rgb279.jpg,0.28452906,T
Model_16_RGB,chip_rgb289.jpg,0.78505504,T
Model_16_RGB,chip_rgb318.jpg,0.99965143,T
Model_16_RGB,chip_rgb33.jpg,0.29224968,T
Model_16_RGB,chip_rgb33.jpg,0.27297506,F
Model_16_RGB,chip_rgb33.jpg,0.2637365,F
Model_16_RGB,chip_rgb33.jpg,0.25344017,F
Model_16_RGB,chip_rgb330.jpg,0.49403957,T
Model_16_RGB,chip_rgb334.jpg,0.8519935,T
Model_16_RGB,chip_rgb337.jpg,0.83097774,T
Model_16_RGB,chip_rgb339.jpg,0.9995572,T
Model_16_RGB,chip_rgb369.jpg,0.86267203,T
Model_16_RGB,chip_rgb374.jpg,0.99826354,T
Model_16_RGB,chip_rgb389.jpg,0.31330982,F
Model_16_RGB,chip_rgb480.jpg,0.31991518,F
Model_16_RGB,chip_rgb489.jpg,0.27119315,F
Model_16_RGB,chip_rgb489.jpg,0.26391932,T
Model_16_RGB,chip_rgb489.jpg,0.2604203,T
Model_16_RGB,chip_rgb489.jpg,0.2598776,T
Model_16_RGB,chip_rgb489.jpg,0.25873184,T
Model_16_RGB,chip_rgb489.jpg,0.25730988,T
Model_16_RGB,chip_rgb489.jpg,0.2555531,F
Model_16_RGB,chip_rgb489.jpg,0.2521229,F
Model_16_RGB,chip_rgb489.jpg,0.25159886,F
Model_16_RGB,chip_rgb489.jpg,0.2510222,T
Model_16_RGB,chip_rgb489.jpg,0.25089827,F
Model_16_RGB,chip_rgb489.jpg,0.2505843,F
Model_16_RGB,chip_rgb490.jpg,0.25298375,F
Model_16_RGB,chip_rgb61.jpg,0.25555557,T
Model_16_RGB,chip_rgb61.jpg,0.2524914,F
Model_16_RGB,chip_rgb705.jpg,0.29349464,T
Model_16_RGB,chip_rgb705.jpg,0.25280344,F
Model_16_RGB,chip_rgb710.jpg,0.2660914,F
Model_16_RGB,chip_rgb714.jpg,0.27724567,F
Model_16_RGB,chip_rgb77.jpg,0.27254108,F
Model_16_RGB,chip_rgb77.jpg,0.2604575,T
Model_16_RGB,chip_rgb810.jpg,0.35378215,F
Model_16_RGB,chip_rgb811.jpg,0.3684096,F
Model_16_RGB,chip_rgb811.jpg,0.255124,F
Model_16_RGB,chip_rgb845.jpg,0.32683188,F
Model_16_RGB,chip_rgb87.jpg,0.27269185,T
Model_16_RGB,chip_rgb87.jpg,0.2695919,T
Model_16_RGB,chip_rgb87.jpg,0.25183123,F
Model_16_RGB,chip_rgb906.jpg,0.37935287,F
Model_16_RGB,chip_rgb91.jpg,0.30528605,T
Model_16_RGB,chip_rgb930.jpg,0.9663666,T
Model_16_RGB,chip_rgb930.jpg,0.42498827,T
Model_16_RGB,chip_rgb941.jpg,0.33606133,F
Model_16_RGB,chip_rgb970.jpg,0.30287543,T
Model_16_RGB,chip_rgb970.jpg,0.2586266,F
Model_16_RGB,chip_rgb98.jpg,0.32600752,F
Model_16_G,chip_g167.tif,0.7130239,T
Model_16_G,chip_g207.tif,0.60777104,T
Model_16_G,chip_g226.tif,0.75260794,T
Model_16_G,chip_g247.tif,0.3385134,T
Model_16_G,chip_g283.tif,0.32414395,T
Model_16_G,chip_g283.tif,0.253867,F
Model_16_G,chip_g286.tif,0.41126245,T
Model_16_G,chip_g286.tif,0.2948347,T
Model_16_G,chip_g309.tif,0.28861836,T
Model_16_G,chip_g329.tif,0.37123156,T
Model_16_G,chip_g358.tif,0.34867615,F
Model_16_G,chip_g385.tif,0.2810915,T
Model_16_G,chip_g425.tif,0.34207785,T
Model_16_G,chip_g425.tif,0.28376475,F
Model_16_G,chip_g425.tif,0.26691058,F
Model_16_G,chip_g425.tif,0.26412424,F
Model_16_G,chip_g425.tif,0.2623301,F
Model_16_G,chip_g425.tif,0.25554544,F
Model_16_G,chip_g803.tif,0.25549272,F
Model_16_G,chip_g167.tif,0.7130239,T
Model_16_G,chip_g207.tif,0.60777104,T
Model_16_G,chip_g226.tif,0.75260794,T
Model_16_G,chip_g247.tif,0.3385134,T
Model_16_G,chip_g283.tif,0.32414395,T
Model_16_G,chip_g283.tif,0.253867,F
Model_16_G,chip_g286.tif,0.41126245,T
Model_16_G,chip_g286.tif,0.2948347,T
Model_16_G,chip_g309.tif,0.28861836,T
Model_16_G,chip_g329.tif,0.37123156,T
Model_16_G,chip_g358.tif,0.34867615,F
Model_16_G,chip_g385.tif,0.2810915,T
Model_16_G,chip_g425.tif,0.34207785,T
Model_16_G,chip_g425.tif,0.28376475,F
Model_16_G,chip_g425.tif,0.26691058,F
Model_16_G,chip_g425.tif,0.26412424,F
Model_16_G,chip_g425.tif,0.2623301,F
Model_16_G,chip_g425.tif,0.25554544,F
Model_16_G,chip_g803.tif,0.25549272,F
Model_16_G,chip_g167.tif,0.7130239,T
Model_16_G,chip_g207.tif,0.60777104,T
Model_16_G,chip_g226.tif,0.75260794,T
Model_16_G,chip_g247.tif,0.3385134,T
Model_16_G,chip_g283.tif,0.32414395,T
Model_16_G,chip_g283.tif,0.253867,F
Model_16_G,chip_g286.tif,0.41126245,T
Model_16_G,chip_g286.tif,0.2948347,T
Model_16_G,chip_g309.tif,0.28861836,T
Model_16_G,chip_g329.tif,0.37123156,T
Model_16_G,chip_g358.tif,0.34867615,F
Model_16_G,chip_g385.tif,0.2810915,T
Model_16_G,chip_g425.tif,0.34207785,T
Model_16_G,chip_g425.tif,0.28376475,F
Model_16_G,chip_g425.tif,0.26691058,F
Model_16_G,chip_g425.tif,0.26412424,F
Model_16_G,chip_g425.tif,0.2623301,F
Model_16_G,chip_g425.tif,0.25554544,F
Model_16_G,chip_g803.tif,0.25549272,F
Model_16_G,chip_g167.tif,0.7130239,T
Model_16_G,chip_g207.tif,0.60777104,T
Model_16_G,chip_g226.tif,0.75260794,T
Model_16_G,chip_g247.tif,0.3385134,T
Model_16_G,chip_g283.tif,0.32414395,T
Model_16_G,chip_g283.tif,0.253867,F
Model_16_G,chip_g286.tif,0.41126245,T
Model_16_G,chip_g286.tif,0.2948347,T
Model_16_G,chip_g309.tif,0.28861836,T
Model_16_G,chip_g329.tif,0.37123156,T
Model_16_G,chip_g358.tif,0.34867615,F
Model_16_G,chip_g385.tif,0.2810915,T
Model_16_G,chip_g425.tif,0.34207785,T
Model_16_G,chip_g425.tif,0.28376475,F
Model_16_G,chip_g425.tif,0.26691058,F
Model_16_G,chip_g425.tif,0.26412424,F
Model_16_G,chip_g425.tif,0.2623301,F
Model_16_G,chip_g425.tif,0.25554544,F
Model_16_G,chip_g803.tif,0.25549272,F
Model_16_G,chip_g167.tif,0.7130239,T
Model_16_G,chip_g207.tif,0.60777104,T
Model_16_G,chip_g226.tif,0.75260794,T
Model_16_G,chip_g247.tif,0.3385134,T
Model_16_G,chip_g283.tif,0.32414395,T
Model_16_G,chip_g283.tif,0.253867,F
Model_16_G,chip_g286.tif,0.41126245,T
Model_16_G,chip_g286.tif,0.2948347,T
Model_16_G,chip_g309.tif,0.28861836,T
Model_16_G,chip_g329.tif,0.37123156,T
Model_16_G,chip_g358.tif,0.34867615,F
Model_16_G,chip_g385.tif,0.2810915,T
Model_16_G,chip_g425.tif,0.34207785,T
Model_16_G,chip_g425.tif,0.28376475,F
Model_16_G,chip_g425.tif,0.26691058,F
Model_16_G,chip_g425.tif,0.26412424,F
Model_16_G,chip_g425.tif,0.2623301,F
Model_16_G,chip_g425.tif,0.25554544,F
Model_16_G,chip_g803.tif,0.25549272,F
Model_16_G,chip_g167.tif,0.7130239,T
Model_16_G,chip_g207.tif,0.60777104,T
Model_16_G,chip_g226.tif,0.75260794,T
Model_16_G,chip_g247.tif,0.3385134,T
Model_16_G,chip_g283.tif,0.32414395,T
Model_16_G,chip_g283.tif,0.253867,F
Model_16_G,chip_g286.tif,0.41126245,T
Model_16_G,chip_g286.tif,0.2948347,T
Model_16_G,chip_g309.tif,0.28861836,T
Model_16_G,chip_g329.tif,0.37123156,T
Model_16_G,chip_g358.tif,0.34867615,F
Model_16_G,chip_g385.tif,0.2810915,T
Model_16_G,chip_g425.tif,0.34207785,T
Model_16_G,chip_g425.tif,0.28376475,F
Model_16_G,chip_g425.tif,0.26691058,F
Model_16_G,chip_g425.tif,0.26412424,F
Model_16_G,chip_g425.tif,0.2623301,F
Model_16_G,chip_g425.tif,0.25554544,F
Model_16_G,chip_g803.tif,0.25549272,F
Model_16_G,chip_g167.tif,0.7130239,T
Model_16_G,chip_g207.tif,0.60777104,T
Model_16_G,chip_g226.tif,0.75260794,T
Model_16_G,chip_g247.tif,0.3385134,T
Model_16_G,chip_g283.tif,0.32414395,T
Model_16_G,chip_g283.tif,0.253867,F
Model_16_G,chip_g286.tif,0.41126245,T
Model_16_G,chip_g286.tif,0.2948347,T
Model_16_G,chip_g309.tif,0.28861836,T
Model_16_G,chip_g329.tif,0.37123156,T
Model_16_G,chip_g358.tif,0.34867615,F
Model_16_G,chip_g385.tif,0.2810915,T
Model_16_G,chip_g425.tif,0.34207785,T
Model_16_G,chip_g425.tif,0.28376475,F
Model_16_G,chip_g425.tif,0.26691058,F
Model_16_G,chip_g425.tif,0.26412424,F
Model_16_G,chip_g425.tif,0.2623301,F
Model_16_G,chip_g425.tif,0.25554544,F
Model_16_G,chip_g803.tif,0.25549272,F
Model_16_G,chip_g167.tif,0.7130239,T
Model_16_G,chip_g207.tif,0.60777104,T
Model_16_G,chip_g226.tif,0.75260794,T
Model_16_G,chip_g247.tif,0.3385134,T
Model_16_G,chip_g283.tif,0.32414395,T
Model_16_G,chip_g283.tif,0.253867,F
Model_16_G,chip_g286.tif,0.41126245,T
Model_16_G,chip_g286.tif,0.2948347,T
Model_16_G,chip_g309.tif,0.28861836,T
Model_16_G,chip_g329.tif,0.37123156,T
Model_16_G,chip_g358.tif,0.34867615,F
Model_16_G,chip_g385.tif,0.2810915,T
Model_16_G,chip_g425.tif,0.34207785,T
Model_16_G,chip_g425.tif,0.28376475,F
Model_16_G,chip_g425.tif,0.26691058,F
Model_16_G,chip_g425.tif,0.26412424,F
Model_16_G,chip_g425.tif,0.2623301,F
Model_16_G,chip_g425.tif,0.25554544,F
Model_16_G,chip_g803.tif,0.25549272,F
Model_16_G,chip_g167.tif,0.7130239,T
Model_16_G,chip_g207.tif,0.60777104,T
Model_16_G,chip_g226.tif,0.75260794,T
Model_16_G,chip_g247.tif,0.3385134,T
Model_16_G,chip_g283.tif,0.32414395,T
Model_16_G,chip_g283.tif,0.253867,F
Model_16_G,chip_g286.tif,0.41126245,T
Model_16_G,chip_g286.tif,0.2948347,T
Model_16_G,chip_g309.tif,0.28861836,T
Model_16_G,chip_g329.tif,0.37123156,T
Model_16_G,chip_g358.tif,0.34867615,F
Model_16_G,chip_g385.tif,0.2810915,T
Model_16_G,chip_g425.tif,0.34207785,T
Model_16_G,chip_g425.tif,0.28376475,F
Model_16_G,chip_g425.tif,0.26691058,F
Model_16_G,chip_g425.tif,0.26412424,F
Model_16_G,chip_g425.tif,0.2623301,F
Model_16_G,chip_g425.tif,0.25554544,F
Model_16_G,chip_g803.tif,0.25549272,F
Model_16_G,chip_g167.tif,0.7130239,T
Model_16_G,chip_g207.tif,0.60777104,T
Model_16_G,chip_g226.tif,0.75260794,T
Model_16_G,chip_g247.tif,0.3385134,T
Model_16_G,chip_g283.tif,0.32414395,T
Model_16_G,chip_g283.tif,0.253867,F
Model_16_G,chip_g286.tif,0.41126245,T
Model_16_G,chip_g286.tif,0.2948347,T
Model_16_G,chip_g309.tif,0.28861836,T
Model_16_G,chip_g329.tif,0.37123156,T
Model_16_G,chip_g358.tif,0.34867615,F
Model_16_G,chip_g385.tif,0.2810915,T
Model_16_G,chip_g425.tif,0.34207785,T
Model_16_G,chip_g425.tif,0.28376475,F
Model_16_G,chip_g425.tif,0.26691058,F
Model_16_G,chip_g425.tif,0.26412424,F
Model_16_G,chip_g425.tif,0.2623301,F
Model_16_G,chip_g425.tif,0.25554544,F
Model_16_G,chip_g803.tif,0.25549272,F
Model_16_G,chip_g1005.tif,0.3252951,T
Model_16_G,chip_g1008.tif,0.418713,T
Model_16_G,chip_g1008.tif,0.35390136,T
Model_16_G,chip_g1008.tif,0.25881657,T
Model_16_G,chip_g1013.tif,0.49446282,T
Model_16_G,chip_g1014.tif,0.3715346,F
Model_16_G,chip_g1014.tif,0.25138828,T
Model_16_G,chip_g1018.tif,0.5822563,T
Model_16_G,chip_g1018.tif,0.46915692,F
Model_16_G,chip_g1026.tif,0.25604004,T
Model_16_G,chip_g1027.tif,0.94507194,F
Model_16_G,chip_g1027.tif,0.7781826,T
Model_16_G,chip_g1029.tif,0.3377888,T
Model_16_G,chip_g1029.tif,0.29122585,F
Model_16_G,chip_g1037.tif,0.5763339,T
Model_16_G,chip_g1113.tif,0.33683234,T
Model_16_G,chip_g1121.tif,0.43454152,F
Model_16_G,chip_g1121.tif,0.42441186,T
Model_16_G,chip_g1121.tif,0.39045537,F
Model_16_G,chip_g1127.tif,0.25399384,T
Model_16_G,chip_g1127.tif,0.25211388,F
Model_16_G,chip_g1142.tif,0.2824144,T
Model_16_G,chip_g1147.tif,0.5021476,F
Model_16_G,chip_g1253.tif,0.2509345,T
Model_16_G,chip_g1269.tif,0.33829364,F
Model_16_G,chip_g1314.tif,0.26856148,T
Model_16_G,chip_g1331.tif,0.3925169,T
Model_16_G,chip_g1353.tif,0.61555326,T
Model_16_G,chip_g1354.tif,0.36373752,F
Model_16_G,chip_g1354.tif,0.36125407,T
Model_16_G,chip_g1378.tif,0.29267013,T
Model_16_G,chip_g1425.tif,0.658742,T
Model_16_G,chip_g1434.tif,0.29113695,F
Model_16_G,chip_g1434.tif,0.2552806,T
Model_16_G,chip_g1435.tif,0.4086279,F
Model_16_G,chip_g1462.tif,0.30118334,T
Model_16_G,chip_g1466.tif,0.25371316,T
Model_16_G,chip_g1469.tif,0.48842838,T
Model_16_G,chip_g1469.tif,0.4028719,T
Model_16_G,chip_g1471.tif,0.26328033,T
Model_16_G,chip_g1478.tif,0.29446414,T
Model_16_G,chip_g1478.tif,0.27886823,F
Model_16_G,chip_g1483.tif,0.28818426,T
Model_16_G,chip_g167.tif,0.93196887,T
Model_16_G,chip_g207.tif,0.9961265,T
Model_16_G,chip_g226.tif,0.98152256,T
Model_16_G,chip_g247.tif,0.93307084,T
Model_16_G,chip_g265.tif,0.25308582,F
Model_16_G,chip_g273.tif,0.5309291,T
Model_16_G,chip_g274.tif,0.6261128,T
Model_16_G,chip_g274.tif,0.38262883,T
Model_16_G,chip_g278.tif,0.6036544,T
Model_16_G,chip_g278.tif,0.28837276,T
Model_16_G,chip_g283.tif,0.93924224,T
Model_16_G,chip_g286.tif,0.896448,T
Model_16_G,chip_g309.tif,0.48465237,T
Model_16_G,chip_g309.tif,0.4743368,T
Model_16_G,chip_g324.tif,0.29881084,F
Model_16_G,chip_g324.tif,0.292708,F
Model_16_G,chip_g324.tif,0.2912574,F
Model_16_G,chip_g324.tif,0.28170362,F
Model_16_G,chip_g324.tif,0.28113678,F
Model_16_G,chip_g324.tif,0.2787967,F
Model_16_G,chip_g324.tif,0.27340692,F
Model_16_G,chip_g324.tif,0.26699758,F
Model_16_G,chip_g324.tif,0.2656057,F
Model_16_G,chip_g324.tif,0.26511,F
Model_16_G,chip_g324.tif,0.26019153,F
Model_16_G,chip_g324.tif,0.2594702,F
Model_16_G,chip_g324.tif,0.25944766,F
Model_16_G,chip_g324.tif,0.25777784,F
Model_16_G,chip_g324.tif,0.2564278,F
Model_16_G,chip_g324.tif,0.25588432,F
Model_16_G,chip_g324.tif,0.2547379,T
Model_16_G,chip_g324.tif,0.25332242,F
Model_16_G,chip_g324.tif,0.25085258,T
Model_16_G,chip_g324.tif,0.25071266,F
Model_16_G,chip_g329.tif,0.7022683,T
Model_16_G,chip_g329.tif,0.5198856,T
Model_16_G,chip_g329.tif,0.34383658,T
Model_16_G,chip_g337.tif,0.5152588,F
Model_16_G,chip_g338.tif,0.9205012,T
Model_16_G,chip_g339.tif,0.5941405,T
Model_16_G,chip_g350.tif,0.82557994,T
Model_16_G,chip_g358.tif,0.9524307,T
Model_16_G,chip_g375.tif,0.99272037,T
Model_16_G,chip_g425.tif,0.2946806,T
Model_16_G,chip_g425.tif,0.26786107,F
Model_16_G,chip_g425.tif,0.26463437,T
Model_16_G,chip_g425.tif,0.26196763,F
Model_16_G,chip_g425.tif,0.2580396,F
Model_16_G,chip_g497.tif,0.31447595,T
Model_16_G,chip_g810.tif,0.39593473,F
Model_16_G,chip_g810.tif,0.25587183,F
Model_16_G,chip_g925.tif,0.53140295,T
Model_16_G,chip_g925.tif,0.5152605,T
Model_16_G,chip_g925.tif,0.42559743,T
Model_16_G,chip_g925.tif,0.27713293,F
Model_16_G,chip_g930.tif,0.27409154,F
Model_16_G,chip_g930.tif,0.2716905,T
Model_16_G,chip_g961.tif,0.26092017,F
Model_16_G,chip_g990.tif,0.28727856,F
Model_16_G,chip_g1005.tif,0.7141472,T
Model_16_G,chip_g1008.tif,0.27874106,T
Model_16_G,chip_g1008.tif,0.27588308,T
Model_16_G,chip_g1008.tif,0.27143377,T
Model_16_G,chip_g1008.tif,0.2638669,T
Model_16_G,chip_g1013.tif,0.77832067,T
Model_16_G,chip_g1014.tif,0.47577202,T
Model_16_G,chip_g1018.tif,0.937499,T
Model_16_G,chip_g1026.tif,0.35309896,T
Model_16_G,chip_g1027.tif,0.9712171,T
Model_16_G,chip_g1029.tif,0.9750269,T
Model_16_G,chip_g1037.tif,0.41996214,T
Model_16_G,chip_g1113.tif,0.62735665,T
Model_16_G,chip_g1121.tif,0.35512742,T
Model_16_G,chip_g1121.tif,0.282683,T
Model_16_G,chip_g1127.tif,0.3529516,T
Model_16_G,chip_g1133.tif,0.3444778,T
Model_16_G,chip_g1133.tif,0.25485793,T
Model_16_G,chip_g1142.tif,0.9534766,T
Model_16_G,chip_g1147.tif,0.5536182,T
Model_16_G,chip_g1147.tif,0.48414546,T
Model_16_G,chip_g1147.tif,0.4309752,T
Model_16_G,chip_g1168.tif,0.2790857,T
Model_16_G,chip_g1168.tif,0.27662352,T
Model_16_G,chip_g1168.tif,0.2763241,F
Model_16_G,chip_g1168.tif,0.27544305,F
Model_16_G,chip_g1168.tif,0.2752326,F
Model_16_G,chip_g1168.tif,0.27455935,F
Model_16_G,chip_g1168.tif,0.27048078,F
Model_16_G,chip_g1168.tif,0.2704172,F
Model_16_G,chip_g1168.tif,0.26877025,F
Model_16_G,chip_g1168.tif,0.26858398,F
Model_16_G,chip_g1168.tif,0.26784435,F
Model_16_G,chip_g1168.tif,0.26663318,F
Model_16_G,chip_g1168.tif,0.26650053,F
Model_16_G,chip_g1168.tif,0.2652071,F
Model_16_G,chip_g1168.tif,0.2650529,F
Model_16_G,chip_g1168.tif,0.264571,F
Model_16_G,chip_g1168.tif,0.2637617,F
Model_16_G,chip_g1168.tif,0.2635729,T
Model_16_G,chip_g1168.tif,0.26334107,F
Model_16_G,chip_g1168.tif,0.2624376,F
Model_16_G,chip_g1168.tif,0.2618938,F
Model_16_G,chip_g1168.tif,0.26089877,F
Model_16_G,chip_g1168.tif,0.2608907,F
Model_16_G,chip_g1168.tif,0.26032937,F
Model_16_G,chip_g1168.tif,0.25998303,F
Model_16_G,chip_g1168.tif,0.25968188,F
Model_16_G,chip_g1168.tif,0.25954404,F
Model_16_G,chip_g1168.tif,0.25901085,F
Model_16_G,chip_g1168.tif,0.2566568,T
Model_16_G,chip_g1168.tif,0.25651675,F
Model_16_G,chip_g1168.tif,0.25527766,F
Model_16_G,chip_g1168.tif,0.25521713,F
Model_16_G,chip_g1168.tif,0.25498545,F
Model_16_G,chip_g1168.tif,0.25491112,F
Model_16_G,chip_g1168.tif,0.25344047,F
Model_16_G,chip_g1168.tif,0.25239307,F
Model_16_G,chip_g1168.tif,0.2523712,F
Model_16_G,chip_g1168.tif,0.25141492,F
Model_16_G,chip_g1168.tif,0.25117996,F
Model_16_G,chip_g1168.tif,0.25063878,F
Model_16_G,chip_g1168.tif,0.25006032,F
Model_16_G,chip_g1217.tif,0.27760032,F
Model_16_G,chip_g1217.tif,0.2610134,T
Model_16_G,chip_g1253.tif,0.2764445,F
Model_16_G,chip_g1314.tif,0.984705,T
Model_16_G,chip_g1317.tif,0.9887046,T
Model_16_G,chip_g1331.tif,0.99802065,T
Model_16_G,chip_g1343.tif,0.7138913,T
Model_16_G,chip_g1353.tif,0.99939525,T
Model_16_G,chip_g1354.tif,0.50801957,T
Model_16_G,chip_g1354.tif,0.50272065,T
Model_16_G,chip_g1354.tif,0.25340465,T
Model_16_G,chip_g1378.tif,0.42764947,T
Model_16_G,chip_g1378.tif,0.29284084,T
Model_16_G,chip_g1409.tif,0.33115834,T
Model_16_G,chip_g1412.tif,0.28640106,F
Model_16_G,chip_g1412.tif,0.2757127,F
Model_16_G,chip_g1412.tif,0.273099,F
Model_16_G,chip_g1412.tif,0.27232432,F
Model_16_G,chip_g1412.tif,0.27131844,F
Model_16_G,chip_g1412.tif,0.26761785,F
Model_16_G,chip_g1412.tif,0.26707315,F
Model_16_G,chip_g1412.tif,0.26085183,F
Model_16_G,chip_g1412.tif,0.25906274,T
Model_16_G,chip_g1412.tif,0.2573406,F
Model_16_G,chip_g1412.tif,0.2567188,F
Model_16_G,chip_g1412.tif,0.25036708,F
Model_16_G,chip_g1416.tif,0.31938642,T
Model_16_G,chip_g1416.tif,0.26090345,F
Model_16_G,chip_g1425.tif,0.7112293,T
Model_16_G,chip_g1434.tif,0.99787056,T
Model_16_G,chip_g1435.tif,0.875746,T
Model_16_G,chip_g1449.tif,0.4802627,T
Model_16_G,chip_g1449.tif,0.36714596,T
Model_16_G,chip_g1461.tif,0.61298835,T
Model_16_G,chip_g1462.tif,0.54465616,F
Model_16_G,chip_g1463.tif,0.38839266,T
Model_16_G,chip_g1466.tif,0.72986615,T
Model_16_G,chip_g1468.tif,0.48830158,T
Model_16_G,chip_g1469.tif,0.31433168,T
Model_16_G,chip_g1469.tif,0.29239982,T
Model_16_G,chip_g1471.tif,0.926327,T
Model_16_G,chip_g1478.tif,0.28462502,T
Model_16_G,chip_g1478.tif,0.26804054,T
Model_16_G,chip_g1478.tif,0.26439512,T
Model_16_G,chip_g1526.tif,0.9965328,T
Model_16_G,chip_g1529.tif,0.9970504,F
Model_16_G,chip_g1556.tif,0.8112978,T
Model_16_G,chip_g1584.tif,0.26280838,F
Model_16_G,chip_g1584.tif,0.26099694,T
Model_16_G,chip_g1589.tif,0.29649487,T
Model_16_G,chip_g1589.tif,0.27215478,T
Model_16_G,chip_g1589.tif,0.26021197,T
Model_16_G,chip_g1589.tif,0.25429112,T
Model_16_G,chip_g1593.tif,0.51538235,T
Model_16_G,chip_g1594.tif,0.33103645,T
Model_16_G,chip_g1594.tif,0.29859114,T
Model_16_G,chip_g1619.tif,0.2867304,T
Model_16_G,chip_g1631.tif,0.40540645,T
Model_16_G,chip_g1631.tif,0.38185763,T
Model_16_G,chip_g1645.tif,0.27794194,T
Model_16_G,chip_g1645.tif,0.26390472,F
Model_16_G,chip_g1645.tif,0.25084722,T
Model_16_G,chip_g1650.tif,0.29484656,T
Model_16_G,chip_g1651.tif,0.25903383,T
Model_16_G,chip_g1658.tif,0.2634479,T
Model_16_G,chip_g1669.tif,0.2881833,F
Model_16_G,chip_g1669.tif,0.2642357,T
Model_16_G,chip_g1669.tif,0.25096622,F
Model_16_G,chip_g1669.tif,0.25068972,F
Model_16_G,chip_g167.tif,0.9551049,T
Model_16_G,chip_g1673.tif,0.25364256,T
Model_16_G,chip_g1675.tif,0.31649622,T
Model_16_G,chip_g1677.tif,0.28052455,T
Model_16_G,chip_g1677.tif,0.26016286,F
Model_16_G,chip_g1677.tif,0.2526506,F
Model_16_G,chip_g1678.tif,0.2820265,T
Model_16_G,chip_g1678.tif,0.2682575,T
Model_16_G,chip_g1711.tif,0.5638331,T
Model_16_G,chip_g1711.tif,0.2714551,T
Model_16_G,chip_g1730.tif,0.3098809,T
Model_16_G,chip_g1730.tif,0.29690593,T
Model_16_G,chip_g1730.tif,0.28942028,T
Model_16_G,chip_g1730.tif,0.26669785,F
Model_16_G,chip_g1731.tif,0.2800824,T
Model_16_G,chip_g1731.tif,0.2577958,T
Model_16_G,chip_g1749.tif,0.25423992,F
Model_16_G,chip_g1749.tif,0.251198,F
Model_16_G,chip_g1751.tif,0.28754362,T
Model_16_G,chip_g1751.tif,0.2684243,F
Model_16_G,chip_g1769.tif,0.28546962,T
Model_16_G,chip_g1785.tif,0.2992686,F
Model_16_G,chip_g1785.tif,0.25459588,T
Model_16_G,chip_g1789.tif,0.27022904,T
Model_16_G,chip_g1789.tif,0.26104006,F
Model_16_G,chip_g1790.tif,0.2910833,T
Model_16_G,chip_g1790.tif,0.27575478,F
Model_16_G,chip_g1790.tif,0.2509535,F
Model_16_G,chip_g1791.tif,0.29096395,T
Model_16_G,chip_g1791.tif,0.27628645,F
Model_16_G,chip_g1791.tif,0.2746219,T
Model_16_G,chip_g1791.tif,0.26328734,F
Model_16_G,chip_g1791.tif,0.261374,F
Model_16_G,chip_g1791.tif,0.2554504,F
Model_16_G,chip_g1791.tif,0.25046226,F
Model_16_G,chip_g1830.tif,0.271859,T
Model_16_G,chip_g1851.tif,0.2536587,T
Model_16_G,chip_g1869.tif,0.2647663,F
Model_16_G,chip_g1869.tif,0.2561619,F
Model_16_G,chip_g1869.tif,0.2514086,T
Model_16_G,chip_g1869.tif,0.25056776,F
Model_16_G,chip_g1925.tif,0.28993586,F
Model_16_G,chip_g1925.tif,0.2679215,F
Model_16_G,chip_g1925.tif,0.26415277,F
Model_16_G,chip_g1925.tif,0.26216835,F
Model_16_G,chip_g1925.tif,0.26169157,F
Model_16_G,chip_g1925.tif,0.25745386,F
Model_16_G,chip_g1925.tif,0.25702524,F
Model_16_G,chip_g1925.tif,0.25416148,F
Model_16_G,chip_g1925.tif,0.25408354,F
Model_16_G,chip_g1925.tif,0.25344744,F
Model_16_G,chip_g1925.tif,0.25174582,F
Model_16_G,chip_g1925.tif,0.25055856,F
Model_16_G,chip_g2020.tif,0.3261372,T
Model_16_G,chip_g2026.tif,0.8473603,T
Model_16_G,chip_g2030.tif,0.3936406,T
Model_16_G,chip_g2030.tif,0.28369623,T
Model_16_G,chip_g2031.tif,0.29896188,T
Model_16_G,chip_g2031.tif,0.29297066,T
Model_16_G,chip_g207.tif,0.90492845,T
Model_16_G,chip_g2145.tif,0.29217902,F
Model_16_G,chip_g2145.tif,0.28226632,F
Model_16_G,chip_g2145.tif,0.2684562,F
Model_16_G,chip_g2145.tif,0.26409107,T
Model_16_G,chip_g2145.tif,0.26150808,F
Model_16_G,chip_g2145.tif,0.2558392,F
Model_16_G,chip_g2145.tif,0.2548804,F
Model_16_G,chip_g2145.tif,0.25439328,T
Model_16_G,chip_g2145.tif,0.25357875,F
Model_16_G,chip_g2145.tif,0.25344536,T
Model_16_G,chip_g2181.tif,0.27352792,T
Model_16_G,chip_g2181.tif,0.27262938,F
Model_16_G,chip_g2181.tif,0.26671693,F
Model_16_G,chip_g2181.tif,0.25048727,F
Model_16_G,chip_g2185.tif,0.2731036,T
Model_16_G,chip_g2185.tif,0.26601413,F
Model_16_G,chip_g2185.tif,0.2642501,T
Model_16_G,chip_g2185.tif,0.2639469,F
Model_16_G,chip_g2185.tif,0.2638227,T
Model_16_G,chip_g2185.tif,0.26305455,F
Model_16_G,chip_g2185.tif,0.26298922,F
Model_16_G,chip_g2185.tif,0.2599759,F
Model_16_G,chip_g2185.tif,0.2593835,F
Model_16_G,chip_g2185.tif,0.2584659,F
Model_16_G,chip_g2185.tif,0.25646865,F
Model_16_G,chip_g2185.tif,0.25006407,F
Model_16_G,chip_g2210.tif,0.25074795,T
Model_16_G,chip_g2220.tif,0.25454938,T
Model_16_G,chip_g2220.tif,0.25106648,T
Model_16_G,chip_g2221.tif,0.4867895,T
Model_16_G,chip_g2221.tif,0.2590444,T
Model_16_G,chip_g2224.tif,0.4221461,T
Model_16_G,chip_g2224.tif,0.329279,T
Model_16_G,chip_g226.tif,0.6748162,T
Model_16_G,chip_g247.tif,0.9824845,T
Model_16_G,chip_g269.tif,0.2555512,T
Model_16_G,chip_g273.tif,0.2772741,T
Model_16_G,chip_g273.tif,0.25275773,T
Model_16_G,chip_g274.tif,0.27101272,T
Model_16_G,chip_g278.tif,0.3166761,T
Model_16_G,chip_g278.tif,0.27072635,T
Model_16_G,chip_g283.tif,0.9898399,T
Model_16_G,chip_g286.tif,0.79330045,T
Model_16_G,chip_g286.tif,0.49312913,T
Model_16_G,chip_g309.tif,0.43892005,T
Model_16_G,chip_g309.tif,0.33526903,T
Model_16_G,chip_g309.tif,0.30622092,T
Model_16_G,chip_g324.tif,0.2687202,T
Model_16_G,chip_g324.tif,0.25676596,T
Model_16_G,chip_g329.tif,0.570294,T
Model_16_G,chip_g329.tif,0.33172855,T
Model_16_G,chip_g329.tif,0.32553577,T
Model_16_G,chip_g337.tif,0.62516844,F
Model_16_G,chip_g338.tif,0.9995952,T
Model_16_G,chip_g339.tif,0.99476117,T
Model_16_G,chip_g350.tif,0.96328735,T
Model_16_G,chip_g358.tif,0.9989875,T
Model_16_G,chip_g375.tif,0.9595319,T
Model_16_G,chip_g485.tif,0.25919792,T
Model_16_G,chip_g489.tif,0.2694361,T
Model_16_G,chip_g489.tif,0.2673597,F
Model_16_G,chip_g489.tif,0.26607564,T
Model_16_G,chip_g489.tif,0.26206452,F
Model_16_G,chip_g489.tif,0.26188144,T
Model_16_G,chip_g489.tif,0.2606845,T
Model_16_G,chip_g489.tif,0.25674427,F
Model_16_G,chip_g489.tif,0.25463042,T
Model_16_G,chip_g489.tif,0.25228423,F
Model_16_G,chip_g489.tif,0.25225314,F
Model_16_G,chip_g489.tif,0.250589,F
Model_16_G,chip_g807.tif,0.27903092,F
Model_16_G,chip_g807.tif,0.2598327,F
Model_16_G,chip_g905.tif,0.26387334,F
Model_16_G,chip_g906.tif,0.43699512,T
Model_16_G,chip_g925.tif,0.53788805,T
Model_16_G,chip_g925.tif,0.44078344,T
Model_16_G,chip_g925.tif,0.34533668,T
Model_16_G,chip_g925.tif,0.34401637,T
Model_16_G,chip_g930.tif,0.58181536,T
Model_16_G,chip_g930.tif,0.42714438,T
Model_16_G,chip_g949.tif,0.3070252,F
Model_16_G,chip_g949.tif,0.2932784,F
Model_16_G,chip_g949.tif,0.28744572,T
Model_16_G,chip_g949.tif,0.28567165,F
Model_16_G,chip_g949.tif,0.28038162,F
Model_16_G,chip_g949.tif,0.2791094,F
Model_16_G,chip_g949.tif,0.2785388,F
Model_16_G,chip_g949.tif,0.2773573,F
Model_16_G,chip_g949.tif,0.27721602,F
Model_16_G,chip_g949.tif,0.27704677,F
Model_16_G,chip_g949.tif,0.27649125,F
Model_16_G,chip_g949.tif,0.27596155,F
Model_16_G,chip_g949.tif,0.27548912,F
Model_16_G,chip_g949.tif,0.27411002,F
Model_16_G,chip_g949.tif,0.2738626,F
Model_16_G,chip_g949.tif,0.27328,F
Model_16_G,chip_g949.tif,0.27160498,F
Model_16_G,chip_g949.tif,0.27120167,F
Model_16_G,chip_g949.tif,0.26968053,F
Model_16_G,chip_g949.tif,0.2696466,F
Model_16_G,chip_g949.tif,0.26960585,T
Model_16_G,chip_g949.tif,0.26915044,F
Model_16_G,chip_g949.tif,0.26787907,F
Model_16_G,chip_g949.tif,0.26567474,F
Model_16_G,chip_g949.tif,0.26490042,F
Model_16_G,chip_g949.tif,0.2638583,T
Model_16_G,chip_g949.tif,0.26331136,F
Model_16_G,chip_g949.tif,0.2632283,F
Model_16_G,chip_g949.tif,0.26210752,F
Model_16_G,chip_g949.tif,0.26204604,F
Model_16_G,chip_g949.tif,0.2611374,F
Model_16_G,chip_g949.tif,0.2606869,F
Model_16_G,chip_g949.tif,0.25914663,F
Model_16_G,chip_g949.tif,0.25822452,F
Model_16_G,chip_g949.tif,0.2571636,F
Model_16_G,chip_g949.tif,0.25658104,F
Model_16_G,chip_g949.tif,0.25544947,F
Model_16_G,chip_g949.tif,0.25493744,F
Model_16_G,chip_g949.tif,0.25467542,F
Model_16_G,chip_g949.tif,0.25403184,F
Model_16_G,chip_g949.tif,0.25391254,F
Model_16_G,chip_g949.tif,0.25341865,T
Model_16_G,chip_g949.tif,0.25318298,F
Model_16_G,chip_g949.tif,0.25200388,F
Model_16_G,chip_g949.tif,0.250549,F
Model_16_G,chip_g949.tif,0.25002107,F
Model_16_G,chip_g999.tif,0.26949948,F
Model_16_G,chip_g999.tif,0.26651594,F
Model_16_G,chip_g999.tif,0.2661677,T
Model_16_G,chip_g999.tif,0.26054797,T
Model_16_G,chip_g999.tif,0.26030928,F
Model_16_G,chip_g999.tif,0.25872198,T
Model_16_G,chip_g999.tif,0.2570027,T
Model_16_G,chip_g999.tif,0.25553486,F
Model_16_G,chip_g999.tif,0.25550845,F
Model_16_G,chip_g999.tif,0.2539348,F
Model_16_G,chip_g999.tif,0.2536541,F
Model_16_G,chip_g999.tif,0.25324416,F
Model_16_G,chip_g999.tif,0.2517322,F
Model_16_G,chip_g1005.tif,0.9755053,T
Model_16_G,chip_g1008.tif,0.52554065,T
Model_16_G,chip_g1008.tif,0.35529596,T
Model_16_G,chip_g1008.tif,0.30492613,T
Model_16_G,chip_g1008.tif,0.27134746,T
Model_16_G,chip_g1008.tif,0.26492402,T
Model_16_G,chip_g1013.tif,0.97720647,T
Model_16_G,chip_g1014.tif,0.93117416,T
Model_16_G,chip_g1018.tif,0.9891145,T
Model_16_G,chip_g1026.tif,0.9615233,T
Model_16_G,chip_g1027.tif,0.9992536,T
Model_16_G,chip_g1029.tif,0.99123937,T
Model_16_G,chip_g1037.tif,0.92576003,T
Model_16_G,chip_g1113.tif,0.9358771,T
Model_16_G,chip_g1121.tif,0.96259564,T
Model_16_G,chip_g1121.tif,0.88008267,T
Model_16_G,chip_g1122.tif,0.3321465,T
Model_16_G,chip_g1127.tif,0.49980998,T
Model_16_G,chip_g1127.tif,0.32757688,T
Model_16_G,chip_g1133.tif,0.2746203,T
Model_16_G,chip_g1142.tif,0.99722916,T
Model_16_G,chip_g1147.tif,0.48254585,T
Model_16_G,chip_g1147.tif,0.44639328,T
Model_16_G,chip_g1147.tif,0.3903167,T
Model_16_G,chip_g1168.tif,0.2600664,F
Model_16_G,chip_g1168.tif,0.25368682,T
Model_16_G,chip_g1180.tif,0.25097996,F
Model_16_G,chip_g1217.tif,0.25944284,T
Model_16_G,chip_g1217.tif,0.25459164,F
Model_16_G,chip_g1217.tif,0.25361705,T
Model_16_G,chip_g1238.tif,0.2630966,F
Model_16_G,chip_g1314.tif,0.9963238,T
Model_16_G,chip_g1317.tif,0.9958016,T
Model_16_G,chip_g1331.tif,0.9992157,T
Model_16_G,chip_g1343.tif,0.9661782,T
Model_16_G,chip_g1353.tif,0.99924856,T
Model_16_G,chip_g1354.tif,0.91135085,T
Model_16_G,chip_g1354.tif,0.6025441,T
Model_16_G,chip_g1378.tif,0.6749638,T
Model_16_G,chip_g1378.tif,0.5622976,T
Model_16_G,chip_g1378.tif,0.4766112,T
Model_16_G,chip_g1401.tif,0.25737867,F
Model_16_G,chip_g1409.tif,0.29924795,T
Model_16_G,chip_g1425.tif,0.9861522,T
Model_16_G,chip_g1434.tif,0.9995105,T
Model_16_G,chip_g1435.tif,0.9922275,T
Model_16_G,chip_g1449.tif,0.68274397,T
Model_16_G,chip_g1449.tif,0.6159847,T
Model_16_G,chip_g1461.tif,0.82975274,T
Model_16_G,chip_g1462.tif,0.5518182,T
Model_16_G,chip_g1463.tif,0.8989027,T
Model_16_G,chip_g1463.tif,0.33448723,F
Model_16_G,chip_g1466.tif,0.9862179,T
Model_16_G,chip_g1468.tif,0.9301139,T
Model_16_G,chip_g1469.tif,0.44231233,T
Model_16_G,chip_g1469.tif,0.3469705,T
Model_16_G,chip_g1469.tif,0.3206606,T
Model_16_G,chip_g1471.tif,0.9951957,T
Model_16_G,chip_g1478.tif,0.28482896,T
Model_16_G,chip_g1478.tif,0.2690299,T
Model_16_G,chip_g1478.tif,0.26555896,T
Model_16_G,chip_g1483.tif,0.27327752,T
Model_16_G,chip_g1485.tif,0.2522618,F
Model_16_G,chip_g1497.tif,0.30940765,T
Model_16_G,chip_g1504.tif,0.29586285,T
Model_16_G,chip_g1526.tif,0.9994399,T
Model_16_G,chip_g1529.tif,0.99926966,F
Model_16_G,chip_g1529.tif,0.6674018,F
Model_16_G,chip_g1556.tif,0.9932308,T
Model_16_G,chip_g1584.tif,0.51220363,T
Model_16_G,chip_g1584.tif,0.3844972,F
Model_16_G,chip_g1589.tif,0.32719535,T
Model_16_G,chip_g1589.tif,0.32434484,T
Model_16_G,chip_g1589.tif,0.2707462,T
Model_16_G,chip_g1593.tif,0.9842635,T
Model_16_G,chip_g1594.tif,0.8123083,T
Model_16_G,chip_g1594.tif,0.5835136,T
Model_16_G,chip_g1618.tif,0.5167702,T
Model_16_G,chip_g1619.tif,0.40700904,T
Model_16_G,chip_g1631.tif,0.48986313,T
Model_16_G,chip_g1645.tif,0.26067996,T
Model_16_G,chip_g1651.tif,0.32866776,T
Model_16_G,chip_g1658.tif,0.25106576,T
Model_16_G,chip_g1669.tif,0.25939125,F
Model_16_G,chip_g167.tif,0.99980384,T
Model_16_G,chip_g1677.tif,0.2644488,T
Model_16_G,chip_g1678.tif,0.3252585,T
Model_16_G,chip_g1711.tif,0.674846,T
Model_16_G,chip_g1711.tif,0.49231872,T
Model_16_G,chip_g1730.tif,0.42156267,T
Model_16_G,chip_g1730.tif,0.28816283,T
Model_16_G,chip_g1730.tif,0.28169385,F
Model_16_G,chip_g1731.tif,0.72679853,T
Model_16_G,chip_g1731.tif,0.41383824,T
Model_16_G,chip_g1749.tif,0.2747486,T
Model_16_G,chip_g1749.tif,0.2574278,T
Model_16_G,chip_g1749.tif,0.2564947,T
Model_16_G,chip_g1749.tif,0.25174668,F
Model_16_G,chip_g1749.tif,0.2501119,T
Model_16_G,chip_g1751.tif,0.47713497,T
Model_16_G,chip_g1769.tif,0.29625612,T
Model_16_G,chip_g1769.tif,0.2611638,T
Model_16_G,chip_g1769.tif,0.25954816,T
Model_16_G,chip_g1769.tif,0.25680786,T
Model_16_G,chip_g1771.tif,0.26890492,T
Model_16_G,chip_g1771.tif,0.2640566,T
Model_16_G,chip_g1771.tif,0.25444743,T
Model_16_G,chip_g1771.tif,0.253174,T
Model_16_G,chip_g1771.tif,0.25254196,T
Model_16_G,chip_g1771.tif,0.25152642,T
Model_16_G,chip_g1785.tif,0.25707158,T
Model_16_G,chip_g1785.tif,0.25425452,T
Model_16_G,chip_g1785.tif,0.25391108,T
Model_16_G,chip_g1785.tif,0.25264326,T
Model_16_G,chip_g1789.tif,0.2726483,T
Model_16_G,chip_g1789.tif,0.26540485,T
Model_16_G,chip_g1789.tif,0.25681904,T
Model_16_G,chip_g1790.tif,0.2695452,T
Model_16_G,chip_g1791.tif,0.27607426,T
Model_16_G,chip_g1791.tif,0.2504908,T
Model_16_G,chip_g1830.tif,0.25010148,F
Model_16_G,chip_g1831.tif,0.26433507,F
Model_16_G,chip_g2022.tif,0.51650405,T
Model_16_G,chip_g2026.tif,0.92217255,T
Model_16_G,chip_g2026.tif,0.32151932,T
Model_16_G,chip_g2030.tif,0.6331435,T
Model_16_G,chip_g2030.tif,0.48309076,T
Model_16_G,chip_g2030.tif,0.4809342,T
Model_16_G,chip_g2031.tif,0.3370059,T
Model_16_G,chip_g2031.tif,0.3202326,T
Model_16_G,chip_g2031.tif,0.31575075,T
Model_16_G,chip_g207.tif,0.9948192,T
Model_16_G,chip_g2145.tif,0.25661668,F
Model_16_G,chip_g2185.tif,0.25758594,T
Model_16_G,chip_g2185.tif,0.25389048,T
Model_16_G,chip_g2185.tif,0.25229925,T
Model_16_G,chip_g2185.tif,0.25110328,F
Model_16_G,chip_g2185.tif,0.25006762,F
Model_16_G,chip_g2220.tif,0.26948398,T
Model_16_G,chip_g2220.tif,0.26077855,T
Model_16_G,chip_g2220.tif,0.25488868,T
Model_16_G,chip_g2220.tif,0.25404045,T
Model_16_G,chip_g2220.tif,0.25274616,T
Model_16_G,chip_g2221.tif,0.42542297,T
Model_16_G,chip_g2221.tif,0.27969608,T
Model_16_G,chip_g2224.tif,0.45822105,T
Model_16_G,chip_g2224.tif,0.35651046,T
Model_16_G,chip_g2224.tif,0.32619074,T
Model_16_G,chip_g2224.tif,0.25653556,T
Model_16_G,chip_g2224.tif,0.25145683,T
Model_16_G,chip_g2225.tif,0.2812169,T
Model_16_G,chip_g2225.tif,0.2588723,T
Model_16_G,chip_g2225.tif,0.25722006,F
Model_16_G,chip_g2225.tif,0.25400832,T
Model_16_G,chip_g2225.tif,0.2534781,T
Model_16_G,chip_g2226.tif,0.3947699,T
Model_16_G,chip_g2249.tif,0.4462321,T
Model_16_G,chip_g2249.tif,0.42868152,T
Model_16_G,chip_g2258.tif,0.30272144,T
Model_16_G,chip_g2258.tif,0.28024682,T
Model_16_G,chip_g2258.tif,0.2765163,T
Model_16_G,chip_g2258.tif,0.26350397,T
Model_16_G,chip_g2258.tif,0.25422743,T
Model_16_G,chip_g226.tif,0.962589,T
Model_16_G,chip_g2406.tif,0.2613599,T
Model_16_G,chip_g2406.tif,0.256208,T
Model_16_G,chip_g2407.tif,0.25925392,T
Model_16_G,chip_g2426.tif,0.2666886,T
Model_16_G,chip_g2426.tif,0.26381844,T
Model_16_G,chip_g2427.tif,0.26964742,T
Model_16_G,chip_g2427.tif,0.26934725,T
Model_16_G,chip_g2427.tif,0.2558944,T
Model_16_G,chip_g2450.tif,0.280084,T
Model_16_G,chip_g2450.tif,0.2796889,T
Model_16_G,chip_g2450.tif,0.2518352,T
Model_16_G,chip_g2451.tif,0.36238652,T
Model_16_G,chip_g2451.tif,0.26120552,T
Model_16_G,chip_g247.tif,0.99961025,T
Model_16_G,chip_g2473.tif,0.9163973,T
Model_16_G,chip_g2475.tif,0.99482024,T
Model_16_G,chip_g2486.tif,0.2664881,T
Model_16_G,chip_g2486.tif,0.26301897,F
Model_16_G,chip_g2486.tif,0.26110706,T
Model_16_G,chip_g2486.tif,0.25423717,T
Model_16_G,chip_g2486.tif,0.25413978,T
Model_16_G,chip_g2487.tif,0.26151717,T
Model_16_G,chip_g2487.tif,0.2613138,T
Model_16_G,chip_g2487.tif,0.25670183,F
Model_16_G,chip_g2487.tif,0.2540364,T
Model_16_G,chip_g2487.tif,0.25150824,T
Model_16_G,chip_g2487.tif,0.25049317,T
Model_16_G,chip_g2487.tif,0.25044128,T
Model_16_G,chip_g2487.tif,0.25031665,T
Model_16_G,chip_g2491.tif,0.2624929,T
Model_16_G,chip_g2491.tif,0.251134,T
Model_16_G,chip_g2494.tif,0.5067697,T
Model_16_G,chip_g2495.tif,0.35108772,T
Model_16_G,chip_g2522.tif,0.983196,T
Model_16_G,chip_g2527.tif,0.26470155,T
Model_16_G,chip_g2527.tif,0.26350465,T
Model_16_G,chip_g2527.tif,0.2570609,T
Model_16_G,chip_g2527.tif,0.2555156,F
Model_16_G,chip_g2527.tif,0.25476846,F
Model_16_G,chip_g2527.tif,0.25285062,T
Model_16_G,chip_g2538.tif,0.29423758,T
Model_16_G,chip_g2538.tif,0.28318313,F
Model_16_G,chip_g2538.tif,0.27506617,T
Model_16_G,chip_g2538.tif,0.25892037,T
Model_16_G,chip_g2538.tif,0.2530207,F
Model_16_G,chip_g2539.tif,0.26519468,T
Model_16_G,chip_g2539.tif,0.26081076,T
Model_16_G,chip_g2539.tif,0.2586975,T
Model_16_G,chip_g2539.tif,0.25442502,T
Model_16_G,chip_g2539.tif,0.2508479,F
Model_16_G,chip_g2542.tif,0.27160466,T
Model_16_G,chip_g2542.tif,0.25237143,T
Model_16_G,chip_g2586.tif,0.37571526,T
Model_16_G,chip_g2586.tif,0.27645308,T
Model_16_G,chip_g2586.tif,0.26383916,F
Model_16_G,chip_g2586.tif,0.25492215,T
Model_16_G,chip_g2603.tif,0.28380352,T
Model_16_G,chip_g2603.tif,0.26695836,T
Model_16_G,chip_g2603.tif,0.25317687,T
Model_16_G,chip_g2603.tif,0.25118518,T
Model_16_G,chip_g2603.tif,0.2508148,T
Model_16_G,chip_g2607.tif,0.27805924,T
Model_16_G,chip_g2607.tif,0.25625196,T
Model_16_G,chip_g2607.tif,0.25593162,T
Model_16_G,chip_g2607.tif,0.25474936,T
Model_16_G,chip_g2607.tif,0.25123614,F
Model_16_G,chip_g2635.tif,0.2808791,T
Model_16_G,chip_g2635.tif,0.26177847,T
Model_16_G,chip_g2642.tif,0.2619134,T
Model_16_G,chip_g2642.tif,0.2602352,F
Model_16_G,chip_g2642.tif,0.25634623,T
Model_16_G,chip_g2642.tif,0.25555173,F
Model_16_G,chip_g2647.tif,0.2687524,T
Model_16_G,chip_g2647.tif,0.26470265,F
Model_16_G,chip_g2647.tif,0.26299378,T
Model_16_G,chip_g2647.tif,0.25777918,T
Model_16_G,chip_g2647.tif,0.25303498,T
Model_16_G,chip_g2647.tif,0.25231865,F
Model_16_G,chip_g2659.tif,0.4317126,T
Model_16_G,chip_g2659.tif,0.2723399,T
Model_16_G,chip_g2671.tif,0.7963477,T
Model_16_G,chip_g269.tif,0.2748416,T
Model_16_G,chip_g273.tif,0.34697437,T
Model_16_G,chip_g274.tif,0.5122907,T
Model_16_G,chip_g274.tif,0.3304786,T
Model_16_G,chip_g274.tif,0.31795523,T
Model_16_G,chip_g278.tif,0.35769495,T
Model_16_G,chip_g278.tif,0.3211844,T
Model_16_G,chip_g278.tif,0.31627396,T
Model_16_G,chip_g283.tif,0.9896207,T
Model_16_G,chip_g286.tif,0.8755079,T
Model_16_G,chip_g286.tif,0.6301014,T
Model_16_G,chip_g309.tif,0.63688374,T
Model_16_G,chip_g309.tif,0.5138068,T
Model_16_G,chip_g309.tif,0.33783567,T
Model_16_G,chip_g324.tif,0.26798102,T
Model_16_G,chip_g329.tif,0.80685866,T
Model_16_G,chip_g329.tif,0.5555505,T
Model_16_G,chip_g329.tif,0.5505631,T
Model_16_G,chip_g330.tif,0.994531,T
Model_16_G,chip_g337.tif,0.7194903,F
Model_16_G,chip_g338.tif,0.9995227,T
Model_16_G,chip_g339.tif,0.9988104,T
Model_16_G,chip_g350.tif,0.9967604,T
Model_16_G,chip_g358.tif,0.993359,T
Model_16_G,chip_g375.tif,0.9716411,T
Model_16_G,chip_g385.tif,0.27719262,T
Model_16_G,chip_g425.tif,0.2675107,T
Model_16_G,chip_g425.tif,0.25543776,T
Model_16_G,chip_g485.tif,0.29715577,T
Model_16_G,chip_g807.tif,0.25047448,F
Model_16_G,chip_g810.tif,0.3416966,F
Model_16_G,chip_g810.tif,0.31303382,F
Model_16_G,chip_g810.tif,0.26875874,F
Model_16_G,chip_g906.tif,0.46308056,T
Model_16_G,chip_g906.tif,0.2834876,F
Model_16_G,chip_g925.tif,0.9126971,T
Model_16_G,chip_g925.tif,0.7973657,T
Model_16_G,chip_g925.tif,0.78345495,T
Model_16_G,chip_g930.tif,0.55475104,T
Model_16_G,chip_g930.tif,0.5513044,T
Model_16_G,chip_g949.tif,0.25163424,F
Model_16_G,chip_g950.tif,0.4655211,F
Model_16_G,chip_g967.tif,0.25066686,T
Model_16_G,chip_g999.tif,0.30216137,T
Model_16_G,chip_g999.tif,0.25181308,T
Model_16_G,chip_g1005.tif,0.9755053,T
Model_16_G,chip_g1008.tif,0.52554065,T
Model_16_G,chip_g1008.tif,0.35529596,T
Model_16_G,chip_g1008.tif,0.30492613,T
Model_16_G,chip_g1008.tif,0.27134746,T
Model_16_G,chip_g1008.tif,0.26492402,T
Model_16_G,chip_g1013.tif,0.97720647,T
Model_16_G,chip_g1014.tif,0.93117416,T
Model_16_G,chip_g1018.tif,0.9891145,T
Model_16_G,chip_g1026.tif,0.9615233,T
Model_16_G,chip_g1027.tif,0.9992536,T
Model_16_G,chip_g1029.tif,0.99123937,T
Model_16_G,chip_g1037.tif,0.92576003,T
Model_16_G,chip_g1113.tif,0.9358771,T
Model_16_G,chip_g1121.tif,0.96259564,T
Model_16_G,chip_g1121.tif,0.88008267,T
Model_16_G,chip_g1122.tif,0.3321465,T
Model_16_G,chip_g1127.tif,0.49980998,T
Model_16_G,chip_g1127.tif,0.32757688,T
Model_16_G,chip_g1133.tif,0.2746203,T
Model_16_G,chip_g1142.tif,0.99722916,T
Model_16_G,chip_g1147.tif,0.48254585,T
Model_16_G,chip_g1147.tif,0.44639328,T
Model_16_G,chip_g1147.tif,0.3903167,T
Model_16_G,chip_g1168.tif,0.2600664,F
Model_16_G,chip_g1168.tif,0.25368682,T
Model_16_G,chip_g1180.tif,0.25097996,F
Model_16_G,chip_g1217.tif,0.25944284,T
Model_16_G,chip_g1217.tif,0.25459164,F
Model_16_G,chip_g1217.tif,0.25361705,T
Model_16_G,chip_g1238.tif,0.2630966,F
Model_16_G,chip_g1314.tif,0.9963238,T
Model_16_G,chip_g1317.tif,0.9958016,T
Model_16_G,chip_g1331.tif,0.9992157,T
Model_16_G,chip_g1343.tif,0.9661782,T
Model_16_G,chip_g1353.tif,0.99924856,T
Model_16_G,chip_g1354.tif,0.91135085,T
Model_16_G,chip_g1354.tif,0.6025441,T
Model_16_G,chip_g1378.tif,0.6749638,T
Model_16_G,chip_g1378.tif,0.5622976,T
Model_16_G,chip_g1378.tif,0.4766112,T
Model_16_G,chip_g1401.tif,0.25737867,F
Model_16_G,chip_g1409.tif,0.29924795,T
Model_16_G,chip_g1425.tif,0.9861522,T
Model_16_G,chip_g1434.tif,0.9995105,T
Model_16_G,chip_g1435.tif,0.9922275,T
Model_16_G,chip_g1449.tif,0.68274397,T
Model_16_G,chip_g1449.tif,0.6159847,T
Model_16_G,chip_g1461.tif,0.82975274,T
Model_16_G,chip_g1462.tif,0.5518182,T
Model_16_G,chip_g1463.tif,0.8989027,T
Model_16_G,chip_g1463.tif,0.33448723,F
Model_16_G,chip_g1466.tif,0.9862179,T
Model_16_G,chip_g1468.tif,0.9301139,T
Model_16_G,chip_g1469.tif,0.44231233,T
Model_16_G,chip_g1469.tif,0.3469705,T
Model_16_G,chip_g1469.tif,0.3206606,T
Model_16_G,chip_g1471.tif,0.9951957,T
Model_16_G,chip_g1478.tif,0.28482896,T
Model_16_G,chip_g1478.tif,0.2690299,T
Model_16_G,chip_g1478.tif,0.26555896,T
Model_16_G,chip_g1483.tif,0.27327752,T
Model_16_G,chip_g1485.tif,0.2522618,F
Model_16_G,chip_g1497.tif,0.30940765,T
Model_16_G,chip_g1504.tif,0.29586285,T
Model_16_G,chip_g1526.tif,0.9994399,T
Model_16_G,chip_g1529.tif,0.99926966,F
Model_16_G,chip_g1529.tif,0.6674018,F
Model_16_G,chip_g1556.tif,0.9932308,T
Model_16_G,chip_g1584.tif,0.51220363,T
Model_16_G,chip_g1584.tif,0.3844972,F
Model_16_G,chip_g1589.tif,0.32719535,T
Model_16_G,chip_g1589.tif,0.32434484,T
Model_16_G,chip_g1589.tif,0.2707462,T
Model_16_G,chip_g1593.tif,0.9842635,T
Model_16_G,chip_g1594.tif,0.8123083,T
Model_16_G,chip_g1594.tif,0.5835136,T
Model_16_G,chip_g1618.tif,0.5167702,T
Model_16_G,chip_g1619.tif,0.40700904,T
Model_16_G,chip_g1631.tif,0.48986313,T
Model_16_G,chip_g1645.tif,0.26067996,T
Model_16_G,chip_g1651.tif,0.32866776,T
Model_16_G,chip_g1658.tif,0.25106576,T
Model_16_G,chip_g1669.tif,0.25939125,F
Model_16_G,chip_g167.tif,0.99980384,T
Model_16_G,chip_g1677.tif,0.2644488,T
Model_16_G,chip_g1678.tif,0.3252585,T
Model_16_G,chip_g1711.tif,0.674846,T
Model_16_G,chip_g1711.tif,0.49231872,T
Model_16_G,chip_g1730.tif,0.42156267,T
Model_16_G,chip_g1730.tif,0.28816283,T
Model_16_G,chip_g1730.tif,0.28169385,F
Model_16_G,chip_g1731.tif,0.72679853,T
Model_16_G,chip_g1731.tif,0.41383824,T
Model_16_G,chip_g1749.tif,0.2747486,T
Model_16_G,chip_g1749.tif,0.2574278,T
Model_16_G,chip_g1749.tif,0.2564947,T
Model_16_G,chip_g1749.tif,0.25174668,F
Model_16_G,chip_g1749.tif,0.2501119,T
Model_16_G,chip_g1751.tif,0.47713497,T
Model_16_G,chip_g1769.tif,0.29625612,T
Model_16_G,chip_g1769.tif,0.2611638,T
Model_16_G,chip_g1769.tif,0.25954816,T
Model_16_G,chip_g1769.tif,0.25680786,T
Model_16_G,chip_g1771.tif,0.26890492,T
Model_16_G,chip_g1771.tif,0.2640566,T
Model_16_G,chip_g1771.tif,0.25444743,T
Model_16_G,chip_g1771.tif,0.253174,T
Model_16_G,chip_g1771.tif,0.25254196,T
Model_16_G,chip_g1771.tif,0.25152642,T
Model_16_G,chip_g1785.tif,0.25707158,T
Model_16_G,chip_g1785.tif,0.25425452,T
Model_16_G,chip_g1785.tif,0.25391108,T
Model_16_G,chip_g1785.tif,0.25264326,T
Model_16_G,chip_g1789.tif,0.2726483,T
Model_16_G,chip_g1789.tif,0.26540485,T
Model_16_G,chip_g1789.tif,0.25681904,T
Model_16_G,chip_g1790.tif,0.2695452,T
Model_16_G,chip_g1791.tif,0.27607426,T
Model_16_G,chip_g1791.tif,0.2504908,T
Model_16_G,chip_g1830.tif,0.25010148,F
Model_16_G,chip_g1831.tif,0.26433507,F
Model_16_G,chip_g2022.tif,0.51650405,T
Model_16_G,chip_g2026.tif,0.92217255,T
Model_16_G,chip_g2026.tif,0.32151932,T
Model_16_G,chip_g2030.tif,0.6331435,T
Model_16_G,chip_g2030.tif,0.48309076,T
Model_16_G,chip_g2030.tif,0.4809342,T
Model_16_G,chip_g2031.tif,0.3370059,T
Model_16_G,chip_g2031.tif,0.3202326,T
Model_16_G,chip_g2031.tif,0.31575075,T
Model_16_G,chip_g207.tif,0.9948192,T
Model_16_G,chip_g2145.tif,0.25661668,F
Model_16_G,chip_g2185.tif,0.25758594,T
Model_16_G,chip_g2185.tif,0.25389048,T
Model_16_G,chip_g2185.tif,0.25229925,T
Model_16_G,chip_g2185.tif,0.25110328,F
Model_16_G,chip_g2185.tif,0.25006762,F
Model_16_G,chip_g2220.tif,0.26948398,T
Model_16_G,chip_g2220.tif,0.26077855,T
Model_16_G,chip_g2220.tif,0.25488868,T
Model_16_G,chip_g2220.tif,0.25404045,T
Model_16_G,chip_g2220.tif,0.25274616,T
Model_16_G,chip_g2221.tif,0.42542297,T
Model_16_G,chip_g2221.tif,0.27969608,T
Model_16_G,chip_g2224.tif,0.45822105,T
Model_16_G,chip_g2224.tif,0.35651046,T
Model_16_G,chip_g2224.tif,0.32619074,T
Model_16_G,chip_g2224.tif,0.25653556,T
Model_16_G,chip_g2224.tif,0.25145683,T
Model_16_G,chip_g2225.tif,0.2812169,T
Model_16_G,chip_g2225.tif,0.2588723,T
Model_16_G,chip_g2225.tif,0.25722006,F
Model_16_G,chip_g2225.tif,0.25400832,T
Model_16_G,chip_g2225.tif,0.2534781,T
Model_16_G,chip_g2226.tif,0.3947699,T
Model_16_G,chip_g2249.tif,0.4462321,T
Model_16_G,chip_g2249.tif,0.42868152,T
Model_16_G,chip_g2258.tif,0.30272144,T
Model_16_G,chip_g2258.tif,0.28024682,T
Model_16_G,chip_g2258.tif,0.2765163,T
Model_16_G,chip_g2258.tif,0.26350397,T
Model_16_G,chip_g2258.tif,0.25422743,T
Model_16_G,chip_g226.tif,0.962589,T
Model_16_G,chip_g2406.tif,0.2613599,T
Model_16_G,chip_g2406.tif,0.256208,T
Model_16_G,chip_g2407.tif,0.25925392,T
Model_16_G,chip_g2426.tif,0.2666886,T
Model_16_G,chip_g2426.tif,0.26381844,T
Model_16_G,chip_g2427.tif,0.26964742,T
Model_16_G,chip_g2427.tif,0.26934725,T
Model_16_G,chip_g2427.tif,0.2558944,T
Model_16_G,chip_g2450.tif,0.280084,T
Model_16_G,chip_g2450.tif,0.2796889,T
Model_16_G,chip_g2450.tif,0.2518352,T
Model_16_G,chip_g2451.tif,0.36238652,T
Model_16_G,chip_g2451.tif,0.26120552,T
Model_16_G,chip_g247.tif,0.99961025,T
Model_16_G,chip_g2473.tif,0.9163973,T
Model_16_G,chip_g2475.tif,0.99482024,T
Model_16_G,chip_g2486.tif,0.2664881,T
Model_16_G,chip_g2486.tif,0.26301897,F
Model_16_G,chip_g2486.tif,0.26110706,T
Model_16_G,chip_g2486.tif,0.25423717,T
Model_16_G,chip_g2486.tif,0.25413978,T
Model_16_G,chip_g2487.tif,0.26151717,T
Model_16_G,chip_g2487.tif,0.2613138,T
Model_16_G,chip_g2487.tif,0.25670183,F
Model_16_G,chip_g2487.tif,0.2540364,T
Model_16_G,chip_g2487.tif,0.25150824,T
Model_16_G,chip_g2487.tif,0.25049317,T
Model_16_G,chip_g2487.tif,0.25044128,T
Model_16_G,chip_g2487.tif,0.25031665,T
Model_16_G,chip_g2491.tif,0.2624929,T
Model_16_G,chip_g2491.tif,0.251134,T
Model_16_G,chip_g2494.tif,0.5067697,T
Model_16_G,chip_g2495.tif,0.35108772,T
Model_16_G,chip_g2522.tif,0.983196,T
Model_16_G,chip_g2527.tif,0.26470155,T
Model_16_G,chip_g2527.tif,0.26350465,T
Model_16_G,chip_g2527.tif,0.2570609,T
Model_16_G,chip_g2527.tif,0.2555156,F
Model_16_G,chip_g2527.tif,0.25476846,F
Model_16_G,chip_g2527.tif,0.25285062,T
Model_16_G,chip_g2538.tif,0.29423758,T
Model_16_G,chip_g2538.tif,0.28318313,F
Model_16_G,chip_g2538.tif,0.27506617,T
Model_16_G,chip_g2538.tif,0.25892037,T
Model_16_G,chip_g2538.tif,0.2530207,F
Model_16_G,chip_g2539.tif,0.26519468,T
Model_16_G,chip_g2539.tif,0.26081076,T
Model_16_G,chip_g2539.tif,0.2586975,T
Model_16_G,chip_g2539.tif,0.25442502,T
Model_16_G,chip_g2539.tif,0.2508479,F
Model_16_G,chip_g2542.tif,0.27160466,T
Model_16_G,chip_g2542.tif,0.25237143,T
Model_16_G,chip_g2586.tif,0.37571526,T
Model_16_G,chip_g2586.tif,0.27645308,T
Model_16_G,chip_g2586.tif,0.26383916,F
Model_16_G,chip_g2586.tif,0.25492215,T
Model_16_G,chip_g2603.tif,0.28380352,T
Model_16_G,chip_g2603.tif,0.26695836,T
Model_16_G,chip_g2603.tif,0.25317687,T
Model_16_G,chip_g2603.tif,0.25118518,T
Model_16_G,chip_g2603.tif,0.2508148,T
Model_16_G,chip_g2607.tif,0.27805924,T
Model_16_G,chip_g2607.tif,0.25625196,T
Model_16_G,chip_g2607.tif,0.25593162,T
Model_16_G,chip_g2607.tif,0.25474936,T
Model_16_G,chip_g2607.tif,0.25123614,F
Model_16_G,chip_g2635.tif,0.2808791,T
Model_16_G,chip_g2635.tif,0.26177847,T
Model_16_G,chip_g2642.tif,0.2619134,T
Model_16_G,chip_g2642.tif,0.2602352,F
Model_16_G,chip_g2642.tif,0.25634623,T
Model_16_G,chip_g2642.tif,0.25555173,F
Model_16_G,chip_g2647.tif,0.2687524,T
Model_16_G,chip_g2647.tif,0.26470265,F
Model_16_G,chip_g2647.tif,0.26299378,T
Model_16_G,chip_g2647.tif,0.25777918,T
Model_16_G,chip_g2647.tif,0.25303498,T
Model_16_G,chip_g2647.tif,0.25231865,F
Model_16_G,chip_g2659.tif,0.4317126,T
Model_16_G,chip_g2659.tif,0.2723399,T
Model_16_G,chip_g2671.tif,0.7963477,T
Model_16_G,chip_g269.tif,0.2748416,T
Model_16_G,chip_g273.tif,0.34697437,T
Model_16_G,chip_g274.tif,0.5122907,T
Model_16_G,chip_g274.tif,0.3304786,T
Model_16_G,chip_g274.tif,0.31795523,T
Model_16_G,chip_g278.tif,0.35769495,T
Model_16_G,chip_g278.tif,0.3211844,T
Model_16_G,chip_g278.tif,0.31627396,T
Model_16_G,chip_g283.tif,0.9896207,T
Model_16_G,chip_g286.tif,0.8755079,T
Model_16_G,chip_g286.tif,0.6301014,T
Model_16_G,chip_g309.tif,0.63688374,T
Model_16_G,chip_g309.tif,0.5138068,T
Model_16_G,chip_g309.tif,0.33783567,T
Model_16_G,chip_g324.tif,0.26798102,T
Model_16_G,chip_g329.tif,0.80685866,T
Model_16_G,chip_g329.tif,0.5555505,T
Model_16_G,chip_g329.tif,0.5505631,T
Model_16_G,chip_g330.tif,0.994531,T
Model_16_G,chip_g337.tif,0.7194903,F
Model_16_G,chip_g338.tif,0.9995227,T
Model_16_G,chip_g339.tif,0.9988104,T
Model_16_G,chip_g350.tif,0.9967604,T
Model_16_G,chip_g358.tif,0.993359,T
Model_16_G,chip_g375.tif,0.9716411,T
Model_16_G,chip_g385.tif,0.27719262,T
Model_16_G,chip_g425.tif,0.2675107,T
Model_16_G,chip_g425.tif,0.25543776,T
Model_16_G,chip_g485.tif,0.29715577,T
Model_16_G,chip_g807.tif,0.25047448,F
Model_16_G,chip_g810.tif,0.3416966,F
Model_16_G,chip_g810.tif,0.31303382,F
Model_16_G,chip_g810.tif,0.26875874,F
Model_16_G,chip_g906.tif,0.46308056,T
Model_16_G,chip_g906.tif,0.2834876,F
Model_16_G,chip_g925.tif,0.9126971,T
Model_16_G,chip_g925.tif,0.7973657,T
Model_16_G,chip_g925.tif,0.78345495,T
Model_16_G,chip_g930.tif,0.55475104,T
Model_16_G,chip_g930.tif,0.5513044,T
Model_16_G,chip_g949.tif,0.25163424,F
Model_16_G,chip_g950.tif,0.4655211,F
Model_16_G,chip_g967.tif,0.25066686,T
Model_16_G,chip_g999.tif,0.30216137,T
Model_16_G,chip_g999.tif,0.25181308,T
Model_16_G,chip_g1005.tif,0.9755053,T
Model_16_G,chip_g1008.tif,0.52554065,T
Model_16_G,chip_g1008.tif,0.35529596,T
Model_16_G,chip_g1008.tif,0.30492613,T
Model_16_G,chip_g1008.tif,0.27134746,T
Model_16_G,chip_g1008.tif,0.26492402,T
Model_16_G,chip_g1013.tif,0.97720647,T
Model_16_G,chip_g1014.tif,0.93117416,T
Model_16_G,chip_g1018.tif,0.9891145,T
Model_16_G,chip_g1026.tif,0.9615233,T
Model_16_G,chip_g1027.tif,0.9992536,T
Model_16_G,chip_g1029.tif,0.99123937,T
Model_16_G,chip_g1037.tif,0.92576003,T
Model_16_G,chip_g1113.tif,0.9358771,T
Model_16_G,chip_g1121.tif,0.96259564,T
Model_16_G,chip_g1121.tif,0.88008267,T
Model_16_G,chip_g1122.tif,0.3321465,T
Model_16_G,chip_g1127.tif,0.49980998,T
Model_16_G,chip_g1127.tif,0.32757688,T
Model_16_G,chip_g1133.tif,0.2746203,T
Model_16_G,chip_g1142.tif,0.99722916,T
Model_16_G,chip_g1147.tif,0.48254585,T
Model_16_G,chip_g1147.tif,0.44639328,T
Model_16_G,chip_g1147.tif,0.3903167,T
Model_16_G,chip_g1168.tif,0.2600664,F
Model_16_G,chip_g1168.tif,0.25368682,T
Model_16_G,chip_g1180.tif,0.25097996,F
Model_16_G,chip_g1217.tif,0.25944284,T
Model_16_G,chip_g1217.tif,0.25459164,F
Model_16_G,chip_g1217.tif,0.25361705,T
Model_16_G,chip_g1238.tif,0.2630966,F
Model_16_G,chip_g1314.tif,0.9963238,T
Model_16_G,chip_g1317.tif,0.9958016,T
Model_16_G,chip_g1331.tif,0.9992157,T
Model_16_G,chip_g1343.tif,0.9661782,T
Model_16_G,chip_g1353.tif,0.99924856,T
Model_16_G,chip_g1354.tif,0.91135085,T
Model_16_G,chip_g1354.tif,0.6025441,T
Model_16_G,chip_g1378.tif,0.6749638,T
Model_16_G,chip_g1378.tif,0.5622976,T
Model_16_G,chip_g1378.tif,0.4766112,T
Model_16_G,chip_g1401.tif,0.25737867,F
Model_16_G,chip_g1409.tif,0.29924795,T
Model_16_G,chip_g1425.tif,0.9861522,T
Model_16_G,chip_g1434.tif,0.9995105,T
Model_16_G,chip_g1435.tif,0.9922275,T
Model_16_G,chip_g1449.tif,0.68274397,T
Model_16_G,chip_g1449.tif,0.6159847,T
Model_16_G,chip_g1461.tif,0.82975274,T
Model_16_G,chip_g1462.tif,0.5518182,T
Model_16_G,chip_g1463.tif,0.8989027,T
Model_16_G,chip_g1463.tif,0.33448723,F
Model_16_G,chip_g1466.tif,0.9862179,T
Model_16_G,chip_g1468.tif,0.9301139,T
Model_16_G,chip_g1469.tif,0.44231233,T
Model_16_G,chip_g1469.tif,0.3469705,T
Model_16_G,chip_g1469.tif,0.3206606,T
Model_16_G,chip_g1471.tif,0.9951957,T
Model_16_G,chip_g1478.tif,0.28482896,T
Model_16_G,chip_g1478.tif,0.2690299,T
Model_16_G,chip_g1478.tif,0.26555896,T
Model_16_G,chip_g1483.tif,0.27327752,T
Model_16_G,chip_g1485.tif,0.2522618,F
Model_16_G,chip_g1497.tif,0.30940765,T
Model_16_G,chip_g1504.tif,0.29586285,T
Model_16_G,chip_g1526.tif,0.9994399,T
Model_16_G,chip_g1529.tif,0.99926966,F
Model_16_G,chip_g1529.tif,0.6674018,F
Model_16_G,chip_g1556.tif,0.9932308,T
Model_16_G,chip_g1584.tif,0.51220363,T
Model_16_G,chip_g1584.tif,0.3844972,F
Model_16_G,chip_g1589.tif,0.32719535,T
Model_16_G,chip_g1589.tif,0.32434484,T
Model_16_G,chip_g1589.tif,0.2707462,T
Model_16_G,chip_g1593.tif,0.9842635,T
Model_16_G,chip_g1594.tif,0.8123083,T
Model_16_G,chip_g1594.tif,0.5835136,T
Model_16_G,chip_g1618.tif,0.5167702,T
Model_16_G,chip_g1619.tif,0.40700904,T
Model_16_G,chip_g1631.tif,0.48986313,T
Model_16_G,chip_g1645.tif,0.26067996,T
Model_16_G,chip_g1651.tif,0.32866776,T
Model_16_G,chip_g1658.tif,0.25106576,T
Model_16_G,chip_g1669.tif,0.25939125,F
Model_16_G,chip_g167.tif,0.99980384,T
Model_16_G,chip_g1677.tif,0.2644488,T
Model_16_G,chip_g1678.tif,0.3252585,T
Model_16_G,chip_g1711.tif,0.674846,T
Model_16_G,chip_g1711.tif,0.49231872,T
Model_16_G,chip_g1730.tif,0.42156267,T
Model_16_G,chip_g1730.tif,0.28816283,T
Model_16_G,chip_g1730.tif,0.28169385,F
Model_16_G,chip_g1731.tif,0.72679853,T
Model_16_G,chip_g1731.tif,0.41383824,T
Model_16_G,chip_g1749.tif,0.2747486,T
Model_16_G,chip_g1749.tif,0.2574278,T
Model_16_G,chip_g1749.tif,0.2564947,T
Model_16_G,chip_g1749.tif,0.25174668,F
Model_16_G,chip_g1749.tif,0.2501119,T
Model_16_G,chip_g1751.tif,0.47713497,T
Model_16_G,chip_g1769.tif,0.29625612,T
Model_16_G,chip_g1769.tif,0.2611638,T
Model_16_G,chip_g1769.tif,0.25954816,T
Model_16_G,chip_g1769.tif,0.25680786,T
Model_16_G,chip_g1771.tif,0.26890492,T
Model_16_G,chip_g1771.tif,0.2640566,T
Model_16_G,chip_g1771.tif,0.25444743,T
Model_16_G,chip_g1771.tif,0.253174,T
Model_16_G,chip_g1771.tif,0.25254196,T
Model_16_G,chip_g1771.tif,0.25152642,T
Model_16_G,chip_g1785.tif,0.25707158,T
Model_16_G,chip_g1785.tif,0.25425452,T
Model_16_G,chip_g1785.tif,0.25391108,T
Model_16_G,chip_g1785.tif,0.25264326,T
Model_16_G,chip_g1789.tif,0.2726483,T
Model_16_G,chip_g1789.tif,0.26540485,T
Model_16_G,chip_g1789.tif,0.25681904,T
Model_16_G,chip_g1790.tif,0.2695452,T
Model_16_G,chip_g1791.tif,0.27607426,T
Model_16_G,chip_g1791.tif,0.2504908,T
Model_16_G,chip_g1830.tif,0.25010148,F
Model_16_G,chip_g1831.tif,0.26433507,F
Model_16_G,chip_g2022.tif,0.51650405,T
Model_16_G,chip_g2026.tif,0.92217255,T
Model_16_G,chip_g2026.tif,0.32151932,T
Model_16_G,chip_g2030.tif,0.6331435,T
Model_16_G,chip_g2030.tif,0.48309076,T
Model_16_G,chip_g2030.tif,0.4809342,T
Model_16_G,chip_g2031.tif,0.3370059,T
Model_16_G,chip_g2031.tif,0.3202326,T
Model_16_G,chip_g2031.tif,0.31575075,T
Model_16_G,chip_g207.tif,0.9948192,T
Model_16_G,chip_g2145.tif,0.25661668,F
Model_16_G,chip_g2185.tif,0.25758594,T
Model_16_G,chip_g2185.tif,0.25389048,T
Model_16_G,chip_g2185.tif,0.25229925,T
Model_16_G,chip_g2185.tif,0.25110328,F
Model_16_G,chip_g2185.tif,0.25006762,F
Model_16_G,chip_g2220.tif,0.26948398,T
Model_16_G,chip_g2220.tif,0.26077855,T
Model_16_G,chip_g2220.tif,0.25488868,T
Model_16_G,chip_g2220.tif,0.25404045,T
Model_16_G,chip_g2220.tif,0.25274616,T
Model_16_G,chip_g2221.tif,0.42542297,T
Model_16_G,chip_g2221.tif,0.27969608,T
Model_16_G,chip_g2224.tif,0.45822105,T
Model_16_G,chip_g2224.tif,0.35651046,T
Model_16_G,chip_g2224.tif,0.32619074,T
Model_16_G,chip_g2224.tif,0.25653556,T
Model_16_G,chip_g2224.tif,0.25145683,T
Model_16_G,chip_g2225.tif,0.2812169,T
Model_16_G,chip_g2225.tif,0.2588723,T
Model_16_G,chip_g2225.tif,0.25722006,F
Model_16_G,chip_g2225.tif,0.25400832,T
Model_16_G,chip_g2225.tif,0.2534781,T
Model_16_G,chip_g2226.tif,0.3947699,T
Model_16_G,chip_g2249.tif,0.4462321,T
Model_16_G,chip_g2249.tif,0.42868152,T
Model_16_G,chip_g2258.tif,0.30272144,T
Model_16_G,chip_g2258.tif,0.28024682,T
Model_16_G,chip_g2258.tif,0.2765163,T
Model_16_G,chip_g2258.tif,0.26350397,T
Model_16_G,chip_g2258.tif,0.25422743,T
Model_16_G,chip_g226.tif,0.962589,T
Model_16_G,chip_g2406.tif,0.2613599,T
Model_16_G,chip_g2406.tif,0.256208,T
Model_16_G,chip_g2407.tif,0.25925392,T
Model_16_G,chip_g2426.tif,0.2666886,T
Model_16_G,chip_g2426.tif,0.26381844,T
Model_16_G,chip_g2427.tif,0.26964742,T
Model_16_G,chip_g2427.tif,0.26934725,T
Model_16_G,chip_g2427.tif,0.2558944,T
Model_16_G,chip_g2450.tif,0.280084,T
Model_16_G,chip_g2450.tif,0.2796889,T
Model_16_G,chip_g2450.tif,0.2518352,T
Model_16_G,chip_g2451.tif,0.36238652,T
Model_16_G,chip_g2451.tif,0.26120552,T
Model_16_G,chip_g247.tif,0.99961025,T
Model_16_G,chip_g2473.tif,0.9163973,T
Model_16_G,chip_g2475.tif,0.99482024,T
Model_16_G,chip_g2486.tif,0.2664881,T
Model_16_G,chip_g2486.tif,0.26301897,F
Model_16_G,chip_g2486.tif,0.26110706,T
Model_16_G,chip_g2486.tif,0.25423717,T
Model_16_G,chip_g2486.tif,0.25413978,T
Model_16_G,chip_g2487.tif,0.26151717,T
Model_16_G,chip_g2487.tif,0.2613138,T
Model_16_G,chip_g2487.tif,0.25670183,F
Model_16_G,chip_g2487.tif,0.2540364,T
Model_16_G,chip_g2487.tif,0.25150824,T
Model_16_G,chip_g2487.tif,0.25049317,T
Model_16_G,chip_g2487.tif,0.25044128,T
Model_16_G,chip_g2487.tif,0.25031665,T
Model_16_G,chip_g2491.tif,0.2624929,T
Model_16_G,chip_g2491.tif,0.251134,T
Model_16_G,chip_g2494.tif,0.5067697,T
Model_16_G,chip_g2495.tif,0.35108772,T
Model_16_G,chip_g2522.tif,0.983196,T
Model_16_G,chip_g2527.tif,0.26470155,T
Model_16_G,chip_g2527.tif,0.26350465,T
Model_16_G,chip_g2527.tif,0.2570609,T
Model_16_G,chip_g2527.tif,0.2555156,F
Model_16_G,chip_g2527.tif,0.25476846,F
Model_16_G,chip_g2527.tif,0.25285062,T
Model_16_G,chip_g2538.tif,0.29423758,T
Model_16_G,chip_g2538.tif,0.28318313,F
Model_16_G,chip_g2538.tif,0.27506617,T
Model_16_G,chip_g2538.tif,0.25892037,T
Model_16_G,chip_g2538.tif,0.2530207,F
Model_16_G,chip_g2539.tif,0.26519468,T
Model_16_G,chip_g2539.tif,0.26081076,T
Model_16_G,chip_g2539.tif,0.2586975,T
Model_16_G,chip_g2539.tif,0.25442502,T
Model_16_G,chip_g2539.tif,0.2508479,F
Model_16_G,chip_g2542.tif,0.27160466,T
Model_16_G,chip_g2542.tif,0.25237143,T
Model_16_G,chip_g2586.tif,0.37571526,T
Model_16_G,chip_g2586.tif,0.27645308,T
Model_16_G,chip_g2586.tif,0.26383916,F
Model_16_G,chip_g2586.tif,0.25492215,T
Model_16_G,chip_g2603.tif,0.28380352,T
Model_16_G,chip_g2603.tif,0.26695836,T
Model_16_G,chip_g2603.tif,0.25317687,T
Model_16_G,chip_g2603.tif,0.25118518,T
Model_16_G,chip_g2603.tif,0.2508148,T
Model_16_G,chip_g2607.tif,0.27805924,T
Model_16_G,chip_g2607.tif,0.25625196,T
Model_16_G,chip_g2607.tif,0.25593162,T
Model_16_G,chip_g2607.tif,0.25474936,T
Model_16_G,chip_g2607.tif,0.25123614,F
Model_16_G,chip_g2635.tif,0.2808791,T
Model_16_G,chip_g2635.tif,0.26177847,T
Model_16_G,chip_g2642.tif,0.2619134,T
Model_16_G,chip_g2642.tif,0.2602352,F
Model_16_G,chip_g2642.tif,0.25634623,T
Model_16_G,chip_g2642.tif,0.25555173,F
Model_16_G,chip_g2647.tif,0.2687524,T
Model_16_G,chip_g2647.tif,0.26470265,F
Model_16_G,chip_g2647.tif,0.26299378,T
Model_16_G,chip_g2647.tif,0.25777918,T
Model_16_G,chip_g2647.tif,0.25303498,T
Model_16_G,chip_g2647.tif,0.25231865,F
Model_16_G,chip_g2659.tif,0.4317126,T
Model_16_G,chip_g2659.tif,0.2723399,T
Model_16_G,chip_g2671.tif,0.7963477,T
Model_16_G,chip_g269.tif,0.2748416,T
Model_16_G,chip_g273.tif,0.34697437,T
Model_16_G,chip_g274.tif,0.5122907,T
Model_16_G,chip_g274.tif,0.3304786,T
Model_16_G,chip_g274.tif,0.31795523,T
Model_16_G,chip_g278.tif,0.35769495,T
Model_16_G,chip_g278.tif,0.3211844,T
Model_16_G,chip_g278.tif,0.31627396,T
Model_16_G,chip_g283.tif,0.9896207,T
Model_16_G,chip_g286.tif,0.8755079,T
Model_16_G,chip_g286.tif,0.6301014,T
Model_16_G,chip_g309.tif,0.63688374,T
Model_16_G,chip_g309.tif,0.5138068,T
Model_16_G,chip_g309.tif,0.33783567,T
Model_16_G,chip_g324.tif,0.26798102,T
Model_16_G,chip_g329.tif,0.80685866,T
Model_16_G,chip_g329.tif,0.5555505,T
Model_16_G,chip_g329.tif,0.5505631,T
Model_16_G,chip_g330.tif,0.994531,T
Model_16_G,chip_g337.tif,0.7194903,F
Model_16_G,chip_g338.tif,0.9995227,T
Model_16_G,chip_g339.tif,0.9988104,T
Model_16_G,chip_g350.tif,0.9967604,T
Model_16_G,chip_g358.tif,0.993359,T
Model_16_G,chip_g375.tif,0.9716411,T
Model_16_G,chip_g385.tif,0.27719262,T
Model_16_G,chip_g425.tif,0.2675107,T
Model_16_G,chip_g425.tif,0.25543776,T
Model_16_G,chip_g485.tif,0.29715577,T
Model_16_G,chip_g807.tif,0.25047448,F
Model_16_G,chip_g810.tif,0.3416966,F
Model_16_G,chip_g810.tif,0.31303382,F
Model_16_G,chip_g810.tif,0.26875874,F
Model_16_G,chip_g906.tif,0.46308056,T
Model_16_G,chip_g906.tif,0.2834876,F
Model_16_G,chip_g925.tif,0.9126971,T
Model_16_G,chip_g925.tif,0.7973657,T
Model_16_G,chip_g925.tif,0.78345495,T
Model_16_G,chip_g930.tif,0.55475104,T
Model_16_G,chip_g930.tif,0.5513044,T
Model_16_G,chip_g949.tif,0.25163424,F
Model_16_G,chip_g950.tif,0.4655211,F
Model_16_G,chip_g967.tif,0.25066686,T
Model_16_G,chip_g999.tif,0.30216137,T
Model_16_G,chip_g999.tif,0.25181308,T
Model_16_G,chip_g1005.tif,0.9755053,T
Model_16_G,chip_g1008.tif,0.52554065,T
Model_16_G,chip_g1008.tif,0.35529596,T
Model_16_G,chip_g1008.tif,0.30492613,T
Model_16_G,chip_g1008.tif,0.27134746,T
Model_16_G,chip_g1008.tif,0.26492402,T
Model_16_G,chip_g1013.tif,0.97720647,T
Model_16_G,chip_g1014.tif,0.93117416,T
Model_16_G,chip_g1018.tif,0.9891145,T
Model_16_G,chip_g1026.tif,0.9615233,T
Model_16_G,chip_g1027.tif,0.9992536,T
Model_16_G,chip_g1029.tif,0.99123937,T
Model_16_G,chip_g1037.tif,0.92576003,T
Model_16_G,chip_g1113.tif,0.9358771,T
Model_16_G,chip_g1121.tif,0.96259564,T
Model_16_G,chip_g1121.tif,0.88008267,T
Model_16_G,chip_g1122.tif,0.3321465,T
Model_16_G,chip_g1127.tif,0.49980998,T
Model_16_G,chip_g1127.tif,0.32757688,T
Model_16_G,chip_g1133.tif,0.2746203,T
Model_16_G,chip_g1142.tif,0.99722916,T
Model_16_G,chip_g1147.tif,0.48254585,T
Model_16_G,chip_g1147.tif,0.44639328,T
Model_16_G,chip_g1147.tif,0.3903167,T
Model_16_G,chip_g1168.tif,0.2600664,F
Model_16_G,chip_g1168.tif,0.25368682,T
Model_16_G,chip_g1180.tif,0.25097996,F
Model_16_G,chip_g1217.tif,0.25944284,T
Model_16_G,chip_g1217.tif,0.25459164,F
Model_16_G,chip_g1217.tif,0.25361705,T
Model_16_G,chip_g1238.tif,0.2630966,F
Model_16_G,chip_g1314.tif,0.9963238,T
Model_16_G,chip_g1317.tif,0.9958016,T
Model_16_G,chip_g1331.tif,0.9992157,T
Model_16_G,chip_g1343.tif,0.9661782,T
Model_16_G,chip_g1353.tif,0.99924856,T
Model_16_G,chip_g1354.tif,0.91135085,T
Model_16_G,chip_g1354.tif,0.6025441,T
Model_16_G,chip_g1378.tif,0.6749638,T
Model_16_G,chip_g1378.tif,0.5622976,T
Model_16_G,chip_g1378.tif,0.4766112,T
Model_16_G,chip_g1401.tif,0.25737867,F
Model_16_G,chip_g1409.tif,0.29924795,T
Model_16_G,chip_g1425.tif,0.9861522,T
Model_16_G,chip_g1434.tif,0.9995105,T
Model_16_G,chip_g1435.tif,0.9922275,T
Model_16_G,chip_g1449.tif,0.68274397,T
Model_16_G,chip_g1449.tif,0.6159847,T
Model_16_G,chip_g1461.tif,0.82975274,T
Model_16_G,chip_g1462.tif,0.5518182,T
Model_16_G,chip_g1463.tif,0.8989027,T
Model_16_G,chip_g1463.tif,0.33448723,F
Model_16_G,chip_g1466.tif,0.9862179,T
Model_16_G,chip_g1468.tif,0.9301139,T
Model_16_G,chip_g1469.tif,0.44231233,T
Model_16_G,chip_g1469.tif,0.3469705,T
Model_16_G,chip_g1469.tif,0.3206606,T
Model_16_G,chip_g1471.tif,0.9951957,T
Model_16_G,chip_g1478.tif,0.28482896,T
Model_16_G,chip_g1478.tif,0.2690299,T
Model_16_G,chip_g1478.tif,0.26555896,T
Model_16_G,chip_g1483.tif,0.27327752,T
Model_16_G,chip_g1485.tif,0.2522618,F
Model_16_G,chip_g1497.tif,0.30940765,T
Model_16_G,chip_g1504.tif,0.29586285,T
Model_16_G,chip_g1526.tif,0.9994399,T
Model_16_G,chip_g1529.tif,0.99926966,F
Model_16_G,chip_g1529.tif,0.6674018,F
Model_16_G,chip_g1556.tif,0.9932308,T
Model_16_G,chip_g1584.tif,0.51220363,T
Model_16_G,chip_g1584.tif,0.3844972,F
Model_16_G,chip_g1589.tif,0.32719535,T
Model_16_G,chip_g1589.tif,0.32434484,T
Model_16_G,chip_g1589.tif,0.2707462,T
Model_16_G,chip_g1593.tif,0.9842635,T
Model_16_G,chip_g1594.tif,0.8123083,T
Model_16_G,chip_g1594.tif,0.5835136,T
Model_16_G,chip_g1618.tif,0.5167702,T
Model_16_G,chip_g1619.tif,0.40700904,T
Model_16_G,chip_g1631.tif,0.48986313,T
Model_16_G,chip_g1645.tif,0.26067996,T
Model_16_G,chip_g1651.tif,0.32866776,T
Model_16_G,chip_g1658.tif,0.25106576,T
Model_16_G,chip_g1669.tif,0.25939125,F
Model_16_G,chip_g167.tif,0.99980384,T
Model_16_G,chip_g1677.tif,0.2644488,T
Model_16_G,chip_g1678.tif,0.3252585,T
Model_16_G,chip_g1711.tif,0.674846,T
Model_16_G,chip_g1711.tif,0.49231872,T
Model_16_G,chip_g1730.tif,0.42156267,T
Model_16_G,chip_g1730.tif,0.28816283,T
Model_16_G,chip_g1730.tif,0.28169385,F
Model_16_G,chip_g1731.tif,0.72679853,T
Model_16_G,chip_g1731.tif,0.41383824,T
Model_16_G,chip_g1749.tif,0.2747486,T
Model_16_G,chip_g1749.tif,0.2574278,T
Model_16_G,chip_g1749.tif,0.2564947,T
Model_16_G,chip_g1749.tif,0.25174668,F
Model_16_G,chip_g1749.tif,0.2501119,T
Model_16_G,chip_g1751.tif,0.47713497,T
Model_16_G,chip_g1769.tif,0.29625612,T
Model_16_G,chip_g1769.tif,0.2611638,T
Model_16_G,chip_g1769.tif,0.25954816,T
Model_16_G,chip_g1769.tif,0.25680786,T
Model_16_G,chip_g1771.tif,0.26890492,T
Model_16_G,chip_g1771.tif,0.2640566,T
Model_16_G,chip_g1771.tif,0.25444743,T
Model_16_G,chip_g1771.tif,0.253174,T
Model_16_G,chip_g1771.tif,0.25254196,T
Model_16_G,chip_g1771.tif,0.25152642,T
Model_16_G,chip_g1785.tif,0.25707158,T
Model_16_G,chip_g1785.tif,0.25425452,T
Model_16_G,chip_g1785.tif,0.25391108,T
Model_16_G,chip_g1785.tif,0.25264326,T
Model_16_G,chip_g1789.tif,0.2726483,T
Model_16_G,chip_g1789.tif,0.26540485,T
Model_16_G,chip_g1789.tif,0.25681904,T
Model_16_G,chip_g1790.tif,0.2695452,T
Model_16_G,chip_g1791.tif,0.27607426,T
Model_16_G,chip_g1791.tif,0.2504908,T
Model_16_G,chip_g1830.tif,0.25010148,F
Model_16_G,chip_g1831.tif,0.26433507,F
Model_16_G,chip_g2022.tif,0.51650405,T
Model_16_G,chip_g2026.tif,0.92217255,T
Model_16_G,chip_g2026.tif,0.32151932,T
Model_16_G,chip_g2030.tif,0.6331435,T
Model_16_G,chip_g2030.tif,0.48309076,T
Model_16_G,chip_g2030.tif,0.4809342,T
Model_16_G,chip_g2031.tif,0.3370059,T
Model_16_G,chip_g2031.tif,0.3202326,T
Model_16_G,chip_g2031.tif,0.31575075,T
Model_16_G,chip_g207.tif,0.9948192,T
Model_16_G,chip_g2145.tif,0.25661668,F
Model_16_G,chip_g2185.tif,0.25758594,T
Model_16_G,chip_g2185.tif,0.25389048,T
Model_16_G,chip_g2185.tif,0.25229925,T
Model_16_G,chip_g2185.tif,0.25110328,F
Model_16_G,chip_g2185.tif,0.25006762,F
Model_16_G,chip_g2220.tif,0.26948398,T
Model_16_G,chip_g2220.tif,0.26077855,T
Model_16_G,chip_g2220.tif,0.25488868,T
Model_16_G,chip_g2220.tif,0.25404045,T
Model_16_G,chip_g2220.tif,0.25274616,T
Model_16_G,chip_g2221.tif,0.42542297,T
Model_16_G,chip_g2221.tif,0.27969608,T
Model_16_G,chip_g2224.tif,0.45822105,T
Model_16_G,chip_g2224.tif,0.35651046,T
Model_16_G,chip_g2224.tif,0.32619074,T
Model_16_G,chip_g2224.tif,0.25653556,T
Model_16_G,chip_g2224.tif,0.25145683,T
Model_16_G,chip_g2225.tif,0.2812169,T
Model_16_G,chip_g2225.tif,0.2588723,T
Model_16_G,chip_g2225.tif,0.25722006,F
Model_16_G,chip_g2225.tif,0.25400832,T
Model_16_G,chip_g2225.tif,0.2534781,T
Model_16_G,chip_g2226.tif,0.3947699,T
Model_16_G,chip_g2249.tif,0.4462321,T
Model_16_G,chip_g2249.tif,0.42868152,T
Model_16_G,chip_g2258.tif,0.30272144,T
Model_16_G,chip_g2258.tif,0.28024682,T
Model_16_G,chip_g2258.tif,0.2765163,T
Model_16_G,chip_g2258.tif,0.26350397,T
Model_16_G,chip_g2258.tif,0.25422743,T
Model_16_G,chip_g226.tif,0.962589,T
Model_16_G,chip_g2406.tif,0.2613599,T
Model_16_G,chip_g2406.tif,0.256208,T
Model_16_G,chip_g2407.tif,0.25925392,T
Model_16_G,chip_g2426.tif,0.2666886,T
Model_16_G,chip_g2426.tif,0.26381844,T
Model_16_G,chip_g2427.tif,0.26964742,T
Model_16_G,chip_g2427.tif,0.26934725,T
Model_16_G,chip_g2427.tif,0.2558944,T
Model_16_G,chip_g2450.tif,0.280084,T
Model_16_G,chip_g2450.tif,0.2796889,T
Model_16_G,chip_g2450.tif,0.2518352,T
Model_16_G,chip_g2451.tif,0.36238652,T
Model_16_G,chip_g2451.tif,0.26120552,T
Model_16_G,chip_g247.tif,0.99961025,T
Model_16_G,chip_g2473.tif,0.9163973,T
Model_16_G,chip_g2475.tif,0.99482024,T
Model_16_G,chip_g2486.tif,0.2664881,T
Model_16_G,chip_g2486.tif,0.26301897,F
Model_16_G,chip_g2486.tif,0.26110706,T
Model_16_G,chip_g2486.tif,0.25423717,T
Model_16_G,chip_g2486.tif,0.25413978,T
Model_16_G,chip_g2487.tif,0.26151717,T
Model_16_G,chip_g2487.tif,0.2613138,T
Model_16_G,chip_g2487.tif,0.25670183,F
Model_16_G,chip_g2487.tif,0.2540364,T
Model_16_G,chip_g2487.tif,0.25150824,T
Model_16_G,chip_g2487.tif,0.25049317,T
Model_16_G,chip_g2487.tif,0.25044128,T
Model_16_G,chip_g2487.tif,0.25031665,T
Model_16_G,chip_g2491.tif,0.2624929,T
Model_16_G,chip_g2491.tif,0.251134,T
Model_16_G,chip_g2494.tif,0.5067697,T
Model_16_G,chip_g2495.tif,0.35108772,T
Model_16_G,chip_g2522.tif,0.983196,T
Model_16_G,chip_g2527.tif,0.26470155,T
Model_16_G,chip_g2527.tif,0.26350465,T
Model_16_G,chip_g2527.tif,0.2570609,T
Model_16_G,chip_g2527.tif,0.2555156,F
Model_16_G,chip_g2527.tif,0.25476846,F
Model_16_G,chip_g2527.tif,0.25285062,T
Model_16_G,chip_g2538.tif,0.29423758,T
Model_16_G,chip_g2538.tif,0.28318313,F
Model_16_G,chip_g2538.tif,0.27506617,T
Model_16_G,chip_g2538.tif,0.25892037,T
Model_16_G,chip_g2538.tif,0.2530207,F
Model_16_G,chip_g2539.tif,0.26519468,T
Model_16_G,chip_g2539.tif,0.26081076,T
Model_16_G,chip_g2539.tif,0.2586975,T
Model_16_G,chip_g2539.tif,0.25442502,T
Model_16_G,chip_g2539.tif,0.2508479,F
Model_16_G,chip_g2542.tif,0.27160466,T
Model_16_G,chip_g2542.tif,0.25237143,T
Model_16_G,chip_g2586.tif,0.37571526,T
Model_16_G,chip_g2586.tif,0.27645308,T
Model_16_G,chip_g2586.tif,0.26383916,F
Model_16_G,chip_g2586.tif,0.25492215,T
Model_16_G,chip_g2603.tif,0.28380352,T
Model_16_G,chip_g2603.tif,0.26695836,T
Model_16_G,chip_g2603.tif,0.25317687,T
Model_16_G,chip_g2603.tif,0.25118518,T
Model_16_G,chip_g2603.tif,0.2508148,T
Model_16_G,chip_g2607.tif,0.27805924,T
Model_16_G,chip_g2607.tif,0.25625196,T
Model_16_G,chip_g2607.tif,0.25593162,T
Model_16_G,chip_g2607.tif,0.25474936,T
Model_16_G,chip_g2607.tif,0.25123614,F
Model_16_G,chip_g2635.tif,0.2808791,T
Model_16_G,chip_g2635.tif,0.26177847,T
Model_16_G,chip_g2642.tif,0.2619134,T
Model_16_G,chip_g2642.tif,0.2602352,F
Model_16_G,chip_g2642.tif,0.25634623,T
Model_16_G,chip_g2642.tif,0.25555173,F
Model_16_G,chip_g2647.tif,0.2687524,T
Model_16_G,chip_g2647.tif,0.26470265,F
Model_16_G,chip_g2647.tif,0.26299378,T
Model_16_G,chip_g2647.tif,0.25777918,T
Model_16_G,chip_g2647.tif,0.25303498,T
Model_16_G,chip_g2647.tif,0.25231865,F
Model_16_G,chip_g2659.tif,0.4317126,T
Model_16_G,chip_g2659.tif,0.2723399,T
Model_16_G,chip_g2671.tif,0.7963477,T
Model_16_G,chip_g269.tif,0.2748416,T
Model_16_G,chip_g273.tif,0.34697437,T
Model_16_G,chip_g274.tif,0.5122907,T
Model_16_G,chip_g274.tif,0.3304786,T
Model_16_G,chip_g274.tif,0.31795523,T
Model_16_G,chip_g278.tif,0.35769495,T
Model_16_G,chip_g278.tif,0.3211844,T
Model_16_G,chip_g278.tif,0.31627396,T
Model_16_G,chip_g283.tif,0.9896207,T
Model_16_G,chip_g286.tif,0.8755079,T
Model_16_G,chip_g286.tif,0.6301014,T
Model_16_G,chip_g309.tif,0.63688374,T
Model_16_G,chip_g309.tif,0.5138068,T
Model_16_G,chip_g309.tif,0.33783567,T
Model_16_G,chip_g324.tif,0.26798102,T
Model_16_G,chip_g329.tif,0.80685866,T
Model_16_G,chip_g329.tif,0.5555505,T
Model_16_G,chip_g329.tif,0.5505631,T
Model_16_G,chip_g330.tif,0.994531,T
Model_16_G,chip_g337.tif,0.7194903,F
Model_16_G,chip_g338.tif,0.9995227,T
Model_16_G,chip_g339.tif,0.9988104,T
Model_16_G,chip_g350.tif,0.9967604,T
Model_16_G,chip_g358.tif,0.993359,T
Model_16_G,chip_g375.tif,0.9716411,T
Model_16_G,chip_g385.tif,0.27719262,T
Model_16_G,chip_g425.tif,0.2675107,T
Model_16_G,chip_g425.tif,0.25543776,T
Model_16_G,chip_g485.tif,0.29715577,T
Model_16_G,chip_g807.tif,0.25047448,F
Model_16_G,chip_g810.tif,0.3416966,F
Model_16_G,chip_g810.tif,0.31303382,F
Model_16_G,chip_g810.tif,0.26875874,F
Model_16_G,chip_g906.tif,0.46308056,T
Model_16_G,chip_g906.tif,0.2834876,F
Model_16_G,chip_g925.tif,0.9126971,T
Model_16_G,chip_g925.tif,0.7973657,T
Model_16_G,chip_g925.tif,0.78345495,T
Model_16_G,chip_g930.tif,0.55475104,T
Model_16_G,chip_g930.tif,0.5513044,T
Model_16_G,chip_g949.tif,0.25163424,F
Model_16_G,chip_g950.tif,0.4655211,F
Model_16_G,chip_g967.tif,0.25066686,T
Model_16_G,chip_g999.tif,0.30216137,T
Model_16_G,chip_g999.tif,0.25181308,T
Model_16_G,chip_g1005.tif,0.9755053,T
Model_16_G,chip_g1008.tif,0.52554065,T
Model_16_G,chip_g1008.tif,0.35529596,T
Model_16_G,chip_g1008.tif,0.30492613,T
Model_16_G,chip_g1008.tif,0.27134746,T
Model_16_G,chip_g1008.tif,0.26492402,T
Model_16_G,chip_g1013.tif,0.97720647,T
Model_16_G,chip_g1014.tif,0.93117416,T
Model_16_G,chip_g1018.tif,0.9891145,T
Model_16_G,chip_g1026.tif,0.9615233,T
Model_16_G,chip_g1027.tif,0.9992536,T
Model_16_G,chip_g1029.tif,0.99123937,T
Model_16_G,chip_g1037.tif,0.92576003,T
Model_16_G,chip_g1113.tif,0.9358771,T
Model_16_G,chip_g1121.tif,0.96259564,T
Model_16_G,chip_g1121.tif,0.88008267,T
Model_16_G,chip_g1122.tif,0.3321465,T
Model_16_G,chip_g1127.tif,0.49980998,T
Model_16_G,chip_g1127.tif,0.32757688,T
Model_16_G,chip_g1133.tif,0.2746203,T
Model_16_G,chip_g1133.tif,0.23881254,T
Model_16_G,chip_g1133.tif,0.22276445,F
Model_16_G,chip_g1133.tif,0.20098938,F
Model_16_G,chip_g1142.tif,0.99722916,T
Model_16_G,chip_g1147.tif,0.48254585,T
Model_16_G,chip_g1147.tif,0.44639328,T
Model_16_G,chip_g1147.tif,0.3903167,T
Model_16_G,chip_g1161.tif,0.22180577,F
Model_16_G,chip_g1161.tif,0.20082416,T
Model_16_G,chip_g1168.tif,0.2600664,F
Model_16_G,chip_g1168.tif,0.25368682,T
Model_16_G,chip_g1168.tif,0.24786149,F
Model_16_G,chip_g1168.tif,0.23912133,T
Model_16_G,chip_g1168.tif,0.2362546,T
Model_16_G,chip_g1168.tif,0.23587874,F
Model_16_G,chip_g1168.tif,0.23368014,F
Model_16_G,chip_g1168.tif,0.23148401,T
Model_16_G,chip_g1168.tif,0.23139547,F
Model_16_G,chip_g1168.tif,0.23122221,T
Model_16_G,chip_g1168.tif,0.23106086,F
Model_16_G,chip_g1168.tif,0.2307766,F
Model_16_G,chip_g1168.tif,0.23046866,F
Model_16_G,chip_g1168.tif,0.23038876,F
Model_16_G,chip_g1168.tif,0.22996281,F
Model_16_G,chip_g1168.tif,0.22984031,F
Model_16_G,chip_g1168.tif,0.22965288,F
Model_16_G,chip_g1168.tif,0.22961664,F
Model_16_G,chip_g1168.tif,0.22865121,F
Model_16_G,chip_g1168.tif,0.2284781,F
Model_16_G,chip_g1168.tif,0.2270169,F
Model_16_G,chip_g1168.tif,0.22481023,F
Model_16_G,chip_g1168.tif,0.22466734,F
Model_16_G,chip_g1168.tif,0.22450484,F
Model_16_G,chip_g1168.tif,0.22425517,F
Model_16_G,chip_g1168.tif,0.22327562,F
Model_16_G,chip_g1168.tif,0.22315212,F
Model_16_G,chip_g1168.tif,0.22180827,F
Model_16_G,chip_g1168.tif,0.22168703,F
Model_16_G,chip_g1168.tif,0.22151434,F
Model_16_G,chip_g1168.tif,0.22128332,F
Model_16_G,chip_g1168.tif,0.22124065,F
Model_16_G,chip_g1168.tif,0.22073397,F
Model_16_G,chip_g1168.tif,0.21997188,F
Model_16_G,chip_g1168.tif,0.21968207,F
Model_16_G,chip_g1168.tif,0.21886146,F
Model_16_G,chip_g1168.tif,0.21868907,F
Model_16_G,chip_g1168.tif,0.21835913,T
Model_16_G,chip_g1168.tif,0.21833144,F
Model_16_G,chip_g1168.tif,0.2183123,F
Model_16_G,chip_g1168.tif,0.21742888,F
Model_16_G,chip_g1168.tif,0.21734674,F
Model_16_G,chip_g1168.tif,0.2170205,F
Model_16_G,chip_g1168.tif,0.21638924,F
Model_16_G,chip_g1168.tif,0.21618317,F
Model_16_G,chip_g1168.tif,0.21599977,F
Model_16_G,chip_g1168.tif,0.21586074,F
Model_16_G,chip_g1168.tif,0.21584706,F
Model_16_G,chip_g1168.tif,0.21560879,F
Model_16_G,chip_g1168.tif,0.21512407,F
Model_16_G,chip_g1168.tif,0.21494421,F
Model_16_G,chip_g1168.tif,0.21493165,F
Model_16_G,chip_g1168.tif,0.21488827,F
Model_16_G,chip_g1168.tif,0.21479377,F
Model_16_G,chip_g1168.tif,0.21452983,F
Model_16_G,chip_g1168.tif,0.21420094,F
Model_16_G,chip_g1168.tif,0.21397433,F
Model_16_G,chip_g1168.tif,0.2126176,T
Model_16_G,chip_g1168.tif,0.21175605,F
Model_16_G,chip_g1168.tif,0.21172248,F
Model_16_G,chip_g1168.tif,0.2106246,F
Model_16_G,chip_g1168.tif,0.21047273,F
Model_16_G,chip_g1168.tif,0.21025541,F
Model_16_G,chip_g1168.tif,0.21008845,F
Model_16_G,chip_g1168.tif,0.20988265,F
Model_16_G,chip_g1168.tif,0.20970634,F
Model_16_G,chip_g1168.tif,0.20935176,F
Model_16_G,chip_g1168.tif,0.20927171,F
Model_16_G,chip_g1168.tif,0.20902087,F
Model_16_G,chip_g1168.tif,0.20888554,F
Model_16_G,chip_g1168.tif,0.20883432,F
Model_16_G,chip_g1168.tif,0.20882483,F
Model_16_G,chip_g1168.tif,0.20875087,F
Model_16_G,chip_g1168.tif,0.20865788,F
Model_16_G,chip_g1168.tif,0.20863529,F
Model_16_G,chip_g1168.tif,0.20832707,F
Model_16_G,chip_g1168.tif,0.2082049,F
Model_16_G,chip_g1168.tif,0.20767911,F
Model_16_G,chip_g1168.tif,0.20701271,F
Model_16_G,chip_g1168.tif,0.20680495,F
Model_16_G,chip_g1168.tif,0.20670788,F
Model_16_G,chip_g1168.tif,0.20665996,F
Model_16_G,chip_g1168.tif,0.20654064,F
Model_16_G,chip_g1168.tif,0.20573066,F
Model_16_G,chip_g1168.tif,0.20564902,F
Model_16_G,chip_g1168.tif,0.20482713,F
Model_16_G,chip_g1168.tif,0.20467131,F
Model_16_G,chip_g1168.tif,0.20437239,F
Model_16_G,chip_g1168.tif,0.20430131,F
Model_16_G,chip_g1168.tif,0.20426129,F
Model_16_G,chip_g1168.tif,0.20420043,F
Model_16_G,chip_g1168.tif,0.20361786,F
Model_16_G,chip_g1168.tif,0.20304029,F
Model_16_G,chip_g1168.tif,0.20286064,F
Model_16_G,chip_g1168.tif,0.20264962,F
Model_16_G,chip_g1168.tif,0.20259307,F
Model_16_G,chip_g1168.tif,0.20253691,F
Model_16_G,chip_g1168.tif,0.20237797,F
Model_16_G,chip_g1168.tif,0.20235199,F
Model_16_G,chip_g1168.tif,0.20208086,F
Model_16_G,chip_g1168.tif,0.2020012,F
Model_16_G,chip_g1168.tif,0.2019147,F
Model_16_G,chip_g1168.tif,0.20180896,F
Model_16_G,chip_g1168.tif,0.20160398,F
Model_16_G,chip_g1168.tif,0.20140757,F
Model_16_G,chip_g1168.tif,0.20124292,F
Model_16_G,chip_g1168.tif,0.20117344,F
Model_16_G,chip_g1168.tif,0.20088156,F
Model_16_G,chip_g1168.tif,0.20078214,F
Model_16_G,chip_g1168.tif,0.20072743,F
Model_16_G,chip_g1168.tif,0.20043223,F
Model_16_G,chip_g1168.tif,0.20039308,F
Model_16_G,chip_g1180.tif,0.25097996,F
Model_16_G,chip_g1180.tif,0.21664084,T
Model_16_G,chip_g1180.tif,0.21423344,F
Model_16_G,chip_g1217.tif,0.25944284,T
Model_16_G,chip_g1217.tif,0.25459164,F
Model_16_G,chip_g1217.tif,0.25361705,T
Model_16_G,chip_g1217.tif,0.24900371,F
Model_16_G,chip_g1217.tif,0.24773423,F
Model_16_G,chip_g1217.tif,0.24722227,T
Model_16_G,chip_g1217.tif,0.24035853,F
Model_16_G,chip_g1217.tif,0.23242255,T
Model_16_G,chip_g1217.tif,0.23133178,F
Model_16_G,chip_g1217.tif,0.22141607,F
Model_16_G,chip_g1217.tif,0.21203254,F
Model_16_G,chip_g1217.tif,0.21118194,F
Model_16_G,chip_g1217.tif,0.21029975,F
Model_16_G,chip_g1217.tif,0.20958064,F
Model_16_G,chip_g1217.tif,0.20886451,F
Model_16_G,chip_g1217.tif,0.20707089,F
Model_16_G,chip_g1217.tif,0.20383604,F
Model_16_G,chip_g1217.tif,0.20224008,F
Model_16_G,chip_g1217.tif,0.20218115,F
Model_16_G,chip_g1217.tif,0.20154981,F
Model_16_G,chip_g1234.tif,0.20586716,F
Model_16_G,chip_g1234.tif,0.20485047,F
Model_16_G,chip_g1234.tif,0.20358528,F
Model_16_G,chip_g1238.tif,0.2630966,F
Model_16_G,chip_g1238.tif,0.22027318,F
Model_16_G,chip_g1238.tif,0.20340368,F
Model_16_G,chip_g1238.tif,0.20189293,F
Model_16_G,chip_g1253.tif,0.23544438,T
Model_16_G,chip_g1314.tif,0.9963238,T
Model_16_G,chip_g1317.tif,0.9958016,T
Model_16_G,chip_g1331.tif,0.9992157,T
Model_16_G,chip_g1343.tif,0.9661782,T
Model_16_G,chip_g1353.tif,0.99924856,T
Model_16_G,chip_g1354.tif,0.91135085,T
Model_16_G,chip_g1354.tif,0.6025441,T
Model_16_G,chip_g1378.tif,0.6749638,T
Model_16_G,chip_g1378.tif,0.5622976,T
Model_16_G,chip_g1378.tif,0.4766112,T
Model_16_G,chip_g1401.tif,0.25737867,F
Model_16_G,chip_g1401.tif,0.24268927,F
Model_16_G,chip_g1401.tif,0.24135643,F
Model_16_G,chip_g1401.tif,0.23857209,T
Model_16_G,chip_g1401.tif,0.23333551,F
Model_16_G,chip_g1401.tif,0.22851576,F
Model_16_G,chip_g1401.tif,0.22754577,F
Model_16_G,chip_g1401.tif,0.22328635,F
Model_16_G,chip_g1401.tif,0.2122933,F
Model_16_G,chip_g1401.tif,0.2120875,F
Model_16_G,chip_g1401.tif,0.20853497,F
Model_16_G,chip_g1401.tif,0.20720349,F
Model_16_G,chip_g1401.tif,0.20505065,F
Model_16_G,chip_g1401.tif,0.20480123,F
Model_16_G,chip_g1401.tif,0.20429842,F
Model_16_G,chip_g1401.tif,0.20369889,F
Model_16_G,chip_g1401.tif,0.20321254,F
Model_16_G,chip_g1401.tif,0.20227048,F
Model_16_G,chip_g1401.tif,0.20131189,F
Model_16_G,chip_g1401.tif,0.20082764,F
Model_16_G,chip_g1401.tif,0.20005544,F
Model_16_G,chip_g1409.tif,0.29924795,T
Model_16_G,chip_g1409.tif,0.20340201,F
Model_16_G,chip_g1412.tif,0.24866992,F
Model_16_G,chip_g1412.tif,0.24515864,F
Model_16_G,chip_g1412.tif,0.23871306,T
Model_16_G,chip_g1412.tif,0.23669471,F
Model_16_G,chip_g1412.tif,0.23523252,F
Model_16_G,chip_g1412.tif,0.2346585,F
Model_16_G,chip_g1412.tif,0.23130576,F
Model_16_G,chip_g1412.tif,0.23110406,T
Model_16_G,chip_g1412.tif,0.23097275,F
Model_16_G,chip_g1412.tif,0.23084913,F
Model_16_G,chip_g1412.tif,0.22933397,F
Model_16_G,chip_g1412.tif,0.2285533,F
Model_16_G,chip_g1412.tif,0.22740196,T
Model_16_G,chip_g1412.tif,0.22730853,F
Model_16_G,chip_g1412.tif,0.22512239,F
Model_16_G,chip_g1412.tif,0.2249249,T
Model_16_G,chip_g1412.tif,0.22487292,F
Model_16_G,chip_g1412.tif,0.22486643,F
Model_16_G,chip_g1412.tif,0.2240866,F
Model_16_G,chip_g1412.tif,0.22340699,F
Model_16_G,chip_g1412.tif,0.22269349,F
Model_16_G,chip_g1412.tif,0.22205773,F
Model_16_G,chip_g1412.tif,0.22109859,F
Model_16_G,chip_g1412.tif,0.22100341,F
Model_16_G,chip_g1412.tif,0.22085728,F
Model_16_G,chip_g1412.tif,0.22052008,F
Model_16_G,chip_g1412.tif,0.22047621,F
Model_16_G,chip_g1412.tif,0.2198472,F
Model_16_G,chip_g1412.tif,0.21950918,F
Model_16_G,chip_g1412.tif,0.21876892,F
Model_16_G,chip_g1412.tif,0.21809594,T
Model_16_G,chip_g1412.tif,0.21806991,F
Model_16_G,chip_g1412.tif,0.21784082,T
Model_16_G,chip_g1412.tif,0.21772961,F
Model_16_G,chip_g1412.tif,0.21765593,F
Model_16_G,chip_g1412.tif,0.21653529,F
Model_16_G,chip_g1412.tif,0.21533453,F
Model_16_G,chip_g1412.tif,0.21476682,F
Model_16_G,chip_g1412.tif,0.21425246,F
Model_16_G,chip_g1412.tif,0.21355033,F
Model_16_G,chip_g1412.tif,0.21279106,F
Model_16_G,chip_g1412.tif,0.2119875,F
Model_16_G,chip_g1412.tif,0.21159571,F
Model_16_G,chip_g1412.tif,0.21090788,F
Model_16_G,chip_g1412.tif,0.2105165,F
Model_16_G,chip_g1412.tif,0.21023135,F
Model_16_G,chip_g1412.tif,0.2093547,F
Model_16_G,chip_g1412.tif,0.20929208,F
Model_16_G,chip_g1412.tif,0.20825076,F
Model_16_G,chip_g1412.tif,0.20817873,F
Model_16_G,chip_g1412.tif,0.20785622,F
Model_16_G,chip_g1412.tif,0.20743287,F
Model_16_G,chip_g1412.tif,0.20711489,F
Model_16_G,chip_g1412.tif,0.20666102,F
Model_16_G,chip_g1412.tif,0.20655064,F
Model_16_G,chip_g1412.tif,0.20634516,F
Model_16_G,chip_g1412.tif,0.20611444,F
Model_16_G,chip_g1412.tif,0.20583099,F
Model_16_G,chip_g1412.tif,0.20561922,F
Model_16_G,chip_g1412.tif,0.205455,F
Model_16_G,chip_g1412.tif,0.2052532,F
Model_16_G,chip_g1412.tif,0.20515011,F
Model_16_G,chip_g1412.tif,0.20503792,F
Model_16_G,chip_g1412.tif,0.20454729,T
Model_16_G,chip_g1412.tif,0.20427667,F
Model_16_G,chip_g1412.tif,0.20337234,F
Model_16_G,chip_g1412.tif,0.20265813,F
Model_16_G,chip_g1412.tif,0.20194103,F
Model_16_G,chip_g1412.tif,0.20182985,F
Model_16_G,chip_g1412.tif,0.20155732,F
Model_16_G,chip_g1412.tif,0.20111392,F
Model_16_G,chip_g1412.tif,0.20104283,F
Model_16_G,chip_g1412.tif,0.20091942,F
Model_16_G,chip_g1412.tif,0.20039976,F
Model_16_G,chip_g1412.tif,0.20036033,F
Model_16_G,chip_g1412.tif,0.20028998,F
Model_16_G,chip_g1412.tif,0.20005119,F
Model_16_G,chip_g1412.tif,0.20003538,F
Model_16_G,chip_g1416.tif,0.24718326,F
Model_16_G,chip_g1416.tif,0.24442774,T
Model_16_G,chip_g1416.tif,0.24011791,F
Model_16_G,chip_g1416.tif,0.2394174,F
Model_16_G,chip_g1416.tif,0.22924943,F
Model_16_G,chip_g1416.tif,0.22864413,F
Model_16_G,chip_g1416.tif,0.22858636,F
Model_16_G,chip_g1416.tif,0.22818322,T
Model_16_G,chip_g1416.tif,0.22581953,F
Model_16_G,chip_g1416.tif,0.22340119,F
Model_16_G,chip_g1416.tif,0.22263224,T
Model_16_G,chip_g1416.tif,0.22216018,F
Model_16_G,chip_g1416.tif,0.2217017,F
Model_16_G,chip_g1416.tif,0.22169176,F
Model_16_G,chip_g1416.tif,0.22037546,F
Model_16_G,chip_g1416.tif,0.22019492,F
Model_16_G,chip_g1416.tif,0.2193179,F
Model_16_G,chip_g1416.tif,0.21917428,F
Model_16_G,chip_g1416.tif,0.21817438,F
Model_16_G,chip_g1416.tif,0.21719883,F
Model_16_G,chip_g1416.tif,0.21602283,F
Model_16_G,chip_g1416.tif,0.21583238,F
Model_16_G,chip_g1416.tif,0.21576712,F
Model_16_G,chip_g1416.tif,0.21574223,F
Model_16_G,chip_g1416.tif,0.2157171,F
Model_16_G,chip_g1416.tif,0.21420433,F
Model_16_G,chip_g1416.tif,0.2139786,F
Model_16_G,chip_g1416.tif,0.21348226,F
Model_16_G,chip_g1416.tif,0.21341246,F
Model_16_G,chip_g1416.tif,0.21303831,F
Model_16_G,chip_g1416.tif,0.21274719,F
Model_16_G,chip_g1416.tif,0.21222678,F
Model_16_G,chip_g1416.tif,0.21213052,F
Model_16_G,chip_g1416.tif,0.2121118,F
Model_16_G,chip_g1416.tif,0.2118932,F
Model_16_G,chip_g1416.tif,0.21171539,F
Model_16_G,chip_g1416.tif,0.21163905,F
Model_16_G,chip_g1416.tif,0.21140935,F
Model_16_G,chip_g1416.tif,0.21062657,F
Model_16_G,chip_g1416.tif,0.21055031,F
Model_16_G,chip_g1416.tif,0.21048522,F
Model_16_G,chip_g1416.tif,0.21039648,T
Model_16_G,chip_g1416.tif,0.21013512,F
Model_16_G,chip_g1416.tif,0.20989324,F
Model_16_G,chip_g1416.tif,0.2097422,F
Model_16_G,chip_g1416.tif,0.20972376,F
Model_16_G,chip_g1416.tif,0.20967431,F
Model_16_G,chip_g1416.tif,0.20904069,T
Model_16_G,chip_g1416.tif,0.20879996,F
Model_16_G,chip_g1416.tif,0.20863983,F
Model_16_G,chip_g1416.tif,0.20848474,F
Model_16_G,chip_g1416.tif,0.20833986,F
Model_16_G,chip_g1416.tif,0.20831488,F
Model_16_G,chip_g1416.tif,0.20806544,F
Model_16_G,chip_g1416.tif,0.20789875,F
Model_16_G,chip_g1416.tif,0.20721081,F
Model_16_G,chip_g1416.tif,0.2071693,F
Model_16_G,chip_g1416.tif,0.20716012,F
Model_16_G,chip_g1416.tif,0.20687985,F
Model_16_G,chip_g1416.tif,0.2067758,F
Model_16_G,chip_g1416.tif,0.20629276,F
Model_16_G,chip_g1416.tif,0.20628612,F
Model_16_G,chip_g1416.tif,0.20592296,F
Model_16_G,chip_g1416.tif,0.20566468,F
Model_16_G,chip_g1416.tif,0.205333,F
Model_16_G,chip_g1416.tif,0.20531961,F
Model_16_G,chip_g1416.tif,0.20529765,F
Model_16_G,chip_g1416.tif,0.20464276,T
Model_16_G,chip_g1416.tif,0.20459388,F
Model_16_G,chip_g1416.tif,0.20454769,F
Model_16_G,chip_g1416.tif,0.20427264,F
Model_16_G,chip_g1416.tif,0.20416966,F
Model_16_G,chip_g1416.tif,0.20404167,F
Model_16_G,chip_g1416.tif,0.2037445,F
Model_16_G,chip_g1416.tif,0.20355563,F
Model_16_G,chip_g1416.tif,0.20339055,F
Model_16_G,chip_g1416.tif,0.20316604,F
Model_16_G,chip_g1416.tif,0.20218809,F
Model_16_G,chip_g1416.tif,0.20210156,F
Model_16_G,chip_g1416.tif,0.20181273,F
Model_16_G,chip_g1416.tif,0.20173484,F
Model_16_G,chip_g1416.tif,0.20163317,F
Model_16_G,chip_g1416.tif,0.2010811,F
Model_16_G,chip_g1416.tif,0.20107347,F
Model_16_G,chip_g1416.tif,0.20050544,F
Model_16_G,chip_g1416.tif,0.2004644,F
Model_16_G,chip_g1416.tif,0.20040376,F
Model_16_G,chip_g1416.tif,0.20004591,F
Model_16_G,chip_g1416.tif,0.20004539,F
Model_16_G,chip_g1425.tif,0.9861522,T
Model_16_G,chip_g1434.tif,0.9995105,T
Model_16_G,chip_g1435.tif,0.9922275,T
Model_16_G,chip_g1449.tif,0.68274397,T
Model_16_G,chip_g1449.tif,0.6159847,T
Model_16_G,chip_g1461.tif,0.82975274,T
Model_16_G,chip_g1462.tif,0.5518182,T
Model_16_G,chip_g1463.tif,0.8989027,T
Model_16_G,chip_g1463.tif,0.33448723,F
Model_16_G,chip_g1466.tif,0.9862179,T
Model_16_G,chip_g1468.tif,0.9301139,T
Model_16_G,chip_g1469.tif,0.44231233,T
Model_16_G,chip_g1469.tif,0.3469705,T
Model_16_G,chip_g1469.tif,0.3206606,T
Model_16_G,chip_g1471.tif,0.9951957,T
Model_16_G,chip_g1478.tif,0.28482896,T
Model_16_G,chip_g1478.tif,0.2690299,T
Model_16_G,chip_g1478.tif,0.26555896,T
Model_16_G,chip_g1478.tif,0.24200782,T
Model_16_G,chip_g1478.tif,0.24069007,T
Model_16_G,chip_g1478.tif,0.23662178,F
Model_16_G,chip_g1478.tif,0.2357605,F
Model_16_G,chip_g1478.tif,0.22539051,F
Model_16_G,chip_g1478.tif,0.22499576,F
Model_16_G,chip_g1478.tif,0.22188963,F
Model_16_G,chip_g1478.tif,0.2206936,F
Model_16_G,chip_g1478.tif,0.21991396,F
Model_16_G,chip_g1478.tif,0.21550423,F
Model_16_G,chip_g1478.tif,0.21427085,F
Model_16_G,chip_g1478.tif,0.21419764,F
Model_16_G,chip_g1478.tif,0.21202709,F
Model_16_G,chip_g1478.tif,0.21198581,F
Model_16_G,chip_g1478.tif,0.21187693,F
Model_16_G,chip_g1478.tif,0.2089094,F
Model_16_G,chip_g1478.tif,0.2084586,F
Model_16_G,chip_g1478.tif,0.20665306,F
Model_16_G,chip_g1478.tif,0.20615736,F
Model_16_G,chip_g1478.tif,0.20562974,F
Model_16_G,chip_g1478.tif,0.20537697,F
Model_16_G,chip_g1478.tif,0.20497794,F
Model_16_G,chip_g1478.tif,0.20494701,F
Model_16_G,chip_g1478.tif,0.20485248,F
Model_16_G,chip_g1478.tif,0.20439589,F
Model_16_G,chip_g1478.tif,0.20433848,F
Model_16_G,chip_g1478.tif,0.20309046,F
Model_16_G,chip_g1478.tif,0.20230791,F
Model_16_G,chip_g1478.tif,0.20226368,F
Model_16_G,chip_g1478.tif,0.20201924,F
Model_16_G,chip_g1478.tif,0.20145275,F
Model_16_G,chip_g1478.tif,0.20074065,F
Model_16_G,chip_g1478.tif,0.2006599,F
Model_16_G,chip_g1478.tif,0.2006584,F
Model_16_G,chip_g1478.tif,0.20053561,F
Model_16_G,chip_g1478.tif,0.2002555,F
Model_16_G,chip_g1478.tif,0.20024823,F
Model_16_G,chip_g1482.tif,0.24878995,T
Model_16_G,chip_g1483.tif,0.27327752,T
Model_16_G,chip_g1485.tif,0.2522618,F
Model_16_G,chip_g1485.tif,0.21671304,T
Model_16_G,chip_g1497.tif,0.30940765,T
Model_16_G,chip_g1497.tif,0.21824823,F
Model_16_G,chip_g1504.tif,0.29586285,T
Model_16_G,chip_g1526.tif,0.9994399,T
Model_16_G,chip_g1529.tif,0.99926966,F
Model_16_G,chip_g1529.tif,0.6674018,F
Model_16_G,chip_g1556.tif,0.9932308,T
Model_16_G,chip_g1584.tif,0.51220363,T
Model_16_G,chip_g1584.tif,0.3844972,F
Model_16_G,chip_g1584.tif,0.23947898,T
Model_16_G,chip_g1589.tif,0.32719535,T
Model_16_G,chip_g1589.tif,0.32434484,T
Model_16_G,chip_g1589.tif,0.2707462,T
Model_16_G,chip_g1589.tif,0.24355777,F
Model_16_G,chip_g1589.tif,0.23945789,T
Model_16_G,chip_g1589.tif,0.21252589,T
Model_16_G,chip_g1589.tif,0.20088546,F
Model_16_G,chip_g1593.tif,0.9842635,T
Model_16_G,chip_g1594.tif,0.8123083,T
Model_16_G,chip_g1594.tif,0.5835136,T
Model_16_G,chip_g1618.tif,0.5167702,T
Model_16_G,chip_g1619.tif,0.40700904,T
Model_16_G,chip_g1631.tif,0.48986313,T
Model_16_G,chip_g1631.tif,0.2301259,T
Model_16_G,chip_g1645.tif,0.26067996,T
Model_16_G,chip_g1645.tif,0.22626132,T
Model_16_G,chip_g1645.tif,0.22543287,F
Model_16_G,chip_g1645.tif,0.22500108,F
Model_16_G,chip_g1645.tif,0.2231192,T
Model_16_G,chip_g1645.tif,0.22082599,T
Model_16_G,chip_g1645.tif,0.22008987,T
Model_16_G,chip_g1645.tif,0.21671636,F
Model_16_G,chip_g1645.tif,0.21538009,F
Model_16_G,chip_g1645.tif,0.214846,F
Model_16_G,chip_g1645.tif,0.21324031,F
Model_16_G,chip_g1645.tif,0.2091764,T
Model_16_G,chip_g1645.tif,0.20777418,F
Model_16_G,chip_g1645.tif,0.20701568,F
Model_16_G,chip_g1645.tif,0.20700067,F
Model_16_G,chip_g1645.tif,0.2058669,F
Model_16_G,chip_g1645.tif,0.20543256,F
Model_16_G,chip_g1645.tif,0.20308238,T
Model_16_G,chip_g1645.tif,0.20084266,F
Model_16_G,chip_g1651.tif,0.32866776,T
Model_16_G,chip_g1651.tif,0.20747255,F
Model_16_G,chip_g1654.tif,0.2313323,T
Model_16_G,chip_g1654.tif,0.22622721,T
Model_16_G,chip_g1654.tif,0.22392948,F
Model_16_G,chip_g1654.tif,0.21391168,F
Model_16_G,chip_g1654.tif,0.20353638,F
Model_16_G,chip_g1654.tif,0.20352863,F
Model_16_G,chip_g1658.tif,0.25106576,T
Model_16_G,chip_g1658.tif,0.24804938,T
Model_16_G,chip_g1658.tif,0.24533367,T
Model_16_G,chip_g1658.tif,0.23147705,F
Model_16_G,chip_g1658.tif,0.2252021,F
Model_16_G,chip_g1658.tif,0.2205842,F
Model_16_G,chip_g1658.tif,0.21970937,F
Model_16_G,chip_g1658.tif,0.21941993,T
Model_16_G,chip_g1658.tif,0.21465701,F
Model_16_G,chip_g1658.tif,0.21266703,F
Model_16_G,chip_g1658.tif,0.21196958,F
Model_16_G,chip_g1658.tif,0.21140696,F
Model_16_G,chip_g1658.tif,0.21020295,F
Model_16_G,chip_g1658.tif,0.20792568,F
Model_16_G,chip_g1658.tif,0.20524216,F
Model_16_G,chip_g1658.tif,0.20510408,F
Model_16_G,chip_g1658.tif,0.20376752,F
Model_16_G,chip_g1658.tif,0.20266774,F
Model_16_G,chip_g1658.tif,0.20187186,F
Model_16_G,chip_g1658.tif,0.20184605,F
Model_16_G,chip_g1669.tif,0.25939125,F
Model_16_G,chip_g1669.tif,0.22844897,F
Model_16_G,chip_g1669.tif,0.22372368,T
Model_16_G,chip_g1669.tif,0.22117625,F
Model_16_G,chip_g1669.tif,0.21986331,F
Model_16_G,chip_g1669.tif,0.21839842,T
Model_16_G,chip_g1669.tif,0.21628542,F
Model_16_G,chip_g1669.tif,0.21494466,F
Model_16_G,chip_g1669.tif,0.21445628,F
Model_16_G,chip_g1669.tif,0.21301691,F
Model_16_G,chip_g1669.tif,0.21224858,F
Model_16_G,chip_g1669.tif,0.21131083,F
Model_16_G,chip_g1669.tif,0.21003771,F
Model_16_G,chip_g1669.tif,0.20948146,F
Model_16_G,chip_g1669.tif,0.20851599,F
Model_16_G,chip_g1669.tif,0.20821893,F
Model_16_G,chip_g1669.tif,0.20797779,F
Model_16_G,chip_g1669.tif,0.20689976,F
Model_16_G,chip_g1669.tif,0.2065545,F
Model_16_G,chip_g1669.tif,0.20647722,F
Model_16_G,chip_g1669.tif,0.20619938,F
Model_16_G,chip_g1669.tif,0.20512247,F
Model_16_G,chip_g1669.tif,0.20502308,T
Model_16_G,chip_g1669.tif,0.20405912,F
Model_16_G,chip_g1669.tif,0.20399247,T
Model_16_G,chip_g1669.tif,0.20344532,F
Model_16_G,chip_g1669.tif,0.20336717,F
Model_16_G,chip_g1669.tif,0.20106892,F
Model_16_G,chip_g1669.tif,0.20085289,F
Model_16_G,chip_g1669.tif,0.2006421,F
Model_16_G,chip_g167.tif,0.99980384,T
Model_16_G,chip_g1671.tif,0.20499791,T
Model_16_G,chip_g1673.tif,0.2297072,T
Model_16_G,chip_g1673.tif,0.20165896,T
Model_16_G,chip_g1675.tif,0.2383815,F
Model_16_G,chip_g1675.tif,0.21719484,T
Model_16_G,chip_g1675.tif,0.20153439,T
Model_16_G,chip_g1677.tif,0.2644488,T
Model_16_G,chip_g1677.tif,0.20096003,T
Model_16_G,chip_g1678.tif,0.3252585,T
Model_16_G,chip_g1678.tif,0.2474152,T
Model_16_G,chip_g1678.tif,0.23209524,F
Model_16_G,chip_g1678.tif,0.22695129,F
Model_16_G,chip_g1678.tif,0.22530188,T
Model_16_G,chip_g1678.tif,0.2252507,T
Model_16_G,chip_g1678.tif,0.22509588,F
Model_16_G,chip_g1678.tif,0.22490545,F
Model_16_G,chip_g1678.tif,0.22473821,F
Model_16_G,chip_g1678.tif,0.22355634,F
Model_16_G,chip_g1678.tif,0.22058277,F
Model_16_G,chip_g1678.tif,0.22038597,F
Model_16_G,chip_g1678.tif,0.21899617,F
Model_16_G,chip_g1678.tif,0.21874657,F
Model_16_G,chip_g1678.tif,0.21867119,F
Model_16_G,chip_g1678.tif,0.21615669,F
Model_16_G,chip_g1678.tif,0.21608566,F
Model_16_G,chip_g1678.tif,0.21471098,F
Model_16_G,chip_g1678.tif,0.21349514,F
Model_16_G,chip_g1678.tif,0.21211933,F
Model_16_G,chip_g1678.tif,0.21015446,F
Model_16_G,chip_g1678.tif,0.20968178,F
Model_16_G,chip_g1678.tif,0.20967986,F
Model_16_G,chip_g1678.tif,0.20923086,F
Model_16_G,chip_g1678.tif,0.20890474,F
Model_16_G,chip_g1678.tif,0.20862408,F
Model_16_G,chip_g1678.tif,0.20757051,F
Model_16_G,chip_g1678.tif,0.20670405,F
Model_16_G,chip_g1678.tif,0.20660019,F
Model_16_G,chip_g1678.tif,0.20545137,F
Model_16_G,chip_g1678.tif,0.2052498,F
Model_16_G,chip_g1678.tif,0.20423436,F
Model_16_G,chip_g1678.tif,0.20388477,F
Model_16_G,chip_g1678.tif,0.20372124,F
Model_16_G,chip_g1678.tif,0.20318645,F
Model_16_G,chip_g1678.tif,0.20302723,F
Model_16_G,chip_g1678.tif,0.20275533,F
Model_16_G,chip_g1678.tif,0.2021478,F
Model_16_G,chip_g1678.tif,0.20160723,F
Model_16_G,chip_g1678.tif,0.20123531,F
Model_16_G,chip_g1678.tif,0.20077123,F
Model_16_G,chip_g1697.tif,0.24523325,F
Model_16_G,chip_g1697.tif,0.23491596,F
Model_16_G,chip_g1697.tif,0.23396008,T
Model_16_G,chip_g1697.tif,0.22948109,F
Model_16_G,chip_g1697.tif,0.2221673,F
Model_16_G,chip_g1697.tif,0.21739694,F
Model_16_G,chip_g1697.tif,0.21722989,F
Model_16_G,chip_g1697.tif,0.21146914,F
Model_16_G,chip_g1697.tif,0.20991902,F
Model_16_G,chip_g1697.tif,0.20777404,F
Model_16_G,chip_g1697.tif,0.20614654,T
Model_16_G,chip_g1697.tif,0.20588394,F
Model_16_G,chip_g1697.tif,0.20511514,F
Model_16_G,chip_g1697.tif,0.20426638,F
Model_16_G,chip_g1711.tif,0.674846,T
Model_16_G,chip_g1711.tif,0.49231872,T
Model_16_G,chip_g1730.tif,0.42156267,T
Model_16_G,chip_g1730.tif,0.28816283,T
Model_16_G,chip_g1730.tif,0.28169385,F
Model_16_G,chip_g1730.tif,0.2006147,T
Model_16_G,chip_g1731.tif,0.72679853,T
Model_16_G,chip_g1731.tif,0.41383824,T
Model_16_G,chip_g1749.tif,0.2747486,T
Model_16_G,chip_g1749.tif,0.2574278,T
Model_16_G,chip_g1749.tif,0.2564947,T
Model_16_G,chip_g1749.tif,0.25174668,F
Model_16_G,chip_g1749.tif,0.2501119,T
Model_16_G,chip_g1749.tif,0.249842,T
Model_16_G,chip_g1749.tif,0.2497424,T
Model_16_G,chip_g1749.tif,0.24536452,T
Model_16_G,chip_g1749.tif,0.2433476,T
Model_16_G,chip_g1749.tif,0.23855491,T
Model_16_G,chip_g1749.tif,0.2382033,F
Model_16_G,chip_g1749.tif,0.23711218,F
Model_16_G,chip_g1749.tif,0.23651558,F
Model_16_G,chip_g1749.tif,0.23621783,F
Model_16_G,chip_g1749.tif,0.23621774,F
Model_16_G,chip_g1749.tif,0.23556103,T
Model_16_G,chip_g1749.tif,0.23556069,F
Model_16_G,chip_g1749.tif,0.23452988,T
Model_16_G,chip_g1749.tif,0.23175938,F
Model_16_G,chip_g1749.tif,0.22885276,F
Model_16_G,chip_g1749.tif,0.2282611,F
Model_16_G,chip_g1749.tif,0.22743288,F
Model_16_G,chip_g1749.tif,0.22737014,F
Model_16_G,chip_g1749.tif,0.22679913,F
Model_16_G,chip_g1749.tif,0.22670686,F
Model_16_G,chip_g1749.tif,0.22355203,F
Model_16_G,chip_g1749.tif,0.21953508,F
Model_16_G,chip_g1749.tif,0.21952923,F
Model_16_G,chip_g1749.tif,0.2180005,F
Model_16_G,chip_g1749.tif,0.2157097,F
Model_16_G,chip_g1749.tif,0.2141135,F
Model_16_G,chip_g1749.tif,0.21385726,F
Model_16_G,chip_g1749.tif,0.21357918,F
Model_16_G,chip_g1749.tif,0.2133423,F
Model_16_G,chip_g1749.tif,0.21322553,F
Model_16_G,chip_g1749.tif,0.21166182,F
Model_16_G,chip_g1749.tif,0.2115605,F
Model_16_G,chip_g1749.tif,0.21039647,F
Model_16_G,chip_g1749.tif,0.20882311,F
Model_16_G,chip_g1749.tif,0.20801064,F
Model_16_G,chip_g1749.tif,0.20659064,F
Model_16_G,chip_g1749.tif,0.20235275,F
Model_16_G,chip_g1751.tif,0.47713497,T
Model_16_G,chip_g1751.tif,0.21951674,T
Model_16_G,chip_g1751.tif,0.20945731,F
Model_16_G,chip_g1751.tif,0.2054436,F
Model_16_G,chip_g1751.tif,0.20490637,F
Model_16_G,chip_g1769.tif,0.29625612,T
Model_16_G,chip_g1769.tif,0.2611638,T
Model_16_G,chip_g1769.tif,0.25954816,T
Model_16_G,chip_g1769.tif,0.25680786,T
Model_16_G,chip_g1769.tif,0.24548277,T
Model_16_G,chip_g1769.tif,0.23996453,T
Model_16_G,chip_g1769.tif,0.23937957,T
Model_16_G,chip_g1769.tif,0.23012793,F
Model_16_G,chip_g1769.tif,0.22740386,F
Model_16_G,chip_g1769.tif,0.22728245,F
Model_16_G,chip_g1769.tif,0.22640172,F
Model_16_G,chip_g1769.tif,0.22337547,F
Model_16_G,chip_g1769.tif,0.22289765,F
Model_16_G,chip_g1769.tif,0.22172107,T
Model_16_G,chip_g1769.tif,0.22069079,F
Model_16_G,chip_g1769.tif,0.21875772,F
Model_16_G,chip_g1769.tif,0.21852882,F
Model_16_G,chip_g1769.tif,0.21555287,F
Model_16_G,chip_g1769.tif,0.21327995,F
Model_16_G,chip_g1769.tif,0.21322751,F
Model_16_G,chip_g1769.tif,0.21223716,F
Model_16_G,chip_g1769.tif,0.21090595,F
Model_16_G,chip_g1769.tif,0.21046394,T
Model_16_G,chip_g1769.tif,0.21027142,F
Model_16_G,chip_g1769.tif,0.20884976,F
Model_16_G,chip_g1769.tif,0.20693453,F
Model_16_G,chip_g1769.tif,0.20629825,F
Model_16_G,chip_g1769.tif,0.20597187,F
Model_16_G,chip_g1769.tif,0.20569424,F
Model_16_G,chip_g1769.tif,0.20315063,F
Model_16_G,chip_g1769.tif,0.20031416,F
Model_16_G,chip_g1771.tif,0.26890492,T
Model_16_G,chip_g1771.tif,0.2640566,T
Model_16_G,chip_g1771.tif,0.25444743,T
Model_16_G,chip_g1771.tif,0.253174,T
Model_16_G,chip_g1771.tif,0.25254196,T
Model_16_G,chip_g1771.tif,0.25152642,T
Model_16_G,chip_g1771.tif,0.24862024,T
Model_16_G,chip_g1771.tif,0.24846734,T
Model_16_G,chip_g1771.tif,0.2479893,T
Model_16_G,chip_g1771.tif,0.24786535,T
Model_16_G,chip_g1771.tif,0.24606283,F
Model_16_G,chip_g1771.tif,0.2459704,T
Model_16_G,chip_g1771.tif,0.24589743,T
Model_16_G,chip_g1771.tif,0.24458885,T
Model_16_G,chip_g1771.tif,0.24411486,F
Model_16_G,chip_g1771.tif,0.24410449,F
Model_16_G,chip_g1771.tif,0.24314952,F
Model_16_G,chip_g1771.tif,0.24215783,T
Model_16_G,chip_g1771.tif,0.24041612,F
Model_16_G,chip_g1771.tif,0.24006227,F
Model_16_G,chip_g1771.tif,0.23998535,T
Model_16_G,chip_g1771.tif,0.23992631,T
Model_16_G,chip_g1771.tif,0.23932183,F
Model_16_G,chip_g1771.tif,0.23923308,T
Model_16_G,chip_g1771.tif,0.23883855,F
Model_16_G,chip_g1771.tif,0.23751804,F
Model_16_G,chip_g1771.tif,0.23740119,F
Model_16_G,chip_g1771.tif,0.23727852,F
Model_16_G,chip_g1771.tif,0.23704854,F
Model_16_G,chip_g1771.tif,0.2368592,T
Model_16_G,chip_g1771.tif,0.2363908,F
Model_16_G,chip_g1771.tif,0.23626176,F
Model_16_G,chip_g1771.tif,0.23603962,T
Model_16_G,chip_g1771.tif,0.23596455,F
Model_16_G,chip_g1771.tif,0.23528971,F
Model_16_G,chip_g1771.tif,0.23495309,F
Model_16_G,chip_g1771.tif,0.23474815,F
Model_16_G,chip_g1771.tif,0.23471925,T
Model_16_G,chip_g1771.tif,0.23454036,F
Model_16_G,chip_g1771.tif,0.23413377,F
Model_16_G,chip_g1771.tif,0.23364455,F
Model_16_G,chip_g1771.tif,0.23317449,F
Model_16_G,chip_g1771.tif,0.23309708,F
Model_16_G,chip_g1771.tif,0.23265262,F
Model_16_G,chip_g1771.tif,0.23251027,F
Model_16_G,chip_g1771.tif,0.23148894,F
Model_16_G,chip_g1771.tif,0.23101659,F
Model_16_G,chip_g1771.tif,0.23084208,F
Model_16_G,chip_g1771.tif,0.23076569,F
Model_16_G,chip_g1771.tif,0.23071958,T
Model_16_G,chip_g1771.tif,0.230273,F
Model_16_G,chip_g1771.tif,0.23015879,F
Model_16_G,chip_g1771.tif,0.23008232,F
Model_16_G,chip_g1771.tif,0.22981699,F
Model_16_G,chip_g1771.tif,0.22976542,F
Model_16_G,chip_g1771.tif,0.22960034,F
Model_16_G,chip_g1771.tif,0.22944702,F
Model_16_G,chip_g1771.tif,0.22874911,T
Model_16_G,chip_g1771.tif,0.22855066,F
Model_16_G,chip_g1771.tif,0.22814435,F
Model_16_G,chip_g1771.tif,0.22806574,F
Model_16_G,chip_g1771.tif,0.22798535,F
Model_16_G,chip_g1771.tif,0.22765924,F
Model_16_G,chip_g1771.tif,0.22761337,F
Model_16_G,chip_g1771.tif,0.22741272,F
Model_16_G,chip_g1771.tif,0.22720575,F
Model_16_G,chip_g1771.tif,0.22672059,F
Model_16_G,chip_g1771.tif,0.22650872,F
Model_16_G,chip_g1771.tif,0.22602245,F
Model_16_G,chip_g1771.tif,0.22597766,F
Model_16_G,chip_g1785.tif,0.25707158,T
Model_16_G,chip_g1785.tif,0.25425452,T
Model_16_G,chip_g1785.tif,0.25391108,T
Model_16_G,chip_g1785.tif,0.25264326,T
Model_16_G,chip_g1785.tif,0.24601784,T
Model_16_G,chip_g1785.tif,0.24566776,T
Model_16_G,chip_g1785.tif,0.24443933,T
Model_16_G,chip_g1785.tif,0.24354067,F
Model_16_G,chip_g1785.tif,0.24328071,F
Model_16_G,chip_g1785.tif,0.24305171,T
Model_16_G,chip_g1785.tif,0.24284674,T
Model_16_G,chip_g1785.tif,0.24246575,F
Model_16_G,chip_g1785.tif,0.2421595,T
Model_16_G,chip_g1785.tif,0.24154742,F
Model_16_G,chip_g1785.tif,0.24134259,T
Model_16_G,chip_g1785.tif,0.2410391,T
Model_16_G,chip_g1785.tif,0.24041742,T
Model_16_G,chip_g1785.tif,0.23919527,T
Model_16_G,chip_g1785.tif,0.23890235,T
Model_16_G,chip_g1785.tif,0.23871829,F
Model_16_G,chip_g1785.tif,0.23866752,F
Model_16_G,chip_g1785.tif,0.23839937,T
Model_16_G,chip_g1785.tif,0.23823878,F
Model_16_G,chip_g1785.tif,0.23813163,T
Model_16_G,chip_g1785.tif,0.2369132,F
Model_16_G,chip_g1785.tif,0.23642917,T
Model_16_G,chip_g1785.tif,0.2361636,F
Model_16_G,chip_g1785.tif,0.23577835,T
Model_16_G,chip_g1785.tif,0.23564005,T
Model_16_G,chip_g1785.tif,0.2354453,F
Model_16_G,chip_g1785.tif,0.23531207,F
Model_16_G,chip_g1785.tif,0.23524748,F
Model_16_G,chip_g1785.tif,0.23523958,F
Model_16_G,chip_g1785.tif,0.23477119,F
Model_16_G,chip_g1785.tif,0.2345929,F
Model_16_G,chip_g1785.tif,0.23458998,T
Model_16_G,chip_g1785.tif,0.23449837,F
Model_16_G,chip_g1785.tif,0.23446648,T
Model_16_G,chip_g1785.tif,0.23331043,F
Model_16_G,chip_g1785.tif,0.23329534,F
Model_16_G,chip_g1785.tif,0.23319612,F
Model_16_G,chip_g1785.tif,0.23302764,F
Model_16_G,chip_g1785.tif,0.23284626,F
Model_16_G,chip_g1785.tif,0.23272981,F
Model_16_G,chip_g1785.tif,0.23267691,F
Model_16_G,chip_g1785.tif,0.23253144,T
Model_16_G,chip_g1785.tif,0.23251791,F
Model_16_G,chip_g1785.tif,0.23233531,T
Model_16_G,chip_g1785.tif,0.2320159,T
Model_16_G,chip_g1785.tif,0.23200597,F
Model_16_G,chip_g1785.tif,0.23189877,F
Model_16_G,chip_g1785.tif,0.23182034,F
Model_16_G,chip_g1785.tif,0.23168984,F
Model_16_G,chip_g1785.tif,0.23081386,F
Model_16_G,chip_g1785.tif,0.2307159,F
Model_16_G,chip_g1785.tif,0.23048018,F
Model_16_G,chip_g1785.tif,0.23045038,F
Model_16_G,chip_g1785.tif,0.22995375,F
Model_16_G,chip_g1785.tif,0.22989091,F
Model_16_G,chip_g1785.tif,0.2297284,F
Model_16_G,chip_g1785.tif,0.2294278,F
Model_16_G,chip_g1785.tif,0.22934555,F
Model_16_G,chip_g1785.tif,0.22918886,F
Model_16_G,chip_g1785.tif,0.22888796,F
Model_16_G,chip_g1785.tif,0.22848935,F
Model_16_G,chip_g1785.tif,0.22798409,F
Model_16_G,chip_g1785.tif,0.22772197,F
Model_16_G,chip_g1785.tif,0.22747457,F
Model_16_G,chip_g1785.tif,0.22740753,F
Model_16_G,chip_g1785.tif,0.22730531,F
Model_16_G,chip_g1785.tif,0.22710283,F
Model_16_G,chip_g1785.tif,0.22645359,F
Model_16_G,chip_g1785.tif,0.22644345,F
Model_16_G,chip_g1785.tif,0.22641101,F
Model_16_G,chip_g1785.tif,0.22632062,T
Model_16_G,chip_g1785.tif,0.2261458,F
Model_16_G,chip_g1785.tif,0.22571644,F
Model_16_G,chip_g1785.tif,0.22546719,F
Model_16_G,chip_g1785.tif,0.2252325,F
Model_16_G,chip_g1785.tif,0.2250588,F
Model_16_G,chip_g1785.tif,0.22501229,F
Model_16_G,chip_g1785.tif,0.22500935,F
Model_16_G,chip_g1785.tif,0.22489402,F
Model_16_G,chip_g1785.tif,0.2248271,F
Model_16_G,chip_g1785.tif,0.22472152,F
Model_16_G,chip_g1785.tif,0.22458348,F
Model_16_G,chip_g1785.tif,0.22446376,F
Model_16_G,chip_g1785.tif,0.22411267,T
Model_16_G,chip_g1785.tif,0.22405131,F
Model_16_G,chip_g1785.tif,0.22355308,T
Model_16_G,chip_g1785.tif,0.22351575,F
Model_16_G,chip_g1785.tif,0.22340444,F
Model_16_G,chip_g1785.tif,0.2233066,F
Model_16_G,chip_g1785.tif,0.22295946,F
Model_16_G,chip_g1785.tif,0.22255044,F
Model_16_G,chip_g1785.tif,0.22214499,F
Model_16_G,chip_g1785.tif,0.2220333,F
Model_16_G,chip_g1785.tif,0.22189066,F
Model_16_G,chip_g1785.tif,0.2218045,F
Model_16_G,chip_g1785.tif,0.22167034,F
Model_16_G,chip_g1785.tif,0.22162683,F
Model_16_G,chip_g1785.tif,0.22132279,F
Model_16_G,chip_g1785.tif,0.22116876,F
Model_16_G,chip_g1785.tif,0.22056983,F
Model_16_G,chip_g1785.tif,0.22043063,F
Model_16_G,chip_g1785.tif,0.2200798,F
Model_16_G,chip_g1785.tif,0.21998379,F
Model_16_G,chip_g1785.tif,0.21959648,F
Model_16_G,chip_g1785.tif,0.21919863,F
Model_16_G,chip_g1785.tif,0.21916886,F
Model_16_G,chip_g1785.tif,0.21885999,F
Model_16_G,chip_g1785.tif,0.21780114,F
Model_16_G,chip_g1785.tif,0.21771345,F
Model_16_G,chip_g1785.tif,0.21748008,F
Model_16_G,chip_g1785.tif,0.21737933,F
Model_16_G,chip_g1785.tif,0.21733457,F
Model_16_G,chip_g1785.tif,0.21715416,F
Model_16_G,chip_g1785.tif,0.2164823,F
Model_16_G,chip_g1785.tif,0.21633391,F
Model_16_G,chip_g1785.tif,0.21559812,F
Model_16_G,chip_g1785.tif,0.21527475,F
Model_16_G,chip_g1785.tif,0.21496618,F
Model_16_G,chip_g1785.tif,0.21496376,F
Model_16_G,chip_g1785.tif,0.21450901,F
Model_16_G,chip_g1785.tif,0.21009368,F
Model_16_G,chip_g1785.tif,0.20617624,F
Model_16_G,chip_g1785.tif,0.20341289,F
Model_16_G,chip_g1789.tif,0.2726483,T
Model_16_G,chip_g1789.tif,0.26540485,T
Model_16_G,chip_g1789.tif,0.25681904,T
Model_16_G,chip_g1789.tif,0.24271448,F
Model_16_G,chip_g1789.tif,0.23920621,T
Model_16_G,chip_g1789.tif,0.23832744,F
Model_16_G,chip_g1789.tif,0.235504,F
Model_16_G,chip_g1789.tif,0.23443447,F
Model_16_G,chip_g1789.tif,0.2334145,F
Model_16_G,chip_g1789.tif,0.23260105,F
Model_16_G,chip_g1789.tif,0.23109078,F
Model_16_G,chip_g1789.tif,0.23083194,F
Model_16_G,chip_g1789.tif,0.2294478,F
Model_16_G,chip_g1789.tif,0.22864594,F
Model_16_G,chip_g1789.tif,0.22825396,F
Model_16_G,chip_g1789.tif,0.22701465,F
Model_16_G,chip_g1789.tif,0.22700255,F
Model_16_G,chip_g1789.tif,0.22684002,T
Model_16_G,chip_g1789.tif,0.22674859,F
Model_16_G,chip_g1789.tif,0.22669137,T
Model_16_G,chip_g1789.tif,0.22607234,F
Model_16_G,chip_g1789.tif,0.22589788,T
Model_16_G,chip_g1789.tif,0.22486672,T
Model_16_G,chip_g1789.tif,0.22426626,T
Model_16_G,chip_g1789.tif,0.2230242,F
Model_16_G,chip_g1789.tif,0.22250536,F
Model_16_G,chip_g1789.tif,0.2219009,F
Model_16_G,chip_g1789.tif,0.21974689,F
Model_16_G,chip_g1789.tif,0.21927243,F
Model_16_G,chip_g1789.tif,0.21754463,F
Model_16_G,chip_g1789.tif,0.21688414,F
Model_16_G,chip_g1789.tif,0.2167459,F
Model_16_G,chip_g1789.tif,0.2166854,F
Model_16_G,chip_g1789.tif,0.2164218,F
Model_16_G,chip_g1789.tif,0.21618472,T
Model_16_G,chip_g1789.tif,0.21549658,F
Model_16_G,chip_g1789.tif,0.21437575,F
Model_16_G,chip_g1789.tif,0.21384484,F
Model_16_G,chip_g1789.tif,0.2138009,F
Model_16_G,chip_g1789.tif,0.21275266,F
Model_16_G,chip_g1789.tif,0.21226664,T
Model_16_G,chip_g1789.tif,0.21211267,F
Model_16_G,chip_g1789.tif,0.21076839,F
Model_16_G,chip_g1789.tif,0.21062335,F
Model_16_G,chip_g1789.tif,0.21027212,F
Model_16_G,chip_g1789.tif,0.2101802,F
Model_16_G,chip_g1789.tif,0.20808142,F
Model_16_G,chip_g1789.tif,0.20623562,F
Model_16_G,chip_g1789.tif,0.20552468,F
Model_16_G,chip_g1789.tif,0.20525812,F
Model_16_G,chip_g1789.tif,0.20317632,F
Model_16_G,chip_g1789.tif,0.20071569,F
Model_16_G,chip_g1789.tif,0.2006546,F
Model_16_G,chip_g1789.tif,0.20060076,F
Model_16_G,chip_g1790.tif,0.2695452,T
Model_16_G,chip_g1790.tif,0.2485196,T
Model_16_G,chip_g1790.tif,0.24778306,F
Model_16_G,chip_g1790.tif,0.24483126,F
Model_16_G,chip_g1790.tif,0.24452783,F
Model_16_G,chip_g1790.tif,0.24397852,F
Model_16_G,chip_g1790.tif,0.24382693,F
Model_16_G,chip_g1790.tif,0.24316518,F
Model_16_G,chip_g1790.tif,0.24234645,T
Model_16_G,chip_g1790.tif,0.24223888,F
Model_16_G,chip_g1790.tif,0.23993783,F
Model_16_G,chip_g1790.tif,0.23974937,F
Model_16_G,chip_g1790.tif,0.23957561,T
Model_16_G,chip_g1790.tif,0.23920448,F
Model_16_G,chip_g1790.tif,0.23879822,F
Model_16_G,chip_g1790.tif,0.23874818,F
Model_16_G,chip_g1790.tif,0.23849827,T
Model_16_G,chip_g1790.tif,0.23782262,F
Model_16_G,chip_g1790.tif,0.23689845,F
Model_16_G,chip_g1790.tif,0.23681273,F
Model_16_G,chip_g1790.tif,0.23642784,T
Model_16_G,chip_g1790.tif,0.23507465,F
Model_16_G,chip_g1790.tif,0.2349253,T
Model_16_G,chip_g1790.tif,0.23460928,F
Model_16_G,chip_g1790.tif,0.2341428,T
Model_16_G,chip_g1790.tif,0.2340495,F
Model_16_G,chip_g1790.tif,0.23371185,F
Model_16_G,chip_g1790.tif,0.2327347,F
Model_16_G,chip_g1790.tif,0.232577,F
Model_16_G,chip_g1790.tif,0.23233019,F
Model_16_G,chip_g1790.tif,0.23229212,F
Model_16_G,chip_g1790.tif,0.23205209,F
Model_16_G,chip_g1790.tif,0.23204334,F
Model_16_G,chip_g1790.tif,0.23192784,F
Model_16_G,chip_g1790.tif,0.23182401,F
Model_16_G,chip_g1790.tif,0.23178454,F
Model_16_G,chip_g1790.tif,0.23113495,F
Model_16_G,chip_g1790.tif,0.23104626,F
Model_16_G,chip_g1790.tif,0.23041275,F
Model_16_G,chip_g1790.tif,0.23007503,F
Model_16_G,chip_g1790.tif,0.22974785,F
Model_16_G,chip_g1790.tif,0.229626,F
Model_16_G,chip_g1790.tif,0.22915715,F
Model_16_G,chip_g1790.tif,0.22878453,F
Model_16_G,chip_g1790.tif,0.2287533,F
Model_16_G,chip_g1790.tif,0.22873867,F
Model_16_G,chip_g1790.tif,0.2281121,F
Model_16_G,chip_g1790.tif,0.22769004,F
Model_16_G,chip_g1790.tif,0.22692262,F
Model_16_G,chip_g1790.tif,0.22652206,F
Model_16_G,chip_g1790.tif,0.2263097,F
Model_16_G,chip_g1790.tif,0.2258523,F
Model_16_G,chip_g1790.tif,0.22528401,F
Model_16_G,chip_g1790.tif,0.22490421,F
Model_16_G,chip_g1790.tif,0.22465327,F
Model_16_G,chip_g1790.tif,0.22449659,F
Model_16_G,chip_g1790.tif,0.22359194,F
Model_16_G,chip_g1790.tif,0.2233981,F
Model_16_G,chip_g1790.tif,0.22339322,F
Model_16_G,chip_g1790.tif,0.22324422,F
Model_16_G,chip_g1790.tif,0.22304013,F
Model_16_G,chip_g1790.tif,0.22277367,F
Model_16_G,chip_g1790.tif,0.2225416,F
Model_16_G,chip_g1790.tif,0.22197859,F
Model_16_G,chip_g1790.tif,0.22047243,F
Model_16_G,chip_g1790.tif,0.22028075,F
Model_16_G,chip_g1790.tif,0.21986511,F
Model_16_G,chip_g1790.tif,0.2195405,F
Model_16_G,chip_g1790.tif,0.21851696,F
Model_16_G,chip_g1790.tif,0.2183954,F
Model_16_G,chip_g1790.tif,0.2183478,F
Model_16_G,chip_g1790.tif,0.21793047,F
Model_16_G,chip_g1790.tif,0.2167652,F
Model_16_G,chip_g1790.tif,0.21621397,F
Model_16_G,chip_g1790.tif,0.21616784,F
Model_16_G,chip_g1790.tif,0.21614437,F
Model_16_G,chip_g1790.tif,0.21564698,F
Model_16_G,chip_g1790.tif,0.21549562,F
Model_16_G,chip_g1790.tif,0.21538503,F
Model_16_G,chip_g1790.tif,0.2153146,F
Model_16_G,chip_g1790.tif,0.21518862,F
Model_16_G,chip_g1790.tif,0.21513197,F
Model_16_G,chip_g1790.tif,0.21507275,F
Model_16_G,chip_g1790.tif,0.21501113,F
Model_16_G,chip_g1790.tif,0.21495053,F
Model_16_G,chip_g1790.tif,0.21488294,F
Model_16_G,chip_g1790.tif,0.21475638,T
Model_16_G,chip_g1790.tif,0.2141563,F
Model_16_G,chip_g1790.tif,0.21405236,F
Model_16_G,chip_g1790.tif,0.2139482,F
Model_16_G,chip_g1790.tif,0.2138202,F
Model_16_G,chip_g1790.tif,0.2137042,F
Model_16_G,chip_g1790.tif,0.21283726,F
Model_16_G,chip_g1790.tif,0.21250081,F
Model_16_G,chip_g1790.tif,0.21031502,F
Model_16_G,chip_g1790.tif,0.21009322,F
Model_16_G,chip_g1790.tif,0.21007527,T
Model_16_G,chip_g1790.tif,0.20948297,F
Model_16_G,chip_g1790.tif,0.20937178,F
Model_16_G,chip_g1790.tif,0.20936671,F
Model_16_G,chip_g1790.tif,0.20855707,F
Model_16_G,chip_g1790.tif,0.20846292,F
Model_16_G,chip_g1790.tif,0.20835446,F
Model_16_G,chip_g1790.tif,0.2083506,F
Model_16_G,chip_g1790.tif,0.20828529,F
Model_16_G,chip_g1790.tif,0.20671758,F
Model_16_G,chip_g1790.tif,0.20671281,F
Model_16_G,chip_g1790.tif,0.20668532,F
Model_16_G,chip_g1790.tif,0.20589603,F
Model_16_G,chip_g1790.tif,0.20580143,F
Model_16_G,chip_g1790.tif,0.20560418,F
Model_16_G,chip_g1790.tif,0.20516662,F
Model_16_G,chip_g1790.tif,0.20494251,F
Model_16_G,chip_g1790.tif,0.20455624,F
Model_16_G,chip_g1790.tif,0.204531,F
Model_16_G,chip_g1790.tif,0.20446762,F
Model_16_G,chip_g1790.tif,0.20319504,F
Model_16_G,chip_g1790.tif,0.20273599,F
Model_16_G,chip_g1790.tif,0.20256281,F
Model_16_G,chip_g1790.tif,0.2018059,F
Model_16_G,chip_g1790.tif,0.20153032,F
Model_16_G,chip_g1790.tif,0.20107996,F
Model_16_G,chip_g1790.tif,0.2008981,F
Model_16_G,chip_g1790.tif,0.2007963,F
Model_16_G,chip_g1790.tif,0.20070958,F
Model_16_G,chip_g1790.tif,0.20066458,F
Model_16_G,chip_g1790.tif,0.20051652,F
Model_16_G,chip_g1791.tif,0.27607426,T
Model_16_G,chip_g1791.tif,0.2504908,T
Model_16_G,chip_g1791.tif,0.24366653,F
Model_16_G,chip_g1791.tif,0.24293469,F
Model_16_G,chip_g1791.tif,0.23879185,F
Model_16_G,chip_g1791.tif,0.23854737,F
Model_16_G,chip_g1791.tif,0.23683693,F
Model_16_G,chip_g1791.tif,0.23599748,T
Model_16_G,chip_g1791.tif,0.23586616,F
Model_16_G,chip_g1791.tif,0.23424035,F
Model_16_G,chip_g1791.tif,0.23381753,F
Model_16_G,chip_g1791.tif,0.23380642,T
Model_16_G,chip_g1791.tif,0.23286653,T
Model_16_G,chip_g1791.tif,0.23266262,F
Model_16_G,chip_g1791.tif,0.23178121,F
Model_16_G,chip_g1791.tif,0.2315,F
Model_16_G,chip_g1791.tif,0.23018226,T
Model_16_G,chip_g1791.tif,0.23001075,F
Model_16_G,chip_g1791.tif,0.22961202,F
Model_16_G,chip_g1791.tif,0.22906946,F
Model_16_G,chip_g1791.tif,0.22826298,F
Model_16_G,chip_g1791.tif,0.22805978,F
Model_16_G,chip_g1791.tif,0.22701153,F
Model_16_G,chip_g1791.tif,0.22635995,F
Model_16_G,chip_g1791.tif,0.22565424,F
Model_16_G,chip_g1791.tif,0.22524884,F
Model_16_G,chip_g1791.tif,0.22497338,F
Model_16_G,chip_g1791.tif,0.22483483,F
Model_16_G,chip_g1791.tif,0.22463585,F
Model_16_G,chip_g1791.tif,0.22359262,F
Model_16_G,chip_g1791.tif,0.22356763,F
Model_16_G,chip_g1791.tif,0.22356066,T
Model_16_G,chip_g1791.tif,0.2214894,F
Model_16_G,chip_g1791.tif,0.22127303,F
Model_16_G,chip_g1791.tif,0.2203512,F
Model_16_G,chip_g1791.tif,0.21991886,F
Model_16_G,chip_g1791.tif,0.21577404,F
Model_16_G,chip_g1791.tif,0.21369737,F
Model_16_G,chip_g1791.tif,0.21235682,F
Model_16_G,chip_g1791.tif,0.21220496,F
Model_16_G,chip_g1791.tif,0.21132019,F
Model_16_G,chip_g1791.tif,0.21090083,F
Model_16_G,chip_g1791.tif,0.21080306,F
Model_16_G,chip_g1791.tif,0.21076523,F
Model_16_G,chip_g1791.tif,0.20978919,F
Model_16_G,chip_g1791.tif,0.20847523,F
Model_16_G,chip_g1791.tif,0.2068336,F
Model_16_G,chip_g1791.tif,0.20615831,F
Model_16_G,chip_g1791.tif,0.20350575,F
Model_16_G,chip_g1791.tif,0.20263179,F
Model_16_G,chip_g1791.tif,0.20183362,F
Model_16_G,chip_g1791.tif,0.20147148,F
Model_16_G,chip_g1791.tif,0.20062083,F
Model_16_G,chip_g1830.tif,0.25010148,F
Model_16_G,chip_g1830.tif,0.23960084,F
Model_16_G,chip_g1830.tif,0.23764783,F
Model_16_G,chip_g1830.tif,0.22700113,F
Model_16_G,chip_g1830.tif,0.22696413,F
Model_16_G,chip_g1830.tif,0.22539261,F
Model_16_G,chip_g1830.tif,0.22537407,F
Model_16_G,chip_g1830.tif,0.22377302,F
Model_16_G,chip_g1830.tif,0.2236801,F
Model_16_G,chip_g1830.tif,0.22233173,F
Model_16_G,chip_g1830.tif,0.22197315,F
Model_16_G,chip_g1830.tif,0.22144377,F
Model_16_G,chip_g1830.tif,0.21749778,F
Model_16_G,chip_g1830.tif,0.2164885,F
Model_16_G,chip_g1830.tif,0.21638346,F
Model_16_G,chip_g1830.tif,0.21589534,T
Model_16_G,chip_g1830.tif,0.21534623,T
Model_16_G,chip_g1830.tif,0.21532127,F
Model_16_G,chip_g1830.tif,0.21522424,F
Model_16_G,chip_g1830.tif,0.21504821,T
Model_16_G,chip_g1830.tif,0.2144832,F
Model_16_G,chip_g1830.tif,0.21341798,F
Model_16_G,chip_g1830.tif,0.21311906,F
Model_16_G,chip_g1830.tif,0.21258916,F
Model_16_G,chip_g1830.tif,0.21251133,F
Model_16_G,chip_g1830.tif,0.21200441,F
Model_16_G,chip_g1830.tif,0.21139187,F
Model_16_G,chip_g1830.tif,0.21130997,F
Model_16_G,chip_g1830.tif,0.21062678,F
Model_16_G,chip_g1830.tif,0.2084985,F
Model_16_G,chip_g1830.tif,0.20813924,F
Model_16_G,chip_g1830.tif,0.20774032,F
Model_16_G,chip_g1830.tif,0.2069596,F
Model_16_G,chip_g1830.tif,0.20664953,F
Model_16_G,chip_g1830.tif,0.20601231,F
Model_16_G,chip_g1830.tif,0.20590363,F
Model_16_G,chip_g1830.tif,0.20552868,F
Model_16_G,chip_g1830.tif,0.20530027,F
Model_16_G,chip_g1830.tif,0.20469163,F
Model_16_G,chip_g1830.tif,0.20339231,F
Model_16_G,chip_g1830.tif,0.20242253,F
Model_16_G,chip_g1830.tif,0.20215294,F
Model_16_G,chip_g1830.tif,0.2019129,F
Model_16_G,chip_g1830.tif,0.20138516,F
Model_16_G,chip_g1830.tif,0.2007939,F
Model_16_G,chip_g1830.tif,0.20027956,F
Model_16_G,chip_g1831.tif,0.26433507,F
Model_16_G,chip_g1831.tif,0.22851756,F
Model_16_G,chip_g1831.tif,0.22319487,T
Model_16_G,chip_g1831.tif,0.22276077,F
Model_16_G,chip_g1831.tif,0.22197643,F
Model_16_G,chip_g1831.tif,0.21559982,F
Model_16_G,chip_g1831.tif,0.21312644,F
Model_16_G,chip_g1831.tif,0.2062558,F
Model_16_G,chip_g1831.tif,0.20551436,F
Model_16_G,chip_g1831.tif,0.20169917,F
Model_16_G,chip_g1831.tif,0.20034812,F
Model_16_G,chip_g1851.tif,0.24034868,F
Model_16_G,chip_g1851.tif,0.22322848,F
Model_16_G,chip_g1851.tif,0.22129299,F
Model_16_G,chip_g1851.tif,0.22023988,F
Model_16_G,chip_g1851.tif,0.21538891,F
Model_16_G,chip_g1851.tif,0.21482764,F
Model_16_G,chip_g1851.tif,0.2129284,F
Model_16_G,chip_g1851.tif,0.21190414,F
Model_16_G,chip_g1851.tif,0.20826736,F
Model_16_G,chip_g1851.tif,0.20547073,T
Model_16_G,chip_g1851.tif,0.20394999,T
Model_16_G,chip_g1851.tif,0.2035286,F
Model_16_G,chip_g1851.tif,0.20324999,F
Model_16_G,chip_g1851.tif,0.20309815,F
Model_16_G,chip_g1851.tif,0.20145398,F
Model_16_G,chip_g1851.tif,0.2006292,F
Model_16_G,chip_g1869.tif,0.2478197,T
Model_16_G,chip_g1869.tif,0.23993817,F
Model_16_G,chip_g1869.tif,0.23846029,F
Model_16_G,chip_g1869.tif,0.23634794,F
Model_16_G,chip_g1869.tif,0.23632218,F
Model_16_G,chip_g1869.tif,0.23577704,F
Model_16_G,chip_g1869.tif,0.23351057,F
Model_16_G,chip_g1869.tif,0.23188087,F
Model_16_G,chip_g1869.tif,0.23186095,T
Model_16_G,chip_g1869.tif,0.23126191,F
Model_16_G,chip_g1869.tif,0.23037529,F
Model_16_G,chip_g1869.tif,0.23014721,F
Model_16_G,chip_g1869.tif,0.22955146,F
Model_16_G,chip_g1869.tif,0.22804713,F
Model_16_G,chip_g1869.tif,0.22790323,F
Model_16_G,chip_g1869.tif,0.2276995,F
Model_16_G,chip_g1869.tif,0.22703081,F
Model_16_G,chip_g1869.tif,0.22663864,F
Model_16_G,chip_g1869.tif,0.22590406,F
Model_16_G,chip_g1869.tif,0.22562575,F
Model_16_G,chip_g1869.tif,0.2254326,F
Model_16_G,chip_g1869.tif,0.22537461,F
Model_16_G,chip_g1869.tif,0.22495002,F
Model_16_G,chip_g1869.tif,0.22489291,F
Model_16_G,chip_g1869.tif,0.22418492,F
Model_16_G,chip_g1869.tif,0.22409913,F
Model_16_G,chip_g1869.tif,0.22388706,F
Model_16_G,chip_g1869.tif,0.22345941,F
Model_16_G,chip_g1869.tif,0.22329064,F
Model_16_G,chip_g1869.tif,0.22267526,F
Model_16_G,chip_g1869.tif,0.22264014,F
Model_16_G,chip_g1869.tif,0.22243632,F
Model_16_G,chip_g1869.tif,0.22211792,F
Model_16_G,chip_g1869.tif,0.22192225,F
Model_16_G,chip_g1869.tif,0.22167936,F
Model_16_G,chip_g1869.tif,0.22151609,F
Model_16_G,chip_g1869.tif,0.22150476,F
Model_16_G,chip_g1869.tif,0.22136517,F
Model_16_G,chip_g1869.tif,0.22086486,F
Model_16_G,chip_g1869.tif,0.22052065,F
Model_16_G,chip_g1869.tif,0.22009046,F
Model_16_G,chip_g1869.tif,0.21979736,T
Model_16_G,chip_g1869.tif,0.21979104,F
Model_16_G,chip_g1869.tif,0.21934631,F
Model_16_G,chip_g1869.tif,0.21889706,F
Model_16_G,chip_g1869.tif,0.21795692,F
Model_16_G,chip_g1869.tif,0.21766816,F
Model_16_G,chip_g1869.tif,0.2173922,F
Model_16_G,chip_g1869.tif,0.21605194,F
Model_16_G,chip_g1869.tif,0.21589763,F
Model_16_G,chip_g1869.tif,0.21583535,F
Model_16_G,chip_g1869.tif,0.21581596,F
Model_16_G,chip_g1869.tif,0.2156218,F
Model_16_G,chip_g1869.tif,0.21494724,F
Model_16_G,chip_g1869.tif,0.21492778,F
Model_16_G,chip_g1869.tif,0.21490684,F
Model_16_G,chip_g1869.tif,0.21477069,F
Model_16_G,chip_g1869.tif,0.21469845,F
Model_16_G,chip_g1869.tif,0.21455398,F
Model_16_G,chip_g1869.tif,0.21434641,F
Model_16_G,chip_g1869.tif,0.21423504,F
Model_16_G,chip_g1869.tif,0.21412712,F
Model_16_G,chip_g1869.tif,0.21410747,F
Model_16_G,chip_g1869.tif,0.21396391,F
Model_16_G,chip_g1869.tif,0.21386431,F
Model_16_G,chip_g1869.tif,0.21378879,F
Model_16_G,chip_g1869.tif,0.21316189,T
Model_16_G,chip_g1869.tif,0.21302931,F
Model_16_G,chip_g1869.tif,0.21298917,F
Model_16_G,chip_g1869.tif,0.21238522,F
Model_16_G,chip_g1869.tif,0.21232279,F
Model_16_G,chip_g1869.tif,0.21228442,T
Model_16_G,chip_g1869.tif,0.21213543,F
Model_16_G,chip_g1869.tif,0.21180297,F
Model_16_G,chip_g1869.tif,0.21143334,F
Model_16_G,chip_g1869.tif,0.21142408,F
Model_16_G,chip_g1869.tif,0.21141045,F
Model_16_G,chip_g1869.tif,0.2113117,F
Model_16_G,chip_g1869.tif,0.21130681,F
Model_16_G,chip_g1869.tif,0.21115996,F
Model_16_G,chip_g1869.tif,0.21090852,F
Model_16_G,chip_g1869.tif,0.210824,T
Model_16_G,chip_g1869.tif,0.21079868,F
Model_16_G,chip_g1869.tif,0.2105563,F
Model_16_G,chip_g1869.tif,0.21054979,F
Model_16_G,chip_g1869.tif,0.20970416,F
Model_16_G,chip_g1869.tif,0.20885415,F
Model_16_G,chip_g1869.tif,0.20872143,F
Model_16_G,chip_g1869.tif,0.20865087,F
Model_16_G,chip_g1869.tif,0.20862511,F
Model_16_G,chip_g1869.tif,0.20810717,F
Model_16_G,chip_g1869.tif,0.2080457,F
Model_16_G,chip_g1869.tif,0.20803043,F
Model_16_G,chip_g1869.tif,0.20764747,F
Model_16_G,chip_g1869.tif,0.20698911,F
Model_16_G,chip_g1869.tif,0.20693797,F
Model_16_G,chip_g1869.tif,0.2067896,F
Model_16_G,chip_g1869.tif,0.206767,F
Model_16_G,chip_g1869.tif,0.2066374,F
Model_16_G,chip_g1869.tif,0.2066292,F
Model_16_G,chip_g1869.tif,0.20659488,F
Model_16_G,chip_g1869.tif,0.20629574,T
Model_16_G,chip_g1869.tif,0.2061368,F
Model_16_G,chip_g1869.tif,0.20582458,F
Model_16_G,chip_g1869.tif,0.20565207,F
Model_16_G,chip_g1869.tif,0.2054984,F
Model_16_G,chip_g1869.tif,0.20549017,F
Model_16_G,chip_g1869.tif,0.20523506,F
Model_16_G,chip_g1869.tif,0.2050736,F
Model_16_G,chip_g1869.tif,0.20501679,T
Model_16_G,chip_g1869.tif,0.2049293,F
Model_16_G,chip_g1869.tif,0.20441645,F
Model_16_G,chip_g1869.tif,0.20407468,F
Model_16_G,chip_g1869.tif,0.20402639,F
Model_16_G,chip_g1869.tif,0.20398541,F
Model_16_G,chip_g1869.tif,0.20377618,F
Model_16_G,chip_g1869.tif,0.20359382,F
Model_16_G,chip_g1869.tif,0.20343848,F
Model_16_G,chip_g1869.tif,0.203096,F
Model_16_G,chip_g1869.tif,0.20294832,F
Model_16_G,chip_g1869.tif,0.20251796,F
Model_16_G,chip_g1869.tif,0.20251647,F
Model_16_G,chip_g1869.tif,0.202454,F
Model_16_G,chip_g1869.tif,0.20237428,F
Model_16_G,chip_g1869.tif,0.20177026,F
Model_16_G,chip_g1869.tif,0.20140903,F
Model_16_G,chip_g1869.tif,0.2013427,F
Model_16_G,chip_g1869.tif,0.20120493,T
Model_16_G,chip_g1869.tif,0.20120433,F
Model_16_G,chip_g1869.tif,0.20118548,F
Model_16_G,chip_g1869.tif,0.20106933,F
Model_16_G,chip_g1869.tif,0.20076005,F
Model_16_G,chip_g1869.tif,0.20071281,F
Model_16_G,chip_g1869.tif,0.2007101,F
Model_16_G,chip_g1869.tif,0.20030116,F
Model_16_G,chip_g1869.tif,0.20019776,F
Model_16_G,chip_g1925.tif,0.23154876,F
Model_16_G,chip_g1925.tif,0.21770945,F
Model_16_G,chip_g1925.tif,0.21219827,F
Model_16_G,chip_g1925.tif,0.21049437,F
Model_16_G,chip_g1925.tif,0.20782027,F
Model_16_G,chip_g1925.tif,0.20745827,F
Model_16_G,chip_g1925.tif,0.20512806,F
Model_16_G,chip_g1925.tif,0.20461985,F
Model_16_G,chip_g1925.tif,0.20366299,T
Model_16_G,chip_g1925.tif,0.20291282,F
Model_16_G,chip_g1925.tif,0.20232478,F
Model_16_G,chip_g1925.tif,0.2019207,F
Model_16_G,chip_g1925.tif,0.20036507,F
Model_16_G,chip_g2020.tif,0.2306972,T
Model_16_G,chip_g2022.tif,0.51650405,T
Model_16_G,chip_g2026.tif,0.92217255,T
Model_16_G,chip_g2026.tif,0.32151932,T
Model_16_G,chip_g2030.tif,0.6331435,T
Model_16_G,chip_g2030.tif,0.48309076,T
Model_16_G,chip_g2030.tif,0.4809342,T
Model_16_G,chip_g2031.tif,0.3370059,T
Model_16_G,chip_g2031.tif,0.3202326,T
Model_16_G,chip_g2031.tif,0.31575075,T
Model_16_G,chip_g207.tif,0.9948192,T
Model_16_G,chip_g2145.tif,0.25661668,F
Model_16_G,chip_g2145.tif,0.24696882,F
Model_16_G,chip_g2145.tif,0.24570905,T
Model_16_G,chip_g2145.tif,0.24557413,F
Model_16_G,chip_g2145.tif,0.24432594,T
Model_16_G,chip_g2145.tif,0.239476,F
Model_16_G,chip_g2145.tif,0.23869656,F
Model_16_G,chip_g2145.tif,0.23806079,F
Model_16_G,chip_g2145.tif,0.23604327,T
Model_16_G,chip_g2145.tif,0.23510899,F
Model_16_G,chip_g2145.tif,0.23490417,F
Model_16_G,chip_g2145.tif,0.23478709,F
Model_16_G,chip_g2145.tif,0.23469792,T
Model_16_G,chip_g2145.tif,0.23346,F
Model_16_G,chip_g2145.tif,0.23312247,F
Model_16_G,chip_g2145.tif,0.23263806,F
Model_16_G,chip_g2145.tif,0.23138946,F
Model_16_G,chip_g2145.tif,0.23075615,T
Model_16_G,chip_g2145.tif,0.22889863,F
Model_16_G,chip_g2145.tif,0.2287502,F
Model_16_G,chip_g2145.tif,0.22837897,F
Model_16_G,chip_g2145.tif,0.22696643,F
Model_16_G,chip_g2145.tif,0.22677928,T
Model_16_G,chip_g2145.tif,0.22601762,F
Model_16_G,chip_g2145.tif,0.22601058,F
Model_16_G,chip_g2145.tif,0.22597468,F
Model_16_G,chip_g2145.tif,0.22474393,F
Model_16_G,chip_g2145.tif,0.22451487,F
Model_16_G,chip_g2145.tif,0.22402966,F
Model_16_G,chip_g2145.tif,0.22391574,F
Model_16_G,chip_g2145.tif,0.2228041,F
Model_16_G,chip_g2145.tif,0.22240038,F
Model_16_G,chip_g2145.tif,0.22200292,F
Model_16_G,chip_g2145.tif,0.22178848,F
Model_16_G,chip_g2145.tif,0.2217266,F
Model_16_G,chip_g2145.tif,0.22169797,F
Model_16_G,chip_g2145.tif,0.22065385,F
Model_16_G,chip_g2145.tif,0.22019073,F
Model_16_G,chip_g2145.tif,0.21929,F
Model_16_G,chip_g2145.tif,0.21926565,T
Model_16_G,chip_g2145.tif,0.21918197,F
Model_16_G,chip_g2145.tif,0.21910258,F
Model_16_G,chip_g2145.tif,0.21904196,T
Model_16_G,chip_g2145.tif,0.21896274,F
Model_16_G,chip_g2145.tif,0.2184625,F
Model_16_G,chip_g2145.tif,0.21825433,F
Model_16_G,chip_g2145.tif,0.21817839,F
Model_16_G,chip_g2145.tif,0.21798448,F
Model_16_G,chip_g2145.tif,0.21797736,F
Model_16_G,chip_g2145.tif,0.21792373,F
Model_16_G,chip_g2145.tif,0.21729848,F
Model_16_G,chip_g2145.tif,0.21676655,F
Model_16_G,chip_g2145.tif,0.21661058,F
Model_16_G,chip_g2145.tif,0.21588846,F
Model_16_G,chip_g2145.tif,0.21498287,F
Model_16_G,chip_g2145.tif,0.21478428,F
Model_16_G,chip_g2145.tif,0.21439615,F
Model_16_G,chip_g2145.tif,0.21435389,F
Model_16_G,chip_g2145.tif,0.21367498,F
Model_16_G,chip_g2145.tif,0.21335553,F
Model_16_G,chip_g2145.tif,0.21274565,T
Model_16_G,chip_g2145.tif,0.21253483,F
Model_16_G,chip_g2145.tif,0.21246834,F
Model_16_G,chip_g2145.tif,0.21202062,F
Model_16_G,chip_g2145.tif,0.21160048,F
Model_16_G,chip_g2145.tif,0.21145716,T
Model_16_G,chip_g2145.tif,0.21069388,F
Model_16_G,chip_g2145.tif,0.21006912,F
Model_16_G,chip_g2145.tif,0.20992668,F
Model_16_G,chip_g2145.tif,0.2099073,F
Model_16_G,chip_g2145.tif,0.20985337,F
Model_16_G,chip_g2145.tif,0.2098218,F
Model_16_G,chip_g2145.tif,0.20967495,F
Model_16_G,chip_g2145.tif,0.20952278,F
Model_16_G,chip_g2145.tif,0.20949636,T
Model_16_G,chip_g2145.tif,0.2091051,T
Model_16_G,chip_g2145.tif,0.20881443,F
Model_16_G,chip_g2145.tif,0.20816754,F
Model_16_G,chip_g2145.tif,0.20795374,F
Model_16_G,chip_g2145.tif,0.20734149,F
Model_16_G,chip_g2145.tif,0.20731924,F
Model_16_G,chip_g2145.tif,0.20701125,F
Model_16_G,chip_g2145.tif,0.20681512,F
Model_16_G,chip_g2145.tif,0.2064379,F
Model_16_G,chip_g2145.tif,0.2064378,F
Model_16_G,chip_g2145.tif,0.20638096,F
Model_16_G,chip_g2145.tif,0.2060243,F
Model_16_G,chip_g2145.tif,0.20587152,F
Model_16_G,chip_g2145.tif,0.20549919,F
Model_16_G,chip_g2145.tif,0.20544897,F
Model_16_G,chip_g2145.tif,0.20543131,F
Model_16_G,chip_g2145.tif,0.2052977,F
Model_16_G,chip_g2145.tif,0.2050069,F
Model_16_G,chip_g2145.tif,0.20484848,F
Model_16_G,chip_g2145.tif,0.20481576,F
Model_16_G,chip_g2145.tif,0.20458277,F
Model_16_G,chip_g2145.tif,0.20457861,F
Model_16_G,chip_g2145.tif,0.20417964,F
Model_16_G,chip_g2145.tif,0.2035565,F
Model_16_G,chip_g2145.tif,0.20349824,T
Model_16_G,chip_g2145.tif,0.20342922,F
Model_16_G,chip_g2145.tif,0.20314927,F
Model_16_G,chip_g2145.tif,0.20300332,F
Model_16_G,chip_g2145.tif,0.20293161,F
Model_16_G,chip_g2145.tif,0.20255528,F
Model_16_G,chip_g2145.tif,0.20241673,F
Model_16_G,chip_g2145.tif,0.20192382,F
Model_16_G,chip_g2145.tif,0.20185506,F
Model_16_G,chip_g2145.tif,0.20136082,F
Model_16_G,chip_g2145.tif,0.20111284,T
Model_16_G,chip_g2145.tif,0.20099585,F
Model_16_G,chip_g2145.tif,0.20071918,F
Model_16_G,chip_g2145.tif,0.20060411,F
Model_16_G,chip_g2145.tif,0.20050515,F
Model_16_G,chip_g2145.tif,0.20044655,F
Model_16_G,chip_g2145.tif,0.20025416,F
Model_16_G,chip_g2145.tif,0.20022313,F
Model_16_G,chip_g2145.tif,0.2001637,F
Model_16_G,chip_g2145.tif,0.20008874,F
Model_16_G,chip_g2181.tif,0.23771384,F
Model_16_G,chip_g2181.tif,0.23652576,T
Model_16_G,chip_g2181.tif,0.23472132,F
Model_16_G,chip_g2181.tif,0.2340022,F
Model_16_G,chip_g2181.tif,0.23161937,F
Model_16_G,chip_g2181.tif,0.23020747,F
Model_16_G,chip_g2181.tif,0.22971876,T
Model_16_G,chip_g2181.tif,0.22927576,T
Model_16_G,chip_g2181.tif,0.22890377,F
Model_16_G,chip_g2181.tif,0.22863346,F
Model_16_G,chip_g2181.tif,0.22791202,F
Model_16_G,chip_g2181.tif,0.22720385,F
Model_16_G,chip_g2181.tif,0.22637434,F
Model_16_G,chip_g2181.tif,0.22567655,F
Model_16_G,chip_g2181.tif,0.22292455,F
Model_16_G,chip_g2181.tif,0.22247158,F
Model_16_G,chip_g2181.tif,0.22238326,F
Model_16_G,chip_g2181.tif,0.22225833,T
Model_16_G,chip_g2181.tif,0.22208051,T
Model_16_G,chip_g2181.tif,0.22152916,T
Model_16_G,chip_g2181.tif,0.22113748,F
Model_16_G,chip_g2181.tif,0.22032459,F
Model_16_G,chip_g2181.tif,0.22017853,F
Model_16_G,chip_g2181.tif,0.22013323,F
Model_16_G,chip_g2181.tif,0.21965702,F
Model_16_G,chip_g2181.tif,0.2194468,T
Model_16_G,chip_g2181.tif,0.21884163,T
Model_16_G,chip_g2181.tif,0.21797724,F
Model_16_G,chip_g2181.tif,0.2156712,F
Model_16_G,chip_g2181.tif,0.21564066,F
Model_16_G,chip_g2181.tif,0.21506219,F
Model_16_G,chip_g2181.tif,0.21464765,F
Model_16_G,chip_g2181.tif,0.21423471,F
Model_16_G,chip_g2181.tif,0.21403609,F
Model_16_G,chip_g2181.tif,0.21374664,F
Model_16_G,chip_g2181.tif,0.21340808,T
Model_16_G,chip_g2181.tif,0.2128886,F
Model_16_G,chip_g2181.tif,0.2125037,F
Model_16_G,chip_g2181.tif,0.21223862,F
Model_16_G,chip_g2181.tif,0.21221541,F
Model_16_G,chip_g2181.tif,0.21167591,T
Model_16_G,chip_g2181.tif,0.21163017,F
Model_16_G,chip_g2181.tif,0.21042146,F
Model_16_G,chip_g2181.tif,0.21038413,F
Model_16_G,chip_g2181.tif,0.21013643,F
Model_16_G,chip_g2181.tif,0.20991997,F
Model_16_G,chip_g2181.tif,0.20877972,F
Model_16_G,chip_g2181.tif,0.20877114,F
Model_16_G,chip_g2181.tif,0.20844698,F
Model_16_G,chip_g2181.tif,0.20821756,F
Model_16_G,chip_g2181.tif,0.20784922,T
Model_16_G,chip_g2181.tif,0.20708978,F
Model_16_G,chip_g2181.tif,0.20671773,F
Model_16_G,chip_g2181.tif,0.20648754,F
Model_16_G,chip_g2181.tif,0.20620243,F
Model_16_G,chip_g2181.tif,0.2056722,F
Model_16_G,chip_g2181.tif,0.20547067,F
Model_16_G,chip_g2181.tif,0.20431596,F
Model_16_G,chip_g2181.tif,0.2037576,F
Model_16_G,chip_g2181.tif,0.20361726,F
Model_16_G,chip_g2181.tif,0.20288444,F
Model_16_G,chip_g2181.tif,0.20285141,F
Model_16_G,chip_g2181.tif,0.20197034,F
Model_16_G,chip_g2181.tif,0.20134644,F
Model_16_G,chip_g2181.tif,0.20112137,F
Model_16_G,chip_g2181.tif,0.20102568,F
Model_16_G,chip_g2181.tif,0.20085916,F
Model_16_G,chip_g2181.tif,0.20068873,F
Model_16_G,chip_g2181.tif,0.20008175,F
Model_16_G,chip_g2181.tif,0.20003903,F
Model_16_G,chip_g2185.tif,0.25758594,T
Model_16_G,chip_g2185.tif,0.25389048,T
Model_16_G,chip_g2185.tif,0.25229925,T
Model_16_G,chip_g2185.tif,0.25110328,F
Model_16_G,chip_g2185.tif,0.25006762,F
Model_16_G,chip_g2185.tif,0.24920262,T
Model_16_G,chip_g2185.tif,0.24849615,F
Model_16_G,chip_g2185.tif,0.24819422,T
Model_16_G,chip_g2185.tif,0.24718384,T
Model_16_G,chip_g2185.tif,0.24677823,F
Model_16_G,chip_g2185.tif,0.24647954,T
Model_16_G,chip_g2185.tif,0.24593283,F
Model_16_G,chip_g2185.tif,0.24589452,F
Model_16_G,chip_g2185.tif,0.24513072,T
Model_16_G,chip_g2185.tif,0.24496032,T
Model_16_G,chip_g2185.tif,0.24462482,F
Model_16_G,chip_g2185.tif,0.24447227,T
Model_16_G,chip_g2185.tif,0.24373668,F
Model_16_G,chip_g2185.tif,0.24361482,F
Model_16_G,chip_g2185.tif,0.24296135,F
Model_16_G,chip_g2185.tif,0.24275593,F
Model_16_G,chip_g2185.tif,0.24089096,F
Model_16_G,chip_g2185.tif,0.2406781,T
Model_16_G,chip_g2185.tif,0.24060148,T
Model_16_G,chip_g2185.tif,0.24022207,F
Model_16_G,chip_g2185.tif,0.240102,F
Model_16_G,chip_g2185.tif,0.23991251,F
Model_16_G,chip_g2185.tif,0.23983946,F
Model_16_G,chip_g2185.tif,0.23975961,F
Model_16_G,chip_g2185.tif,0.23964858,T
Model_16_G,chip_g2185.tif,0.23960856,F
Model_16_G,chip_g2185.tif,0.23927462,T
Model_16_G,chip_g2185.tif,0.23871641,F
Model_16_G,chip_g2185.tif,0.23860537,F
Model_16_G,chip_g2185.tif,0.23854868,F
Model_16_G,chip_g2185.tif,0.23832044,F
Model_16_G,chip_g2185.tif,0.23827778,F
Model_16_G,chip_g2185.tif,0.23780124,F
Model_16_G,chip_g2185.tif,0.23759684,T
Model_16_G,chip_g2185.tif,0.23686746,F
Model_16_G,chip_g2185.tif,0.23683305,F
Model_16_G,chip_g2185.tif,0.236177,F
Model_16_G,chip_g2185.tif,0.23598446,F
Model_16_G,chip_g2185.tif,0.23568249,F
Model_16_G,chip_g2185.tif,0.2356391,F
Model_16_G,chip_g2185.tif,0.23563837,F
Model_16_G,chip_g2185.tif,0.23514177,F
Model_16_G,chip_g2185.tif,0.2348577,F
Model_16_G,chip_g2185.tif,0.23462698,F
Model_16_G,chip_g2185.tif,0.23457392,F
Model_16_G,chip_g2185.tif,0.23456246,F
Model_16_G,chip_g2185.tif,0.23452817,F
Model_16_G,chip_g2185.tif,0.23440371,F
Model_16_G,chip_g2185.tif,0.23408668,F
Model_16_G,chip_g2185.tif,0.23375118,F
Model_16_G,chip_g2185.tif,0.23362221,F
Model_16_G,chip_g2185.tif,0.23361674,F
Model_16_G,chip_g2185.tif,0.23329815,T
Model_16_G,chip_g2185.tif,0.23329446,T
Model_16_G,chip_g2185.tif,0.23284131,F
Model_16_G,chip_g2185.tif,0.23211284,F
Model_16_G,chip_g2185.tif,0.23177412,F
Model_16_G,chip_g2185.tif,0.23177311,F
Model_16_G,chip_g2185.tif,0.23154469,F
Model_16_G,chip_g2185.tif,0.23152693,F
Model_16_G,chip_g2185.tif,0.23134984,F
Model_16_G,chip_g2185.tif,0.23131968,F
Model_16_G,chip_g2185.tif,0.23128496,F
Model_16_G,chip_g2185.tif,0.23080175,F
Model_16_G,chip_g2185.tif,0.23069459,F
Model_16_G,chip_g2185.tif,0.230434,T
Model_16_G,chip_g2185.tif,0.23041514,F
Model_16_G,chip_g2185.tif,0.2303653,F
Model_16_G,chip_g2185.tif,0.23028411,F
Model_16_G,chip_g2185.tif,0.23011425,F
Model_16_G,chip_g2185.tif,0.2299959,F
Model_16_G,chip_g2185.tif,0.22997136,F
Model_16_G,chip_g2185.tif,0.22993465,F
Model_16_G,chip_g2185.tif,0.2296725,F
Model_16_G,chip_g2185.tif,0.22947517,F
Model_16_G,chip_g2185.tif,0.22939695,F
Model_16_G,chip_g2185.tif,0.22910497,T
Model_16_G,chip_g2185.tif,0.22885133,F
Model_16_G,chip_g2185.tif,0.22881599,F
Model_16_G,chip_g2185.tif,0.22829705,F
Model_16_G,chip_g2185.tif,0.22823344,F
Model_16_G,chip_g2185.tif,0.22795913,T
Model_16_G,chip_g2185.tif,0.22780491,F
Model_16_G,chip_g2185.tif,0.2275033,F
Model_16_G,chip_g2185.tif,0.22728848,F
Model_16_G,chip_g2185.tif,0.22703561,F
Model_16_G,chip_g2185.tif,0.22680625,F
Model_16_G,chip_g2185.tif,0.22679664,F
Model_16_G,chip_g2185.tif,0.22668564,F
Model_16_G,chip_g2185.tif,0.22629905,F
Model_16_G,chip_g2185.tif,0.22588257,F
Model_16_G,chip_g2185.tif,0.22517256,F
Model_16_G,chip_g2185.tif,0.22478242,T
Model_16_G,chip_g2185.tif,0.22458944,F
Model_16_G,chip_g2185.tif,0.22425525,F
Model_16_G,chip_g2185.tif,0.22418007,F
Model_16_G,chip_g2185.tif,0.22409189,F
Model_16_G,chip_g2185.tif,0.22396457,F
Model_16_G,chip_g2185.tif,0.22395274,F
Model_16_G,chip_g2185.tif,0.22387396,F
Model_16_G,chip_g2185.tif,0.22386163,F
Model_16_G,chip_g2185.tif,0.22382236,F
Model_16_G,chip_g2185.tif,0.22353137,F
Model_16_G,chip_g2185.tif,0.22346155,F
Model_16_G,chip_g2185.tif,0.223332,T
Model_16_G,chip_g2185.tif,0.22302833,F
Model_16_G,chip_g2185.tif,0.22295986,F
Model_16_G,chip_g2185.tif,0.22275504,F
Model_16_G,chip_g2185.tif,0.22199753,T
Model_16_G,chip_g2185.tif,0.221391,T
Model_16_G,chip_g2185.tif,0.2209929,T
Model_16_G,chip_g2185.tif,0.22050019,F
Model_16_G,chip_g2185.tif,0.2203539,F
Model_16_G,chip_g2185.tif,0.21973464,F
Model_16_G,chip_g2185.tif,0.21969199,F
Model_16_G,chip_g2185.tif,0.21965939,F
Model_16_G,chip_g2185.tif,0.21925837,F
Model_16_G,chip_g2185.tif,0.21895169,F
Model_16_G,chip_g2185.tif,0.21860065,F
Model_16_G,chip_g2185.tif,0.21812467,F
Model_16_G,chip_g2185.tif,0.2179935,F
Model_16_G,chip_g2185.tif,0.21765979,F
Model_16_G,chip_g2185.tif,0.21723144,F
Model_16_G,chip_g2185.tif,0.21709289,F
Model_16_G,chip_g2185.tif,0.2164748,F
Model_16_G,chip_g2185.tif,0.21647283,F
Model_16_G,chip_g2185.tif,0.2163836,F
Model_16_G,chip_g2185.tif,0.21623783,F
Model_16_G,chip_g2185.tif,0.21586567,F
Model_16_G,chip_g2185.tif,0.21577908,F
Model_16_G,chip_g2185.tif,0.21575458,F
Model_16_G,chip_g2185.tif,0.21573128,F
Model_16_G,chip_g2185.tif,0.21525277,F
Model_16_G,chip_g2185.tif,0.21522616,F
Model_16_G,chip_g2185.tif,0.21516822,T
Model_16_G,chip_g2185.tif,0.21464612,F
Model_16_G,chip_g2185.tif,0.21452121,F
Model_16_G,chip_g2185.tif,0.21311633,F
Model_16_G,chip_g2185.tif,0.21289903,F
Model_16_G,chip_g2185.tif,0.21289833,F
Model_16_G,chip_g2185.tif,0.21288489,F
Model_16_G,chip_g2185.tif,0.21272148,F
Model_16_G,chip_g2185.tif,0.21264797,F
Model_16_G,chip_g2185.tif,0.21252991,F
Model_16_G,chip_g2185.tif,0.21252969,F
Model_16_G,chip_g2185.tif,0.21087296,F
Model_16_G,chip_g2185.tif,0.21080132,F
Model_16_G,chip_g2185.tif,0.20584203,F
Model_16_G,chip_g2185.tif,0.20249452,F
Model_16_G,chip_g2210.tif,0.2433484,T
Model_16_G,chip_g2210.tif,0.2043424,T
Model_16_G,chip_g2211.tif,0.2212551,T
Model_16_G,chip_g2220.tif,0.26948398,T
Model_16_G,chip_g2220.tif,0.26077855,T
Model_16_G,chip_g2220.tif,0.25488868,T
Model_16_G,chip_g2220.tif,0.25404045,T
Model_16_G,chip_g2220.tif,0.25274616,T
Model_16_G,chip_g2220.tif,0.24609163,T
Model_16_G,chip_g2220.tif,0.24521573,T
Model_16_G,chip_g2220.tif,0.24327798,T
Model_16_G,chip_g2220.tif,0.24168026,T
Model_16_G,chip_g2220.tif,0.24080624,F
Model_16_G,chip_g2220.tif,0.23836257,F
Model_16_G,chip_g2220.tif,0.23678413,F
Model_16_G,chip_g2220.tif,0.2357001,F
Model_16_G,chip_g2220.tif,0.2348339,F
Model_16_G,chip_g2220.tif,0.23362353,F
Model_16_G,chip_g2220.tif,0.23084436,F
Model_16_G,chip_g2220.tif,0.23080231,F
Model_16_G,chip_g2220.tif,0.23066565,F
Model_16_G,chip_g2220.tif,0.23037021,F
Model_16_G,chip_g2220.tif,0.23014228,F
Model_16_G,chip_g2220.tif,0.22997658,F
Model_16_G,chip_g2220.tif,0.2296518,F
Model_16_G,chip_g2220.tif,0.22930224,F
Model_16_G,chip_g2220.tif,0.22832388,F
Model_16_G,chip_g2220.tif,0.22822681,F
Model_16_G,chip_g2220.tif,0.22814773,F
Model_16_G,chip_g2220.tif,0.22694404,F
Model_16_G,chip_g2220.tif,0.22636932,F
Model_16_G,chip_g2220.tif,0.22595148,F
Model_16_G,chip_g2220.tif,0.22556181,F
Model_16_G,chip_g2220.tif,0.22549033,F
Model_16_G,chip_g2220.tif,0.22474161,F
Model_16_G,chip_g2220.tif,0.2242546,F
Model_16_G,chip_g2220.tif,0.22354992,T
Model_16_G,chip_g2220.tif,0.22304597,F
Model_16_G,chip_g2220.tif,0.2220296,F
Model_16_G,chip_g2220.tif,0.22074175,F
Model_16_G,chip_g2220.tif,0.22059225,F
Model_16_G,chip_g2220.tif,0.22040322,F
Model_16_G,chip_g2220.tif,0.22005308,F
Model_16_G,chip_g2220.tif,0.21848759,F
Model_16_G,chip_g2220.tif,0.21837646,F
Model_16_G,chip_g2220.tif,0.21834008,F
Model_16_G,chip_g2220.tif,0.2176975,F
Model_16_G,chip_g2220.tif,0.2175109,F
Model_16_G,chip_g2220.tif,0.21679719,F
Model_16_G,chip_g2220.tif,0.21650027,F
Model_16_G,chip_g2220.tif,0.21591415,T
Model_16_G,chip_g2220.tif,0.21568117,F
Model_16_G,chip_g2220.tif,0.2153148,F
Model_16_G,chip_g2220.tif,0.21476497,F
Model_16_G,chip_g2220.tif,0.21461754,F
Model_16_G,chip_g2220.tif,0.21416776,F
Model_16_G,chip_g2220.tif,0.21316326,F
Model_16_G,chip_g2220.tif,0.21282928,F
Model_16_G,chip_g2220.tif,0.21262601,F
Model_16_G,chip_g2220.tif,0.21240765,F
Model_16_G,chip_g2220.tif,0.21228434,F
Model_16_G,chip_g2220.tif,0.21205595,F
Model_16_G,chip_g2220.tif,0.21199778,F
Model_16_G,chip_g2220.tif,0.21193731,F
Model_16_G,chip_g2220.tif,0.21187969,F
Model_16_G,chip_g2220.tif,0.21135707,F
Model_16_G,chip_g2220.tif,0.21065345,F
Model_16_G,chip_g2220.tif,0.2103948,F
Model_16_G,chip_g2220.tif,0.20909196,F
Model_16_G,chip_g2220.tif,0.20894775,F
Model_16_G,chip_g2220.tif,0.20856011,F
Model_16_G,chip_g2220.tif,0.20836362,F
Model_16_G,chip_g2220.tif,0.20836046,F
Model_16_G,chip_g2220.tif,0.20835102,F
Model_16_G,chip_g2220.tif,0.20777945,F
Model_16_G,chip_g2220.tif,0.2074556,F
Model_16_G,chip_g2220.tif,0.20707285,F
Model_16_G,chip_g2220.tif,0.20685126,F
Model_16_G,chip_g2220.tif,0.20626014,F
Model_16_G,chip_g2220.tif,0.20588678,F
Model_16_G,chip_g2220.tif,0.2055642,F
Model_16_G,chip_g2220.tif,0.20523418,F
Model_16_G,chip_g2220.tif,0.20519742,F
Model_16_G,chip_g2220.tif,0.20489557,F
Model_16_G,chip_g2220.tif,0.20457408,F
Model_16_G,chip_g2220.tif,0.20450889,F
Model_16_G,chip_g2221.tif,0.42542297,T
Model_16_G,chip_g2221.tif,0.27969608,T
Model_16_G,chip_g2221.tif,0.2305424,F
Model_16_G,chip_g2221.tif,0.22582187,T
Model_16_G,chip_g2221.tif,0.21268412,F
Model_16_G,chip_g2221.tif,0.20869365,F
Model_16_G,chip_g2221.tif,0.20146339,F
Model_16_G,chip_g2221.tif,0.2006011,F
Model_16_G,chip_g2224.tif,0.45822105,T
Model_16_G,chip_g2224.tif,0.35651046,T
Model_16_G,chip_g2224.tif,0.32619074,T
Model_16_G,chip_g2224.tif,0.25653556,T
Model_16_G,chip_g2224.tif,0.25145683,T
Model_16_G,chip_g2224.tif,0.20391516,F
Model_16_G,chip_g2225.tif,0.2812169,T
Model_16_G,chip_g2225.tif,0.2588723,T
Model_16_G,chip_g2225.tif,0.25722006,F
Model_16_G,chip_g2225.tif,0.25400832,T
Model_16_G,chip_g2225.tif,0.2534781,T
Model_16_G,chip_g2225.tif,0.24960893,T
Model_16_G,chip_g2225.tif,0.24920428,T
Model_16_G,chip_g2225.tif,0.2471541,T
Model_16_G,chip_g2225.tif,0.24677482,T
Model_16_G,chip_g2225.tif,0.24664909,T
Model_16_G,chip_g2225.tif,0.24560542,T
Model_16_G,chip_g2225.tif,0.24512272,T
Model_16_G,chip_g2225.tif,0.24494936,F
Model_16_G,chip_g2225.tif,0.24328358,T
Model_16_G,chip_g2225.tif,0.24328154,T
Model_16_G,chip_g2225.tif,0.24292363,T
Model_16_G,chip_g2225.tif,0.24264008,T
Model_16_G,chip_g2225.tif,0.24215862,T
Model_16_G,chip_g2225.tif,0.242119,T
Model_16_G,chip_g2225.tif,0.24189302,F
Model_16_G,chip_g2225.tif,0.24180326,F
Model_16_G,chip_g2225.tif,0.24157418,T
Model_16_G,chip_g2225.tif,0.2415503,F
Model_16_G,chip_g2225.tif,0.24109066,F
Model_16_G,chip_g2225.tif,0.24086542,F
Model_16_G,chip_g2225.tif,0.24063286,T
Model_16_G,chip_g2225.tif,0.24013288,F
Model_16_G,chip_g2225.tif,0.23998964,T
Model_16_G,chip_g2225.tif,0.23981735,F
Model_16_G,chip_g2225.tif,0.23966458,T
Model_16_G,chip_g2225.tif,0.23914166,F
Model_16_G,chip_g2225.tif,0.23913084,T
Model_16_G,chip_g2225.tif,0.23904058,F
Model_16_G,chip_g2225.tif,0.2388619,F
Model_16_G,chip_g2225.tif,0.23874784,T
Model_16_G,chip_g2225.tif,0.23837742,T
Model_16_G,chip_g2225.tif,0.23789763,F
Model_16_G,chip_g2225.tif,0.23787986,T
Model_16_G,chip_g2225.tif,0.23777083,T
Model_16_G,chip_g2225.tif,0.23757194,F
Model_16_G,chip_g2225.tif,0.23718199,F
Model_16_G,chip_g2225.tif,0.23713495,F
Model_16_G,chip_g2225.tif,0.2370449,T
Model_16_G,chip_g2225.tif,0.23684601,F
Model_16_G,chip_g2225.tif,0.23666434,F
Model_16_G,chip_g2225.tif,0.23654713,F
Model_16_G,chip_g2225.tif,0.23649412,F
Model_16_G,chip_g2225.tif,0.2361139,F
Model_16_G,chip_g2225.tif,0.23606795,T
Model_16_G,chip_g2225.tif,0.2359025,F
Model_16_G,chip_g2225.tif,0.23554419,F
Model_16_G,chip_g2225.tif,0.23503293,F
Model_16_G,chip_g2225.tif,0.23490164,F
Model_16_G,chip_g2225.tif,0.234792,F
Model_16_G,chip_g2225.tif,0.23449942,F
Model_16_G,chip_g2225.tif,0.23446123,F
Model_16_G,chip_g2225.tif,0.23443851,F
Model_16_G,chip_g2225.tif,0.23439172,T
Model_16_G,chip_g2225.tif,0.23427817,T
Model_16_G,chip_g2225.tif,0.23419964,F
Model_16_G,chip_g2225.tif,0.23407741,T
Model_16_G,chip_g2225.tif,0.23406202,F
Model_16_G,chip_g2225.tif,0.23383057,F
Model_16_G,chip_g2225.tif,0.23380202,F
Model_16_G,chip_g2225.tif,0.23368381,T
Model_16_G,chip_g2225.tif,0.23328564,T
Model_16_G,chip_g2225.tif,0.23318972,F
Model_16_G,chip_g2225.tif,0.23315778,F
Model_16_G,chip_g2225.tif,0.23291472,F
Model_16_G,chip_g2225.tif,0.23262657,F
Model_16_G,chip_g2225.tif,0.23216608,F
Model_16_G,chip_g2225.tif,0.23211822,T
Model_16_G,chip_g2225.tif,0.23188107,F
Model_16_G,chip_g2225.tif,0.21879883,F
Model_16_G,chip_g2225.tif,0.20752071,F
Model_16_G,chip_g2225.tif,0.20477724,F
Model_16_G,chip_g2226.tif,0.3947699,T
Model_16_G,chip_g2249.tif,0.4462321,T
Model_16_G,chip_g2249.tif,0.42868152,T
Model_16_G,chip_g2258.tif,0.30272144,T
Model_16_G,chip_g2258.tif,0.28024682,T
Model_16_G,chip_g2258.tif,0.2765163,T
Model_16_G,chip_g2258.tif,0.26350397,T
Model_16_G,chip_g2258.tif,0.25422743,T
Model_16_G,chip_g226.tif,0.962589,T
Model_16_G,chip_g2406.tif,0.2613599,T
Model_16_G,chip_g2406.tif,0.256208,T
Model_16_G,chip_g2406.tif,0.237817,T
Model_16_G,chip_g2406.tif,0.2106447,T
Model_16_G,chip_g2406.tif,0.20585895,T
Model_16_G,chip_g2406.tif,0.2023514,F
Model_16_G,chip_g2407.tif,0.25925392,T
Model_16_G,chip_g2407.tif,0.21848904,T
Model_16_G,chip_g2407.tif,0.2024521,F
Model_16_G,chip_g2407.tif,0.20185673,T
Model_16_G,chip_g2407.tif,0.20130692,F
Model_16_G,chip_g2411.tif,0.24541336,T
Model_16_G,chip_g2426.tif,0.2666886,T
Model_16_G,chip_g2426.tif,0.26381844,T
Model_16_G,chip_g2426.tif,0.24792577,T
Model_16_G,chip_g2426.tif,0.24483697,F
Model_16_G,chip_g2426.tif,0.24337503,F
Model_16_G,chip_g2426.tif,0.24271008,T
Model_16_G,chip_g2426.tif,0.24136336,T
Model_16_G,chip_g2426.tif,0.24121962,F
Model_16_G,chip_g2426.tif,0.23997961,T
Model_16_G,chip_g2426.tif,0.2398215,F
Model_16_G,chip_g2426.tif,0.23497616,F
Model_16_G,chip_g2426.tif,0.2345554,F
Model_16_G,chip_g2426.tif,0.2331676,T
Model_16_G,chip_g2426.tif,0.23294218,T
Model_16_G,chip_g2426.tif,0.23250243,F
Model_16_G,chip_g2426.tif,0.232316,F
Model_16_G,chip_g2426.tif,0.23227808,F
Model_16_G,chip_g2426.tif,0.23030318,F
Model_16_G,chip_g2426.tif,0.23025325,F
Model_16_G,chip_g2426.tif,0.2293151,F
Model_16_G,chip_g2426.tif,0.22919059,F
Model_16_G,chip_g2426.tif,0.22871684,F
Model_16_G,chip_g2426.tif,0.22702852,F
Model_16_G,chip_g2426.tif,0.22641906,F
Model_16_G,chip_g2426.tif,0.22630148,F
Model_16_G,chip_g2426.tif,0.22595361,F
Model_16_G,chip_g2426.tif,0.22488938,F
Model_16_G,chip_g2426.tif,0.22463006,T
Model_16_G,chip_g2426.tif,0.2244009,T
Model_16_G,chip_g2426.tif,0.22438276,F
Model_16_G,chip_g2426.tif,0.2240163,F
Model_16_G,chip_g2426.tif,0.22296283,F
Model_16_G,chip_g2426.tif,0.22260724,F
Model_16_G,chip_g2426.tif,0.22257657,F
Model_16_G,chip_g2426.tif,0.21851565,F
Model_16_G,chip_g2426.tif,0.2184789,F
Model_16_G,chip_g2426.tif,0.21837716,F
Model_16_G,chip_g2426.tif,0.21799916,F
Model_16_G,chip_g2426.tif,0.21782228,F
Model_16_G,chip_g2426.tif,0.2166474,F
Model_16_G,chip_g2426.tif,0.21603069,F
Model_16_G,chip_g2426.tif,0.21584389,F
Model_16_G,chip_g2426.tif,0.21578778,F
Model_16_G,chip_g2426.tif,0.21543592,F
Model_16_G,chip_g2426.tif,0.21518315,F
Model_16_G,chip_g2426.tif,0.21442318,F
Model_16_G,chip_g2426.tif,0.21427429,F
Model_16_G,chip_g2426.tif,0.21414927,F
Model_16_G,chip_g2426.tif,0.21331938,F
Model_16_G,chip_g2426.tif,0.21316919,F
Model_16_G,chip_g2426.tif,0.21312732,F
Model_16_G,chip_g2426.tif,0.21284667,F
Model_16_G,chip_g2426.tif,0.21239504,F
Model_16_G,chip_g2426.tif,0.21184064,F
Model_16_G,chip_g2426.tif,0.21179608,F
Model_16_G,chip_g2426.tif,0.21171194,F
Model_16_G,chip_g2426.tif,0.2115445,F
Model_16_G,chip_g2426.tif,0.2114479,F
Model_16_G,chip_g2426.tif,0.21061553,F
Model_16_G,chip_g2426.tif,0.21013445,F
Model_16_G,chip_g2426.tif,0.20980152,F
Model_16_G,chip_g2426.tif,0.20835134,F
Model_16_G,chip_g2426.tif,0.20800596,F
Model_16_G,chip_g2426.tif,0.2072474,F
Model_16_G,chip_g2426.tif,0.20688911,F
Model_16_G,chip_g2426.tif,0.20655951,F
Model_16_G,chip_g2426.tif,0.20525911,F
Model_16_G,chip_g2426.tif,0.2050907,F
Model_16_G,chip_g2426.tif,0.20441023,F
Model_16_G,chip_g2426.tif,0.20433608,F
Model_16_G,chip_g2426.tif,0.20380381,F
Model_16_G,chip_g2426.tif,0.20377095,F
Model_16_G,chip_g2426.tif,0.20332539,F
Model_16_G,chip_g2426.tif,0.20303531,F
Model_16_G,chip_g2426.tif,0.20282683,F
Model_16_G,chip_g2426.tif,0.20270163,F
Model_16_G,chip_g2426.tif,0.2026371,T
Model_16_G,chip_g2426.tif,0.20254563,F
Model_16_G,chip_g2426.tif,0.20247656,F
Model_16_G,chip_g2426.tif,0.20243749,F
Model_16_G,chip_g2426.tif,0.20238791,F
Model_16_G,chip_g2426.tif,0.20175245,F
Model_16_G,chip_g2426.tif,0.20171683,F
Model_16_G,chip_g2426.tif,0.2015306,F
Model_16_G,chip_g2426.tif,0.20136538,F
Model_16_G,chip_g2427.tif,0.26964742,T
Model_16_G,chip_g2427.tif,0.26934725,T
Model_16_G,chip_g2427.tif,0.2558944,T
Model_16_G,chip_g2427.tif,0.24856116,T
Model_16_G,chip_g2427.tif,0.24769741,F
Model_16_G,chip_g2427.tif,0.24619427,F
Model_16_G,chip_g2427.tif,0.24472842,F
Model_16_G,chip_g2427.tif,0.24459022,F
Model_16_G,chip_g2427.tif,0.24447852,F
Model_16_G,chip_g2427.tif,0.24110095,T
Model_16_G,chip_g2427.tif,0.24086916,F
Model_16_G,chip_g2427.tif,0.2387185,F
Model_16_G,chip_g2427.tif,0.23830737,F
Model_16_G,chip_g2427.tif,0.23787738,F
Model_16_G,chip_g2427.tif,0.23634067,F
Model_16_G,chip_g2427.tif,0.23577195,F
Model_16_G,chip_g2427.tif,0.23455219,T
Model_16_G,chip_g2427.tif,0.23398569,T
Model_16_G,chip_g2427.tif,0.23378721,F
Model_16_G,chip_g2427.tif,0.23261726,F
Model_16_G,chip_g2427.tif,0.23138578,F
Model_16_G,chip_g2427.tif,0.2299455,F
Model_16_G,chip_g2427.tif,0.22965927,F
Model_16_G,chip_g2427.tif,0.2279716,F
Model_16_G,chip_g2427.tif,0.22768071,F
Model_16_G,chip_g2427.tif,0.22666699,F
Model_16_G,chip_g2427.tif,0.22664458,F
Model_16_G,chip_g2427.tif,0.22637226,T
Model_16_G,chip_g2427.tif,0.22634421,F
Model_16_G,chip_g2427.tif,0.22584511,T
Model_16_G,chip_g2427.tif,0.22545223,F
Model_16_G,chip_g2427.tif,0.22528702,F
Model_16_G,chip_g2427.tif,0.22517963,F
Model_16_G,chip_g2427.tif,0.22485025,F
Model_16_G,chip_g2427.tif,0.22469477,F
Model_16_G,chip_g2427.tif,0.22390409,F
Model_16_G,chip_g2427.tif,0.22382072,F
Model_16_G,chip_g2427.tif,0.22363426,F
Model_16_G,chip_g2427.tif,0.2229409,F
Model_16_G,chip_g2427.tif,0.22291514,F
Model_16_G,chip_g2427.tif,0.22269507,F
Model_16_G,chip_g2427.tif,0.22208665,T
Model_16_G,chip_g2427.tif,0.22181427,F
Model_16_G,chip_g2427.tif,0.2215141,F
Model_16_G,chip_g2427.tif,0.22145776,F
Model_16_G,chip_g2427.tif,0.2214028,F
Model_16_G,chip_g2427.tif,0.22128393,F
Model_16_G,chip_g2427.tif,0.22032753,F
Model_16_G,chip_g2427.tif,0.2203039,F
Model_16_G,chip_g2427.tif,0.22007905,F
Model_16_G,chip_g2427.tif,0.21844645,F
Model_16_G,chip_g2427.tif,0.21805078,T
Model_16_G,chip_g2427.tif,0.21800368,F
Model_16_G,chip_g2427.tif,0.2179982,F
Model_16_G,chip_g2427.tif,0.2173602,F
Model_16_G,chip_g2427.tif,0.21624433,F
Model_16_G,chip_g2427.tif,0.2156089,F
Model_16_G,chip_g2427.tif,0.21533258,F
Model_16_G,chip_g2427.tif,0.21466908,F
Model_16_G,chip_g2427.tif,0.21328242,F
Model_16_G,chip_g2427.tif,0.2122293,F
Model_16_G,chip_g2427.tif,0.21200545,F
Model_16_G,chip_g2427.tif,0.21183622,F
Model_16_G,chip_g2427.tif,0.21170175,F
Model_16_G,chip_g2427.tif,0.21161881,F
Model_16_G,chip_g2427.tif,0.21158284,F
Model_16_G,chip_g2427.tif,0.211059,F
Model_16_G,chip_g2427.tif,0.21054034,F
Model_16_G,chip_g2427.tif,0.21024173,F
Model_16_G,chip_g2427.tif,0.2098602,F
Model_16_G,chip_g2427.tif,0.20945974,F
Model_16_G,chip_g2427.tif,0.20906904,F
Model_16_G,chip_g2427.tif,0.20883165,F
Model_16_G,chip_g2427.tif,0.20743658,F
Model_16_G,chip_g2427.tif,0.20731789,F
Model_16_G,chip_g2427.tif,0.20722634,F
Model_16_G,chip_g2427.tif,0.20704482,F
Model_16_G,chip_g2427.tif,0.20690084,F
Model_16_G,chip_g2427.tif,0.2063276,F
Model_16_G,chip_g2427.tif,0.20624845,F
Model_16_G,chip_g2427.tif,0.20594573,F
Model_16_G,chip_g2427.tif,0.20578489,F
Model_16_G,chip_g2427.tif,0.2053528,F
Model_16_G,chip_g2427.tif,0.20520513,F
Model_16_G,chip_g2427.tif,0.20479879,T
Model_16_G,chip_g2427.tif,0.2046637,F
Model_16_G,chip_g2427.tif,0.2043781,F
Model_16_G,chip_g2427.tif,0.20426336,F
Model_16_G,chip_g2427.tif,0.20385051,F
Model_16_G,chip_g2427.tif,0.20256811,F
Model_16_G,chip_g2427.tif,0.20182386,F
Model_16_G,chip_g2427.tif,0.201694,F
Model_16_G,chip_g2427.tif,0.20150526,F
Model_16_G,chip_g2427.tif,0.20143044,F
Model_16_G,chip_g2427.tif,0.20141403,F
Model_16_G,chip_g2427.tif,0.20083559,F
Model_16_G,chip_g2427.tif,0.20046459,F
Model_16_G,chip_g2450.tif,0.280084,T
Model_16_G,chip_g2450.tif,0.2796889,T
Model_16_G,chip_g2450.tif,0.2518352,T
Model_16_G,chip_g2450.tif,0.242697,F
Model_16_G,chip_g2450.tif,0.242358,T
Model_16_G,chip_g2450.tif,0.2411651,F
Model_16_G,chip_g2450.tif,0.24023421,F
Model_16_G,chip_g2450.tif,0.24010035,F
Model_16_G,chip_g2450.tif,0.23259556,F
Model_16_G,chip_g2450.tif,0.23209551,T
Model_16_G,chip_g2450.tif,0.23120888,F
Model_16_G,chip_g2450.tif,0.22998889,F
Model_16_G,chip_g2450.tif,0.22698443,F
Model_16_G,chip_g2450.tif,0.22481343,F
Model_16_G,chip_g2450.tif,0.22372529,F
Model_16_G,chip_g2450.tif,0.22111583,F
Model_16_G,chip_g2450.tif,0.21676093,F
Model_16_G,chip_g2450.tif,0.216203,F
Model_16_G,chip_g2450.tif,0.21606788,F
Model_16_G,chip_g2450.tif,0.21552582,F
Model_16_G,chip_g2450.tif,0.21407865,F
Model_16_G,chip_g2450.tif,0.21272126,F
Model_16_G,chip_g2450.tif,0.21186142,F
Model_16_G,chip_g2450.tif,0.21141843,F
Model_16_G,chip_g2450.tif,0.21016316,F
Model_16_G,chip_g2450.tif,0.20992987,F
Model_16_G,chip_g2450.tif,0.2084057,F
Model_16_G,chip_g2450.tif,0.20834044,F
Model_16_G,chip_g2450.tif,0.2070211,F
Model_16_G,chip_g2450.tif,0.20646293,F
Model_16_G,chip_g2450.tif,0.20354025,F
Model_16_G,chip_g2450.tif,0.20197524,F
Model_16_G,chip_g2450.tif,0.2016622,T
Model_16_G,chip_g2451.tif,0.36238652,T
Model_16_G,chip_g2451.tif,0.26120552,T
Model_16_G,chip_g2451.tif,0.23558164,F
Model_16_G,chip_g2451.tif,0.22977196,T
Model_16_G,chip_g2451.tif,0.22674763,F
Model_16_G,chip_g2451.tif,0.21597686,F
Model_16_G,chip_g2451.tif,0.21354267,F
Model_16_G,chip_g2451.tif,0.21316142,F
Model_16_G,chip_g2451.tif,0.20974298,F
Model_16_G,chip_g2451.tif,0.20775841,F
Model_16_G,chip_g2451.tif,0.20752147,T
Model_16_G,chip_g2451.tif,0.2054335,F
Model_16_G,chip_g2451.tif,0.20285612,F
Model_16_G,chip_g2451.tif,0.20220584,F
Model_16_G,chip_g2451.tif,0.20082423,F
Model_16_G,chip_g247.tif,0.99961025,T
Model_16_G,chip_g2473.tif,0.9163973,T
Model_16_G,chip_g2475.tif,0.99482024,T
Model_16_G,chip_g2486.tif,0.2664881,T
Model_16_G,chip_g2486.tif,0.26301897,F
Model_16_G,chip_g2486.tif,0.26110706,T
Model_16_G,chip_g2486.tif,0.25423717,T
Model_16_G,chip_g2486.tif,0.25413978,T
Model_16_G,chip_g2486.tif,0.24918549,T
Model_16_G,chip_g2486.tif,0.24602625,T
Model_16_G,chip_g2486.tif,0.24586625,F
Model_16_G,chip_g2486.tif,0.24464802,F
Model_16_G,chip_g2486.tif,0.24342223,F
Model_16_G,chip_g2486.tif,0.24233246,T
Model_16_G,chip_g2486.tif,0.24042457,T
Model_16_G,chip_g2486.tif,0.2390695,F
Model_16_G,chip_g2486.tif,0.23906341,T
Model_16_G,chip_g2486.tif,0.23868546,F
Model_16_G,chip_g2486.tif,0.23810615,F
Model_16_G,chip_g2486.tif,0.23718828,T
Model_16_G,chip_g2486.tif,0.23484364,F
Model_16_G,chip_g2486.tif,0.23433946,F
Model_16_G,chip_g2486.tif,0.23036271,F
Model_16_G,chip_g2486.tif,0.23003086,F
Model_16_G,chip_g2486.tif,0.22955932,F
Model_16_G,chip_g2486.tif,0.22942796,F
Model_16_G,chip_g2486.tif,0.2291879,F
Model_16_G,chip_g2486.tif,0.22895482,F
Model_16_G,chip_g2486.tif,0.22805794,F
Model_16_G,chip_g2486.tif,0.22785543,F
Model_16_G,chip_g2486.tif,0.22686066,F
Model_16_G,chip_g2486.tif,0.22488308,T
Model_16_G,chip_g2486.tif,0.22476661,F
Model_16_G,chip_g2486.tif,0.22369102,F
Model_16_G,chip_g2486.tif,0.22364879,F
Model_16_G,chip_g2486.tif,0.22249152,F
Model_16_G,chip_g2486.tif,0.22199214,F
Model_16_G,chip_g2486.tif,0.22154902,F
Model_16_G,chip_g2486.tif,0.22123125,F
Model_16_G,chip_g2486.tif,0.22114445,F
Model_16_G,chip_g2486.tif,0.22049326,F
Model_16_G,chip_g2486.tif,0.21934041,F
Model_16_G,chip_g2486.tif,0.2192135,F
Model_16_G,chip_g2486.tif,0.21891415,F
Model_16_G,chip_g2486.tif,0.21857111,F
Model_16_G,chip_g2486.tif,0.21802369,F
Model_16_G,chip_g2486.tif,0.21777654,F
Model_16_G,chip_g2486.tif,0.21735626,F
Model_16_G,chip_g2486.tif,0.217215,F
Model_16_G,chip_g2486.tif,0.21667798,F
Model_16_G,chip_g2486.tif,0.21592566,F
Model_16_G,chip_g2486.tif,0.21532165,F
Model_16_G,chip_g2486.tif,0.21508557,F
Model_16_G,chip_g2486.tif,0.2144737,F
Model_16_G,chip_g2486.tif,0.21415374,F
Model_16_G,chip_g2486.tif,0.21402109,F
Model_16_G,chip_g2486.tif,0.21395603,F
Model_16_G,chip_g2486.tif,0.21389122,F
Model_16_G,chip_g2486.tif,0.21388614,F
Model_16_G,chip_g2486.tif,0.2134822,F
Model_16_G,chip_g2486.tif,0.21280383,F
Model_16_G,chip_g2486.tif,0.21192354,F
Model_16_G,chip_g2486.tif,0.21189135,F
Model_16_G,chip_g2486.tif,0.21177454,F
Model_16_G,chip_g2486.tif,0.21147409,F
Model_16_G,chip_g2486.tif,0.21097489,F
Model_16_G,chip_g2486.tif,0.2108379,F
Model_16_G,chip_g2486.tif,0.21072762,F
Model_16_G,chip_g2486.tif,0.21049862,F
Model_16_G,chip_g2486.tif,0.20904665,F
Model_16_G,chip_g2486.tif,0.2085671,F
Model_16_G,chip_g2486.tif,0.20847815,F
Model_16_G,chip_g2486.tif,0.20841886,F
Model_16_G,chip_g2486.tif,0.20811504,F
Model_16_G,chip_g2486.tif,0.20810631,F
Model_16_G,chip_g2486.tif,0.20792452,F
Model_16_G,chip_g2486.tif,0.2077996,F
Model_16_G,chip_g2486.tif,0.2077262,F
Model_16_G,chip_g2486.tif,0.20732565,F
Model_16_G,chip_g2486.tif,0.20731278,F
Model_16_G,chip_g2486.tif,0.20670708,F
Model_16_G,chip_g2486.tif,0.20652598,F
Model_16_G,chip_g2486.tif,0.20623708,F
Model_16_G,chip_g2486.tif,0.2058017,F
Model_16_G,chip_g2486.tif,0.20562382,F
Model_16_G,chip_g2486.tif,0.2055978,F
Model_16_G,chip_g2486.tif,0.20539346,F
Model_16_G,chip_g2486.tif,0.20539306,F
Model_16_G,chip_g2486.tif,0.2051399,F
Model_16_G,chip_g2486.tif,0.20507506,F
Model_16_G,chip_g2486.tif,0.20491403,F
Model_16_G,chip_g2486.tif,0.20366403,F
Model_16_G,chip_g2486.tif,0.20354518,F
Model_16_G,chip_g2486.tif,0.2027041,F
Model_16_G,chip_g2486.tif,0.20269907,F
Model_16_G,chip_g2486.tif,0.20220645,F
Model_16_G,chip_g2486.tif,0.20195511,F
Model_16_G,chip_g2486.tif,0.20159835,F
Model_16_G,chip_g2486.tif,0.2012579,F
Model_16_G,chip_g2487.tif,0.26151717,T
Model_16_G,chip_g2487.tif,0.2613138,T
Model_16_G,chip_g2487.tif,0.25670183,F
Model_16_G,chip_g2487.tif,0.2540364,T
Model_16_G,chip_g2487.tif,0.25150824,T
Model_16_G,chip_g2487.tif,0.25049317,T
Model_16_G,chip_g2487.tif,0.25044128,T
Model_16_G,chip_g2487.tif,0.25031665,T
Model_16_G,chip_g2487.tif,0.24696097,F
Model_16_G,chip_g2487.tif,0.24599113,T
Model_16_G,chip_g2487.tif,0.24560763,T
Model_16_G,chip_g2487.tif,0.24345213,F
Model_16_G,chip_g2487.tif,0.24233295,F
Model_16_G,chip_g2487.tif,0.24190205,F
Model_16_G,chip_g2487.tif,0.24113958,T
Model_16_G,chip_g2487.tif,0.24053979,F
Model_16_G,chip_g2487.tif,0.23973772,F
Model_16_G,chip_g2487.tif,0.2396734,F
Model_16_G,chip_g2487.tif,0.23960823,F
Model_16_G,chip_g2487.tif,0.23912126,F
Model_16_G,chip_g2487.tif,0.23854522,F
Model_16_G,chip_g2487.tif,0.23295231,F
Model_16_G,chip_g2487.tif,0.23115873,F
Model_16_G,chip_g2487.tif,0.23067446,F
Model_16_G,chip_g2487.tif,0.23013344,F
Model_16_G,chip_g2487.tif,0.23006395,F
Model_16_G,chip_g2487.tif,0.22967893,T
Model_16_G,chip_g2487.tif,0.22903174,F
Model_16_G,chip_g2487.tif,0.2288091,F
Model_16_G,chip_g2487.tif,0.22878037,F
Model_16_G,chip_g2487.tif,0.22749278,F
Model_16_G,chip_g2487.tif,0.22379406,F
Model_16_G,chip_g2487.tif,0.22151594,F
Model_16_G,chip_g2487.tif,0.22062302,F
Model_16_G,chip_g2487.tif,0.2193612,F
Model_16_G,chip_g2487.tif,0.21895117,F
Model_16_G,chip_g2487.tif,0.21890242,F
Model_16_G,chip_g2487.tif,0.21875903,F
Model_16_G,chip_g2487.tif,0.21816441,F
Model_16_G,chip_g2487.tif,0.21780984,F
Model_16_G,chip_g2487.tif,0.21761023,F
Model_16_G,chip_g2487.tif,0.21654618,F
Model_16_G,chip_g2487.tif,0.21636589,F
Model_16_G,chip_g2487.tif,0.21626227,F
Model_16_G,chip_g2487.tif,0.21621479,F
Model_16_G,chip_g2487.tif,0.21505342,F
Model_16_G,chip_g2487.tif,0.21452755,F
Model_16_G,chip_g2487.tif,0.21447563,F
Model_16_G,chip_g2487.tif,0.21363807,F
Model_16_G,chip_g2487.tif,0.21348384,F
Model_16_G,chip_g2487.tif,0.21318589,F
Model_16_G,chip_g2487.tif,0.21269487,F
Model_16_G,chip_g2487.tif,0.2124307,F
Model_16_G,chip_g2487.tif,0.21212289,F
Model_16_G,chip_g2487.tif,0.21139713,F
Model_16_G,chip_g2487.tif,0.21095766,F
Model_16_G,chip_g2487.tif,0.21080856,F
Model_16_G,chip_g2487.tif,0.2103211,F
Model_16_G,chip_g2487.tif,0.20882127,F
Model_16_G,chip_g2487.tif,0.20863871,F
Model_16_G,chip_g2487.tif,0.20838532,F
Model_16_G,chip_g2487.tif,0.20802301,F
Model_16_G,chip_g2487.tif,0.20721903,F
Model_16_G,chip_g2487.tif,0.2031046,F
Model_16_G,chip_g2487.tif,0.20289104,F
Model_16_G,chip_g2487.tif,0.2025007,F
Model_16_G,chip_g2487.tif,0.20173818,F
Model_16_G,chip_g2491.tif,0.2624929,T
Model_16_G,chip_g2491.tif,0.251134,T
Model_16_G,chip_g2491.tif,0.2496947,T
Model_16_G,chip_g2491.tif,0.24960518,T
Model_16_G,chip_g2491.tif,0.24718976,F
Model_16_G,chip_g2491.tif,0.24704938,T
Model_16_G,chip_g2491.tif,0.24684028,F
Model_16_G,chip_g2491.tif,0.24669242,T
Model_16_G,chip_g2491.tif,0.24562922,T
Model_16_G,chip_g2491.tif,0.24481452,F
Model_16_G,chip_g2491.tif,0.24342056,T
Model_16_G,chip_g2491.tif,0.24333721,F
Model_16_G,chip_g2491.tif,0.24267304,T
Model_16_G,chip_g2491.tif,0.24217358,T
Model_16_G,chip_g2491.tif,0.2379071,F
Model_16_G,chip_g2491.tif,0.23767446,F
Model_16_G,chip_g2491.tif,0.23766501,F
Model_16_G,chip_g2491.tif,0.23682407,T
Model_16_G,chip_g2491.tif,0.2362877,F
Model_16_G,chip_g2491.tif,0.23622936,F
Model_16_G,chip_g2491.tif,0.23592317,F
Model_16_G,chip_g2491.tif,0.23364356,F
Model_16_G,chip_g2491.tif,0.23318061,F
Model_16_G,chip_g2491.tif,0.23303871,F
Model_16_G,chip_g2491.tif,0.23288716,F
Model_16_G,chip_g2491.tif,0.23278898,T
Model_16_G,chip_g2491.tif,0.23264784,F
Model_16_G,chip_g2491.tif,0.23259863,F
Model_16_G,chip_g2491.tif,0.23254393,F
Model_16_G,chip_g2491.tif,0.23234671,F
Model_16_G,chip_g2491.tif,0.23143354,F
Model_16_G,chip_g2491.tif,0.23135467,F
Model_16_G,chip_g2491.tif,0.23018914,F
Model_16_G,chip_g2491.tif,0.22997484,F
Model_16_G,chip_g2491.tif,0.22953847,F
Model_16_G,chip_g2491.tif,0.22923753,F
Model_16_G,chip_g2491.tif,0.22888303,F
Model_16_G,chip_g2491.tif,0.2286808,F
Model_16_G,chip_g2491.tif,0.22797213,F
Model_16_G,chip_g2491.tif,0.22763729,F
Model_16_G,chip_g2491.tif,0.22759739,F
Model_16_G,chip_g2491.tif,0.22725004,F
Model_16_G,chip_g2491.tif,0.22721358,F
Model_16_G,chip_g2491.tif,0.22720523,F
Model_16_G,chip_g2491.tif,0.22661774,F
Model_16_G,chip_g2491.tif,0.22635017,F
Model_16_G,chip_g2491.tif,0.22631778,F
Model_16_G,chip_g2491.tif,0.2259385,F
Model_16_G,chip_g2491.tif,0.22541921,F
Model_16_G,chip_g2491.tif,0.22519898,F
Model_16_G,chip_g2491.tif,0.22513554,F
Model_16_G,chip_g2491.tif,0.2248181,F
Model_16_G,chip_g2491.tif,0.22477463,F
Model_16_G,chip_g2491.tif,0.22467133,F
Model_16_G,chip_g2491.tif,0.2242202,F
Model_16_G,chip_g2491.tif,0.22421099,F
Model_16_G,chip_g2491.tif,0.22412677,F
Model_16_G,chip_g2491.tif,0.22351512,F
Model_16_G,chip_g2491.tif,0.22337615,F
Model_16_G,chip_g2491.tif,0.22330616,F
Model_16_G,chip_g2491.tif,0.21841033,F
Model_16_G,chip_g2491.tif,0.21726166,F
Model_16_G,chip_g2491.tif,0.2122984,F
Model_16_G,chip_g2491.tif,0.20805947,F
Model_16_G,chip_g2491.tif,0.20666118,F
Model_16_G,chip_g2491.tif,0.20456661,F
Model_16_G,chip_g2491.tif,0.20057413,F
Model_16_G,chip_g2494.tif,0.5067697,T
Model_16_G,chip_g2494.tif,0.20787211,F
Model_16_G,chip_g2495.tif,0.35108772,T
Model_16_G,chip_g2522.tif,0.983196,T
Model_16_G,chip_g2527.tif,0.26470155,T
Model_16_G,chip_g2527.tif,0.26350465,T
Model_16_G,chip_g2527.tif,0.2570609,T
Model_16_G,chip_g2527.tif,0.2555156,F
Model_16_G,chip_g2527.tif,0.25476846,F
Model_16_G,chip_g2527.tif,0.25285062,T
Model_16_G,chip_g2527.tif,0.24933687,T
Model_16_G,chip_g2527.tif,0.24856128,F
Model_16_G,chip_g2527.tif,0.2458261,F
Model_16_G,chip_g2527.tif,0.24534522,F
Model_16_G,chip_g2527.tif,0.24508494,F
Model_16_G,chip_g2527.tif,0.24413954,T
Model_16_G,chip_g2527.tif,0.24312913,F
Model_16_G,chip_g2527.tif,0.24145544,F
Model_16_G,chip_g2527.tif,0.23663433,F
Model_16_G,chip_g2527.tif,0.23528728,F
Model_16_G,chip_g2527.tif,0.23498748,F
Model_16_G,chip_g2527.tif,0.2325187,F
Model_16_G,chip_g2527.tif,0.23233531,F
Model_16_G,chip_g2527.tif,0.23210421,F
Model_16_G,chip_g2527.tif,0.23166086,T
Model_16_G,chip_g2527.tif,0.23162189,F
Model_16_G,chip_g2527.tif,0.23156479,F
Model_16_G,chip_g2527.tif,0.23073103,F
Model_16_G,chip_g2527.tif,0.22875884,F
Model_16_G,chip_g2527.tif,0.22751527,F
Model_16_G,chip_g2527.tif,0.22708288,F
Model_16_G,chip_g2527.tif,0.22572663,F
Model_16_G,chip_g2527.tif,0.22502376,F
Model_16_G,chip_g2527.tif,0.22479916,F
Model_16_G,chip_g2527.tif,0.22458716,F
Model_16_G,chip_g2527.tif,0.22427028,F
Model_16_G,chip_g2527.tif,0.22389168,T
Model_16_G,chip_g2527.tif,0.22277257,F
Model_16_G,chip_g2527.tif,0.22227454,F
Model_16_G,chip_g2527.tif,0.22192919,T
Model_16_G,chip_g2527.tif,0.22154474,F
Model_16_G,chip_g2527.tif,0.22042182,F
Model_16_G,chip_g2527.tif,0.21989904,F
Model_16_G,chip_g2527.tif,0.21936667,F
Model_16_G,chip_g2527.tif,0.21844795,T
Model_16_G,chip_g2527.tif,0.21792938,F
Model_16_G,chip_g2527.tif,0.21782954,F
Model_16_G,chip_g2527.tif,0.21766236,F
Model_16_G,chip_g2527.tif,0.21735457,F
Model_16_G,chip_g2527.tif,0.21603568,F
Model_16_G,chip_g2527.tif,0.21587893,F
Model_16_G,chip_g2527.tif,0.21489832,F
Model_16_G,chip_g2527.tif,0.21473022,F
Model_16_G,chip_g2527.tif,0.21368843,F
Model_16_G,chip_g2527.tif,0.21342292,F
Model_16_G,chip_g2527.tif,0.21329382,F
Model_16_G,chip_g2527.tif,0.21319197,F
Model_16_G,chip_g2527.tif,0.21296193,F
Model_16_G,chip_g2527.tif,0.21291469,F
Model_16_G,chip_g2527.tif,0.21214707,F
Model_16_G,chip_g2527.tif,0.21198572,F
Model_16_G,chip_g2527.tif,0.21177104,F
Model_16_G,chip_g2527.tif,0.21176301,F
Model_16_G,chip_g2527.tif,0.2114558,F
Model_16_G,chip_g2527.tif,0.211377,F
Model_16_G,chip_g2527.tif,0.20961379,F
Model_16_G,chip_g2527.tif,0.20950027,F
Model_16_G,chip_g2527.tif,0.20256306,F
Model_16_G,chip_g2538.tif,0.29423758,T
Model_16_G,chip_g2538.tif,0.28318313,F
Model_16_G,chip_g2538.tif,0.27506617,T
Model_16_G,chip_g2538.tif,0.25892037,T
Model_16_G,chip_g2538.tif,0.2530207,F
Model_16_G,chip_g2538.tif,0.24876456,F
Model_16_G,chip_g2538.tif,0.2465111,F
Model_16_G,chip_g2538.tif,0.24545716,T
Model_16_G,chip_g2538.tif,0.24448629,T
Model_16_G,chip_g2538.tif,0.2416683,F
Model_16_G,chip_g2538.tif,0.2391607,F
Model_16_G,chip_g2538.tif,0.23896395,F
Model_16_G,chip_g2538.tif,0.23863102,F
Model_16_G,chip_g2538.tif,0.23675205,F
Model_16_G,chip_g2538.tif,0.23472008,F
Model_16_G,chip_g2538.tif,0.23183715,F
Model_16_G,chip_g2538.tif,0.23171706,F
Model_16_G,chip_g2538.tif,0.22985876,F
Model_16_G,chip_g2538.tif,0.22781809,F
Model_16_G,chip_g2538.tif,0.22680606,F
Model_16_G,chip_g2538.tif,0.2251783,F
Model_16_G,chip_g2538.tif,0.2245849,F
Model_16_G,chip_g2538.tif,0.22252938,F
Model_16_G,chip_g2538.tif,0.22121927,F
Model_16_G,chip_g2538.tif,0.22091265,F
Model_16_G,chip_g2538.tif,0.22030555,F
Model_16_G,chip_g2538.tif,0.22029667,F
Model_16_G,chip_g2538.tif,0.21889855,F
Model_16_G,chip_g2538.tif,0.21867578,F
Model_16_G,chip_g2538.tif,0.21864493,F
Model_16_G,chip_g2538.tif,0.21791148,F
Model_16_G,chip_g2538.tif,0.21755643,F
Model_16_G,chip_g2538.tif,0.21716651,F
Model_16_G,chip_g2538.tif,0.2169507,F
Model_16_G,chip_g2538.tif,0.21582851,F
Model_16_G,chip_g2538.tif,0.2147601,F
Model_16_G,chip_g2538.tif,0.21463995,F
Model_16_G,chip_g2538.tif,0.21300372,F
Model_16_G,chip_g2538.tif,0.2119641,F
Model_16_G,chip_g2538.tif,0.21163268,F
Model_16_G,chip_g2538.tif,0.21145229,F
Model_16_G,chip_g2538.tif,0.2111126,F
Model_16_G,chip_g2538.tif,0.21088034,F
Model_16_G,chip_g2538.tif,0.21029803,F
Model_16_G,chip_g2538.tif,0.20868096,F
Model_16_G,chip_g2538.tif,0.20544012,F
Model_16_G,chip_g2538.tif,0.20508206,F
Model_16_G,chip_g2539.tif,0.26519468,T
Model_16_G,chip_g2539.tif,0.26081076,T
Model_16_G,chip_g2539.tif,0.2586975,T
Model_16_G,chip_g2539.tif,0.25442502,T
Model_16_G,chip_g2539.tif,0.2508479,F
Model_16_G,chip_g2539.tif,0.24395987,F
Model_16_G,chip_g2539.tif,0.24237749,T
Model_16_G,chip_g2539.tif,0.23787564,F
Model_16_G,chip_g2539.tif,0.236855,F
Model_16_G,chip_g2539.tif,0.23518452,F
Model_16_G,chip_g2539.tif,0.23345222,F
Model_16_G,chip_g2539.tif,0.23245965,F
Model_16_G,chip_g2539.tif,0.23078968,F
Model_16_G,chip_g2539.tif,0.22985247,F
Model_16_G,chip_g2539.tif,0.22930345,F
Model_16_G,chip_g2539.tif,0.22824064,F
Model_16_G,chip_g2539.tif,0.22454163,F
Model_16_G,chip_g2539.tif,0.22228783,F
Model_16_G,chip_g2539.tif,0.22132826,F
Model_16_G,chip_g2539.tif,0.22083199,F
Model_16_G,chip_g2539.tif,0.22044314,F
Model_16_G,chip_g2539.tif,0.21890317,F
Model_16_G,chip_g2539.tif,0.21880357,F
Model_16_G,chip_g2539.tif,0.21807227,F
Model_16_G,chip_g2539.tif,0.21749671,F
Model_16_G,chip_g2539.tif,0.21584739,F
Model_16_G,chip_g2539.tif,0.21393792,F
Model_16_G,chip_g2539.tif,0.21362036,F
Model_16_G,chip_g2539.tif,0.21352848,F
Model_16_G,chip_g2539.tif,0.21318805,F
Model_16_G,chip_g2539.tif,0.21228386,F
Model_16_G,chip_g2539.tif,0.21154542,F
Model_16_G,chip_g2539.tif,0.21136342,F
Model_16_G,chip_g2539.tif,0.21121643,F
Model_16_G,chip_g2539.tif,0.20988324,F
Model_16_G,chip_g2539.tif,0.20883253,F
Model_16_G,chip_g2539.tif,0.20816943,F
Model_16_G,chip_g2539.tif,0.20803466,F
Model_16_G,chip_g2539.tif,0.20789702,F
Model_16_G,chip_g2539.tif,0.2061655,F
Model_16_G,chip_g2539.tif,0.20405377,F
Model_16_G,chip_g2539.tif,0.20405176,F
Model_16_G,chip_g2539.tif,0.20388398,F
Model_16_G,chip_g2539.tif,0.2036317,F
Model_16_G,chip_g2539.tif,0.20342395,F
Model_16_G,chip_g2539.tif,0.20298538,F
Model_16_G,chip_g2539.tif,0.20260675,F
Model_16_G,chip_g2539.tif,0.20039222,F
Model_16_G,chip_g2542.tif,0.27160466,T
Model_16_G,chip_g2542.tif,0.25237143,T
Model_16_G,chip_g2542.tif,0.23386781,T
Model_16_G,chip_g2542.tif,0.21934739,F
Model_16_G,chip_g2542.tif,0.21484338,F
Model_16_G,chip_g2542.tif,0.20412213,F
Model_16_G,chip_g2586.tif,0.37571526,T
Model_16_G,chip_g2586.tif,0.27645308,T
Model_16_G,chip_g2586.tif,0.26383916,F
Model_16_G,chip_g2586.tif,0.25492215,T
Model_16_G,chip_g2586.tif,0.22167018,F
Model_16_G,chip_g2603.tif,0.28380352,T
Model_16_G,chip_g2603.tif,0.26695836,T
Model_16_G,chip_g2603.tif,0.25317687,T
Model_16_G,chip_g2603.tif,0.25118518,T
Model_16_G,chip_g2603.tif,0.2508148,T
Model_16_G,chip_g2603.tif,0.24828798,F
Model_16_G,chip_g2603.tif,0.24803482,F
Model_16_G,chip_g2603.tif,0.24766652,F
Model_16_G,chip_g2603.tif,0.24700122,T
Model_16_G,chip_g2603.tif,0.24549223,F
Model_16_G,chip_g2603.tif,0.23912337,T
Model_16_G,chip_g2603.tif,0.23764512,F
Model_16_G,chip_g2603.tif,0.23752615,F
Model_16_G,chip_g2603.tif,0.23528662,F
Model_16_G,chip_g2603.tif,0.23504984,F
Model_16_G,chip_g2603.tif,0.23367225,T
Model_16_G,chip_g2603.tif,0.23328754,T
Model_16_G,chip_g2603.tif,0.23140188,F
Model_16_G,chip_g2603.tif,0.23020145,F
Model_16_G,chip_g2603.tif,0.22904293,F
Model_16_G,chip_g2603.tif,0.22723754,F
Model_16_G,chip_g2603.tif,0.22683847,F
Model_16_G,chip_g2603.tif,0.22676928,F
Model_16_G,chip_g2603.tif,0.22668691,F
Model_16_G,chip_g2603.tif,0.22531995,F
Model_16_G,chip_g2603.tif,0.22490086,T
Model_16_G,chip_g2603.tif,0.2243878,F
Model_16_G,chip_g2603.tif,0.22429167,F
Model_16_G,chip_g2603.tif,0.22295931,F
Model_16_G,chip_g2603.tif,0.22257993,F
Model_16_G,chip_g2603.tif,0.22226654,F
Model_16_G,chip_g2603.tif,0.2219633,T
Model_16_G,chip_g2603.tif,0.2199916,F
Model_16_G,chip_g2603.tif,0.2189053,F
Model_16_G,chip_g2603.tif,0.21782544,F
Model_16_G,chip_g2603.tif,0.21748523,F
Model_16_G,chip_g2603.tif,0.2163195,F
Model_16_G,chip_g2603.tif,0.21619944,F
Model_16_G,chip_g2603.tif,0.21561013,F
Model_16_G,chip_g2603.tif,0.21491753,F
Model_16_G,chip_g2603.tif,0.2124922,F
Model_16_G,chip_g2603.tif,0.21230942,F
Model_16_G,chip_g2603.tif,0.20995659,T
Model_16_G,chip_g2603.tif,0.20915419,F
Model_16_G,chip_g2603.tif,0.20822833,F
Model_16_G,chip_g2603.tif,0.20777284,F
Model_16_G,chip_g2603.tif,0.2077575,F
Model_16_G,chip_g2603.tif,0.20714565,F
Model_16_G,chip_g2603.tif,0.20656319,F
Model_16_G,chip_g2603.tif,0.20641644,F
Model_16_G,chip_g2603.tif,0.20592815,T
Model_16_G,chip_g2603.tif,0.2050149,F
Model_16_G,chip_g2603.tif,0.20490108,F
Model_16_G,chip_g2603.tif,0.20477141,F
Model_16_G,chip_g2603.tif,0.20433182,F
Model_16_G,chip_g2603.tif,0.2042882,F
Model_16_G,chip_g2603.tif,0.20374501,F
Model_16_G,chip_g2603.tif,0.20351407,F
Model_16_G,chip_g2603.tif,0.20349118,F
Model_16_G,chip_g2603.tif,0.20322518,F
Model_16_G,chip_g2603.tif,0.20308937,F
Model_16_G,chip_g2607.tif,0.27805924,T
Model_16_G,chip_g2607.tif,0.25625196,T
Model_16_G,chip_g2607.tif,0.25593162,T
Model_16_G,chip_g2607.tif,0.25474936,T
Model_16_G,chip_g2607.tif,0.25123614,F
Model_16_G,chip_g2607.tif,0.24901323,T
Model_16_G,chip_g2607.tif,0.24675795,T
Model_16_G,chip_g2607.tif,0.2466185,T
Model_16_G,chip_g2607.tif,0.24585822,T
Model_16_G,chip_g2607.tif,0.24286887,T
Model_16_G,chip_g2607.tif,0.24210943,T
Model_16_G,chip_g2607.tif,0.2400223,T
Model_16_G,chip_g2607.tif,0.23945157,F
Model_16_G,chip_g2607.tif,0.23857425,F
Model_16_G,chip_g2607.tif,0.23780622,F
Model_16_G,chip_g2607.tif,0.23406233,F
Model_16_G,chip_g2607.tif,0.23369141,F
Model_16_G,chip_g2607.tif,0.23227881,F
Model_16_G,chip_g2607.tif,0.23226316,F
Model_16_G,chip_g2607.tif,0.23203821,F
Model_16_G,chip_g2607.tif,0.23156859,F
Model_16_G,chip_g2607.tif,0.2313929,T
Model_16_G,chip_g2607.tif,0.23057449,T
Model_16_G,chip_g2607.tif,0.22931145,F
Model_16_G,chip_g2607.tif,0.22820373,F
Model_16_G,chip_g2607.tif,0.22773004,F
Model_16_G,chip_g2607.tif,0.2275072,F
Model_16_G,chip_g2607.tif,0.22634648,F
Model_16_G,chip_g2607.tif,0.2238008,F
Model_16_G,chip_g2607.tif,0.22229351,F
Model_16_G,chip_g2607.tif,0.22076279,F
Model_16_G,chip_g2607.tif,0.21528108,F
Model_16_G,chip_g2607.tif,0.2152595,F
Model_16_G,chip_g2607.tif,0.21496753,F
Model_16_G,chip_g2607.tif,0.2148087,F
Model_16_G,chip_g2607.tif,0.21464719,F
Model_16_G,chip_g2607.tif,0.21443534,F
Model_16_G,chip_g2607.tif,0.21300082,F
Model_16_G,chip_g2607.tif,0.21233815,F
Model_16_G,chip_g2607.tif,0.21154909,F
Model_16_G,chip_g2607.tif,0.2115211,F
Model_16_G,chip_g2607.tif,0.2113395,F
Model_16_G,chip_g2607.tif,0.21112926,F
Model_16_G,chip_g2607.tif,0.21095783,F
Model_16_G,chip_g2607.tif,0.21091755,F
Model_16_G,chip_g2607.tif,0.21018115,F
Model_16_G,chip_g2607.tif,0.21014744,F
Model_16_G,chip_g2607.tif,0.20918465,F
Model_16_G,chip_g2607.tif,0.20906043,F
Model_16_G,chip_g2607.tif,0.20898364,F
Model_16_G,chip_g2607.tif,0.20714885,F
Model_16_G,chip_g2607.tif,0.2063281,F
Model_16_G,chip_g2607.tif,0.20379423,F
Model_16_G,chip_g2607.tif,0.2036975,F
Model_16_G,chip_g2607.tif,0.20358527,F
Model_16_G,chip_g2607.tif,0.2035331,F
Model_16_G,chip_g2607.tif,0.20339105,F
Model_16_G,chip_g2607.tif,0.20289859,F
Model_16_G,chip_g2607.tif,0.20278293,F
Model_16_G,chip_g2607.tif,0.20207787,F
Model_16_G,chip_g2607.tif,0.20193587,F
Model_16_G,chip_g2607.tif,0.20120591,F
Model_16_G,chip_g2607.tif,0.20040251,F
Model_16_G,chip_g2635.tif,0.2808791,T
Model_16_G,chip_g2635.tif,0.26177847,T
Model_16_G,chip_g2635.tif,0.20807745,F
Model_16_G,chip_g2635.tif,0.20781197,F
Model_16_G,chip_g2635.tif,0.20722541,F
Model_16_G,chip_g2635.tif,0.20536852,F
Model_16_G,chip_g2642.tif,0.2619134,T
Model_16_G,chip_g2642.tif,0.2602352,F
Model_16_G,chip_g2642.tif,0.25634623,T
Model_16_G,chip_g2642.tif,0.25555173,F
Model_16_G,chip_g2642.tif,0.24936154,T
Model_16_G,chip_g2642.tif,0.24808705,F
Model_16_G,chip_g2642.tif,0.24784145,T
Model_16_G,chip_g2642.tif,0.2451235,F
Model_16_G,chip_g2642.tif,0.24491987,F
Model_16_G,chip_g2642.tif,0.24328274,T
Model_16_G,chip_g2642.tif,0.24260178,F
Model_16_G,chip_g2642.tif,0.23959416,T
Model_16_G,chip_g2642.tif,0.238801,F
Model_16_G,chip_g2642.tif,0.23873383,T
Model_16_G,chip_g2642.tif,0.23863688,F
Model_16_G,chip_g2642.tif,0.23807143,F
Model_16_G,chip_g2642.tif,0.23765118,T
Model_16_G,chip_g2642.tif,0.23584124,F
Model_16_G,chip_g2642.tif,0.23353457,F
Model_16_G,chip_g2642.tif,0.23345289,F
Model_16_G,chip_g2642.tif,0.23319331,F
Model_16_G,chip_g2642.tif,0.23156202,F
Model_16_G,chip_g2642.tif,0.22985807,F
Model_16_G,chip_g2642.tif,0.22786972,F
Model_16_G,chip_g2642.tif,0.22721481,F
Model_16_G,chip_g2642.tif,0.22658215,F
Model_16_G,chip_g2642.tif,0.22641768,F
Model_16_G,chip_g2642.tif,0.2261187,F
Model_16_G,chip_g2642.tif,0.22561432,F
Model_16_G,chip_g2642.tif,0.22550113,F
Model_16_G,chip_g2642.tif,0.22424126,F
Model_16_G,chip_g2642.tif,0.2237755,F
Model_16_G,chip_g2642.tif,0.22341211,F
Model_16_G,chip_g2642.tif,0.2230576,F
Model_16_G,chip_g2642.tif,0.22305477,F
Model_16_G,chip_g2647.tif,0.2687524,T
Model_16_G,chip_g2647.tif,0.26470265,F
Model_16_G,chip_g2647.tif,0.26299378,T
Model_16_G,chip_g2647.tif,0.25777918,T
Model_16_G,chip_g2647.tif,0.25303498,T
Model_16_G,chip_g2647.tif,0.25231865,F
Model_16_G,chip_g2647.tif,0.24954006,T
Model_16_G,chip_g2647.tif,0.24751134,T
Model_16_G,chip_g2647.tif,0.2466726,F
Model_16_G,chip_g2647.tif,0.24573024,F
Model_16_G,chip_g2647.tif,0.24554488,F
Model_16_G,chip_g2647.tif,0.24345316,F
Model_16_G,chip_g2647.tif,0.24256045,T
Model_16_G,chip_g2647.tif,0.2417831,F
Model_16_G,chip_g2647.tif,0.24094273,F
Model_16_G,chip_g2647.tif,0.23993474,F
Model_16_G,chip_g2647.tif,0.2395201,T
Model_16_G,chip_g2647.tif,0.23900235,F
Model_16_G,chip_g2647.tif,0.2388926,F
Model_16_G,chip_g2647.tif,0.23880175,F
Model_16_G,chip_g2647.tif,0.23855017,T
Model_16_G,chip_g2647.tif,0.23817433,F
Model_16_G,chip_g2647.tif,0.23796433,F
Model_16_G,chip_g2647.tif,0.23756106,F
Model_16_G,chip_g2647.tif,0.23663226,F
Model_16_G,chip_g2647.tif,0.23606664,F
Model_16_G,chip_g2647.tif,0.23581403,F
Model_16_G,chip_g2647.tif,0.23576143,F
Model_16_G,chip_g2647.tif,0.23544404,F
Model_16_G,chip_g2647.tif,0.23528294,F
Model_16_G,chip_g2647.tif,0.23527686,F
Model_16_G,chip_g2647.tif,0.23426446,F
Model_16_G,chip_g2647.tif,0.23380758,F
Model_16_G,chip_g2647.tif,0.23373368,F
Model_16_G,chip_g2647.tif,0.23312166,F
Model_16_G,chip_g2647.tif,0.23311251,F
Model_16_G,chip_g2647.tif,0.23308727,F
Model_16_G,chip_g2647.tif,0.23284024,F
Model_16_G,chip_g2647.tif,0.23277064,F
Model_16_G,chip_g2647.tif,0.23229457,F
Model_16_G,chip_g2647.tif,0.23228054,F
Model_16_G,chip_g2647.tif,0.2321006,F
Model_16_G,chip_g2647.tif,0.23056315,F
Model_16_G,chip_g2647.tif,0.23049851,F
Model_16_G,chip_g2647.tif,0.23033658,F
Model_16_G,chip_g2647.tif,0.23025067,F
Model_16_G,chip_g2647.tif,0.22957055,F
Model_16_G,chip_g2647.tif,0.22926232,F
Model_16_G,chip_g2647.tif,0.22889502,F
Model_16_G,chip_g2647.tif,0.22768281,F
Model_16_G,chip_g2647.tif,0.22747573,F
Model_16_G,chip_g2647.tif,0.22739635,F
Model_16_G,chip_g2647.tif,0.22705705,F
Model_16_G,chip_g2647.tif,0.2268435,F
Model_16_G,chip_g2647.tif,0.22682688,F
Model_16_G,chip_g2647.tif,0.22655492,F
Model_16_G,chip_g2647.tif,0.22155292,F
Model_16_G,chip_g2647.tif,0.22017774,F
Model_16_G,chip_g2647.tif,0.21714383,F
Model_16_G,chip_g2647.tif,0.21279961,F
Model_16_G,chip_g2647.tif,0.21151616,F
Model_16_G,chip_g2647.tif,0.21125916,F
Model_16_G,chip_g2647.tif,0.21022438,F
Model_16_G,chip_g2647.tif,0.2100278,F
Model_16_G,chip_g2647.tif,0.20654653,F
Model_16_G,chip_g2647.tif,0.20504875,F
Model_16_G,chip_g265.tif,0.2402217,T
Model_16_G,chip_g2659.tif,0.4317126,T
Model_16_G,chip_g2659.tif,0.2723399,T
Model_16_G,chip_g2659.tif,0.21064395,F
Model_16_G,chip_g2659.tif,0.20649254,F
Model_16_G,chip_g2659.tif,0.20155784,T
Model_16_G,chip_g2667.tif,0.22798596,T
Model_16_G,chip_g2667.tif,0.20423552,T
Model_16_G,chip_g2667.tif,0.20137088,F
Model_16_G,chip_g2671.tif,0.7963477,T
Model_16_G,chip_g268.tif,0.24308269,T
Model_16_G,chip_g269.tif,0.2748416,T
Model_16_G,chip_g269.tif,0.24876663,T
Model_16_G,chip_g269.tif,0.23226273,F
Model_16_G,chip_g269.tif,0.22949448,T
Model_16_G,chip_g269.tif,0.22578053,T
Model_16_G,chip_g269.tif,0.22148037,F
Model_16_G,chip_g269.tif,0.21704705,F
Model_16_G,chip_g269.tif,0.21644978,F
Model_16_G,chip_g269.tif,0.21572968,T
Model_16_G,chip_g269.tif,0.21267468,F
Model_16_G,chip_g269.tif,0.21023738,F
Model_16_G,chip_g269.tif,0.20115909,F
Model_16_G,chip_g273.tif,0.34697437,T
Model_16_G,chip_g273.tif,0.23327543,T
Model_16_G,chip_g274.tif,0.5122907,T
Model_16_G,chip_g274.tif,0.3304786,T
Model_16_G,chip_g274.tif,0.31795523,T
Model_16_G,chip_g278.tif,0.35769495,T
Model_16_G,chip_g278.tif,0.3211844,T
Model_16_G,chip_g278.tif,0.31627396,T
Model_16_G,chip_g278.tif,0.2017039,T
Model_16_G,chip_g283.tif,0.9896207,T
Model_16_G,chip_g286.tif,0.8755079,T
Model_16_G,chip_g286.tif,0.6301014,T
Model_16_G,chip_g309.tif,0.63688374,T
Model_16_G,chip_g309.tif,0.5138068,T
Model_16_G,chip_g309.tif,0.33783567,T
Model_16_G,chip_g324.tif,0.26798102,T
Model_16_G,chip_g324.tif,0.24128869,F
Model_16_G,chip_g324.tif,0.24005115,F
Model_16_G,chip_g324.tif,0.23916346,T
Model_16_G,chip_g324.tif,0.23517042,F
Model_16_G,chip_g324.tif,0.2341202,F
Model_16_G,chip_g324.tif,0.23383147,F
Model_16_G,chip_g324.tif,0.2337992,F
Model_16_G,chip_g324.tif,0.23250705,F
Model_16_G,chip_g324.tif,0.2322836,F
Model_16_G,chip_g324.tif,0.23193136,F
Model_16_G,chip_g324.tif,0.23189859,F
Model_16_G,chip_g324.tif,0.2317108,F
Model_16_G,chip_g324.tif,0.23017536,F
Model_16_G,chip_g324.tif,0.22953717,F
Model_16_G,chip_g324.tif,0.22915132,F
Model_16_G,chip_g324.tif,0.22908048,F
Model_16_G,chip_g324.tif,0.22906199,F
Model_16_G,chip_g324.tif,0.22730342,F
Model_16_G,chip_g324.tif,0.22686423,F
Model_16_G,chip_g324.tif,0.22496957,F
Model_16_G,chip_g324.tif,0.22401135,F
Model_16_G,chip_g324.tif,0.22393486,T
Model_16_G,chip_g324.tif,0.22364044,F
Model_16_G,chip_g324.tif,0.2229953,F
Model_16_G,chip_g324.tif,0.22296321,F
Model_16_G,chip_g324.tif,0.22206032,F
Model_16_G,chip_g324.tif,0.22032195,F
Model_16_G,chip_g324.tif,0.21968119,F
Model_16_G,chip_g324.tif,0.21951582,T
Model_16_G,chip_g324.tif,0.21936643,F
Model_16_G,chip_g324.tif,0.2189106,F
Model_16_G,chip_g324.tif,0.2188151,T
Model_16_G,chip_g324.tif,0.21829648,F
Model_16_G,chip_g324.tif,0.21799676,F
Model_16_G,chip_g324.tif,0.2179115,F
Model_16_G,chip_g324.tif,0.21751711,F
Model_16_G,chip_g324.tif,0.21741495,T
Model_16_G,chip_g324.tif,0.2164377,F
Model_16_G,chip_g324.tif,0.21637289,F
Model_16_G,chip_g324.tif,0.21623638,F
Model_16_G,chip_g324.tif,0.21608773,F
Model_16_G,chip_g324.tif,0.2151054,F
Model_16_G,chip_g324.tif,0.21398297,F
Model_16_G,chip_g324.tif,0.21354942,F
Model_16_G,chip_g324.tif,0.21337369,F
Model_16_G,chip_g324.tif,0.2130792,T
Model_16_G,chip_g324.tif,0.21144094,F
Model_16_G,chip_g324.tif,0.21132258,F
Model_16_G,chip_g324.tif,0.21078816,F
Model_16_G,chip_g324.tif,0.21028264,T
Model_16_G,chip_g324.tif,0.21006404,F
Model_16_G,chip_g324.tif,0.2100186,F
Model_16_G,chip_g324.tif,0.20959672,F
Model_16_G,chip_g324.tif,0.20955662,F
Model_16_G,chip_g324.tif,0.20955262,F
Model_16_G,chip_g324.tif,0.20933922,T
Model_16_G,chip_g324.tif,0.20862444,F
Model_16_G,chip_g324.tif,0.20824035,F
Model_16_G,chip_g324.tif,0.2081206,F
Model_16_G,chip_g324.tif,0.20809749,F
Model_16_G,chip_g324.tif,0.20784903,F
Model_16_G,chip_g324.tif,0.20774902,F
Model_16_G,chip_g324.tif,0.20773426,F
Model_16_G,chip_g324.tif,0.20767274,F
Model_16_G,chip_g324.tif,0.20691934,F
Model_16_G,chip_g324.tif,0.20688246,F
Model_16_G,chip_g324.tif,0.20669049,F
Model_16_G,chip_g324.tif,0.2063616,F
Model_16_G,chip_g324.tif,0.2063466,F
Model_16_G,chip_g324.tif,0.2056705,F
Model_16_G,chip_g324.tif,0.20521113,T
Model_16_G,chip_g324.tif,0.20494166,F
Model_16_G,chip_g324.tif,0.20452215,F
Model_16_G,chip_g324.tif,0.2039196,F
Model_16_G,chip_g324.tif,0.2038598,F
Model_16_G,chip_g324.tif,0.20285283,F
Model_16_G,chip_g324.tif,0.20264596,F
Model_16_G,chip_g324.tif,0.20263542,F
Model_16_G,chip_g324.tif,0.20226549,F
Model_16_G,chip_g324.tif,0.20220855,F
Model_16_G,chip_g324.tif,0.20187797,F
Model_16_G,chip_g324.tif,0.20156345,F
Model_16_G,chip_g324.tif,0.20154844,F
Model_16_G,chip_g324.tif,0.20109808,F
Model_16_G,chip_g324.tif,0.20107494,F
Model_16_G,chip_g324.tif,0.20087074,F
Model_16_G,chip_g324.tif,0.20084384,F
Model_16_G,chip_g324.tif,0.20010808,F
Model_16_G,chip_g329.tif,0.80685866,T
Model_16_G,chip_g329.tif,0.5555505,T
Model_16_G,chip_g329.tif,0.5505631,T
Model_16_G,chip_g330.tif,0.994531,T
Model_16_G,chip_g337.tif,0.7194903,F
Model_16_G,chip_g338.tif,0.9995227,T
Model_16_G,chip_g339.tif,0.9988104,T
Model_16_G,chip_g350.tif,0.9967604,T
Model_16_G,chip_g358.tif,0.993359,T
Model_16_G,chip_g375.tif,0.9716411,T
Model_16_G,chip_g385.tif,0.27719262,T
Model_16_G,chip_g385.tif,0.21233857,F
Model_16_G,chip_g425.tif,0.2675107,T
Model_16_G,chip_g425.tif,0.25543776,T
Model_16_G,chip_g425.tif,0.24987231,T
Model_16_G,chip_g425.tif,0.24771468,T
Model_16_G,chip_g425.tif,0.24637505,F
Model_16_G,chip_g425.tif,0.24517915,T
Model_16_G,chip_g425.tif,0.2437483,F
Model_16_G,chip_g425.tif,0.24356733,F
Model_16_G,chip_g425.tif,0.24298318,T
Model_16_G,chip_g425.tif,0.24267848,F
Model_16_G,chip_g425.tif,0.24114352,T
Model_16_G,chip_g425.tif,0.24073927,T
Model_16_G,chip_g425.tif,0.24027765,F
Model_16_G,chip_g425.tif,0.2399514,F
Model_16_G,chip_g425.tif,0.23972547,F
Model_16_G,chip_g425.tif,0.23962964,T
Model_16_G,chip_g425.tif,0.23944134,F
Model_16_G,chip_g425.tif,0.2385214,F
Model_16_G,chip_g425.tif,0.23827375,F
Model_16_G,chip_g425.tif,0.23819208,F
Model_16_G,chip_g425.tif,0.23801798,T
Model_16_G,chip_g425.tif,0.23758373,T
Model_16_G,chip_g425.tif,0.23746178,F
Model_16_G,chip_g425.tif,0.2374046,F
Model_16_G,chip_g425.tif,0.23702642,F
Model_16_G,chip_g425.tif,0.23668097,F
Model_16_G,chip_g425.tif,0.23607834,F
Model_16_G,chip_g425.tif,0.23603502,F
Model_16_G,chip_g425.tif,0.23589736,T
Model_16_G,chip_g425.tif,0.23553556,F
Model_16_G,chip_g425.tif,0.2353952,F
Model_16_G,chip_g425.tif,0.23524971,T
Model_16_G,chip_g425.tif,0.23464088,T
Model_16_G,chip_g425.tif,0.23416169,F
Model_16_G,chip_g425.tif,0.23408292,F
Model_16_G,chip_g425.tif,0.23390113,F
Model_16_G,chip_g425.tif,0.23371732,F
Model_16_G,chip_g425.tif,0.2336881,F
Model_16_G,chip_g425.tif,0.23340754,T
Model_16_G,chip_g425.tif,0.23256321,F
Model_16_G,chip_g425.tif,0.23222077,T
Model_16_G,chip_g425.tif,0.23183373,F
Model_16_G,chip_g425.tif,0.23139527,F
Model_16_G,chip_g425.tif,0.23138224,F
Model_16_G,chip_g425.tif,0.23102789,F
Model_16_G,chip_g425.tif,0.23044981,F
Model_16_G,chip_g425.tif,0.22977097,F
Model_16_G,chip_g425.tif,0.22975816,F
Model_16_G,chip_g425.tif,0.22968757,F
Model_16_G,chip_g425.tif,0.22955605,F
Model_16_G,chip_g425.tif,0.22934227,F
Model_16_G,chip_g425.tif,0.22925347,F
Model_16_G,chip_g425.tif,0.22918005,F
Model_16_G,chip_g425.tif,0.22852908,F
Model_16_G,chip_g425.tif,0.22850496,F
Model_16_G,chip_g425.tif,0.22832815,F
Model_16_G,chip_g425.tif,0.22762541,F
Model_16_G,chip_g425.tif,0.22743393,F
Model_16_G,chip_g425.tif,0.22734518,F
Model_16_G,chip_g425.tif,0.22732548,F
Model_16_G,chip_g425.tif,0.22713426,F
Model_16_G,chip_g425.tif,0.22709325,F
Model_16_G,chip_g425.tif,0.22668806,F
Model_16_G,chip_g425.tif,0.22658165,F
Model_16_G,chip_g425.tif,0.22652616,F
Model_16_G,chip_g425.tif,0.22600688,F
Model_16_G,chip_g425.tif,0.22597156,T
Model_16_G,chip_g425.tif,0.225677,T
Model_16_G,chip_g425.tif,0.22543013,F
Model_16_G,chip_g425.tif,0.2251558,T
Model_16_G,chip_g425.tif,0.22514845,F
Model_16_G,chip_g425.tif,0.22497436,F
Model_16_G,chip_g425.tif,0.22448248,F
Model_16_G,chip_g425.tif,0.22444053,F
Model_16_G,chip_g425.tif,0.22441395,F
Model_16_G,chip_g425.tif,0.22436276,F
Model_16_G,chip_g425.tif,0.22422409,F
Model_16_G,chip_g425.tif,0.2234711,F
Model_16_G,chip_g425.tif,0.22344649,F
Model_16_G,chip_g425.tif,0.22338013,F
Model_16_G,chip_g425.tif,0.22331624,F
Model_16_G,chip_g425.tif,0.22324853,F
Model_16_G,chip_g425.tif,0.22314818,F
Model_16_G,chip_g425.tif,0.22300938,F
Model_16_G,chip_g425.tif,0.22292489,F
Model_16_G,chip_g425.tif,0.22236148,F
Model_16_G,chip_g425.tif,0.22234133,F
Model_16_G,chip_g425.tif,0.22233805,F
Model_16_G,chip_g425.tif,0.21963538,F
Model_16_G,chip_g425.tif,0.2129519,F
Model_16_G,chip_g425.tif,0.21214034,F
Model_16_G,chip_g425.tif,0.20576932,F
Model_16_G,chip_g425.tif,0.20225053,F
Model_16_G,chip_g425.tif,0.20013757,F
Model_16_G,chip_g485.tif,0.29715577,T
Model_16_G,chip_g489.tif,0.2443859,T
Model_16_G,chip_g489.tif,0.2364661,T
Model_16_G,chip_g489.tif,0.23577258,T
Model_16_G,chip_g489.tif,0.22899747,F
Model_16_G,chip_g489.tif,0.22802524,T
Model_16_G,chip_g489.tif,0.22799665,F
Model_16_G,chip_g489.tif,0.22640641,F
Model_16_G,chip_g489.tif,0.22548006,F
Model_16_G,chip_g489.tif,0.22540708,F
Model_16_G,chip_g489.tif,0.2252766,T
Model_16_G,chip_g489.tif,0.22520463,F
Model_16_G,chip_g489.tif,0.22497375,T
Model_16_G,chip_g489.tif,0.22297679,F
Model_16_G,chip_g489.tif,0.22273706,F
Model_16_G,chip_g489.tif,0.22089176,F
Model_16_G,chip_g489.tif,0.22007057,F
Model_16_G,chip_g489.tif,0.2199776,F
Model_16_G,chip_g489.tif,0.21935403,F
Model_16_G,chip_g489.tif,0.21906888,T
Model_16_G,chip_g489.tif,0.21725875,F
Model_16_G,chip_g489.tif,0.21632543,F
Model_16_G,chip_g489.tif,0.21631938,F
Model_16_G,chip_g489.tif,0.2160195,F
Model_16_G,chip_g489.tif,0.21585283,F
Model_16_G,chip_g489.tif,0.215691,F
Model_16_G,chip_g489.tif,0.21529151,F
Model_16_G,chip_g489.tif,0.2145874,F
Model_16_G,chip_g489.tif,0.2145234,F
Model_16_G,chip_g489.tif,0.2141707,F
Model_16_G,chip_g489.tif,0.21399917,F
Model_16_G,chip_g489.tif,0.21343666,F
Model_16_G,chip_g489.tif,0.21306205,F
Model_16_G,chip_g489.tif,0.21185014,F
Model_16_G,chip_g489.tif,0.21096264,F
Model_16_G,chip_g489.tif,0.21091254,F
Model_16_G,chip_g489.tif,0.20927064,F
Model_16_G,chip_g489.tif,0.20881255,T
Model_16_G,chip_g489.tif,0.20864715,F
Model_16_G,chip_g489.tif,0.20856005,F
Model_16_G,chip_g489.tif,0.20852336,F
Model_16_G,chip_g489.tif,0.20756748,F
Model_16_G,chip_g489.tif,0.20748213,F
Model_16_G,chip_g489.tif,0.207341,F
Model_16_G,chip_g489.tif,0.20660384,F
Model_16_G,chip_g489.tif,0.20638852,F
Model_16_G,chip_g489.tif,0.20556027,F
Model_16_G,chip_g489.tif,0.20450129,F
Model_16_G,chip_g489.tif,0.20418686,F
Model_16_G,chip_g489.tif,0.20366362,F
Model_16_G,chip_g489.tif,0.20325693,F
Model_16_G,chip_g489.tif,0.20324536,F
Model_16_G,chip_g489.tif,0.2030383,F
Model_16_G,chip_g489.tif,0.20257576,F
Model_16_G,chip_g489.tif,0.20223847,F
Model_16_G,chip_g489.tif,0.20107478,F
Model_16_G,chip_g489.tif,0.20103867,F
Model_16_G,chip_g489.tif,0.20077327,F
Model_16_G,chip_g489.tif,0.2006778,F
Model_16_G,chip_g489.tif,0.20004922,F
Model_16_G,chip_g497.tif,0.22581658,T
Model_16_G,chip_g497.tif,0.22290635,T
Model_16_G,chip_g497.tif,0.21312825,F
Model_16_G,chip_g497.tif,0.21063483,F
Model_16_G,chip_g497.tif,0.20915408,F
Model_16_G,chip_g803.tif,0.2378955,F
Model_16_G,chip_g803.tif,0.22468211,F
Model_16_G,chip_g803.tif,0.22296317,F
Model_16_G,chip_g803.tif,0.22295257,F
Model_16_G,chip_g803.tif,0.21912654,F
Model_16_G,chip_g803.tif,0.21694237,F
Model_16_G,chip_g803.tif,0.2168823,T
Model_16_G,chip_g803.tif,0.21277075,F
Model_16_G,chip_g803.tif,0.21097,F
Model_16_G,chip_g803.tif,0.21036243,F
Model_16_G,chip_g803.tif,0.20805624,F
Model_16_G,chip_g803.tif,0.20799172,F
Model_16_G,chip_g803.tif,0.20791513,F
Model_16_G,chip_g803.tif,0.20746987,T
Model_16_G,chip_g803.tif,0.20745699,F
Model_16_G,chip_g803.tif,0.20718141,F
Model_16_G,chip_g803.tif,0.20694417,F
Model_16_G,chip_g803.tif,0.20666529,F
Model_16_G,chip_g803.tif,0.20596415,F
Model_16_G,chip_g803.tif,0.20274103,F
Model_16_G,chip_g803.tif,0.20247011,F
Model_16_G,chip_g803.tif,0.20164545,F
Model_16_G,chip_g803.tif,0.20048998,F
Model_16_G,chip_g803.tif,0.2001798,F
Model_16_G,chip_g803.tif,0.20011237,F
Model_16_G,chip_g806.tif,0.24162969,T
Model_16_G,chip_g806.tif,0.23523775,F
Model_16_G,chip_g806.tif,0.22088188,F
Model_16_G,chip_g806.tif,0.21806608,T
Model_16_G,chip_g806.tif,0.20989999,F
Model_16_G,chip_g806.tif,0.20574757,F
Model_16_G,chip_g807.tif,0.25047448,F
Model_16_G,chip_g807.tif,0.2330675,T
Model_16_G,chip_g807.tif,0.22724311,F
Model_16_G,chip_g807.tif,0.22232251,F
Model_16_G,chip_g807.tif,0.21680087,F
Model_16_G,chip_g807.tif,0.2105955,F
Model_16_G,chip_g807.tif,0.20768109,F
Model_16_G,chip_g807.tif,0.20720513,F
Model_16_G,chip_g807.tif,0.20644553,F
Model_16_G,chip_g810.tif,0.3416966,F
Model_16_G,chip_g810.tif,0.31303382,F
Model_16_G,chip_g810.tif,0.26875874,F
Model_16_G,chip_g810.tif,0.24332027,F
Model_16_G,chip_g810.tif,0.2414427,F
Model_16_G,chip_g810.tif,0.23992726,F
Model_16_G,chip_g810.tif,0.23699649,F
Model_16_G,chip_g810.tif,0.23586795,F
Model_16_G,chip_g810.tif,0.23426656,F
Model_16_G,chip_g810.tif,0.2333324,F
Model_16_G,chip_g810.tif,0.23242062,F
Model_16_G,chip_g810.tif,0.22827685,T
Model_16_G,chip_g810.tif,0.22813566,F
Model_16_G,chip_g810.tif,0.22703837,F
Model_16_G,chip_g810.tif,0.22574757,F
Model_16_G,chip_g810.tif,0.22499368,F
Model_16_G,chip_g810.tif,0.22410989,F
Model_16_G,chip_g810.tif,0.22275984,F
Model_16_G,chip_g810.tif,0.22000112,F
Model_16_G,chip_g810.tif,0.2198162,F
Model_16_G,chip_g810.tif,0.21866727,F
Model_16_G,chip_g810.tif,0.21759786,F
Model_16_G,chip_g810.tif,0.21696553,F
Model_16_G,chip_g810.tif,0.21588477,T
Model_16_G,chip_g810.tif,0.2146819,F
Model_16_G,chip_g810.tif,0.21439476,F
Model_16_G,chip_g810.tif,0.21421722,F
Model_16_G,chip_g810.tif,0.21345569,F
Model_16_G,chip_g810.tif,0.21271528,F
Model_16_G,chip_g810.tif,0.21201485,F
Model_16_G,chip_g810.tif,0.21126328,F
Model_16_G,chip_g810.tif,0.2102696,F
Model_16_G,chip_g810.tif,0.20917982,F
Model_16_G,chip_g810.tif,0.20823514,F
Model_16_G,chip_g810.tif,0.20733215,F
Model_16_G,chip_g810.tif,0.20728052,F
Model_16_G,chip_g810.tif,0.2056974,T
Model_16_G,chip_g810.tif,0.20563412,F
Model_16_G,chip_g810.tif,0.20485848,F
Model_16_G,chip_g810.tif,0.20445687,F
Model_16_G,chip_g810.tif,0.20362194,F
Model_16_G,chip_g810.tif,0.20339054,F
Model_16_G,chip_g810.tif,0.2033169,F
Model_16_G,chip_g810.tif,0.20280425,F
Model_16_G,chip_g810.tif,0.20268713,F
Model_16_G,chip_g810.tif,0.20208028,F
Model_16_G,chip_g810.tif,0.20174226,F
Model_16_G,chip_g810.tif,0.20045893,F
Model_16_G,chip_g810.tif,0.20043449,F
Model_16_G,chip_g810.tif,0.20031601,F
Model_16_G,chip_g810.tif,0.20011106,F
Model_16_G,chip_g825.tif,0.21132207,F
Model_16_G,chip_g825.tif,0.21086667,F
Model_16_G,chip_g825.tif,0.20878744,F
Model_16_G,chip_g825.tif,0.20839225,F
Model_16_G,chip_g825.tif,0.20637788,F
Model_16_G,chip_g825.tif,0.20445186,F
Model_16_G,chip_g825.tif,0.20233573,F
Model_16_G,chip_g825.tif,0.20108114,F
Model_16_G,chip_g825.tif,0.20012109,F
Model_16_G,chip_g865.tif,0.23470917,F
Model_16_G,chip_g865.tif,0.22747226,F
Model_16_G,chip_g865.tif,0.21617629,F
Model_16_G,chip_g865.tif,0.21381725,F
Model_16_G,chip_g865.tif,0.21016966,F
Model_16_G,chip_g865.tif,0.20684536,F
Model_16_G,chip_g889.tif,0.23347946,F
Model_16_G,chip_g889.tif,0.23139514,F
Model_16_G,chip_g889.tif,0.23053667,F
Model_16_G,chip_g889.tif,0.22964942,F
Model_16_G,chip_g889.tif,0.22463793,F
Model_16_G,chip_g889.tif,0.22146794,F
Model_16_G,chip_g889.tif,0.21910991,F
Model_16_G,chip_g889.tif,0.21700196,F
Model_16_G,chip_g889.tif,0.21646479,F
Model_16_G,chip_g889.tif,0.21605872,F
Model_16_G,chip_g889.tif,0.21523888,F
Model_16_G,chip_g889.tif,0.21329862,F
Model_16_G,chip_g889.tif,0.21315894,F
Model_16_G,chip_g889.tif,0.21236049,F
Model_16_G,chip_g889.tif,0.2110515,F
Model_16_G,chip_g889.tif,0.21058841,F
Model_16_G,chip_g889.tif,0.20941801,F
Model_16_G,chip_g889.tif,0.20940082,F
Model_16_G,chip_g889.tif,0.20839833,F
Model_16_G,chip_g889.tif,0.20822997,F
Model_16_G,chip_g889.tif,0.20696124,F
Model_16_G,chip_g889.tif,0.20654163,F
Model_16_G,chip_g889.tif,0.20650972,F
Model_16_G,chip_g889.tif,0.206434,F
Model_16_G,chip_g889.tif,0.20608431,F
Model_16_G,chip_g889.tif,0.20588727,T
Model_16_G,chip_g889.tif,0.2055129,F
Model_16_G,chip_g889.tif,0.2050057,F
Model_16_G,chip_g889.tif,0.20444317,F
Model_16_G,chip_g889.tif,0.20420659,F
Model_16_G,chip_g889.tif,0.2039016,F
Model_16_G,chip_g889.tif,0.2017095,F
Model_16_G,chip_g889.tif,0.20170626,F
Model_16_G,chip_g889.tif,0.20160154,F
Model_16_G,chip_g889.tif,0.20031823,F
Model_16_G,chip_g905.tif,0.22237538,F
Model_16_G,chip_g905.tif,0.22141929,F
Model_16_G,chip_g905.tif,0.21263458,F
Model_16_G,chip_g905.tif,0.20586579,F
Model_16_G,chip_g905.tif,0.20553878,T
Model_16_G,chip_g905.tif,0.20546101,F
Model_16_G,chip_g906.tif,0.46308056,T
Model_16_G,chip_g906.tif,0.2834876,F
Model_16_G,chip_g906.tif,0.20285803,F
Model_16_G,chip_g925.tif,0.9126971,T
Model_16_G,chip_g925.tif,0.7973657,T
Model_16_G,chip_g925.tif,0.78345495,T
Model_16_G,chip_g930.tif,0.55475104,T
Model_16_G,chip_g930.tif,0.5513044,T
Model_16_G,chip_g930.tif,0.21599485,T
Model_16_G,chip_g946.tif,0.22637926,F
Model_16_G,chip_g946.tif,0.22087795,F
Model_16_G,chip_g946.tif,0.21510799,F
Model_16_G,chip_g946.tif,0.21074806,F
Model_16_G,chip_g946.tif,0.21007176,F
Model_16_G,chip_g946.tif,0.20981888,F
Model_16_G,chip_g946.tif,0.20971861,F
Model_16_G,chip_g946.tif,0.20623048,F
Model_16_G,chip_g946.tif,0.20611428,F
Model_16_G,chip_g946.tif,0.20130372,F
Model_16_G,chip_g949.tif,0.25163424,F
Model_16_G,chip_g949.tif,0.24849364,F
Model_16_G,chip_g949.tif,0.24839203,F
Model_16_G,chip_g949.tif,0.24603716,F
Model_16_G,chip_g949.tif,0.24575964,F
Model_16_G,chip_g949.tif,0.24371095,F
Model_16_G,chip_g949.tif,0.24295743,F
Model_16_G,chip_g949.tif,0.24281706,T
Model_16_G,chip_g949.tif,0.24249081,F
Model_16_G,chip_g949.tif,0.24238953,F
Model_16_G,chip_g949.tif,0.2418002,F
Model_16_G,chip_g949.tif,0.2415459,F
Model_16_G,chip_g949.tif,0.24098954,F
Model_16_G,chip_g949.tif,0.23773052,F
Model_16_G,chip_g949.tif,0.23765826,F
Model_16_G,chip_g949.tif,0.2373603,F
Model_16_G,chip_g949.tif,0.23727748,F
Model_16_G,chip_g949.tif,0.23714639,F
Model_16_G,chip_g949.tif,0.23706633,F
Model_16_G,chip_g949.tif,0.23653825,F
Model_16_G,chip_g949.tif,0.23614307,F
Model_16_G,chip_g949.tif,0.23604521,F
Model_16_G,chip_g949.tif,0.2349062,F
Model_16_G,chip_g949.tif,0.23456533,F
Model_16_G,chip_g949.tif,0.23447022,F
Model_16_G,chip_g949.tif,0.23446918,T
Model_16_G,chip_g949.tif,0.23423831,F
Model_16_G,chip_g949.tif,0.23416941,F
Model_16_G,chip_g949.tif,0.23379238,F
Model_16_G,chip_g949.tif,0.233128,F
Model_16_G,chip_g949.tif,0.23283759,F
Model_16_G,chip_g949.tif,0.2327209,F
Model_16_G,chip_g949.tif,0.23224625,F
Model_16_G,chip_g949.tif,0.23221691,F
Model_16_G,chip_g949.tif,0.23214695,F
Model_16_G,chip_g949.tif,0.23146778,F
Model_16_G,chip_g949.tif,0.2312931,F
Model_16_G,chip_g949.tif,0.23103374,F
Model_16_G,chip_g949.tif,0.23094757,F
Model_16_G,chip_g949.tif,0.23028126,F
Model_16_G,chip_g949.tif,0.22960962,F
Model_16_G,chip_g949.tif,0.22920378,F
Model_16_G,chip_g949.tif,0.22880918,F
Model_16_G,chip_g949.tif,0.22865662,F
Model_16_G,chip_g949.tif,0.22824286,F
Model_16_G,chip_g949.tif,0.22813633,F
Model_16_G,chip_g949.tif,0.22790994,F
Model_16_G,chip_g949.tif,0.22780535,F
Model_16_G,chip_g949.tif,0.2276051,F
Model_16_G,chip_g949.tif,0.22710153,F
Model_16_G,chip_g949.tif,0.22687958,F
Model_16_G,chip_g949.tif,0.22669709,F
Model_16_G,chip_g949.tif,0.22658327,F
Model_16_G,chip_g949.tif,0.2264818,F
Model_16_G,chip_g949.tif,0.226074,F
Model_16_G,chip_g949.tif,0.22558643,F
Model_16_G,chip_g949.tif,0.22557063,F
Model_16_G,chip_g949.tif,0.22556978,F
Model_16_G,chip_g949.tif,0.2254765,F
Model_16_G,chip_g949.tif,0.22497256,F
Model_16_G,chip_g949.tif,0.22492051,F
Model_16_G,chip_g949.tif,0.22487454,F
Model_16_G,chip_g949.tif,0.22482511,F
Model_16_G,chip_g949.tif,0.22465813,F
Model_16_G,chip_g949.tif,0.22443593,F
Model_16_G,chip_g949.tif,0.22443208,F
Model_16_G,chip_g949.tif,0.22440948,F
Model_16_G,chip_g949.tif,0.22433947,F
Model_16_G,chip_g949.tif,0.2241839,F
Model_16_G,chip_g949.tif,0.22405164,F
Model_16_G,chip_g949.tif,0.22386593,F
Model_16_G,chip_g949.tif,0.2237469,F
Model_16_G,chip_g949.tif,0.22371541,F
Model_16_G,chip_g949.tif,0.22361606,F
Model_16_G,chip_g949.tif,0.22342077,F
Model_16_G,chip_g949.tif,0.22320966,F
Model_16_G,chip_g949.tif,0.22320057,F
Model_16_G,chip_g949.tif,0.22306253,F
Model_16_G,chip_g949.tif,0.22296649,F
Model_16_G,chip_g949.tif,0.2228384,F
Model_16_G,chip_g949.tif,0.22258875,F
Model_16_G,chip_g949.tif,0.22242138,F
Model_16_G,chip_g949.tif,0.2223957,F
Model_16_G,chip_g949.tif,0.22236396,F
Model_16_G,chip_g949.tif,0.22218905,F
Model_16_G,chip_g949.tif,0.22214851,F
Model_16_G,chip_g949.tif,0.22197649,F
Model_16_G,chip_g949.tif,0.22196428,F
Model_16_G,chip_g949.tif,0.22191156,F
Model_16_G,chip_g949.tif,0.22187959,F
Model_16_G,chip_g949.tif,0.22163107,F
Model_16_G,chip_g949.tif,0.22155373,F
Model_16_G,chip_g949.tif,0.22154999,F
Model_16_G,chip_g949.tif,0.22118598,F
Model_16_G,chip_g949.tif,0.22117183,F
Model_16_G,chip_g949.tif,0.22113793,T
Model_16_G,chip_g949.tif,0.22101209,F
Model_16_G,chip_g949.tif,0.22099991,F
Model_16_G,chip_g949.tif,0.2209881,F
Model_16_G,chip_g949.tif,0.22089902,F
Model_16_G,chip_g949.tif,0.22082256,F
Model_16_G,chip_g949.tif,0.22064552,F
Model_16_G,chip_g949.tif,0.2206301,F
Model_16_G,chip_g949.tif,0.22058712,F
Model_16_G,chip_g949.tif,0.22055991,F
Model_16_G,chip_g949.tif,0.22048454,F
Model_16_G,chip_g949.tif,0.22045557,F
Model_16_G,chip_g949.tif,0.22029476,F
Model_16_G,chip_g949.tif,0.2201642,F
Model_16_G,chip_g949.tif,0.21995944,F
Model_16_G,chip_g949.tif,0.21976063,F
Model_16_G,chip_g949.tif,0.2194422,F
Model_16_G,chip_g949.tif,0.21918176,F
Model_16_G,chip_g949.tif,0.21914558,F
Model_16_G,chip_g949.tif,0.21906067,F
Model_16_G,chip_g949.tif,0.21876939,F
Model_16_G,chip_g949.tif,0.21843135,F
Model_16_G,chip_g949.tif,0.21842375,F
Model_16_G,chip_g949.tif,0.2181728,F
Model_16_G,chip_g949.tif,0.21788667,F
Model_16_G,chip_g949.tif,0.21776803,F
Model_16_G,chip_g949.tif,0.2177195,F
Model_16_G,chip_g949.tif,0.21752043,F
Model_16_G,chip_g949.tif,0.21735658,F
Model_16_G,chip_g949.tif,0.21722624,F
Model_16_G,chip_g949.tif,0.21721704,F
Model_16_G,chip_g949.tif,0.21635827,F
Model_16_G,chip_g949.tif,0.21631733,F
Model_16_G,chip_g949.tif,0.21619132,F
Model_16_G,chip_g949.tif,0.21613346,F
Model_16_G,chip_g949.tif,0.21605986,F
Model_16_G,chip_g949.tif,0.21601966,F
Model_16_G,chip_g949.tif,0.21581225,F
Model_16_G,chip_g949.tif,0.21571195,F
Model_16_G,chip_g949.tif,0.21566914,F
Model_16_G,chip_g949.tif,0.21565542,F
Model_16_G,chip_g949.tif,0.21553323,F
Model_16_G,chip_g949.tif,0.21530263,F
Model_16_G,chip_g949.tif,0.21526116,F
Model_16_G,chip_g949.tif,0.21511482,F
Model_16_G,chip_g949.tif,0.21511048,T
Model_16_G,chip_g949.tif,0.21503599,F
Model_16_G,chip_g949.tif,0.21503237,F
Model_16_G,chip_g949.tif,0.21485732,F
Model_16_G,chip_g949.tif,0.21478324,F
Model_16_G,chip_g949.tif,0.21471643,F
Model_16_G,chip_g949.tif,0.2147121,F
Model_16_G,chip_g949.tif,0.21468985,F
Model_16_G,chip_g949.tif,0.21452834,F
Model_16_G,chip_g949.tif,0.2144853,F
Model_16_G,chip_g949.tif,0.21429168,F
Model_16_G,chip_g949.tif,0.21426855,F
Model_16_G,chip_g949.tif,0.21407376,F
Model_16_G,chip_g949.tif,0.21400209,F
Model_16_G,chip_g949.tif,0.2138988,F
Model_16_G,chip_g949.tif,0.21389613,F
Model_16_G,chip_g949.tif,0.21380197,F
Model_16_G,chip_g949.tif,0.21336026,F
Model_16_G,chip_g949.tif,0.21328567,F
Model_16_G,chip_g949.tif,0.21317276,F
Model_16_G,chip_g949.tif,0.21313156,F
Model_16_G,chip_g949.tif,0.21302244,F
Model_16_G,chip_g949.tif,0.21293604,F
Model_16_G,chip_g949.tif,0.21290785,F
Model_16_G,chip_g949.tif,0.21289587,F
Model_16_G,chip_g949.tif,0.21281487,F
Model_16_G,chip_g949.tif,0.2127046,F
Model_16_G,chip_g949.tif,0.2126996,F
Model_16_G,chip_g949.tif,0.21261324,F
Model_16_G,chip_g949.tif,0.21256764,F
Model_16_G,chip_g949.tif,0.21253976,F
Model_16_G,chip_g949.tif,0.21253182,F
Model_16_G,chip_g949.tif,0.21247585,F
Model_16_G,chip_g949.tif,0.21242607,F
Model_16_G,chip_g949.tif,0.2123942,F
Model_16_G,chip_g949.tif,0.21215478,F
Model_16_G,chip_g949.tif,0.2120313,F
Model_16_G,chip_g949.tif,0.21199742,F
Model_16_G,chip_g949.tif,0.21191254,F
Model_16_G,chip_g949.tif,0.21169508,F
Model_16_G,chip_g949.tif,0.21127902,F
Model_16_G,chip_g949.tif,0.21113472,F
Model_16_G,chip_g949.tif,0.21105799,F
Model_16_G,chip_g949.tif,0.21095324,F
Model_16_G,chip_g949.tif,0.21077824,F
Model_16_G,chip_g949.tif,0.21066429,F
Model_16_G,chip_g949.tif,0.21066329,F
Model_16_G,chip_g949.tif,0.21023063,F
Model_16_G,chip_g949.tif,0.21018529,F
Model_16_G,chip_g949.tif,0.21015035,F
Model_16_G,chip_g949.tif,0.21005704,F
Model_16_G,chip_g949.tif,0.21005006,F
Model_16_G,chip_g949.tif,0.20997094,F
Model_16_G,chip_g949.tif,0.20993455,F
Model_16_G,chip_g949.tif,0.20974237,F
Model_16_G,chip_g949.tif,0.20964305,F
Model_16_G,chip_g949.tif,0.20956765,F
Model_16_G,chip_g949.tif,0.20955065,F
Model_16_G,chip_g949.tif,0.20949669,F
Model_16_G,chip_g949.tif,0.20944881,F
Model_16_G,chip_g949.tif,0.20931306,F
Model_16_G,chip_g949.tif,0.20921297,F
Model_16_G,chip_g949.tif,0.2091663,F
Model_16_G,chip_g949.tif,0.20905817,F
Model_16_G,chip_g949.tif,0.20903355,F
Model_16_G,chip_g949.tif,0.20889689,F
Model_16_G,chip_g949.tif,0.20885165,F
Model_16_G,chip_g949.tif,0.20869888,F
Model_16_G,chip_g949.tif,0.20869699,F
Model_16_G,chip_g949.tif,0.2086766,F
Model_16_G,chip_g949.tif,0.20856233,F
Model_16_G,chip_g949.tif,0.20852914,F
Model_16_G,chip_g949.tif,0.20852296,F
Model_16_G,chip_g949.tif,0.20842329,F
Model_16_G,chip_g949.tif,0.20819874,F
Model_16_G,chip_g949.tif,0.2081744,F
Model_16_G,chip_g949.tif,0.20815413,F
Model_16_G,chip_g949.tif,0.20807593,F
Model_16_G,chip_g949.tif,0.20802465,F
Model_16_G,chip_g949.tif,0.2079459,F
Model_16_G,chip_g949.tif,0.2079306,F
Model_16_G,chip_g949.tif,0.2078199,F
Model_16_G,chip_g949.tif,0.20781824,F
Model_16_G,chip_g949.tif,0.20752533,F
Model_16_G,chip_g949.tif,0.20747596,F
Model_16_G,chip_g949.tif,0.20736025,F
Model_16_G,chip_g949.tif,0.20735778,F
Model_16_G,chip_g949.tif,0.2073409,F
Model_16_G,chip_g949.tif,0.20730746,F
Model_16_G,chip_g949.tif,0.20727974,F
Model_16_G,chip_g949.tif,0.2072135,F
Model_16_G,chip_g949.tif,0.20718771,F
Model_16_G,chip_g949.tif,0.20716244,F
Model_16_G,chip_g949.tif,0.2070502,F
Model_16_G,chip_g949.tif,0.20691119,F
Model_16_G,chip_g949.tif,0.20682058,F
Model_16_G,chip_g949.tif,0.20650735,F
Model_16_G,chip_g949.tif,0.2064652,F
Model_16_G,chip_g949.tif,0.20624752,F
Model_16_G,chip_g949.tif,0.20611691,F
Model_16_G,chip_g949.tif,0.206044,F
Model_16_G,chip_g949.tif,0.20603901,F
Model_16_G,chip_g949.tif,0.2059874,F
Model_16_G,chip_g949.tif,0.205821,F
Model_16_G,chip_g949.tif,0.2057295,F
Model_16_G,chip_g949.tif,0.20571381,F
Model_16_G,chip_g949.tif,0.20562169,F
Model_16_G,chip_g949.tif,0.20544527,F
Model_16_G,chip_g949.tif,0.20539348,F
Model_16_G,chip_g949.tif,0.20533103,F
Model_16_G,chip_g949.tif,0.20509166,F
Model_16_G,chip_g949.tif,0.20492004,F
Model_16_G,chip_g949.tif,0.20483062,F
Model_16_G,chip_g949.tif,0.2048102,F
Model_16_G,chip_g949.tif,0.20473103,F
Model_16_G,chip_g949.tif,0.20456526,F
Model_16_G,chip_g949.tif,0.2043555,F
Model_16_G,chip_g949.tif,0.20428404,F
Model_16_G,chip_g949.tif,0.20411545,F
Model_16_G,chip_g949.tif,0.20407313,F
Model_16_G,chip_g949.tif,0.20404878,F
Model_16_G,chip_g949.tif,0.20404634,F
Model_16_G,chip_g949.tif,0.20392917,F
Model_16_G,chip_g949.tif,0.2036223,F
Model_16_G,chip_g949.tif,0.20355912,F
Model_16_G,chip_g949.tif,0.203463,F
Model_16_G,chip_g949.tif,0.20344958,F
Model_16_G,chip_g950.tif,0.4655211,F
Model_16_G,chip_g950.tif,0.20449114,F
Model_16_G,chip_g950.tif,0.20144421,F
Model_16_G,chip_g950.tif,0.20119305,F
Model_16_G,chip_g961.tif,0.2263261,F
Model_16_G,chip_g961.tif,0.22337799,T
Model_16_G,chip_g961.tif,0.22044405,F
Model_16_G,chip_g961.tif,0.21872531,F
Model_16_G,chip_g961.tif,0.2090932,F
Model_16_G,chip_g961.tif,0.20850632,F
Model_16_G,chip_g961.tif,0.20654534,F
Model_16_G,chip_g961.tif,0.20471062,F
Model_16_G,chip_g961.tif,0.20296277,F
Model_16_G,chip_g961.tif,0.20205946,F
Model_16_G,chip_g967.tif,0.25066686,T
Model_16_G,chip_g967.tif,0.23597664,T
Model_16_G,chip_g967.tif,0.23142834,F
Model_16_G,chip_g967.tif,0.22628388,T
Model_16_G,chip_g967.tif,0.22527717,F
Model_16_G,chip_g967.tif,0.22167255,F
Model_16_G,chip_g967.tif,0.22028936,F
Model_16_G,chip_g967.tif,0.21906154,F
Model_16_G,chip_g967.tif,0.21891993,F
Model_16_G,chip_g967.tif,0.21347526,F
Model_16_G,chip_g967.tif,0.2133493,F
Model_16_G,chip_g967.tif,0.213332,F
Model_16_G,chip_g967.tif,0.21330817,F
Model_16_G,chip_g967.tif,0.21014471,F
Model_16_G,chip_g967.tif,0.20878944,F
Model_16_G,chip_g967.tif,0.20684776,F
Model_16_G,chip_g967.tif,0.20420606,F
Model_16_G,chip_g967.tif,0.20404996,T
Model_16_G,chip_g967.tif,0.20298097,F
Model_16_G,chip_g967.tif,0.20224835,F
Model_16_G,chip_g967.tif,0.20036837,F
Model_16_G,chip_g967.tif,0.20036244,F
Model_16_G,chip_g990.tif,0.20271215,T
Model_16_G,chip_g999.tif,0.30216137,T
Model_16_G,chip_g999.tif,0.25181308,T
Model_16_G,chip_g999.tif,0.24918494,F
Model_16_G,chip_g999.tif,0.24855252,F
Model_16_G,chip_g999.tif,0.2472835,T
Model_16_G,chip_g999.tif,0.2471285,F
Model_16_G,chip_g999.tif,0.24660268,F
Model_16_G,chip_g999.tif,0.24629477,T
Model_16_G,chip_g999.tif,0.24523038,F
Model_16_G,chip_g999.tif,0.24438776,F
Model_16_G,chip_g999.tif,0.24380049,F
Model_16_G,chip_g999.tif,0.24198397,T
Model_16_G,chip_g999.tif,0.24139285,F
Model_16_G,chip_g999.tif,0.24039765,F
Model_16_G,chip_g999.tif,0.2383205,F
Model_16_G,chip_g999.tif,0.23772609,F
Model_16_G,chip_g999.tif,0.23634039,T
Model_16_G,chip_g999.tif,0.23625788,F
Model_16_G,chip_g999.tif,0.23595427,T
Model_16_G,chip_g999.tif,0.23537569,F
Model_16_G,chip_g999.tif,0.23515505,F
Model_16_G,chip_g999.tif,0.2350992,F
Model_16_G,chip_g999.tif,0.23400277,F
Model_16_G,chip_g999.tif,0.23383261,F
Model_16_G,chip_g999.tif,0.23376063,T
Model_16_G,chip_g999.tif,0.23242584,F
Model_16_G,chip_g999.tif,0.23104596,F
Model_16_G,chip_g999.tif,0.23093662,F
Model_16_G,chip_g999.tif,0.23088238,F
Model_16_G,chip_g999.tif,0.23069732,F
Model_16_G,chip_g999.tif,0.23000586,F
Model_16_G,chip_g999.tif,0.22869387,F
Model_16_G,chip_g999.tif,0.22746918,F
Model_16_G,chip_g999.tif,0.22717819,F
Model_16_G,chip_g999.tif,0.2271033,F
Model_16_G,chip_g999.tif,0.22664773,F
Model_16_G,chip_g999.tif,0.22642615,F
Model_16_G,chip_g999.tif,0.22596455,F
Model_16_G,chip_g999.tif,0.2258879,F
Model_16_G,chip_g999.tif,0.22492024,F
Model_16_G,chip_g999.tif,0.2246668,F
Model_16_G,chip_g999.tif,0.22421095,F
Model_16_G,chip_g999.tif,0.22394471,F
Model_16_G,chip_g999.tif,0.22387919,F
Model_16_G,chip_g999.tif,0.22383204,F
Model_16_G,chip_g999.tif,0.22372977,F
Model_16_G,chip_g999.tif,0.22343296,F
Model_16_G,chip_g999.tif,0.22325748,F
Model_16_G,chip_g999.tif,0.22313339,F
Model_16_G,chip_g999.tif,0.22271131,F
Model_16_G,chip_g999.tif,0.22168945,F
Model_16_G,chip_g999.tif,0.22145535,F
Model_16_G,chip_g999.tif,0.22131006,F
Model_16_G,chip_g999.tif,0.22129112,F
Model_16_G,chip_g999.tif,0.2209133,F
Model_16_G,chip_g999.tif,0.22057964,F
Model_16_G,chip_g999.tif,0.22044821,F
Model_16_G,chip_g999.tif,0.22021075,F
Model_16_G,chip_g999.tif,0.21985261,F
Model_16_G,chip_g999.tif,0.21982169,F
Model_16_G,chip_g999.tif,0.21976742,F
Model_16_G,chip_g999.tif,0.21938014,F
Model_16_G,chip_g999.tif,0.21884635,F
Model_16_G,chip_g999.tif,0.21873526,F
Model_16_G,chip_g999.tif,0.21828479,F
Model_16_G,chip_g999.tif,0.21785721,F
Model_16_G,chip_g999.tif,0.21734306,F
Model_16_G,chip_g999.tif,0.21690662,F
Model_16_G,chip_g999.tif,0.21683869,F
Model_16_G,chip_g999.tif,0.2167418,F
Model_16_G,chip_g999.tif,0.21657126,F
Model_16_G,chip_g999.tif,0.21627587,F
Model_16_G,chip_g999.tif,0.21624407,F
Model_16_G,chip_g999.tif,0.21581008,F
Model_16_G,chip_g999.tif,0.21578658,F
Model_16_G,chip_g999.tif,0.21553108,F
Model_16_G,chip_g999.tif,0.21537106,F
Model_16_G,chip_g999.tif,0.215246,F
Model_16_G,chip_g999.tif,0.21519488,F
Model_16_G,chip_g999.tif,0.21473056,F
Model_16_G,chip_g999.tif,0.21448834,F
Model_16_G,chip_g999.tif,0.21377659,F
Model_16_G,chip_g999.tif,0.21360081,F
Model_16_G,chip_g999.tif,0.21350592,F
Model_16_G,chip_g999.tif,0.21299316,F
Model_16_G,chip_g999.tif,0.21262458,F
Model_16_G,chip_g999.tif,0.2123478,F
Model_16_G,chip_g999.tif,0.21207453,F
Model_16_G,chip_g999.tif,0.21200314,F
Model_16_G,chip_g999.tif,0.21199733,F
Model_16_G,chip_g999.tif,0.21190596,F
Model_16_G,chip_g999.tif,0.21142066,F
Model_16_G,chip_g999.tif,0.2113625,F
Model_16_G,chip_g999.tif,0.2112907,F
Model_16_G,chip_g999.tif,0.21119894,F
Model_16_G,chip_g999.tif,0.21074012,F
Model_16_G,chip_g999.tif,0.21069561,F
Model_16_G,chip_g999.tif,0.21065603,F
Model_16_G,chip_g999.tif,0.21063916,F
Model_16_G,chip_g999.tif,0.21057332,F
Model_16_G,chip_g999.tif,0.21043617,F
Model_16_G,chip_g999.tif,0.21036504,F
Model_16_G,chip_g999.tif,0.20987841,F
Model_16_G,chip_g999.tif,0.20985788,F
Model_16_G,chip_g999.tif,0.20966347,F
Model_16_G,chip_g999.tif,0.20955159,F
Model_16_G,chip_g999.tif,0.20952041,F
Model_16_G,chip_g999.tif,0.20939149,F
Model_16_G,chip_g999.tif,0.20917432,F
Model_16_G,chip_g999.tif,0.20902067,F
Model_16_G,chip_g999.tif,0.20878558,F
Model_16_G,chip_g999.tif,0.20853336,F
Model_16_G,chip_g999.tif,0.2085263,F
Model_16_G,chip_g999.tif,0.20847028,F
Model_16_G,chip_g999.tif,0.20813397,F
Model_16_G,chip_g999.tif,0.2079055,F
Model_16_G,chip_g999.tif,0.2078649,F
Model_16_G,chip_g999.tif,0.20785256,F
Model_16_G,chip_g999.tif,0.20774801,F
Model_16_G,chip_g999.tif,0.20750518,F
Model_16_G,chip_g999.tif,0.20723864,F
Model_16_G,chip_g999.tif,0.20716849,F
Model_16_G,chip_g999.tif,0.2070731,F
Model_16_G,chip_g999.tif,0.20700464,F
Model_16_G,chip_g999.tif,0.20683339,F
Model_16_G,chip_g999.tif,0.20659833,F
Model_16_G,chip_g999.tif,0.20650135,F
Model_16_G,chip_g999.tif,0.20646851,F
Model_16_G,chip_g999.tif,0.20642687,F
Model_16_G,chip_g999.tif,0.20541857,F
Model_16_G,chip_g999.tif,0.20521323,F
Model_16_G,chip_g999.tif,0.2051978,F
Model_16_G,chip_g999.tif,0.20517156,F
Model_16_G,chip_g999.tif,0.20515624,F
Model_16_G,chip_g999.tif,0.205078,F
Model_16_G,chip_g999.tif,0.20490792,F
Model_16_G,chip_g999.tif,0.20476113,F
Model_16_G,chip_g999.tif,0.20448181,F
Model_16_G,chip_g999.tif,0.20440726,F
Model_16_G,chip_g999.tif,0.2041764,F
Model_16_G,chip_g999.tif,0.20395385,F
Model_16_G,chip_g999.tif,0.2038689,F
Model_16_G,chip_g999.tif,0.20386389,F
Model_16_G,chip_g999.tif,0.20377026,F
Model_16_G,chip_g999.tif,0.2036693,F
Model_16_G,chip_g999.tif,0.20354074,F
Model_16_G,chip_g999.tif,0.20349658,F
Model_16_G,chip_g999.tif,0.20332257,F
Model_16_G,chip_g999.tif,0.20318152,F
Model_16_G,chip_g999.tif,0.20316331,F
Model_16_G,chip_g1005.tif,0.9755053,T
Model_16_G,chip_g1008.tif,0.52554065,T
Model_16_G,chip_g1008.tif,0.35529596,T
Model_16_G,chip_g1008.tif,0.30492613,T
Model_16_G,chip_g1013.tif,0.97720647,T
Model_16_G,chip_g1014.tif,0.93117416,T
Model_16_G,chip_g1018.tif,0.9891145,T
Model_16_G,chip_g1026.tif,0.9615233,T
Model_16_G,chip_g1027.tif,0.9992536,T
Model_16_G,chip_g1029.tif,0.99123937,T
Model_16_G,chip_g1037.tif,0.92576003,T
Model_16_G,chip_g1113.tif,0.9358771,T
Model_16_G,chip_g1121.tif,0.96259564,T
Model_16_G,chip_g1121.tif,0.88008267,T
Model_16_G,chip_g1122.tif,0.3321465,T
Model_16_G,chip_g1127.tif,0.49980998,T
Model_16_G,chip_g1127.tif,0.32757688,T
Model_16_G,chip_g1142.tif,0.99722916,T
Model_16_G,chip_g1147.tif,0.48254585,T
Model_16_G,chip_g1147.tif,0.44639328,T
Model_16_G,chip_g1147.tif,0.3903167,T
Model_16_G,chip_g1314.tif,0.9963238,T
Model_16_G,chip_g1317.tif,0.9958016,T
Model_16_G,chip_g1331.tif,0.9992157,T
Model_16_G,chip_g1343.tif,0.9661782,T
Model_16_G,chip_g1353.tif,0.99924856,T
Model_16_G,chip_g1354.tif,0.91135085,T
Model_16_G,chip_g1354.tif,0.6025441,T
Model_16_G,chip_g1378.tif,0.6749638,T
Model_16_G,chip_g1378.tif,0.5622976,T
Model_16_G,chip_g1378.tif,0.4766112,T
Model_16_G,chip_g1425.tif,0.9861522,T
Model_16_G,chip_g1434.tif,0.9995105,T
Model_16_G,chip_g1435.tif,0.9922275,T
Model_16_G,chip_g1449.tif,0.68274397,T
Model_16_G,chip_g1449.tif,0.6159847,T
Model_16_G,chip_g1461.tif,0.82975274,T
Model_16_G,chip_g1462.tif,0.5518182,T
Model_16_G,chip_g1463.tif,0.8989027,T
Model_16_G,chip_g1463.tif,0.33448723,F
Model_16_G,chip_g1466.tif,0.9862179,T
Model_16_G,chip_g1468.tif,0.9301139,T
Model_16_G,chip_g1469.tif,0.44231233,T
Model_16_G,chip_g1469.tif,0.3469705,T
Model_16_G,chip_g1469.tif,0.3206606,T
Model_16_G,chip_g1471.tif,0.9951957,T
Model_16_G,chip_g1497.tif,0.30940765,T
Model_16_G,chip_g1526.tif,0.9994399,T
Model_16_G,chip_g1529.tif,0.99926966,F
Model_16_G,chip_g1529.tif,0.6674018,F
Model_16_G,chip_g1556.tif,0.9932308,T
Model_16_G,chip_g1584.tif,0.51220363,T
Model_16_G,chip_g1584.tif,0.3844972,F
Model_16_G,chip_g1589.tif,0.32719535,T
Model_16_G,chip_g1589.tif,0.32434484,T
Model_16_G,chip_g1593.tif,0.9842635,T
Model_16_G,chip_g1594.tif,0.8123083,T
Model_16_G,chip_g1594.tif,0.5835136,T
Model_16_G,chip_g1618.tif,0.5167702,T
Model_16_G,chip_g1619.tif,0.40700904,T
Model_16_G,chip_g1631.tif,0.48986313,T
Model_16_G,chip_g1651.tif,0.32866776,T
Model_16_G,chip_g167.tif,0.99980384,T
Model_16_G,chip_g1678.tif,0.3252585,T
Model_16_G,chip_g1711.tif,0.674846,T
Model_16_G,chip_g1711.tif,0.49231872,T
Model_16_G,chip_g1730.tif,0.42156267,T
Model_16_G,chip_g1731.tif,0.72679853,T
Model_16_G,chip_g1731.tif,0.41383824,T
Model_16_G,chip_g1751.tif,0.47713497,T
Model_16_G,chip_g2022.tif,0.51650405,T
Model_16_G,chip_g2026.tif,0.92217255,T
Model_16_G,chip_g2026.tif,0.32151932,T
Model_16_G,chip_g2030.tif,0.6331435,T
Model_16_G,chip_g2030.tif,0.48309076,T
Model_16_G,chip_g2030.tif,0.4809342,T
Model_16_G,chip_g2031.tif,0.3370059,T
Model_16_G,chip_g2031.tif,0.3202326,T
Model_16_G,chip_g2031.tif,0.31575075,T
Model_16_G,chip_g207.tif,0.9948192,T
Model_16_G,chip_g2221.tif,0.42542297,T
Model_16_G,chip_g2224.tif,0.45822105,T
Model_16_G,chip_g2224.tif,0.35651046,T
Model_16_G,chip_g2224.tif,0.32619074,T
Model_16_G,chip_g2226.tif,0.3947699,T
Model_16_G,chip_g2249.tif,0.4462321,T
Model_16_G,chip_g2249.tif,0.42868152,T
Model_16_G,chip_g2258.tif,0.30272144,T
Model_16_G,chip_g226.tif,0.962589,T
Model_16_G,chip_g2451.tif,0.36238652,T
Model_16_G,chip_g247.tif,0.99961025,T
Model_16_G,chip_g2473.tif,0.9163973,T
Model_16_G,chip_g2475.tif,0.99482024,T
Model_16_G,chip_g2494.tif,0.5067697,T
Model_16_G,chip_g2495.tif,0.35108772,T
Model_16_G,chip_g2522.tif,0.983196,T
Model_16_G,chip_g2586.tif,0.37571526,T
Model_16_G,chip_g2659.tif,0.4317126,T
Model_16_G,chip_g2671.tif,0.7963477,T
Model_16_G,chip_g273.tif,0.34697437,T
Model_16_G,chip_g274.tif,0.5122907,T
Model_16_G,chip_g274.tif,0.3304786,T
Model_16_G,chip_g274.tif,0.31795523,T
Model_16_G,chip_g278.tif,0.35769495,T
Model_16_G,chip_g278.tif,0.3211844,T
Model_16_G,chip_g278.tif,0.31627396,T
Model_16_G,chip_g283.tif,0.9896207,T
Model_16_G,chip_g286.tif,0.8755079,T
Model_16_G,chip_g286.tif,0.6301014,T
Model_16_G,chip_g309.tif,0.63688374,T
Model_16_G,chip_g309.tif,0.5138068,T
Model_16_G,chip_g309.tif,0.33783567,T
Model_16_G,chip_g329.tif,0.80685866,T
Model_16_G,chip_g329.tif,0.5555505,T
Model_16_G,chip_g329.tif,0.5505631,T
Model_16_G,chip_g330.tif,0.994531,T
Model_16_G,chip_g337.tif,0.7194903,F
Model_16_G,chip_g338.tif,0.9995227,T
Model_16_G,chip_g339.tif,0.9988104,T
Model_16_G,chip_g350.tif,0.9967604,T
Model_16_G,chip_g358.tif,0.993359,T
Model_16_G,chip_g375.tif,0.9716411,T
Model_16_G,chip_g810.tif,0.3416966,F
Model_16_G,chip_g810.tif,0.31303382,F
Model_16_G,chip_g906.tif,0.46308056,T
Model_16_G,chip_g925.tif,0.9126971,T
Model_16_G,chip_g925.tif,0.7973657,T
Model_16_G,chip_g925.tif,0.78345495,T
Model_16_G,chip_g930.tif,0.55475104,T
Model_16_G,chip_g930.tif,0.5513044,T
Model_16_G,chip_g950.tif,0.4655211,F
Model_16_G,chip_g999.tif,0.30216137,T
Model_16_G,chip_g1005.tif,0.9755053,T
Model_16_G,chip_g1008.tif,0.52554065,T
Model_16_G,chip_g1008.tif,0.35529596,T
Model_16_G,chip_g1008.tif,0.30492613,T
Model_16_G,chip_g1008.tif,0.27134746,T
Model_16_G,chip_g1008.tif,0.26492402,T
Model_16_G,chip_g1013.tif,0.97720647,T
Model_16_G,chip_g1014.tif,0.93117416,T
Model_16_G,chip_g1018.tif,0.9891145,T
Model_16_G,chip_g1026.tif,0.9615233,T
Model_16_G,chip_g1027.tif,0.9992536,T
Model_16_G,chip_g1029.tif,0.99123937,T
Model_16_G,chip_g1037.tif,0.92576003,T
Model_16_G,chip_g1113.tif,0.9358771,T
Model_16_G,chip_g1121.tif,0.96259564,T
Model_16_G,chip_g1121.tif,0.88008267,T
Model_16_G,chip_g1122.tif,0.3321465,T
Model_16_G,chip_g1127.tif,0.49980998,T
Model_16_G,chip_g1127.tif,0.32757688,T
Model_16_G,chip_g1133.tif,0.2746203,T
Model_16_G,chip_g1142.tif,0.99722916,T
Model_16_G,chip_g1147.tif,0.48254585,T
Model_16_G,chip_g1147.tif,0.44639328,T
Model_16_G,chip_g1147.tif,0.3903167,T
Model_16_G,chip_g1168.tif,0.2600664,F
Model_16_G,chip_g1168.tif,0.25368682,T
Model_16_G,chip_g1168.tif,0.24786149,F
Model_16_G,chip_g1180.tif,0.25097996,F
Model_16_G,chip_g1217.tif,0.25944284,T
Model_16_G,chip_g1217.tif,0.25459164,F
Model_16_G,chip_g1217.tif,0.25361705,T
Model_16_G,chip_g1217.tif,0.24900371,F
Model_16_G,chip_g1217.tif,0.24773423,F
Model_16_G,chip_g1217.tif,0.24722227,T
Model_16_G,chip_g1217.tif,0.24035853,F
Model_16_G,chip_g1238.tif,0.2630966,F
Model_16_G,chip_g1314.tif,0.9963238,T
Model_16_G,chip_g1317.tif,0.9958016,T
Model_16_G,chip_g1331.tif,0.9992157,T
Model_16_G,chip_g1343.tif,0.9661782,T
Model_16_G,chip_g1353.tif,0.99924856,T
Model_16_G,chip_g1354.tif,0.91135085,T
Model_16_G,chip_g1354.tif,0.6025441,T
Model_16_G,chip_g1378.tif,0.6749638,T
Model_16_G,chip_g1378.tif,0.5622976,T
Model_16_G,chip_g1378.tif,0.4766112,T
Model_16_G,chip_g1401.tif,0.25737867,F
Model_16_G,chip_g1401.tif,0.24268927,F
Model_16_G,chip_g1401.tif,0.24135643,F
Model_16_G,chip_g1409.tif,0.29924795,T
Model_16_G,chip_g1412.tif,0.24866992,F
Model_16_G,chip_g1412.tif,0.24515864,F
Model_16_G,chip_g1416.tif,0.24718326,F
Model_16_G,chip_g1416.tif,0.24442774,T
Model_16_G,chip_g1416.tif,0.24011791,F
Model_16_G,chip_g1425.tif,0.9861522,T
Model_16_G,chip_g1434.tif,0.9995105,T
Model_16_G,chip_g1435.tif,0.9922275,T
Model_16_G,chip_g1449.tif,0.68274397,T
Model_16_G,chip_g1449.tif,0.6159847,T
Model_16_G,chip_g1461.tif,0.82975274,T
Model_16_G,chip_g1462.tif,0.5518182,T
Model_16_G,chip_g1463.tif,0.8989027,T
Model_16_G,chip_g1463.tif,0.33448723,F
Model_16_G,chip_g1466.tif,0.9862179,T
Model_16_G,chip_g1468.tif,0.9301139,T
Model_16_G,chip_g1469.tif,0.44231233,T
Model_16_G,chip_g1469.tif,0.3469705,T
Model_16_G,chip_g1469.tif,0.3206606,T
Model_16_G,chip_g1471.tif,0.9951957,T
Model_16_G,chip_g1478.tif,0.28482896,T
Model_16_G,chip_g1478.tif,0.2690299,T
Model_16_G,chip_g1478.tif,0.26555896,T
Model_16_G,chip_g1478.tif,0.24200782,T
Model_16_G,chip_g1478.tif,0.24069007,T
Model_16_G,chip_g1482.tif,0.24878995,T
Model_16_G,chip_g1483.tif,0.27327752,T
Model_16_G,chip_g1485.tif,0.2522618,F
Model_16_G,chip_g1497.tif,0.30940765,T
Model_16_G,chip_g1504.tif,0.29586285,T
Model_16_G,chip_g1526.tif,0.9994399,T
Model_16_G,chip_g1529.tif,0.99926966,F
Model_16_G,chip_g1529.tif,0.6674018,F
Model_16_G,chip_g1556.tif,0.9932308,T
Model_16_G,chip_g1584.tif,0.51220363,T
Model_16_G,chip_g1584.tif,0.3844972,F
Model_16_G,chip_g1589.tif,0.32719535,T
Model_16_G,chip_g1589.tif,0.32434484,T
Model_16_G,chip_g1589.tif,0.2707462,T
Model_16_G,chip_g1589.tif,0.24355777,F
Model_16_G,chip_g1593.tif,0.9842635,T
Model_16_G,chip_g1594.tif,0.8123083,T
Model_16_G,chip_g1594.tif,0.5835136,T
Model_16_G,chip_g1618.tif,0.5167702,T
Model_16_G,chip_g1619.tif,0.40700904,T
Model_16_G,chip_g1631.tif,0.48986313,T
Model_16_G,chip_g1645.tif,0.26067996,T
Model_16_G,chip_g1651.tif,0.32866776,T
Model_16_G,chip_g1658.tif,0.25106576,T
Model_16_G,chip_g1658.tif,0.24804938,T
Model_16_G,chip_g1658.tif,0.24533367,T
Model_16_G,chip_g1669.tif,0.25939125,F
Model_16_G,chip_g167.tif,0.99980384,T
Model_16_G,chip_g1677.tif,0.2644488,T
Model_16_G,chip_g1678.tif,0.3252585,T
Model_16_G,chip_g1678.tif,0.2474152,T
Model_16_G,chip_g1697.tif,0.24523325,F
Model_16_G,chip_g1711.tif,0.674846,T
Model_16_G,chip_g1711.tif,0.49231872,T
Model_16_G,chip_g1730.tif,0.42156267,T
Model_16_G,chip_g1730.tif,0.28816283,T
Model_16_G,chip_g1730.tif,0.28169385,F
Model_16_G,chip_g1731.tif,0.72679853,T
Model_16_G,chip_g1731.tif,0.41383824,T
Model_16_G,chip_g1749.tif,0.2747486,T
Model_16_G,chip_g1749.tif,0.2574278,T
Model_16_G,chip_g1749.tif,0.2564947,T
Model_16_G,chip_g1749.tif,0.25174668,F
Model_16_G,chip_g1749.tif,0.2501119,T
Model_16_G,chip_g1749.tif,0.249842,T
Model_16_G,chip_g1749.tif,0.2497424,T
Model_16_G,chip_g1749.tif,0.24536452,T
Model_16_G,chip_g1749.tif,0.2433476,T
Model_16_G,chip_g1751.tif,0.47713497,T
Model_16_G,chip_g1769.tif,0.29625612,T
Model_16_G,chip_g1769.tif,0.2611638,T
Model_16_G,chip_g1769.tif,0.25954816,T
Model_16_G,chip_g1769.tif,0.25680786,T
Model_16_G,chip_g1769.tif,0.24548277,T
Model_16_G,chip_g1771.tif,0.26890492,T
Model_16_G,chip_g1771.tif,0.2640566,T
Model_16_G,chip_g1771.tif,0.25444743,T
Model_16_G,chip_g1771.tif,0.253174,T
Model_16_G,chip_g1771.tif,0.25254196,T
Model_16_G,chip_g1771.tif,0.25152642,T
Model_16_G,chip_g1771.tif,0.24862024,T
Model_16_G,chip_g1771.tif,0.24846734,T
Model_16_G,chip_g1771.tif,0.2479893,T
Model_16_G,chip_g1771.tif,0.24786535,T
Model_16_G,chip_g1771.tif,0.24606283,F
Model_16_G,chip_g1771.tif,0.2459704,T
Model_16_G,chip_g1771.tif,0.24589743,T
Model_16_G,chip_g1771.tif,0.24458885,T
Model_16_G,chip_g1771.tif,0.24411486,F
Model_16_G,chip_g1771.tif,0.24410449,F
Model_16_G,chip_g1771.tif,0.24314952,F
Model_16_G,chip_g1771.tif,0.24215783,T
Model_16_G,chip_g1771.tif,0.24041612,F
Model_16_G,chip_g1771.tif,0.24006227,F
Model_16_G,chip_g1785.tif,0.25707158,T
Model_16_G,chip_g1785.tif,0.25425452,T
Model_16_G,chip_g1785.tif,0.25391108,T
Model_16_G,chip_g1785.tif,0.25264326,T
Model_16_G,chip_g1785.tif,0.24601784,T
Model_16_G,chip_g1785.tif,0.24566776,T
Model_16_G,chip_g1785.tif,0.24443933,T
Model_16_G,chip_g1785.tif,0.24354067,F
Model_16_G,chip_g1785.tif,0.24328071,F
Model_16_G,chip_g1785.tif,0.24305171,T
Model_16_G,chip_g1785.tif,0.24284674,T
Model_16_G,chip_g1785.tif,0.24246575,F
Model_16_G,chip_g1785.tif,0.2421595,T
Model_16_G,chip_g1785.tif,0.24154742,F
Model_16_G,chip_g1785.tif,0.24134259,T
Model_16_G,chip_g1785.tif,0.2410391,T
Model_16_G,chip_g1785.tif,0.24041742,T
Model_16_G,chip_g1789.tif,0.2726483,T
Model_16_G,chip_g1789.tif,0.26540485,T
Model_16_G,chip_g1789.tif,0.25681904,T
Model_16_G,chip_g1789.tif,0.24271448,F
Model_16_G,chip_g1790.tif,0.2695452,T
Model_16_G,chip_g1790.tif,0.2485196,T
Model_16_G,chip_g1790.tif,0.24778306,F
Model_16_G,chip_g1790.tif,0.24483126,F
Model_16_G,chip_g1790.tif,0.24452783,F
Model_16_G,chip_g1790.tif,0.24397852,F
Model_16_G,chip_g1790.tif,0.24382693,F
Model_16_G,chip_g1790.tif,0.24316518,F
Model_16_G,chip_g1790.tif,0.24234645,T
Model_16_G,chip_g1790.tif,0.24223888,F
Model_16_G,chip_g1791.tif,0.27607426,T
Model_16_G,chip_g1791.tif,0.2504908,T
Model_16_G,chip_g1791.tif,0.24366653,F
Model_16_G,chip_g1791.tif,0.24293469,F
Model_16_G,chip_g1830.tif,0.25010148,F
Model_16_G,chip_g1831.tif,0.26433507,F
Model_16_G,chip_g1851.tif,0.24034868,F
Model_16_G,chip_g1869.tif,0.2478197,T
Model_16_G,chip_g2022.tif,0.51650405,T
Model_16_G,chip_g2026.tif,0.92217255,T
Model_16_G,chip_g2026.tif,0.32151932,T
Model_16_G,chip_g2030.tif,0.6331435,T
Model_16_G,chip_g2030.tif,0.48309076,T
Model_16_G,chip_g2030.tif,0.4809342,T
Model_16_G,chip_g2031.tif,0.3370059,T
Model_16_G,chip_g2031.tif,0.3202326,T
Model_16_G,chip_g2031.tif,0.31575075,T
Model_16_G,chip_g207.tif,0.9948192,T
Model_16_G,chip_g2145.tif,0.25661668,F
Model_16_G,chip_g2145.tif,0.24696882,F
Model_16_G,chip_g2145.tif,0.24570905,T
Model_16_G,chip_g2145.tif,0.24557413,F
Model_16_G,chip_g2145.tif,0.24432594,T
Model_16_G,chip_g2185.tif,0.25758594,T
Model_16_G,chip_g2185.tif,0.25389048,T
Model_16_G,chip_g2185.tif,0.25229925,T
Model_16_G,chip_g2185.tif,0.25110328,F
Model_16_G,chip_g2185.tif,0.25006762,F
Model_16_G,chip_g2185.tif,0.24920262,T
Model_16_G,chip_g2185.tif,0.24849615,F
Model_16_G,chip_g2185.tif,0.24819422,T
Model_16_G,chip_g2185.tif,0.24718384,T
Model_16_G,chip_g2185.tif,0.24677823,F
Model_16_G,chip_g2185.tif,0.24647954,T
Model_16_G,chip_g2185.tif,0.24593283,F
Model_16_G,chip_g2185.tif,0.24589452,F
Model_16_G,chip_g2185.tif,0.24513072,T
Model_16_G,chip_g2185.tif,0.24496032,T
Model_16_G,chip_g2185.tif,0.24462482,F
Model_16_G,chip_g2185.tif,0.24447227,T
Model_16_G,chip_g2185.tif,0.24373668,F
Model_16_G,chip_g2185.tif,0.24361482,F
Model_16_G,chip_g2185.tif,0.24296135,F
Model_16_G,chip_g2185.tif,0.24275593,F
Model_16_G,chip_g2185.tif,0.24089096,F
Model_16_G,chip_g2185.tif,0.2406781,T
Model_16_G,chip_g2185.tif,0.24060148,T
Model_16_G,chip_g2185.tif,0.24022207,F
Model_16_G,chip_g2185.tif,0.240102,F
Model_16_G,chip_g2210.tif,0.2433484,T
Model_16_G,chip_g2220.tif,0.26948398,T
Model_16_G,chip_g2220.tif,0.26077855,T
Model_16_G,chip_g2220.tif,0.25488868,T
Model_16_G,chip_g2220.tif,0.25404045,T
Model_16_G,chip_g2220.tif,0.25274616,T
Model_16_G,chip_g2220.tif,0.24609163,T
Model_16_G,chip_g2220.tif,0.24521573,T
Model_16_G,chip_g2220.tif,0.24327798,T
Model_16_G,chip_g2220.tif,0.24168026,T
Model_16_G,chip_g2220.tif,0.24080624,F
Model_16_G,chip_g2221.tif,0.42542297,T
Model_16_G,chip_g2221.tif,0.27969608,T
Model_16_G,chip_g2224.tif,0.45822105,T
Model_16_G,chip_g2224.tif,0.35651046,T
Model_16_G,chip_g2224.tif,0.32619074,T
Model_16_G,chip_g2224.tif,0.25653556,T
Model_16_G,chip_g2224.tif,0.25145683,T
Model_16_G,chip_g2225.tif,0.2812169,T
Model_16_G,chip_g2225.tif,0.2588723,T
Model_16_G,chip_g2225.tif,0.25722006,F
Model_16_G,chip_g2225.tif,0.25400832,T
Model_16_G,chip_g2225.tif,0.2534781,T
Model_16_G,chip_g2225.tif,0.24960893,T
Model_16_G,chip_g2225.tif,0.24920428,T
Model_16_G,chip_g2225.tif,0.2471541,T
Model_16_G,chip_g2225.tif,0.24677482,T
Model_16_G,chip_g2225.tif,0.24664909,T
Model_16_G,chip_g2225.tif,0.24560542,T
Model_16_G,chip_g2225.tif,0.24512272,T
Model_16_G,chip_g2225.tif,0.24494936,F
Model_16_G,chip_g2225.tif,0.24328358,T
Model_16_G,chip_g2225.tif,0.24328154,T
Model_16_G,chip_g2225.tif,0.24292363,T
Model_16_G,chip_g2225.tif,0.24264008,T
Model_16_G,chip_g2225.tif,0.24215862,T
Model_16_G,chip_g2225.tif,0.242119,T
Model_16_G,chip_g2225.tif,0.24189302,F
Model_16_G,chip_g2225.tif,0.24180326,F
Model_16_G,chip_g2225.tif,0.24157418,T
Model_16_G,chip_g2225.tif,0.2415503,F
Model_16_G,chip_g2225.tif,0.24109066,F
Model_16_G,chip_g2225.tif,0.24086542,F
Model_16_G,chip_g2225.tif,0.24063286,T
Model_16_G,chip_g2225.tif,0.24013288,F
Model_16_G,chip_g2226.tif,0.3947699,T
Model_16_G,chip_g2249.tif,0.4462321,T
Model_16_G,chip_g2249.tif,0.42868152,T
Model_16_G,chip_g2258.tif,0.30272144,T
Model_16_G,chip_g2258.tif,0.28024682,T
Model_16_G,chip_g2258.tif,0.2765163,T
Model_16_G,chip_g2258.tif,0.26350397,T
Model_16_G,chip_g2258.tif,0.25422743,T
Model_16_G,chip_g226.tif,0.962589,T
Model_16_G,chip_g2406.tif,0.2613599,T
Model_16_G,chip_g2406.tif,0.256208,T
Model_16_G,chip_g2407.tif,0.25925392,T
Model_16_G,chip_g2411.tif,0.24541336,T
Model_16_G,chip_g2426.tif,0.2666886,T
Model_16_G,chip_g2426.tif,0.26381844,T
Model_16_G,chip_g2426.tif,0.24792577,T
Model_16_G,chip_g2426.tif,0.24483697,F
Model_16_G,chip_g2426.tif,0.24337503,F
Model_16_G,chip_g2426.tif,0.24271008,T
Model_16_G,chip_g2426.tif,0.24136336,T
Model_16_G,chip_g2426.tif,0.24121962,F
Model_16_G,chip_g2427.tif,0.26964742,T
Model_16_G,chip_g2427.tif,0.26934725,T
Model_16_G,chip_g2427.tif,0.2558944,T
Model_16_G,chip_g2427.tif,0.24856116,T
Model_16_G,chip_g2427.tif,0.24769741,F
Model_16_G,chip_g2427.tif,0.24619427,F
Model_16_G,chip_g2427.tif,0.24472842,F
Model_16_G,chip_g2427.tif,0.24459022,F
Model_16_G,chip_g2427.tif,0.24447852,F
Model_16_G,chip_g2427.tif,0.24110095,T
Model_16_G,chip_g2427.tif,0.24086916,F
Model_16_G,chip_g2450.tif,0.280084,T
Model_16_G,chip_g2450.tif,0.2796889,T
Model_16_G,chip_g2450.tif,0.2518352,T
Model_16_G,chip_g2450.tif,0.242697,F
Model_16_G,chip_g2450.tif,0.242358,T
Model_16_G,chip_g2450.tif,0.2411651,F
Model_16_G,chip_g2450.tif,0.24023421,F
Model_16_G,chip_g2450.tif,0.24010035,F
Model_16_G,chip_g2451.tif,0.36238652,T
Model_16_G,chip_g2451.tif,0.26120552,T
Model_16_G,chip_g247.tif,0.99961025,T
Model_16_G,chip_g2473.tif,0.9163973,T
Model_16_G,chip_g2475.tif,0.99482024,T
Model_16_G,chip_g2486.tif,0.2664881,T
Model_16_G,chip_g2486.tif,0.26301897,F
Model_16_G,chip_g2486.tif,0.26110706,T
Model_16_G,chip_g2486.tif,0.25423717,T
Model_16_G,chip_g2486.tif,0.25413978,T
Model_16_G,chip_g2486.tif,0.24918549,T
Model_16_G,chip_g2486.tif,0.24602625,T
Model_16_G,chip_g2486.tif,0.24586625,F
Model_16_G,chip_g2486.tif,0.24464802,F
Model_16_G,chip_g2486.tif,0.24342223,F
Model_16_G,chip_g2486.tif,0.24233246,T
Model_16_G,chip_g2486.tif,0.24042457,T
Model_16_G,chip_g2487.tif,0.26151717,T
Model_16_G,chip_g2487.tif,0.2613138,T
Model_16_G,chip_g2487.tif,0.25670183,F
Model_16_G,chip_g2487.tif,0.2540364,T
Model_16_G,chip_g2487.tif,0.25150824,T
Model_16_G,chip_g2487.tif,0.25049317,T
Model_16_G,chip_g2487.tif,0.25044128,T
Model_16_G,chip_g2487.tif,0.25031665,T
Model_16_G,chip_g2487.tif,0.24696097,F
Model_16_G,chip_g2487.tif,0.24599113,T
Model_16_G,chip_g2487.tif,0.24560763,T
Model_16_G,chip_g2487.tif,0.24345213,F
Model_16_G,chip_g2487.tif,0.24233295,F
Model_16_G,chip_g2487.tif,0.24190205,F
Model_16_G,chip_g2487.tif,0.24113958,T
Model_16_G,chip_g2487.tif,0.24053979,F
Model_16_G,chip_g2491.tif,0.2624929,T
Model_16_G,chip_g2491.tif,0.251134,T
Model_16_G,chip_g2491.tif,0.2496947,T
Model_16_G,chip_g2491.tif,0.24960518,T
Model_16_G,chip_g2491.tif,0.24718976,F
Model_16_G,chip_g2491.tif,0.24704938,T
Model_16_G,chip_g2491.tif,0.24684028,F
Model_16_G,chip_g2491.tif,0.24669242,T
Model_16_G,chip_g2491.tif,0.24562922,T
Model_16_G,chip_g2491.tif,0.24481452,F
Model_16_G,chip_g2491.tif,0.24342056,T
Model_16_G,chip_g2491.tif,0.24333721,F
Model_16_G,chip_g2491.tif,0.24267304,T
Model_16_G,chip_g2491.tif,0.24217358,T
Model_16_G,chip_g2494.tif,0.5067697,T
Model_16_G,chip_g2495.tif,0.35108772,T
Model_16_G,chip_g2522.tif,0.983196,T
Model_16_G,chip_g2527.tif,0.26470155,T
Model_16_G,chip_g2527.tif,0.26350465,T
Model_16_G,chip_g2527.tif,0.2570609,T
Model_16_G,chip_g2527.tif,0.2555156,F
Model_16_G,chip_g2527.tif,0.25476846,F
Model_16_G,chip_g2527.tif,0.25285062,T
Model_16_G,chip_g2527.tif,0.24933687,T
Model_16_G,chip_g2527.tif,0.24856128,F
Model_16_G,chip_g2527.tif,0.2458261,F
Model_16_G,chip_g2527.tif,0.24534522,F
Model_16_G,chip_g2527.tif,0.24508494,F
Model_16_G,chip_g2527.tif,0.24413954,T
Model_16_G,chip_g2527.tif,0.24312913,F
Model_16_G,chip_g2527.tif,0.24145544,F
Model_16_G,chip_g2538.tif,0.29423758,T
Model_16_G,chip_g2538.tif,0.28318313,F
Model_16_G,chip_g2538.tif,0.27506617,T
Model_16_G,chip_g2538.tif,0.25892037,T
Model_16_G,chip_g2538.tif,0.2530207,F
Model_16_G,chip_g2538.tif,0.24876456,F
Model_16_G,chip_g2538.tif,0.2465111,F
Model_16_G,chip_g2538.tif,0.24545716,T
Model_16_G,chip_g2538.tif,0.24448629,T
Model_16_G,chip_g2538.tif,0.2416683,F
Model_16_G,chip_g2539.tif,0.26519468,T
Model_16_G,chip_g2539.tif,0.26081076,T
Model_16_G,chip_g2539.tif,0.2586975,T
Model_16_G,chip_g2539.tif,0.25442502,T
Model_16_G,chip_g2539.tif,0.2508479,F
Model_16_G,chip_g2539.tif,0.24395987,F
Model_16_G,chip_g2539.tif,0.24237749,T
Model_16_G,chip_g2542.tif,0.27160466,T
Model_16_G,chip_g2542.tif,0.25237143,T
Model_16_G,chip_g2586.tif,0.37571526,T
Model_16_G,chip_g2586.tif,0.27645308,T
Model_16_G,chip_g2586.tif,0.26383916,F
Model_16_G,chip_g2586.tif,0.25492215,T
Model_16_G,chip_g2603.tif,0.28380352,T
Model_16_G,chip_g2603.tif,0.26695836,T
Model_16_G,chip_g2603.tif,0.25317687,T
Model_16_G,chip_g2603.tif,0.25118518,T
Model_16_G,chip_g2603.tif,0.2508148,T
Model_16_G,chip_g2603.tif,0.24828798,F
Model_16_G,chip_g2603.tif,0.24803482,F
Model_16_G,chip_g2603.tif,0.24766652,F
Model_16_G,chip_g2603.tif,0.24700122,T
Model_16_G,chip_g2603.tif,0.24549223,F
Model_16_G,chip_g2607.tif,0.27805924,T
Model_16_G,chip_g2607.tif,0.25625196,T
Model_16_G,chip_g2607.tif,0.25593162,T
Model_16_G,chip_g2607.tif,0.25474936,T
Model_16_G,chip_g2607.tif,0.25123614,F
Model_16_G,chip_g2607.tif,0.24901323,T
Model_16_G,chip_g2607.tif,0.24675795,T
Model_16_G,chip_g2607.tif,0.2466185,T
Model_16_G,chip_g2607.tif,0.24585822,T
Model_16_G,chip_g2607.tif,0.24286887,T
Model_16_G,chip_g2607.tif,0.24210943,T
Model_16_G,chip_g2607.tif,0.2400223,T
Model_16_G,chip_g2635.tif,0.2808791,T
Model_16_G,chip_g2635.tif,0.26177847,T
Model_16_G,chip_g2642.tif,0.2619134,T
Model_16_G,chip_g2642.tif,0.2602352,F
Model_16_G,chip_g2642.tif,0.25634623,T
Model_16_G,chip_g2642.tif,0.25555173,F
Model_16_G,chip_g2642.tif,0.24936154,T
Model_16_G,chip_g2642.tif,0.24808705,F
Model_16_G,chip_g2642.tif,0.24784145,T
Model_16_G,chip_g2642.tif,0.2451235,F
Model_16_G,chip_g2642.tif,0.24491987,F
Model_16_G,chip_g2642.tif,0.24328274,T
Model_16_G,chip_g2642.tif,0.24260178,F
Model_16_G,chip_g2647.tif,0.2687524,T
Model_16_G,chip_g2647.tif,0.26470265,F
Model_16_G,chip_g2647.tif,0.26299378,T
Model_16_G,chip_g2647.tif,0.25777918,T
Model_16_G,chip_g2647.tif,0.25303498,T
Model_16_G,chip_g2647.tif,0.25231865,F
Model_16_G,chip_g2647.tif,0.24954006,T
Model_16_G,chip_g2647.tif,0.24751134,T
Model_16_G,chip_g2647.tif,0.2466726,F
Model_16_G,chip_g2647.tif,0.24573024,F
Model_16_G,chip_g2647.tif,0.24554488,F
Model_16_G,chip_g2647.tif,0.24345316,F
Model_16_G,chip_g2647.tif,0.24256045,T
Model_16_G,chip_g2647.tif,0.2417831,F
Model_16_G,chip_g2647.tif,0.24094273,F
Model_16_G,chip_g265.tif,0.2402217,T
Model_16_G,chip_g2659.tif,0.4317126,T
Model_16_G,chip_g2659.tif,0.2723399,T
Model_16_G,chip_g2671.tif,0.7963477,T
Model_16_G,chip_g268.tif,0.24308269,T
Model_16_G,chip_g269.tif,0.2748416,T
Model_16_G,chip_g269.tif,0.24876663,T
Model_16_G,chip_g273.tif,0.34697437,T
Model_16_G,chip_g274.tif,0.5122907,T
Model_16_G,chip_g274.tif,0.3304786,T
Model_16_G,chip_g274.tif,0.31795523,T
Model_16_G,chip_g278.tif,0.35769495,T
Model_16_G,chip_g278.tif,0.3211844,T
Model_16_G,chip_g278.tif,0.31627396,T
Model_16_G,chip_g283.tif,0.9896207,T
Model_16_G,chip_g286.tif,0.8755079,T
Model_16_G,chip_g286.tif,0.6301014,T
Model_16_G,chip_g309.tif,0.63688374,T
Model_16_G,chip_g309.tif,0.5138068,T
Model_16_G,chip_g309.tif,0.33783567,T
Model_16_G,chip_g324.tif,0.26798102,T
Model_16_G,chip_g324.tif,0.24128869,F
Model_16_G,chip_g324.tif,0.24005115,F
Model_16_G,chip_g329.tif,0.80685866,T
Model_16_G,chip_g329.tif,0.5555505,T
Model_16_G,chip_g329.tif,0.5505631,T
Model_16_G,chip_g330.tif,0.994531,T
Model_16_G,chip_g337.tif,0.7194903,F
Model_16_G,chip_g338.tif,0.9995227,T
Model_16_G,chip_g339.tif,0.9988104,T
Model_16_G,chip_g350.tif,0.9967604,T
Model_16_G,chip_g358.tif,0.993359,T
Model_16_G,chip_g375.tif,0.9716411,T
Model_16_G,chip_g385.tif,0.27719262,T
Model_16_G,chip_g425.tif,0.2675107,T
Model_16_G,chip_g425.tif,0.25543776,T
Model_16_G,chip_g425.tif,0.24987231,T
Model_16_G,chip_g425.tif,0.24771468,T
Model_16_G,chip_g425.tif,0.24637505,F
Model_16_G,chip_g425.tif,0.24517915,T
Model_16_G,chip_g425.tif,0.2437483,F
Model_16_G,chip_g425.tif,0.24356733,F
Model_16_G,chip_g425.tif,0.24298318,T
Model_16_G,chip_g425.tif,0.24267848,F
Model_16_G,chip_g425.tif,0.24114352,T
Model_16_G,chip_g425.tif,0.24073927,T
Model_16_G,chip_g425.tif,0.24027765,F
Model_16_G,chip_g485.tif,0.29715577,T
Model_16_G,chip_g489.tif,0.2443859,T
Model_16_G,chip_g806.tif,0.24162969,T
Model_16_G,chip_g807.tif,0.25047448,F
Model_16_G,chip_g810.tif,0.3416966,F
Model_16_G,chip_g810.tif,0.31303382,F
Model_16_G,chip_g810.tif,0.26875874,F
Model_16_G,chip_g810.tif,0.24332027,F
Model_16_G,chip_g810.tif,0.2414427,F
Model_16_G,chip_g906.tif,0.46308056,T
Model_16_G,chip_g906.tif,0.2834876,F
Model_16_G,chip_g925.tif,0.9126971,T
Model_16_G,chip_g925.tif,0.7973657,T
Model_16_G,chip_g925.tif,0.78345495,T
Model_16_G,chip_g930.tif,0.55475104,T
Model_16_G,chip_g930.tif,0.5513044,T
Model_16_G,chip_g949.tif,0.25163424,F
Model_16_G,chip_g949.tif,0.24849364,F
Model_16_G,chip_g949.tif,0.24839203,F
Model_16_G,chip_g949.tif,0.24603716,F
Model_16_G,chip_g949.tif,0.24575964,F
Model_16_G,chip_g949.tif,0.24371095,F
Model_16_G,chip_g949.tif,0.24295743,F
Model_16_G,chip_g949.tif,0.24281706,T
Model_16_G,chip_g949.tif,0.24249081,F
Model_16_G,chip_g949.tif,0.24238953,F
Model_16_G,chip_g949.tif,0.2418002,F
Model_16_G,chip_g949.tif,0.2415459,F
Model_16_G,chip_g949.tif,0.24098954,F
Model_16_G,chip_g950.tif,0.4655211,F
Model_16_G,chip_g967.tif,0.25066686,T
Model_16_G,chip_g999.tif,0.30216137,T
Model_16_G,chip_g999.tif,0.25181308,T
Model_16_G,chip_g999.tif,0.24918494,F
Model_16_G,chip_g999.tif,0.24855252,F
Model_16_G,chip_g999.tif,0.2472835,T
Model_16_G,chip_g999.tif,0.2471285,F
Model_16_G,chip_g999.tif,0.24660268,F
Model_16_G,chip_g999.tif,0.24629477,T
Model_16_G,chip_g999.tif,0.24523038,F
Model_16_G,chip_g999.tif,0.24438776,F
Model_16_G,chip_g999.tif,0.24380049,F
Model_16_G,chip_g999.tif,0.24198397,T
Model_16_G,chip_g999.tif,0.24139285,F
Model_16_G,chip_g999.tif,0.24039765,F
Model_16_G,chip_g1005.tif,0.9755053,T
Model_16_G,chip_g1008.tif,0.52554065,T
Model_16_G,chip_g1008.tif,0.35529596,T
Model_16_G,chip_g1008.tif,0.30492613,T
Model_16_G,chip_g1008.tif,0.27134746,T
Model_16_G,chip_g1008.tif,0.26492402,T
Model_16_G,chip_g1013.tif,0.97720647,T
Model_16_G,chip_g1014.tif,0.93117416,T
Model_16_G,chip_g1018.tif,0.9891145,T
Model_16_G,chip_g1026.tif,0.9615233,T
Model_16_G,chip_g1027.tif,0.9992536,T
Model_16_G,chip_g1029.tif,0.99123937,T
Model_16_G,chip_g1037.tif,0.92576003,T
Model_16_G,chip_g1113.tif,0.9358771,T
Model_16_G,chip_g1121.tif,0.96259564,T
Model_16_G,chip_g1121.tif,0.88008267,T
Model_16_G,chip_g1122.tif,0.3321465,T
Model_16_G,chip_g1127.tif,0.49980998,T
Model_16_G,chip_g1127.tif,0.32757688,T
Model_16_G,chip_g1133.tif,0.2746203,T
Model_16_G,chip_g1133.tif,0.23881254,T
Model_16_G,chip_g1142.tif,0.99722916,T
Model_16_G,chip_g1147.tif,0.48254585,T
Model_16_G,chip_g1147.tif,0.44639328,T
Model_16_G,chip_g1147.tif,0.3903167,T
Model_16_G,chip_g1168.tif,0.2600664,F
Model_16_G,chip_g1168.tif,0.25368682,T
Model_16_G,chip_g1168.tif,0.24786149,F
Model_16_G,chip_g1168.tif,0.23912133,T
Model_16_G,chip_g1168.tif,0.2362546,T
Model_16_G,chip_g1168.tif,0.23587874,F
Model_16_G,chip_g1168.tif,0.23368014,F
Model_16_G,chip_g1168.tif,0.23148401,T
Model_16_G,chip_g1168.tif,0.23139547,F
Model_16_G,chip_g1168.tif,0.23122221,T
Model_16_G,chip_g1168.tif,0.23106086,F
Model_16_G,chip_g1168.tif,0.2307766,F
Model_16_G,chip_g1168.tif,0.23046866,F
Model_16_G,chip_g1168.tif,0.23038876,F
Model_16_G,chip_g1180.tif,0.25097996,F
Model_16_G,chip_g1217.tif,0.25944284,T
Model_16_G,chip_g1217.tif,0.25459164,F
Model_16_G,chip_g1217.tif,0.25361705,T
Model_16_G,chip_g1217.tif,0.24900371,F
Model_16_G,chip_g1217.tif,0.24773423,F
Model_16_G,chip_g1217.tif,0.24722227,T
Model_16_G,chip_g1217.tif,0.24035853,F
Model_16_G,chip_g1217.tif,0.23242255,T
Model_16_G,chip_g1217.tif,0.23133178,F
Model_16_G,chip_g1238.tif,0.2630966,F
Model_16_G,chip_g1253.tif,0.23544438,T
Model_16_G,chip_g1314.tif,0.9963238,T
Model_16_G,chip_g1317.tif,0.9958016,T
Model_16_G,chip_g1331.tif,0.9992157,T
Model_16_G,chip_g1343.tif,0.9661782,T
Model_16_G,chip_g1353.tif,0.99924856,T
Model_16_G,chip_g1354.tif,0.91135085,T
Model_16_G,chip_g1354.tif,0.6025441,T
Model_16_G,chip_g1378.tif,0.6749638,T
Model_16_G,chip_g1378.tif,0.5622976,T
Model_16_G,chip_g1378.tif,0.4766112,T
Model_16_G,chip_g1401.tif,0.25737867,F
Model_16_G,chip_g1401.tif,0.24268927,F
Model_16_G,chip_g1401.tif,0.24135643,F
Model_16_G,chip_g1401.tif,0.23857209,T
Model_16_G,chip_g1401.tif,0.23333551,F
Model_16_G,chip_g1409.tif,0.29924795,T
Model_16_G,chip_g1412.tif,0.24866992,F
Model_16_G,chip_g1412.tif,0.24515864,F
Model_16_G,chip_g1412.tif,0.23871306,T
Model_16_G,chip_g1412.tif,0.23669471,F
Model_16_G,chip_g1412.tif,0.23523252,F
Model_16_G,chip_g1412.tif,0.2346585,F
Model_16_G,chip_g1412.tif,0.23130576,F
Model_16_G,chip_g1412.tif,0.23110406,T
Model_16_G,chip_g1412.tif,0.23097275,F
Model_16_G,chip_g1412.tif,0.23084913,F
Model_16_G,chip_g1416.tif,0.24718326,F
Model_16_G,chip_g1416.tif,0.24442774,T
Model_16_G,chip_g1416.tif,0.24011791,F
Model_16_G,chip_g1416.tif,0.2394174,F
Model_16_G,chip_g1425.tif,0.9861522,T
Model_16_G,chip_g1434.tif,0.9995105,T
Model_16_G,chip_g1435.tif,0.9922275,T
Model_16_G,chip_g1449.tif,0.68274397,T
Model_16_G,chip_g1449.tif,0.6159847,T
Model_16_G,chip_g1461.tif,0.82975274,T
Model_16_G,chip_g1462.tif,0.5518182,T
Model_16_G,chip_g1463.tif,0.8989027,T
Model_16_G,chip_g1463.tif,0.33448723,F
Model_16_G,chip_g1466.tif,0.9862179,T
Model_16_G,chip_g1468.tif,0.9301139,T
Model_16_G,chip_g1469.tif,0.44231233,T
Model_16_G,chip_g1469.tif,0.3469705,T
Model_16_G,chip_g1469.tif,0.3206606,T
Model_16_G,chip_g1471.tif,0.9951957,T
Model_16_G,chip_g1478.tif,0.28482896,T
Model_16_G,chip_g1478.tif,0.2690299,T
Model_16_G,chip_g1478.tif,0.26555896,T
Model_16_G,chip_g1478.tif,0.24200782,T
Model_16_G,chip_g1478.tif,0.24069007,T
Model_16_G,chip_g1478.tif,0.23662178,F
Model_16_G,chip_g1478.tif,0.2357605,F
Model_16_G,chip_g1482.tif,0.24878995,T
Model_16_G,chip_g1483.tif,0.27327752,T
Model_16_G,chip_g1485.tif,0.2522618,F
Model_16_G,chip_g1497.tif,0.30940765,T
Model_16_G,chip_g1504.tif,0.29586285,T
Model_16_G,chip_g1526.tif,0.9994399,T
Model_16_G,chip_g1529.tif,0.99926966,F
Model_16_G,chip_g1529.tif,0.6674018,F
Model_16_G,chip_g1556.tif,0.9932308,T
Model_16_G,chip_g1584.tif,0.51220363,T
Model_16_G,chip_g1584.tif,0.3844972,F
Model_16_G,chip_g1584.tif,0.23947898,T
Model_16_G,chip_g1589.tif,0.32719535,T
Model_16_G,chip_g1589.tif,0.32434484,T
Model_16_G,chip_g1589.tif,0.2707462,T
Model_16_G,chip_g1589.tif,0.24355777,F
Model_16_G,chip_g1589.tif,0.23945789,T
Model_16_G,chip_g1593.tif,0.9842635,T
Model_16_G,chip_g1594.tif,0.8123083,T
Model_16_G,chip_g1594.tif,0.5835136,T
Model_16_G,chip_g1618.tif,0.5167702,T
Model_16_G,chip_g1619.tif,0.40700904,T
Model_16_G,chip_g1631.tif,0.48986313,T
Model_16_G,chip_g1631.tif,0.2301259,T
Model_16_G,chip_g1645.tif,0.26067996,T
Model_16_G,chip_g1651.tif,0.32866776,T
Model_16_G,chip_g1654.tif,0.2313323,T
Model_16_G,chip_g1658.tif,0.25106576,T
Model_16_G,chip_g1658.tif,0.24804938,T
Model_16_G,chip_g1658.tif,0.24533367,T
Model_16_G,chip_g1658.tif,0.23147705,F
Model_16_G,chip_g1669.tif,0.25939125,F
Model_16_G,chip_g167.tif,0.99980384,T
Model_16_G,chip_g1675.tif,0.2383815,F
Model_16_G,chip_g1677.tif,0.2644488,T
Model_16_G,chip_g1678.tif,0.3252585,T
Model_16_G,chip_g1678.tif,0.2474152,T
Model_16_G,chip_g1678.tif,0.23209524,F
Model_16_G,chip_g1697.tif,0.24523325,F
Model_16_G,chip_g1697.tif,0.23491596,F
Model_16_G,chip_g1697.tif,0.23396008,T
Model_16_G,chip_g1711.tif,0.674846,T
Model_16_G,chip_g1711.tif,0.49231872,T
Model_16_G,chip_g1730.tif,0.42156267,T
Model_16_G,chip_g1730.tif,0.28816283,T
Model_16_G,chip_g1730.tif,0.28169385,F
Model_16_G,chip_g1731.tif,0.72679853,T
Model_16_G,chip_g1731.tif,0.41383824,T
Model_16_G,chip_g1749.tif,0.2747486,T
Model_16_G,chip_g1749.tif,0.2574278,T
Model_16_G,chip_g1749.tif,0.2564947,T
Model_16_G,chip_g1749.tif,0.25174668,F
Model_16_G,chip_g1749.tif,0.2501119,T
Model_16_G,chip_g1749.tif,0.249842,T
Model_16_G,chip_g1749.tif,0.2497424,T
Model_16_G,chip_g1749.tif,0.24536452,T
Model_16_G,chip_g1749.tif,0.2433476,T
Model_16_G,chip_g1749.tif,0.23855491,T
Model_16_G,chip_g1749.tif,0.2382033,F
Model_16_G,chip_g1749.tif,0.23711218,F
Model_16_G,chip_g1749.tif,0.23651558,F
Model_16_G,chip_g1749.tif,0.23621783,F
Model_16_G,chip_g1749.tif,0.23621774,F
Model_16_G,chip_g1749.tif,0.23556103,T
Model_16_G,chip_g1749.tif,0.23556069,F
Model_16_G,chip_g1749.tif,0.23452988,T
Model_16_G,chip_g1749.tif,0.23175938,F
Model_16_G,chip_g1751.tif,0.47713497,T
Model_16_G,chip_g1769.tif,0.29625612,T
Model_16_G,chip_g1769.tif,0.2611638,T
Model_16_G,chip_g1769.tif,0.25954816,T
Model_16_G,chip_g1769.tif,0.25680786,T
Model_16_G,chip_g1769.tif,0.24548277,T
Model_16_G,chip_g1769.tif,0.23996453,T
Model_16_G,chip_g1769.tif,0.23937957,T
Model_16_G,chip_g1769.tif,0.23012793,F
Model_16_G,chip_g1771.tif,0.26890492,T
Model_16_G,chip_g1771.tif,0.2640566,T
Model_16_G,chip_g1771.tif,0.25444743,T
Model_16_G,chip_g1771.tif,0.253174,T
Model_16_G,chip_g1771.tif,0.25254196,T
Model_16_G,chip_g1771.tif,0.25152642,T
Model_16_G,chip_g1771.tif,0.24862024,T
Model_16_G,chip_g1771.tif,0.24846734,T
Model_16_G,chip_g1771.tif,0.2479893,T
Model_16_G,chip_g1771.tif,0.24786535,T
Model_16_G,chip_g1771.tif,0.24606283,F
Model_16_G,chip_g1771.tif,0.2459704,T
Model_16_G,chip_g1771.tif,0.24589743,T
Model_16_G,chip_g1771.tif,0.24458885,T
Model_16_G,chip_g1771.tif,0.24411486,F
Model_16_G,chip_g1771.tif,0.24410449,F
Model_16_G,chip_g1771.tif,0.24314952,F
Model_16_G,chip_g1771.tif,0.24215783,T
Model_16_G,chip_g1771.tif,0.24041612,F
Model_16_G,chip_g1771.tif,0.24006227,F
Model_16_G,chip_g1771.tif,0.23998535,T
Model_16_G,chip_g1771.tif,0.23992631,T
Model_16_G,chip_g1771.tif,0.23932183,F
Model_16_G,chip_g1771.tif,0.23923308,T
Model_16_G,chip_g1771.tif,0.23883855,F
Model_16_G,chip_g1771.tif,0.23751804,F
Model_16_G,chip_g1771.tif,0.23740119,F
Model_16_G,chip_g1771.tif,0.23727852,F
Model_16_G,chip_g1771.tif,0.23704854,F
Model_16_G,chip_g1771.tif,0.2368592,T
Model_16_G,chip_g1771.tif,0.2363908,F
Model_16_G,chip_g1771.tif,0.23626176,F
Model_16_G,chip_g1771.tif,0.23603962,T
Model_16_G,chip_g1771.tif,0.23596455,F
Model_16_G,chip_g1771.tif,0.23528971,F
Model_16_G,chip_g1771.tif,0.23495309,F
Model_16_G,chip_g1771.tif,0.23474815,F
Model_16_G,chip_g1771.tif,0.23471925,T
Model_16_G,chip_g1771.tif,0.23454036,F
Model_16_G,chip_g1771.tif,0.23413377,F
Model_16_G,chip_g1771.tif,0.23364455,F
Model_16_G,chip_g1771.tif,0.23317449,F
Model_16_G,chip_g1771.tif,0.23309708,F
Model_16_G,chip_g1771.tif,0.23265262,F
Model_16_G,chip_g1771.tif,0.23251027,F
Model_16_G,chip_g1771.tif,0.23148894,F
Model_16_G,chip_g1771.tif,0.23101659,F
Model_16_G,chip_g1771.tif,0.23084208,F
Model_16_G,chip_g1771.tif,0.23076569,F
Model_16_G,chip_g1771.tif,0.23071958,T
Model_16_G,chip_g1771.tif,0.230273,F
Model_16_G,chip_g1771.tif,0.23015879,F
Model_16_G,chip_g1771.tif,0.23008232,F
Model_16_G,chip_g1785.tif,0.25707158,T
Model_16_G,chip_g1785.tif,0.25425452,T
Model_16_G,chip_g1785.tif,0.25391108,T
Model_16_G,chip_g1785.tif,0.25264326,T
Model_16_G,chip_g1785.tif,0.24601784,T
Model_16_G,chip_g1785.tif,0.24566776,T
Model_16_G,chip_g1785.tif,0.24443933,T
Model_16_G,chip_g1785.tif,0.24354067,F
Model_16_G,chip_g1785.tif,0.24328071,F
Model_16_G,chip_g1785.tif,0.24305171,T
Model_16_G,chip_g1785.tif,0.24284674,T
Model_16_G,chip_g1785.tif,0.24246575,F
Model_16_G,chip_g1785.tif,0.2421595,T
Model_16_G,chip_g1785.tif,0.24154742,F
Model_16_G,chip_g1785.tif,0.24134259,T
Model_16_G,chip_g1785.tif,0.2410391,T
Model_16_G,chip_g1785.tif,0.24041742,T
Model_16_G,chip_g1785.tif,0.23919527,T
Model_16_G,chip_g1785.tif,0.23890235,T
Model_16_G,chip_g1785.tif,0.23871829,F
Model_16_G,chip_g1785.tif,0.23866752,F
Model_16_G,chip_g1785.tif,0.23839937,T
Model_16_G,chip_g1785.tif,0.23823878,F
Model_16_G,chip_g1785.tif,0.23813163,T
Model_16_G,chip_g1785.tif,0.2369132,F
Model_16_G,chip_g1785.tif,0.23642917,T
Model_16_G,chip_g1785.tif,0.2361636,F
Model_16_G,chip_g1785.tif,0.23577835,T
Model_16_G,chip_g1785.tif,0.23564005,T
Model_16_G,chip_g1785.tif,0.2354453,F
Model_16_G,chip_g1785.tif,0.23531207,F
Model_16_G,chip_g1785.tif,0.23524748,F
Model_16_G,chip_g1785.tif,0.23523958,F
Model_16_G,chip_g1785.tif,0.23477119,F
Model_16_G,chip_g1785.tif,0.2345929,F
Model_16_G,chip_g1785.tif,0.23458998,T
Model_16_G,chip_g1785.tif,0.23449837,F
Model_16_G,chip_g1785.tif,0.23446648,T
Model_16_G,chip_g1785.tif,0.23331043,F
Model_16_G,chip_g1785.tif,0.23329534,F
Model_16_G,chip_g1785.tif,0.23319612,F
Model_16_G,chip_g1785.tif,0.23302764,F
Model_16_G,chip_g1785.tif,0.23284626,F
Model_16_G,chip_g1785.tif,0.23272981,F
Model_16_G,chip_g1785.tif,0.23267691,F
Model_16_G,chip_g1785.tif,0.23253144,T
Model_16_G,chip_g1785.tif,0.23251791,F
Model_16_G,chip_g1785.tif,0.23233531,T
Model_16_G,chip_g1785.tif,0.2320159,T
Model_16_G,chip_g1785.tif,0.23200597,F
Model_16_G,chip_g1785.tif,0.23189877,F
Model_16_G,chip_g1785.tif,0.23182034,F
Model_16_G,chip_g1785.tif,0.23168984,F
Model_16_G,chip_g1785.tif,0.23081386,F
Model_16_G,chip_g1785.tif,0.2307159,F
Model_16_G,chip_g1785.tif,0.23048018,F
Model_16_G,chip_g1785.tif,0.23045038,F
Model_16_G,chip_g1789.tif,0.2726483,T
Model_16_G,chip_g1789.tif,0.26540485,T
Model_16_G,chip_g1789.tif,0.25681904,T
Model_16_G,chip_g1789.tif,0.24271448,F
Model_16_G,chip_g1789.tif,0.23920621,T
Model_16_G,chip_g1789.tif,0.23832744,F
Model_16_G,chip_g1789.tif,0.235504,F
Model_16_G,chip_g1789.tif,0.23443447,F
Model_16_G,chip_g1789.tif,0.2334145,F
Model_16_G,chip_g1789.tif,0.23260105,F
Model_16_G,chip_g1789.tif,0.23109078,F
Model_16_G,chip_g1789.tif,0.23083194,F
Model_16_G,chip_g1790.tif,0.2695452,T
Model_16_G,chip_g1790.tif,0.2485196,T
Model_16_G,chip_g1790.tif,0.24778306,F
Model_16_G,chip_g1790.tif,0.24483126,F
Model_16_G,chip_g1790.tif,0.24452783,F
Model_16_G,chip_g1790.tif,0.24397852,F
Model_16_G,chip_g1790.tif,0.24382693,F
Model_16_G,chip_g1790.tif,0.24316518,F
Model_16_G,chip_g1790.tif,0.24234645,T
Model_16_G,chip_g1790.tif,0.24223888,F
Model_16_G,chip_g1790.tif,0.23993783,F
Model_16_G,chip_g1790.tif,0.23974937,F
Model_16_G,chip_g1790.tif,0.23957561,T
Model_16_G,chip_g1790.tif,0.23920448,F
Model_16_G,chip_g1790.tif,0.23879822,F
Model_16_G,chip_g1790.tif,0.23874818,F
Model_16_G,chip_g1790.tif,0.23849827,T
Model_16_G,chip_g1790.tif,0.23782262,F
Model_16_G,chip_g1790.tif,0.23689845,F
Model_16_G,chip_g1790.tif,0.23681273,F
Model_16_G,chip_g1790.tif,0.23642784,T
Model_16_G,chip_g1790.tif,0.23507465,F
Model_16_G,chip_g1790.tif,0.2349253,T
Model_16_G,chip_g1790.tif,0.23460928,F
Model_16_G,chip_g1790.tif,0.2341428,T
Model_16_G,chip_g1790.tif,0.2340495,F
Model_16_G,chip_g1790.tif,0.23371185,F
Model_16_G,chip_g1790.tif,0.2327347,F
Model_16_G,chip_g1790.tif,0.232577,F
Model_16_G,chip_g1790.tif,0.23233019,F
Model_16_G,chip_g1790.tif,0.23229212,F
Model_16_G,chip_g1790.tif,0.23205209,F
Model_16_G,chip_g1790.tif,0.23204334,F
Model_16_G,chip_g1790.tif,0.23192784,F
Model_16_G,chip_g1790.tif,0.23182401,F
Model_16_G,chip_g1790.tif,0.23178454,F
Model_16_G,chip_g1790.tif,0.23113495,F
Model_16_G,chip_g1790.tif,0.23104626,F
Model_16_G,chip_g1790.tif,0.23041275,F
Model_16_G,chip_g1790.tif,0.23007503,F
Model_16_G,chip_g1791.tif,0.27607426,T
Model_16_G,chip_g1791.tif,0.2504908,T
Model_16_G,chip_g1791.tif,0.24366653,F
Model_16_G,chip_g1791.tif,0.24293469,F
Model_16_G,chip_g1791.tif,0.23879185,F
Model_16_G,chip_g1791.tif,0.23854737,F
Model_16_G,chip_g1791.tif,0.23683693,F
Model_16_G,chip_g1791.tif,0.23599748,T
Model_16_G,chip_g1791.tif,0.23586616,F
Model_16_G,chip_g1791.tif,0.23424035,F
Model_16_G,chip_g1791.tif,0.23381753,F
Model_16_G,chip_g1791.tif,0.23380642,T
Model_16_G,chip_g1791.tif,0.23286653,T
Model_16_G,chip_g1791.tif,0.23266262,F
Model_16_G,chip_g1791.tif,0.23178121,F
Model_16_G,chip_g1791.tif,0.2315,F
Model_16_G,chip_g1791.tif,0.23018226,T
Model_16_G,chip_g1791.tif,0.23001075,F
Model_16_G,chip_g1830.tif,0.25010148,F
Model_16_G,chip_g1830.tif,0.23960084,F
Model_16_G,chip_g1830.tif,0.23764783,F
Model_16_G,chip_g1831.tif,0.26433507,F
Model_16_G,chip_g1851.tif,0.24034868,F
Model_16_G,chip_g1869.tif,0.2478197,T
Model_16_G,chip_g1869.tif,0.23993817,F
Model_16_G,chip_g1869.tif,0.23846029,F
Model_16_G,chip_g1869.tif,0.23634794,F
Model_16_G,chip_g1869.tif,0.23632218,F
Model_16_G,chip_g1869.tif,0.23577704,F
Model_16_G,chip_g1869.tif,0.23351057,F
Model_16_G,chip_g1869.tif,0.23188087,F
Model_16_G,chip_g1869.tif,0.23186095,T
Model_16_G,chip_g1869.tif,0.23126191,F
Model_16_G,chip_g1869.tif,0.23037529,F
Model_16_G,chip_g1869.tif,0.23014721,F
Model_16_G,chip_g1925.tif,0.23154876,F
Model_16_G,chip_g2020.tif,0.2306972,T
Model_16_G,chip_g2022.tif,0.51650405,T
Model_16_G,chip_g2026.tif,0.92217255,T
Model_16_G,chip_g2026.tif,0.32151932,T
Model_16_G,chip_g2030.tif,0.6331435,T
Model_16_G,chip_g2030.tif,0.48309076,T
Model_16_G,chip_g2030.tif,0.4809342,T
Model_16_G,chip_g2031.tif,0.3370059,T
Model_16_G,chip_g2031.tif,0.3202326,T
Model_16_G,chip_g2031.tif,0.31575075,T
Model_16_G,chip_g207.tif,0.9948192,T
Model_16_G,chip_g2145.tif,0.25661668,F
Model_16_G,chip_g2145.tif,0.24696882,F
Model_16_G,chip_g2145.tif,0.24570905,T
Model_16_G,chip_g2145.tif,0.24557413,F
Model_16_G,chip_g2145.tif,0.24432594,T
Model_16_G,chip_g2145.tif,0.239476,F
Model_16_G,chip_g2145.tif,0.23869656,F
Model_16_G,chip_g2145.tif,0.23806079,F
Model_16_G,chip_g2145.tif,0.23604327,T
Model_16_G,chip_g2145.tif,0.23510899,F
Model_16_G,chip_g2145.tif,0.23490417,F
Model_16_G,chip_g2145.tif,0.23478709,F
Model_16_G,chip_g2145.tif,0.23469792,T
Model_16_G,chip_g2145.tif,0.23346,F
Model_16_G,chip_g2145.tif,0.23312247,F
Model_16_G,chip_g2145.tif,0.23263806,F
Model_16_G,chip_g2145.tif,0.23138946,F
Model_16_G,chip_g2145.tif,0.23075615,T
Model_16_G,chip_g2181.tif,0.23771384,F
Model_16_G,chip_g2181.tif,0.23652576,T
Model_16_G,chip_g2181.tif,0.23472132,F
Model_16_G,chip_g2181.tif,0.2340022,F
Model_16_G,chip_g2181.tif,0.23161937,F
Model_16_G,chip_g2181.tif,0.23020747,F
Model_16_G,chip_g2185.tif,0.25758594,T
Model_16_G,chip_g2185.tif,0.25389048,T
Model_16_G,chip_g2185.tif,0.25229925,T
Model_16_G,chip_g2185.tif,0.25110328,F
Model_16_G,chip_g2185.tif,0.25006762,F
Model_16_G,chip_g2185.tif,0.24920262,T
Model_16_G,chip_g2185.tif,0.24849615,F
Model_16_G,chip_g2185.tif,0.24819422,T
Model_16_G,chip_g2185.tif,0.24718384,T
Model_16_G,chip_g2185.tif,0.24677823,F
Model_16_G,chip_g2185.tif,0.24647954,T
Model_16_G,chip_g2185.tif,0.24593283,F
Model_16_G,chip_g2185.tif,0.24589452,F
Model_16_G,chip_g2185.tif,0.24513072,T
Model_16_G,chip_g2185.tif,0.24496032,T
Model_16_G,chip_g2185.tif,0.24462482,F
Model_16_G,chip_g2185.tif,0.24447227,T
Model_16_G,chip_g2185.tif,0.24373668,F
Model_16_G,chip_g2185.tif,0.24361482,F
Model_16_G,chip_g2185.tif,0.24296135,F
Model_16_G,chip_g2185.tif,0.24275593,F
Model_16_G,chip_g2185.tif,0.24089096,F
Model_16_G,chip_g2185.tif,0.2406781,T
Model_16_G,chip_g2185.tif,0.24060148,T
Model_16_G,chip_g2185.tif,0.24022207,F
Model_16_G,chip_g2185.tif,0.240102,F
Model_16_G,chip_g2185.tif,0.23991251,F
Model_16_G,chip_g2185.tif,0.23983946,F
Model_16_G,chip_g2185.tif,0.23975961,F
Model_16_G,chip_g2185.tif,0.23964858,T
Model_16_G,chip_g2185.tif,0.23960856,F
Model_16_G,chip_g2185.tif,0.23927462,T
Model_16_G,chip_g2185.tif,0.23871641,F
Model_16_G,chip_g2185.tif,0.23860537,F
Model_16_G,chip_g2185.tif,0.23854868,F
Model_16_G,chip_g2185.tif,0.23832044,F
Model_16_G,chip_g2185.tif,0.23827778,F
Model_16_G,chip_g2185.tif,0.23780124,F
Model_16_G,chip_g2185.tif,0.23759684,T
Model_16_G,chip_g2185.tif,0.23686746,F
Model_16_G,chip_g2185.tif,0.23683305,F
Model_16_G,chip_g2185.tif,0.236177,F
Model_16_G,chip_g2185.tif,0.23598446,F
Model_16_G,chip_g2185.tif,0.23568249,F
Model_16_G,chip_g2185.tif,0.2356391,F
Model_16_G,chip_g2185.tif,0.23563837,F
Model_16_G,chip_g2185.tif,0.23514177,F
Model_16_G,chip_g2185.tif,0.2348577,F
Model_16_G,chip_g2185.tif,0.23462698,F
Model_16_G,chip_g2185.tif,0.23457392,F
Model_16_G,chip_g2185.tif,0.23456246,F
Model_16_G,chip_g2185.tif,0.23452817,F
Model_16_G,chip_g2185.tif,0.23440371,F
Model_16_G,chip_g2185.tif,0.23408668,F
Model_16_G,chip_g2185.tif,0.23375118,F
Model_16_G,chip_g2185.tif,0.23362221,F
Model_16_G,chip_g2185.tif,0.23361674,F
Model_16_G,chip_g2185.tif,0.23329815,T
Model_16_G,chip_g2185.tif,0.23329446,T
Model_16_G,chip_g2185.tif,0.23284131,F
Model_16_G,chip_g2185.tif,0.23211284,F
Model_16_G,chip_g2185.tif,0.23177412,F
Model_16_G,chip_g2185.tif,0.23177311,F
Model_16_G,chip_g2185.tif,0.23154469,F
Model_16_G,chip_g2185.tif,0.23152693,F
Model_16_G,chip_g2185.tif,0.23134984,F
Model_16_G,chip_g2185.tif,0.23131968,F
Model_16_G,chip_g2185.tif,0.23128496,F
Model_16_G,chip_g2185.tif,0.23080175,F
Model_16_G,chip_g2185.tif,0.23069459,F
Model_16_G,chip_g2185.tif,0.230434,T
Model_16_G,chip_g2185.tif,0.23041514,F
Model_16_G,chip_g2185.tif,0.2303653,F
Model_16_G,chip_g2185.tif,0.23028411,F
Model_16_G,chip_g2185.tif,0.23011425,F
Model_16_G,chip_g2210.tif,0.2433484,T
Model_16_G,chip_g2220.tif,0.26948398,T
Model_16_G,chip_g2220.tif,0.26077855,T
Model_16_G,chip_g2220.tif,0.25488868,T
Model_16_G,chip_g2220.tif,0.25404045,T
Model_16_G,chip_g2220.tif,0.25274616,T
Model_16_G,chip_g2220.tif,0.24609163,T
Model_16_G,chip_g2220.tif,0.24521573,T
Model_16_G,chip_g2220.tif,0.24327798,T
Model_16_G,chip_g2220.tif,0.24168026,T
Model_16_G,chip_g2220.tif,0.24080624,F
Model_16_G,chip_g2220.tif,0.23836257,F
Model_16_G,chip_g2220.tif,0.23678413,F
Model_16_G,chip_g2220.tif,0.2357001,F
Model_16_G,chip_g2220.tif,0.2348339,F
Model_16_G,chip_g2220.tif,0.23362353,F
Model_16_G,chip_g2220.tif,0.23084436,F
Model_16_G,chip_g2220.tif,0.23080231,F
Model_16_G,chip_g2220.tif,0.23066565,F
Model_16_G,chip_g2220.tif,0.23037021,F
Model_16_G,chip_g2220.tif,0.23014228,F
Model_16_G,chip_g2221.tif,0.42542297,T
Model_16_G,chip_g2221.tif,0.27969608,T
Model_16_G,chip_g2221.tif,0.2305424,F
Model_16_G,chip_g2224.tif,0.45822105,T
Model_16_G,chip_g2224.tif,0.35651046,T
Model_16_G,chip_g2224.tif,0.32619074,T
Model_16_G,chip_g2224.tif,0.25653556,T
Model_16_G,chip_g2224.tif,0.25145683,T
Model_16_G,chip_g2225.tif,0.2812169,T
Model_16_G,chip_g2225.tif,0.2588723,T
Model_16_G,chip_g2225.tif,0.25722006,F
Model_16_G,chip_g2225.tif,0.25400832,T
Model_16_G,chip_g2225.tif,0.2534781,T
Model_16_G,chip_g2225.tif,0.24960893,T
Model_16_G,chip_g2225.tif,0.24920428,T
Model_16_G,chip_g2225.tif,0.2471541,T
Model_16_G,chip_g2225.tif,0.24677482,T
Model_16_G,chip_g2225.tif,0.24664909,T
Model_16_G,chip_g2225.tif,0.24560542,T
Model_16_G,chip_g2225.tif,0.24512272,T
Model_16_G,chip_g2225.tif,0.24494936,F
Model_16_G,chip_g2225.tif,0.24328358,T
Model_16_G,chip_g2225.tif,0.24328154,T
Model_16_G,chip_g2225.tif,0.24292363,T
Model_16_G,chip_g2225.tif,0.24264008,T
Model_16_G,chip_g2225.tif,0.24215862,T
Model_16_G,chip_g2225.tif,0.242119,T
Model_16_G,chip_g2225.tif,0.24189302,F
Model_16_G,chip_g2225.tif,0.24180326,F
Model_16_G,chip_g2225.tif,0.24157418,T
Model_16_G,chip_g2225.tif,0.2415503,F
Model_16_G,chip_g2225.tif,0.24109066,F
Model_16_G,chip_g2225.tif,0.24086542,F
Model_16_G,chip_g2225.tif,0.24063286,T
Model_16_G,chip_g2225.tif,0.24013288,F
Model_16_G,chip_g2225.tif,0.23998964,T
Model_16_G,chip_g2225.tif,0.23981735,F
Model_16_G,chip_g2225.tif,0.23966458,T
Model_16_G,chip_g2225.tif,0.23914166,F
Model_16_G,chip_g2225.tif,0.23913084,T
Model_16_G,chip_g2225.tif,0.23904058,F
Model_16_G,chip_g2225.tif,0.2388619,F
Model_16_G,chip_g2225.tif,0.23874784,T
Model_16_G,chip_g2225.tif,0.23837742,T
Model_16_G,chip_g2225.tif,0.23789763,F
Model_16_G,chip_g2225.tif,0.23787986,T
Model_16_G,chip_g2225.tif,0.23777083,T
Model_16_G,chip_g2225.tif,0.23757194,F
Model_16_G,chip_g2225.tif,0.23718199,F
Model_16_G,chip_g2225.tif,0.23713495,F
Model_16_G,chip_g2225.tif,0.2370449,T
Model_16_G,chip_g2225.tif,0.23684601,F
Model_16_G,chip_g2225.tif,0.23666434,F
Model_16_G,chip_g2225.tif,0.23654713,F
Model_16_G,chip_g2225.tif,0.23649412,F
Model_16_G,chip_g2225.tif,0.2361139,F
Model_16_G,chip_g2225.tif,0.23606795,T
Model_16_G,chip_g2225.tif,0.2359025,F
Model_16_G,chip_g2225.tif,0.23554419,F
Model_16_G,chip_g2225.tif,0.23503293,F
Model_16_G,chip_g2225.tif,0.23490164,F
Model_16_G,chip_g2225.tif,0.234792,F
Model_16_G,chip_g2225.tif,0.23449942,F
Model_16_G,chip_g2225.tif,0.23446123,F
Model_16_G,chip_g2225.tif,0.23443851,F
Model_16_G,chip_g2225.tif,0.23439172,T
Model_16_G,chip_g2225.tif,0.23427817,T
Model_16_G,chip_g2225.tif,0.23419964,F
Model_16_G,chip_g2225.tif,0.23407741,T
Model_16_G,chip_g2225.tif,0.23406202,F
Model_16_G,chip_g2225.tif,0.23383057,F
Model_16_G,chip_g2225.tif,0.23380202,F
Model_16_G,chip_g2225.tif,0.23368381,T
Model_16_G,chip_g2225.tif,0.23328564,T
Model_16_G,chip_g2225.tif,0.23318972,F
Model_16_G,chip_g2225.tif,0.23315778,F
Model_16_G,chip_g2225.tif,0.23291472,F
Model_16_G,chip_g2225.tif,0.23262657,F
Model_16_G,chip_g2225.tif,0.23216608,F
Model_16_G,chip_g2225.tif,0.23211822,T
Model_16_G,chip_g2225.tif,0.23188107,F
Model_16_G,chip_g2226.tif,0.3947699,T
Model_16_G,chip_g2249.tif,0.4462321,T
Model_16_G,chip_g2249.tif,0.42868152,T
Model_16_G,chip_g2258.tif,0.30272144,T
Model_16_G,chip_g2258.tif,0.28024682,T
Model_16_G,chip_g2258.tif,0.2765163,T
Model_16_G,chip_g2258.tif,0.26350397,T
Model_16_G,chip_g2258.tif,0.25422743,T
Model_16_G,chip_g226.tif,0.962589,T
Model_16_G,chip_g2406.tif,0.2613599,T
Model_16_G,chip_g2406.tif,0.256208,T
Model_16_G,chip_g2406.tif,0.237817,T
Model_16_G,chip_g2407.tif,0.25925392,T
Model_16_G,chip_g2411.tif,0.24541336,T
Model_16_G,chip_g2426.tif,0.2666886,T
Model_16_G,chip_g2426.tif,0.26381844,T
Model_16_G,chip_g2426.tif,0.24792577,T
Model_16_G,chip_g2426.tif,0.24483697,F
Model_16_G,chip_g2426.tif,0.24337503,F
Model_16_G,chip_g2426.tif,0.24271008,T
Model_16_G,chip_g2426.tif,0.24136336,T
Model_16_G,chip_g2426.tif,0.24121962,F
Model_16_G,chip_g2426.tif,0.23997961,T
Model_16_G,chip_g2426.tif,0.2398215,F
Model_16_G,chip_g2426.tif,0.23497616,F
Model_16_G,chip_g2426.tif,0.2345554,F
Model_16_G,chip_g2426.tif,0.2331676,T
Model_16_G,chip_g2426.tif,0.23294218,T
Model_16_G,chip_g2426.tif,0.23250243,F
Model_16_G,chip_g2426.tif,0.232316,F
Model_16_G,chip_g2426.tif,0.23227808,F
Model_16_G,chip_g2426.tif,0.23030318,F
Model_16_G,chip_g2426.tif,0.23025325,F
Model_16_G,chip_g2427.tif,0.26964742,T
Model_16_G,chip_g2427.tif,0.26934725,T
Model_16_G,chip_g2427.tif,0.2558944,T
Model_16_G,chip_g2427.tif,0.24856116,T
Model_16_G,chip_g2427.tif,0.24769741,F
Model_16_G,chip_g2427.tif,0.24619427,F
Model_16_G,chip_g2427.tif,0.24472842,F
Model_16_G,chip_g2427.tif,0.24459022,F
Model_16_G,chip_g2427.tif,0.24447852,F
Model_16_G,chip_g2427.tif,0.24110095,T
Model_16_G,chip_g2427.tif,0.24086916,F
Model_16_G,chip_g2427.tif,0.2387185,F
Model_16_G,chip_g2427.tif,0.23830737,F
Model_16_G,chip_g2427.tif,0.23787738,F
Model_16_G,chip_g2427.tif,0.23634067,F
Model_16_G,chip_g2427.tif,0.23577195,F
Model_16_G,chip_g2427.tif,0.23455219,T
Model_16_G,chip_g2427.tif,0.23398569,T
Model_16_G,chip_g2427.tif,0.23378721,F
Model_16_G,chip_g2427.tif,0.23261726,F
Model_16_G,chip_g2427.tif,0.23138578,F
Model_16_G,chip_g2450.tif,0.280084,T
Model_16_G,chip_g2450.tif,0.2796889,T
Model_16_G,chip_g2450.tif,0.2518352,T
Model_16_G,chip_g2450.tif,0.242697,F
Model_16_G,chip_g2450.tif,0.242358,T
Model_16_G,chip_g2450.tif,0.2411651,F
Model_16_G,chip_g2450.tif,0.24023421,F
Model_16_G,chip_g2450.tif,0.24010035,F
Model_16_G,chip_g2450.tif,0.23259556,F
Model_16_G,chip_g2450.tif,0.23209551,T
Model_16_G,chip_g2450.tif,0.23120888,F
Model_16_G,chip_g2451.tif,0.36238652,T
Model_16_G,chip_g2451.tif,0.26120552,T
Model_16_G,chip_g2451.tif,0.23558164,F
Model_16_G,chip_g247.tif,0.99961025,T
Model_16_G,chip_g2473.tif,0.9163973,T
Model_16_G,chip_g2475.tif,0.99482024,T
Model_16_G,chip_g2486.tif,0.2664881,T
Model_16_G,chip_g2486.tif,0.26301897,F
Model_16_G,chip_g2486.tif,0.26110706,T
Model_16_G,chip_g2486.tif,0.25423717,T
Model_16_G,chip_g2486.tif,0.25413978,T
Model_16_G,chip_g2486.tif,0.24918549,T
Model_16_G,chip_g2486.tif,0.24602625,T
Model_16_G,chip_g2486.tif,0.24586625,F
Model_16_G,chip_g2486.tif,0.24464802,F
Model_16_G,chip_g2486.tif,0.24342223,F
Model_16_G,chip_g2486.tif,0.24233246,T
Model_16_G,chip_g2486.tif,0.24042457,T
Model_16_G,chip_g2486.tif,0.2390695,F
Model_16_G,chip_g2486.tif,0.23906341,T
Model_16_G,chip_g2486.tif,0.23868546,F
Model_16_G,chip_g2486.tif,0.23810615,F
Model_16_G,chip_g2486.tif,0.23718828,T
Model_16_G,chip_g2486.tif,0.23484364,F
Model_16_G,chip_g2486.tif,0.23433946,F
Model_16_G,chip_g2486.tif,0.23036271,F
Model_16_G,chip_g2486.tif,0.23003086,F
Model_16_G,chip_g2487.tif,0.26151717,T
Model_16_G,chip_g2487.tif,0.2613138,T
Model_16_G,chip_g2487.tif,0.25670183,F
Model_16_G,chip_g2487.tif,0.2540364,T
Model_16_G,chip_g2487.tif,0.25150824,T
Model_16_G,chip_g2487.tif,0.25049317,T
Model_16_G,chip_g2487.tif,0.25044128,T
Model_16_G,chip_g2487.tif,0.25031665,T
Model_16_G,chip_g2487.tif,0.24696097,F
Model_16_G,chip_g2487.tif,0.24599113,T
Model_16_G,chip_g2487.tif,0.24560763,T
Model_16_G,chip_g2487.tif,0.24345213,F
Model_16_G,chip_g2487.tif,0.24233295,F
Model_16_G,chip_g2487.tif,0.24190205,F
Model_16_G,chip_g2487.tif,0.24113958,T
Model_16_G,chip_g2487.tif,0.24053979,F
Model_16_G,chip_g2487.tif,0.23973772,F
Model_16_G,chip_g2487.tif,0.2396734,F
Model_16_G,chip_g2487.tif,0.23960823,F
Model_16_G,chip_g2487.tif,0.23912126,F
Model_16_G,chip_g2487.tif,0.23854522,F
Model_16_G,chip_g2487.tif,0.23295231,F
Model_16_G,chip_g2487.tif,0.23115873,F
Model_16_G,chip_g2487.tif,0.23067446,F
Model_16_G,chip_g2487.tif,0.23013344,F
Model_16_G,chip_g2487.tif,0.23006395,F
Model_16_G,chip_g2491.tif,0.2624929,T
Model_16_G,chip_g2491.tif,0.251134,T
Model_16_G,chip_g2491.tif,0.2496947,T
Model_16_G,chip_g2491.tif,0.24960518,T
Model_16_G,chip_g2491.tif,0.24718976,F
Model_16_G,chip_g2491.tif,0.24704938,T
Model_16_G,chip_g2491.tif,0.24684028,F
Model_16_G,chip_g2491.tif,0.24669242,T
Model_16_G,chip_g2491.tif,0.24562922,T
Model_16_G,chip_g2491.tif,0.24481452,F
Model_16_G,chip_g2491.tif,0.24342056,T
Model_16_G,chip_g2491.tif,0.24333721,F
Model_16_G,chip_g2491.tif,0.24267304,T
Model_16_G,chip_g2491.tif,0.24217358,T
Model_16_G,chip_g2491.tif,0.2379071,F
Model_16_G,chip_g2491.tif,0.23767446,F
Model_16_G,chip_g2491.tif,0.23766501,F
Model_16_G,chip_g2491.tif,0.23682407,T
Model_16_G,chip_g2491.tif,0.2362877,F
Model_16_G,chip_g2491.tif,0.23622936,F
Model_16_G,chip_g2491.tif,0.23592317,F
Model_16_G,chip_g2491.tif,0.23364356,F
Model_16_G,chip_g2491.tif,0.23318061,F
Model_16_G,chip_g2491.tif,0.23303871,F
Model_16_G,chip_g2491.tif,0.23288716,F
Model_16_G,chip_g2491.tif,0.23278898,T
Model_16_G,chip_g2491.tif,0.23264784,F
Model_16_G,chip_g2491.tif,0.23259863,F
Model_16_G,chip_g2491.tif,0.23254393,F
Model_16_G,chip_g2491.tif,0.23234671,F
Model_16_G,chip_g2491.tif,0.23143354,F
Model_16_G,chip_g2491.tif,0.23135467,F
Model_16_G,chip_g2491.tif,0.23018914,F
Model_16_G,chip_g2494.tif,0.5067697,T
Model_16_G,chip_g2495.tif,0.35108772,T
Model_16_G,chip_g2522.tif,0.983196,T
Model_16_G,chip_g2527.tif,0.26470155,T
Model_16_G,chip_g2527.tif,0.26350465,T
Model_16_G,chip_g2527.tif,0.2570609,T
Model_16_G,chip_g2527.tif,0.2555156,F
Model_16_G,chip_g2527.tif,0.25476846,F
Model_16_G,chip_g2527.tif,0.25285062,T
Model_16_G,chip_g2527.tif,0.24933687,T
Model_16_G,chip_g2527.tif,0.24856128,F
Model_16_G,chip_g2527.tif,0.2458261,F
Model_16_G,chip_g2527.tif,0.24534522,F
Model_16_G,chip_g2527.tif,0.24508494,F
Model_16_G,chip_g2527.tif,0.24413954,T
Model_16_G,chip_g2527.tif,0.24312913,F
Model_16_G,chip_g2527.tif,0.24145544,F
Model_16_G,chip_g2527.tif,0.23663433,F
Model_16_G,chip_g2527.tif,0.23528728,F
Model_16_G,chip_g2527.tif,0.23498748,F
Model_16_G,chip_g2527.tif,0.2325187,F
Model_16_G,chip_g2527.tif,0.23233531,F
Model_16_G,chip_g2527.tif,0.23210421,F
Model_16_G,chip_g2527.tif,0.23166086,T
Model_16_G,chip_g2527.tif,0.23162189,F
Model_16_G,chip_g2527.tif,0.23156479,F
Model_16_G,chip_g2527.tif,0.23073103,F
Model_16_G,chip_g2538.tif,0.29423758,T
Model_16_G,chip_g2538.tif,0.28318313,F
Model_16_G,chip_g2538.tif,0.27506617,T
Model_16_G,chip_g2538.tif,0.25892037,T
Model_16_G,chip_g2538.tif,0.2530207,F
Model_16_G,chip_g2538.tif,0.24876456,F
Model_16_G,chip_g2538.tif,0.2465111,F
Model_16_G,chip_g2538.tif,0.24545716,T
Model_16_G,chip_g2538.tif,0.24448629,T
Model_16_G,chip_g2538.tif,0.2416683,F
Model_16_G,chip_g2538.tif,0.2391607,F
Model_16_G,chip_g2538.tif,0.23896395,F
Model_16_G,chip_g2538.tif,0.23863102,F
Model_16_G,chip_g2538.tif,0.23675205,F
Model_16_G,chip_g2538.tif,0.23472008,F
Model_16_G,chip_g2538.tif,0.23183715,F
Model_16_G,chip_g2538.tif,0.23171706,F
Model_16_G,chip_g2539.tif,0.26519468,T
Model_16_G,chip_g2539.tif,0.26081076,T
Model_16_G,chip_g2539.tif,0.2586975,T
Model_16_G,chip_g2539.tif,0.25442502,T
Model_16_G,chip_g2539.tif,0.2508479,F
Model_16_G,chip_g2539.tif,0.24395987,F
Model_16_G,chip_g2539.tif,0.24237749,T
Model_16_G,chip_g2539.tif,0.23787564,F
Model_16_G,chip_g2539.tif,0.236855,F
Model_16_G,chip_g2539.tif,0.23518452,F
Model_16_G,chip_g2539.tif,0.23345222,F
Model_16_G,chip_g2539.tif,0.23245965,F
Model_16_G,chip_g2539.tif,0.23078968,F
Model_16_G,chip_g2542.tif,0.27160466,T
Model_16_G,chip_g2542.tif,0.25237143,T
Model_16_G,chip_g2542.tif,0.23386781,T
Model_16_G,chip_g2586.tif,0.37571526,T
Model_16_G,chip_g2586.tif,0.27645308,T
Model_16_G,chip_g2586.tif,0.26383916,F
Model_16_G,chip_g2586.tif,0.25492215,T
Model_16_G,chip_g2603.tif,0.28380352,T
Model_16_G,chip_g2603.tif,0.26695836,T
Model_16_G,chip_g2603.tif,0.25317687,T
Model_16_G,chip_g2603.tif,0.25118518,T
Model_16_G,chip_g2603.tif,0.2508148,T
Model_16_G,chip_g2603.tif,0.24828798,F
Model_16_G,chip_g2603.tif,0.24803482,F
Model_16_G,chip_g2603.tif,0.24766652,F
Model_16_G,chip_g2603.tif,0.24700122,T
Model_16_G,chip_g2603.tif,0.24549223,F
Model_16_G,chip_g2603.tif,0.23912337,T
Model_16_G,chip_g2603.tif,0.23764512,F
Model_16_G,chip_g2603.tif,0.23752615,F
Model_16_G,chip_g2603.tif,0.23528662,F
Model_16_G,chip_g2603.tif,0.23504984,F
Model_16_G,chip_g2603.tif,0.23367225,T
Model_16_G,chip_g2603.tif,0.23328754,T
Model_16_G,chip_g2603.tif,0.23140188,F
Model_16_G,chip_g2603.tif,0.23020145,F
Model_16_G,chip_g2607.tif,0.27805924,T
Model_16_G,chip_g2607.tif,0.25625196,T
Model_16_G,chip_g2607.tif,0.25593162,T
Model_16_G,chip_g2607.tif,0.25474936,T
Model_16_G,chip_g2607.tif,0.25123614,F
Model_16_G,chip_g2607.tif,0.24901323,T
Model_16_G,chip_g2607.tif,0.24675795,T
Model_16_G,chip_g2607.tif,0.2466185,T
Model_16_G,chip_g2607.tif,0.24585822,T
Model_16_G,chip_g2607.tif,0.24286887,T
Model_16_G,chip_g2607.tif,0.24210943,T
Model_16_G,chip_g2607.tif,0.2400223,T
Model_16_G,chip_g2607.tif,0.23945157,F
Model_16_G,chip_g2607.tif,0.23857425,F
Model_16_G,chip_g2607.tif,0.23780622,F
Model_16_G,chip_g2607.tif,0.23406233,F
Model_16_G,chip_g2607.tif,0.23369141,F
Model_16_G,chip_g2607.tif,0.23227881,F
Model_16_G,chip_g2607.tif,0.23226316,F
Model_16_G,chip_g2607.tif,0.23203821,F
Model_16_G,chip_g2607.tif,0.23156859,F
Model_16_G,chip_g2607.tif,0.2313929,T
Model_16_G,chip_g2607.tif,0.23057449,T
Model_16_G,chip_g2635.tif,0.2808791,T
Model_16_G,chip_g2635.tif,0.26177847,T
Model_16_G,chip_g2642.tif,0.2619134,T
Model_16_G,chip_g2642.tif,0.2602352,F
Model_16_G,chip_g2642.tif,0.25634623,T
Model_16_G,chip_g2642.tif,0.25555173,F
Model_16_G,chip_g2642.tif,0.24936154,T
Model_16_G,chip_g2642.tif,0.24808705,F
Model_16_G,chip_g2642.tif,0.24784145,T
Model_16_G,chip_g2642.tif,0.2451235,F
Model_16_G,chip_g2642.tif,0.24491987,F
Model_16_G,chip_g2642.tif,0.24328274,T
Model_16_G,chip_g2642.tif,0.24260178,F
Model_16_G,chip_g2642.tif,0.23959416,T
Model_16_G,chip_g2642.tif,0.238801,F
Model_16_G,chip_g2642.tif,0.23873383,T
Model_16_G,chip_g2642.tif,0.23863688,F
Model_16_G,chip_g2642.tif,0.23807143,F
Model_16_G,chip_g2642.tif,0.23765118,T
Model_16_G,chip_g2642.tif,0.23584124,F
Model_16_G,chip_g2642.tif,0.23353457,F
Model_16_G,chip_g2642.tif,0.23345289,F
Model_16_G,chip_g2642.tif,0.23319331,F
Model_16_G,chip_g2642.tif,0.23156202,F
Model_16_G,chip_g2647.tif,0.2687524,T
Model_16_G,chip_g2647.tif,0.26470265,F
Model_16_G,chip_g2647.tif,0.26299378,T
Model_16_G,chip_g2647.tif,0.25777918,T
Model_16_G,chip_g2647.tif,0.25303498,T
Model_16_G,chip_g2647.tif,0.25231865,F
Model_16_G,chip_g2647.tif,0.24954006,T
Model_16_G,chip_g2647.tif,0.24751134,T
Model_16_G,chip_g2647.tif,0.2466726,F
Model_16_G,chip_g2647.tif,0.24573024,F
Model_16_G,chip_g2647.tif,0.24554488,F
Model_16_G,chip_g2647.tif,0.24345316,F
Model_16_G,chip_g2647.tif,0.24256045,T
Model_16_G,chip_g2647.tif,0.2417831,F
Model_16_G,chip_g2647.tif,0.24094273,F
Model_16_G,chip_g2647.tif,0.23993474,F
Model_16_G,chip_g2647.tif,0.2395201,T
Model_16_G,chip_g2647.tif,0.23900235,F
Model_16_G,chip_g2647.tif,0.2388926,F
Model_16_G,chip_g2647.tif,0.23880175,F
Model_16_G,chip_g2647.tif,0.23855017,T
Model_16_G,chip_g2647.tif,0.23817433,F
Model_16_G,chip_g2647.tif,0.23796433,F
Model_16_G,chip_g2647.tif,0.23756106,F
Model_16_G,chip_g2647.tif,0.23663226,F
Model_16_G,chip_g2647.tif,0.23606664,F
Model_16_G,chip_g2647.tif,0.23581403,F
Model_16_G,chip_g2647.tif,0.23576143,F
Model_16_G,chip_g2647.tif,0.23544404,F
Model_16_G,chip_g2647.tif,0.23528294,F
Model_16_G,chip_g2647.tif,0.23527686,F
Model_16_G,chip_g2647.tif,0.23426446,F
Model_16_G,chip_g2647.tif,0.23380758,F
Model_16_G,chip_g2647.tif,0.23373368,F
Model_16_G,chip_g2647.tif,0.23312166,F
Model_16_G,chip_g2647.tif,0.23311251,F
Model_16_G,chip_g2647.tif,0.23308727,F
Model_16_G,chip_g2647.tif,0.23284024,F
Model_16_G,chip_g2647.tif,0.23277064,F
Model_16_G,chip_g2647.tif,0.23229457,F
Model_16_G,chip_g2647.tif,0.23228054,F
Model_16_G,chip_g2647.tif,0.2321006,F
Model_16_G,chip_g2647.tif,0.23056315,F
Model_16_G,chip_g2647.tif,0.23049851,F
Model_16_G,chip_g2647.tif,0.23033658,F
Model_16_G,chip_g2647.tif,0.23025067,F
Model_16_G,chip_g265.tif,0.2402217,T
Model_16_G,chip_g2659.tif,0.4317126,T
Model_16_G,chip_g2659.tif,0.2723399,T
Model_16_G,chip_g2671.tif,0.7963477,T
Model_16_G,chip_g268.tif,0.24308269,T
Model_16_G,chip_g269.tif,0.2748416,T
Model_16_G,chip_g269.tif,0.24876663,T
Model_16_G,chip_g269.tif,0.23226273,F
Model_16_G,chip_g273.tif,0.34697437,T
Model_16_G,chip_g273.tif,0.23327543,T
Model_16_G,chip_g274.tif,0.5122907,T
Model_16_G,chip_g274.tif,0.3304786,T
Model_16_G,chip_g274.tif,0.31795523,T
Model_16_G,chip_g278.tif,0.35769495,T
Model_16_G,chip_g278.tif,0.3211844,T
Model_16_G,chip_g278.tif,0.31627396,T
Model_16_G,chip_g283.tif,0.9896207,T
Model_16_G,chip_g286.tif,0.8755079,T
Model_16_G,chip_g286.tif,0.6301014,T
Model_16_G,chip_g309.tif,0.63688374,T
Model_16_G,chip_g309.tif,0.5138068,T
Model_16_G,chip_g309.tif,0.33783567,T
Model_16_G,chip_g324.tif,0.26798102,T
Model_16_G,chip_g324.tif,0.24128869,F
Model_16_G,chip_g324.tif,0.24005115,F
Model_16_G,chip_g324.tif,0.23916346,T
Model_16_G,chip_g324.tif,0.23517042,F
Model_16_G,chip_g324.tif,0.2341202,F
Model_16_G,chip_g324.tif,0.23383147,F
Model_16_G,chip_g324.tif,0.2337992,F
Model_16_G,chip_g324.tif,0.23250705,F
Model_16_G,chip_g324.tif,0.2322836,F
Model_16_G,chip_g324.tif,0.23193136,F
Model_16_G,chip_g324.tif,0.23189859,F
Model_16_G,chip_g324.tif,0.2317108,F
Model_16_G,chip_g324.tif,0.23017536,F
Model_16_G,chip_g329.tif,0.80685866,T
Model_16_G,chip_g329.tif,0.5555505,T
Model_16_G,chip_g329.tif,0.5505631,T
Model_16_G,chip_g330.tif,0.994531,T
Model_16_G,chip_g337.tif,0.7194903,F
Model_16_G,chip_g338.tif,0.9995227,T
Model_16_G,chip_g339.tif,0.9988104,T
Model_16_G,chip_g350.tif,0.9967604,T
Model_16_G,chip_g358.tif,0.993359,T
Model_16_G,chip_g375.tif,0.9716411,T
Model_16_G,chip_g385.tif,0.27719262,T
Model_16_G,chip_g425.tif,0.2675107,T
Model_16_G,chip_g425.tif,0.25543776,T
Model_16_G,chip_g425.tif,0.24987231,T
Model_16_G,chip_g425.tif,0.24771468,T
Model_16_G,chip_g425.tif,0.24637505,F
Model_16_G,chip_g425.tif,0.24517915,T
Model_16_G,chip_g425.tif,0.2437483,F
Model_16_G,chip_g425.tif,0.24356733,F
Model_16_G,chip_g425.tif,0.24298318,T
Model_16_G,chip_g425.tif,0.24267848,F
Model_16_G,chip_g425.tif,0.24114352,T
Model_16_G,chip_g425.tif,0.24073927,T
Model_16_G,chip_g425.tif,0.24027765,F
Model_16_G,chip_g425.tif,0.2399514,F
Model_16_G,chip_g425.tif,0.23972547,F
Model_16_G,chip_g425.tif,0.23962964,T
Model_16_G,chip_g425.tif,0.23944134,F
Model_16_G,chip_g425.tif,0.2385214,F
Model_16_G,chip_g425.tif,0.23827375,F
Model_16_G,chip_g425.tif,0.23819208,F
Model_16_G,chip_g425.tif,0.23801798,T
Model_16_G,chip_g425.tif,0.23758373,T
Model_16_G,chip_g425.tif,0.23746178,F
Model_16_G,chip_g425.tif,0.2374046,F
Model_16_G,chip_g425.tif,0.23702642,F
Model_16_G,chip_g425.tif,0.23668097,F
Model_16_G,chip_g425.tif,0.23607834,F
Model_16_G,chip_g425.tif,0.23603502,F
Model_16_G,chip_g425.tif,0.23589736,T
Model_16_G,chip_g425.tif,0.23553556,F
Model_16_G,chip_g425.tif,0.2353952,F
Model_16_G,chip_g425.tif,0.23524971,T
Model_16_G,chip_g425.tif,0.23464088,T
Model_16_G,chip_g425.tif,0.23416169,F
Model_16_G,chip_g425.tif,0.23408292,F
Model_16_G,chip_g425.tif,0.23390113,F
Model_16_G,chip_g425.tif,0.23371732,F
Model_16_G,chip_g425.tif,0.2336881,F
Model_16_G,chip_g425.tif,0.23340754,T
Model_16_G,chip_g425.tif,0.23256321,F
Model_16_G,chip_g425.tif,0.23222077,T
Model_16_G,chip_g425.tif,0.23183373,F
Model_16_G,chip_g425.tif,0.23139527,F
Model_16_G,chip_g425.tif,0.23138224,F
Model_16_G,chip_g425.tif,0.23102789,F
Model_16_G,chip_g425.tif,0.23044981,F
Model_16_G,chip_g485.tif,0.29715577,T
Model_16_G,chip_g489.tif,0.2443859,T
Model_16_G,chip_g489.tif,0.2364661,T
Model_16_G,chip_g489.tif,0.23577258,T
Model_16_G,chip_g803.tif,0.2378955,F
Model_16_G,chip_g806.tif,0.24162969,T
Model_16_G,chip_g806.tif,0.23523775,F
Model_16_G,chip_g807.tif,0.25047448,F
Model_16_G,chip_g807.tif,0.2330675,T
Model_16_G,chip_g810.tif,0.3416966,F
Model_16_G,chip_g810.tif,0.31303382,F
Model_16_G,chip_g810.tif,0.26875874,F
Model_16_G,chip_g810.tif,0.24332027,F
Model_16_G,chip_g810.tif,0.2414427,F
Model_16_G,chip_g810.tif,0.23992726,F
Model_16_G,chip_g810.tif,0.23699649,F
Model_16_G,chip_g810.tif,0.23586795,F
Model_16_G,chip_g810.tif,0.23426656,F
Model_16_G,chip_g810.tif,0.2333324,F
Model_16_G,chip_g810.tif,0.23242062,F
Model_16_G,chip_g865.tif,0.23470917,F
Model_16_G,chip_g889.tif,0.23347946,F
Model_16_G,chip_g889.tif,0.23139514,F
Model_16_G,chip_g889.tif,0.23053667,F
Model_16_G,chip_g906.tif,0.46308056,T
Model_16_G,chip_g906.tif,0.2834876,F
Model_16_G,chip_g925.tif,0.9126971,T
Model_16_G,chip_g925.tif,0.7973657,T
Model_16_G,chip_g925.tif,0.78345495,T
Model_16_G,chip_g930.tif,0.55475104,T
Model_16_G,chip_g930.tif,0.5513044,T
Model_16_G,chip_g949.tif,0.25163424,F
Model_16_G,chip_g949.tif,0.24849364,F
Model_16_G,chip_g949.tif,0.24839203,F
Model_16_G,chip_g949.tif,0.24603716,F
Model_16_G,chip_g949.tif,0.24575964,F
Model_16_G,chip_g949.tif,0.24371095,F
Model_16_G,chip_g949.tif,0.24295743,F
Model_16_G,chip_g949.tif,0.24281706,T
Model_16_G,chip_g949.tif,0.24249081,F
Model_16_G,chip_g949.tif,0.24238953,F
Model_16_G,chip_g949.tif,0.2418002,F
Model_16_G,chip_g949.tif,0.2415459,F
Model_16_G,chip_g949.tif,0.24098954,F
Model_16_G,chip_g949.tif,0.23773052,F
Model_16_G,chip_g949.tif,0.23765826,F
Model_16_G,chip_g949.tif,0.2373603,F
Model_16_G,chip_g949.tif,0.23727748,F
Model_16_G,chip_g949.tif,0.23714639,F
Model_16_G,chip_g949.tif,0.23706633,F
Model_16_G,chip_g949.tif,0.23653825,F
Model_16_G,chip_g949.tif,0.23614307,F
Model_16_G,chip_g949.tif,0.23604521,F
Model_16_G,chip_g949.tif,0.2349062,F
Model_16_G,chip_g949.tif,0.23456533,F
Model_16_G,chip_g949.tif,0.23447022,F
Model_16_G,chip_g949.tif,0.23446918,T
Model_16_G,chip_g949.tif,0.23423831,F
Model_16_G,chip_g949.tif,0.23416941,F
Model_16_G,chip_g949.tif,0.23379238,F
Model_16_G,chip_g949.tif,0.233128,F
Model_16_G,chip_g949.tif,0.23283759,F
Model_16_G,chip_g949.tif,0.2327209,F
Model_16_G,chip_g949.tif,0.23224625,F
Model_16_G,chip_g949.tif,0.23221691,F
Model_16_G,chip_g949.tif,0.23214695,F
Model_16_G,chip_g949.tif,0.23146778,F
Model_16_G,chip_g949.tif,0.2312931,F
Model_16_G,chip_g949.tif,0.23103374,F
Model_16_G,chip_g949.tif,0.23094757,F
Model_16_G,chip_g949.tif,0.23028126,F
Model_16_G,chip_g950.tif,0.4655211,F
Model_16_G,chip_g967.tif,0.25066686,T
Model_16_G,chip_g967.tif,0.23597664,T
Model_16_G,chip_g967.tif,0.23142834,F
Model_16_G,chip_g999.tif,0.30216137,T
Model_16_G,chip_g999.tif,0.25181308,T
Model_16_G,chip_g999.tif,0.24918494,F
Model_16_G,chip_g999.tif,0.24855252,F
Model_16_G,chip_g999.tif,0.2472835,T
Model_16_G,chip_g999.tif,0.2471285,F
Model_16_G,chip_g999.tif,0.24660268,F
Model_16_G,chip_g999.tif,0.24629477,T
Model_16_G,chip_g999.tif,0.24523038,F
Model_16_G,chip_g999.tif,0.24438776,F
Model_16_G,chip_g999.tif,0.24380049,F
Model_16_G,chip_g999.tif,0.24198397,T
Model_16_G,chip_g999.tif,0.24139285,F
Model_16_G,chip_g999.tif,0.24039765,F
Model_16_G,chip_g999.tif,0.2383205,F
Model_16_G,chip_g999.tif,0.23772609,F
Model_16_G,chip_g999.tif,0.23634039,T
Model_16_G,chip_g999.tif,0.23625788,F
Model_16_G,chip_g999.tif,0.23595427,T
Model_16_G,chip_g999.tif,0.23537569,F
Model_16_G,chip_g999.tif,0.23515505,F
Model_16_G,chip_g999.tif,0.2350992,F
Model_16_G,chip_g999.tif,0.23400277,F
Model_16_G,chip_g999.tif,0.23383261,F
Model_16_G,chip_g999.tif,0.23376063,T
Model_16_G,chip_g999.tif,0.23242584,F
Model_16_G,chip_g999.tif,0.23104596,F
Model_16_G,chip_g999.tif,0.23093662,F
Model_16_G,chip_g999.tif,0.23088238,F
Model_16_G,chip_g999.tif,0.23069732,F
Model_16_G,chip_g999.tif,0.23000586,F
Model_16_G,chip_g1005.tif,0.9755053,T
Model_16_G,chip_g1008.tif,0.52554065,T
Model_16_G,chip_g1008.tif,0.35529596,T
Model_16_G,chip_g1008.tif,0.30492613,T
Model_16_G,chip_g1008.tif,0.27134746,T
Model_16_G,chip_g1008.tif,0.26492402,T
Model_16_G,chip_g1013.tif,0.97720647,T
Model_16_G,chip_g1014.tif,0.93117416,T
Model_16_G,chip_g1018.tif,0.9891145,T
Model_16_G,chip_g1026.tif,0.9615233,T
Model_16_G,chip_g1027.tif,0.9992536,T
Model_16_G,chip_g1029.tif,0.99123937,T
Model_16_G,chip_g1037.tif,0.92576003,T
Model_16_G,chip_g1113.tif,0.9358771,T
Model_16_G,chip_g1121.tif,0.96259564,T
Model_16_G,chip_g1121.tif,0.88008267,T
Model_16_G,chip_g1122.tif,0.3321465,T
Model_16_G,chip_g1127.tif,0.49980998,T
Model_16_G,chip_g1127.tif,0.32757688,T
Model_16_G,chip_g1133.tif,0.2746203,T
Model_16_G,chip_g1142.tif,0.99722916,T
Model_16_G,chip_g1147.tif,0.48254585,T
Model_16_G,chip_g1147.tif,0.44639328,T
Model_16_G,chip_g1147.tif,0.3903167,T
Model_16_G,chip_g1168.tif,0.2600664,F
Model_16_G,chip_g1168.tif,0.25368682,T
Model_16_G,chip_g1168.tif,0.24786149,F
Model_16_G,chip_g1180.tif,0.25097996,F
Model_16_G,chip_g1217.tif,0.25944284,T
Model_16_G,chip_g1217.tif,0.25459164,F
Model_16_G,chip_g1217.tif,0.25361705,T
Model_16_G,chip_g1217.tif,0.24900371,F
Model_16_G,chip_g1217.tif,0.24773423,F
Model_16_G,chip_g1217.tif,0.24722227,T
Model_16_G,chip_g1238.tif,0.2630966,F
Model_16_G,chip_g1314.tif,0.9963238,T
Model_16_G,chip_g1317.tif,0.9958016,T
Model_16_G,chip_g1331.tif,0.9992157,T
Model_16_G,chip_g1343.tif,0.9661782,T
Model_16_G,chip_g1353.tif,0.99924856,T
Model_16_G,chip_g1354.tif,0.91135085,T
Model_16_G,chip_g1354.tif,0.6025441,T
Model_16_G,chip_g1378.tif,0.6749638,T
Model_16_G,chip_g1378.tif,0.5622976,T
Model_16_G,chip_g1378.tif,0.4766112,T
Model_16_G,chip_g1401.tif,0.25737867,F
Model_16_G,chip_g1409.tif,0.29924795,T
Model_16_G,chip_g1412.tif,0.24866992,F
Model_16_G,chip_g1412.tif,0.24515864,F
Model_16_G,chip_g1416.tif,0.24718326,F
Model_16_G,chip_g1425.tif,0.9861522,T
Model_16_G,chip_g1434.tif,0.9995105,T
Model_16_G,chip_g1435.tif,0.9922275,T
Model_16_G,chip_g1449.tif,0.68274397,T
Model_16_G,chip_g1449.tif,0.6159847,T
Model_16_G,chip_g1461.tif,0.82975274,T
Model_16_G,chip_g1462.tif,0.5518182,T
Model_16_G,chip_g1463.tif,0.8989027,T
Model_16_G,chip_g1463.tif,0.33448723,F
Model_16_G,chip_g1466.tif,0.9862179,T
Model_16_G,chip_g1468.tif,0.9301139,T
Model_16_G,chip_g1469.tif,0.44231233,T
Model_16_G,chip_g1469.tif,0.3469705,T
Model_16_G,chip_g1469.tif,0.3206606,T
Model_16_G,chip_g1471.tif,0.9951957,T
Model_16_G,chip_g1478.tif,0.28482896,T
Model_16_G,chip_g1478.tif,0.2690299,T
Model_16_G,chip_g1478.tif,0.26555896,T
Model_16_G,chip_g1482.tif,0.24878995,T
Model_16_G,chip_g1483.tif,0.27327752,T
Model_16_G,chip_g1485.tif,0.2522618,F
Model_16_G,chip_g1497.tif,0.30940765,T
Model_16_G,chip_g1504.tif,0.29586285,T
Model_16_G,chip_g1526.tif,0.9994399,T
Model_16_G,chip_g1529.tif,0.99926966,F
Model_16_G,chip_g1529.tif,0.6674018,F
Model_16_G,chip_g1556.tif,0.9932308,T
Model_16_G,chip_g1584.tif,0.51220363,T
Model_16_G,chip_g1584.tif,0.3844972,F
Model_16_G,chip_g1589.tif,0.32719535,T
Model_16_G,chip_g1589.tif,0.32434484,T
Model_16_G,chip_g1589.tif,0.2707462,T
Model_16_G,chip_g1593.tif,0.9842635,T
Model_16_G,chip_g1594.tif,0.8123083,T
Model_16_G,chip_g1594.tif,0.5835136,T
Model_16_G,chip_g1618.tif,0.5167702,T
Model_16_G,chip_g1619.tif,0.40700904,T
Model_16_G,chip_g1631.tif,0.48986313,T
Model_16_G,chip_g1645.tif,0.26067996,T
Model_16_G,chip_g1651.tif,0.32866776,T
Model_16_G,chip_g1658.tif,0.25106576,T
Model_16_G,chip_g1658.tif,0.24804938,T
Model_16_G,chip_g1658.tif,0.24533367,T
Model_16_G,chip_g1669.tif,0.25939125,F
Model_16_G,chip_g167.tif,0.99980384,T
Model_16_G,chip_g1677.tif,0.2644488,T
Model_16_G,chip_g1678.tif,0.3252585,T
Model_16_G,chip_g1678.tif,0.2474152,T
Model_16_G,chip_g1697.tif,0.24523325,F
Model_16_G,chip_g1711.tif,0.674846,T
Model_16_G,chip_g1711.tif,0.49231872,T
Model_16_G,chip_g1730.tif,0.42156267,T
Model_16_G,chip_g1730.tif,0.28816283,T
Model_16_G,chip_g1730.tif,0.28169385,F
Model_16_G,chip_g1731.tif,0.72679853,T
Model_16_G,chip_g1731.tif,0.41383824,T
Model_16_G,chip_g1749.tif,0.2747486,T
Model_16_G,chip_g1749.tif,0.2574278,T
Model_16_G,chip_g1749.tif,0.2564947,T
Model_16_G,chip_g1749.tif,0.25174668,F
Model_16_G,chip_g1749.tif,0.2501119,T
Model_16_G,chip_g1749.tif,0.249842,T
Model_16_G,chip_g1749.tif,0.2497424,T
Model_16_G,chip_g1749.tif,0.24536452,T
Model_16_G,chip_g1751.tif,0.47713497,T
Model_16_G,chip_g1769.tif,0.29625612,T
Model_16_G,chip_g1769.tif,0.2611638,T
Model_16_G,chip_g1769.tif,0.25954816,T
Model_16_G,chip_g1769.tif,0.25680786,T
Model_16_G,chip_g1769.tif,0.24548277,T
Model_16_G,chip_g1771.tif,0.26890492,T
Model_16_G,chip_g1771.tif,0.2640566,T
Model_16_G,chip_g1771.tif,0.25444743,T
Model_16_G,chip_g1771.tif,0.253174,T
Model_16_G,chip_g1771.tif,0.25254196,T
Model_16_G,chip_g1771.tif,0.25152642,T
Model_16_G,chip_g1771.tif,0.24862024,T
Model_16_G,chip_g1771.tif,0.24846734,T
Model_16_G,chip_g1771.tif,0.2479893,T
Model_16_G,chip_g1771.tif,0.24786535,T
Model_16_G,chip_g1771.tif,0.24606283,F
Model_16_G,chip_g1771.tif,0.2459704,T
Model_16_G,chip_g1771.tif,0.24589743,T
Model_16_G,chip_g1785.tif,0.25707158,T
Model_16_G,chip_g1785.tif,0.25425452,T
Model_16_G,chip_g1785.tif,0.25391108,T
Model_16_G,chip_g1785.tif,0.25264326,T
Model_16_G,chip_g1785.tif,0.24601784,T
Model_16_G,chip_g1785.tif,0.24566776,T
Model_16_G,chip_g1789.tif,0.2726483,T
Model_16_G,chip_g1789.tif,0.26540485,T
Model_16_G,chip_g1789.tif,0.25681904,T
Model_16_G,chip_g1790.tif,0.2695452,T
Model_16_G,chip_g1790.tif,0.2485196,T
Model_16_G,chip_g1790.tif,0.24778306,F
Model_16_G,chip_g1791.tif,0.27607426,T
Model_16_G,chip_g1791.tif,0.2504908,T
Model_16_G,chip_g1830.tif,0.25010148,F
Model_16_G,chip_g1831.tif,0.26433507,F
Model_16_G,chip_g1869.tif,0.2478197,T
Model_16_G,chip_g2022.tif,0.51650405,T
Model_16_G,chip_g2026.tif,0.92217255,T
Model_16_G,chip_g2026.tif,0.32151932,T
Model_16_G,chip_g2030.tif,0.6331435,T
Model_16_G,chip_g2030.tif,0.48309076,T
Model_16_G,chip_g2030.tif,0.4809342,T
Model_16_G,chip_g2031.tif,0.3370059,T
Model_16_G,chip_g2031.tif,0.3202326,T
Model_16_G,chip_g2031.tif,0.31575075,T
Model_16_G,chip_g207.tif,0.9948192,T
Model_16_G,chip_g2145.tif,0.25661668,F
Model_16_G,chip_g2145.tif,0.24696882,F
Model_16_G,chip_g2145.tif,0.24570905,T
Model_16_G,chip_g2145.tif,0.24557413,F
Model_16_G,chip_g2185.tif,0.25758594,T
Model_16_G,chip_g2185.tif,0.25389048,T
Model_16_G,chip_g2185.tif,0.25229925,T
Model_16_G,chip_g2185.tif,0.25110328,F
Model_16_G,chip_g2185.tif,0.25006762,F
Model_16_G,chip_g2185.tif,0.24920262,T
Model_16_G,chip_g2185.tif,0.24849615,F
Model_16_G,chip_g2185.tif,0.24819422,T
Model_16_G,chip_g2185.tif,0.24718384,T
Model_16_G,chip_g2185.tif,0.24677823,F
Model_16_G,chip_g2185.tif,0.24647954,T
Model_16_G,chip_g2185.tif,0.24593283,F
Model_16_G,chip_g2185.tif,0.24589452,F
Model_16_G,chip_g2185.tif,0.24513072,T
Model_16_G,chip_g2220.tif,0.26948398,T
Model_16_G,chip_g2220.tif,0.26077855,T
Model_16_G,chip_g2220.tif,0.25488868,T
Model_16_G,chip_g2220.tif,0.25404045,T
Model_16_G,chip_g2220.tif,0.25274616,T
Model_16_G,chip_g2220.tif,0.24609163,T
Model_16_G,chip_g2220.tif,0.24521573,T
Model_16_G,chip_g2221.tif,0.42542297,T
Model_16_G,chip_g2221.tif,0.27969608,T
Model_16_G,chip_g2224.tif,0.45822105,T
Model_16_G,chip_g2224.tif,0.35651046,T
Model_16_G,chip_g2224.tif,0.32619074,T
Model_16_G,chip_g2224.tif,0.25653556,T
Model_16_G,chip_g2224.tif,0.25145683,T
Model_16_G,chip_g2225.tif,0.2812169,T
Model_16_G,chip_g2225.tif,0.2588723,T
Model_16_G,chip_g2225.tif,0.25722006,F
Model_16_G,chip_g2225.tif,0.25400832,T
Model_16_G,chip_g2225.tif,0.2534781,T
Model_16_G,chip_g2225.tif,0.24960893,T
Model_16_G,chip_g2225.tif,0.24920428,T
Model_16_G,chip_g2225.tif,0.2471541,T
Model_16_G,chip_g2225.tif,0.24677482,T
Model_16_G,chip_g2225.tif,0.24664909,T
Model_16_G,chip_g2225.tif,0.24560542,T
Model_16_G,chip_g2225.tif,0.24512272,T
Model_16_G,chip_g2226.tif,0.3947699,T
Model_16_G,chip_g2249.tif,0.4462321,T
Model_16_G,chip_g2249.tif,0.42868152,T
Model_16_G,chip_g2258.tif,0.30272144,T
Model_16_G,chip_g2258.tif,0.28024682,T
Model_16_G,chip_g2258.tif,0.2765163,T
Model_16_G,chip_g2258.tif,0.26350397,T
Model_16_G,chip_g2258.tif,0.25422743,T
Model_16_G,chip_g226.tif,0.962589,T
Model_16_G,chip_g2406.tif,0.2613599,T
Model_16_G,chip_g2406.tif,0.256208,T
Model_16_G,chip_g2407.tif,0.25925392,T
Model_16_G,chip_g2411.tif,0.24541336,T
Model_16_G,chip_g2426.tif,0.2666886,T
Model_16_G,chip_g2426.tif,0.26381844,T
Model_16_G,chip_g2426.tif,0.24792577,T
Model_16_G,chip_g2427.tif,0.26964742,T
Model_16_G,chip_g2427.tif,0.26934725,T
Model_16_G,chip_g2427.tif,0.2558944,T
Model_16_G,chip_g2427.tif,0.24856116,T
Model_16_G,chip_g2427.tif,0.24769741,F
Model_16_G,chip_g2427.tif,0.24619427,F
Model_16_G,chip_g2450.tif,0.280084,T
Model_16_G,chip_g2450.tif,0.2796889,T
Model_16_G,chip_g2450.tif,0.2518352,T
Model_16_G,chip_g2451.tif,0.36238652,T
Model_16_G,chip_g2451.tif,0.26120552,T
Model_16_G,chip_g247.tif,0.99961025,T
Model_16_G,chip_g2473.tif,0.9163973,T
Model_16_G,chip_g2475.tif,0.99482024,T
Model_16_G,chip_g2486.tif,0.2664881,T
Model_16_G,chip_g2486.tif,0.26301897,F
Model_16_G,chip_g2486.tif,0.26110706,T
Model_16_G,chip_g2486.tif,0.25423717,T
Model_16_G,chip_g2486.tif,0.25413978,T
Model_16_G,chip_g2486.tif,0.24918549,T
Model_16_G,chip_g2486.tif,0.24602625,T
Model_16_G,chip_g2486.tif,0.24586625,F
Model_16_G,chip_g2487.tif,0.26151717,T
Model_16_G,chip_g2487.tif,0.2613138,T
Model_16_G,chip_g2487.tif,0.25670183,F
Model_16_G,chip_g2487.tif,0.2540364,T
Model_16_G,chip_g2487.tif,0.25150824,T
Model_16_G,chip_g2487.tif,0.25049317,T
Model_16_G,chip_g2487.tif,0.25044128,T
Model_16_G,chip_g2487.tif,0.25031665,T
Model_16_G,chip_g2487.tif,0.24696097,F
Model_16_G,chip_g2487.tif,0.24599113,T
Model_16_G,chip_g2487.tif,0.24560763,T
Model_16_G,chip_g2491.tif,0.2624929,T
Model_16_G,chip_g2491.tif,0.251134,T
Model_16_G,chip_g2491.tif,0.2496947,T
Model_16_G,chip_g2491.tif,0.24960518,T
Model_16_G,chip_g2491.tif,0.24718976,F
Model_16_G,chip_g2491.tif,0.24704938,T
Model_16_G,chip_g2491.tif,0.24684028,F
Model_16_G,chip_g2491.tif,0.24669242,T
Model_16_G,chip_g2491.tif,0.24562922,T
Model_16_G,chip_g2494.tif,0.5067697,T
Model_16_G,chip_g2495.tif,0.35108772,T
Model_16_G,chip_g2522.tif,0.983196,T
Model_16_G,chip_g2527.tif,0.26470155,T
Model_16_G,chip_g2527.tif,0.26350465,T
Model_16_G,chip_g2527.tif,0.2570609,T
Model_16_G,chip_g2527.tif,0.2555156,F
Model_16_G,chip_g2527.tif,0.25476846,F
Model_16_G,chip_g2527.tif,0.25285062,T
Model_16_G,chip_g2527.tif,0.24933687,T
Model_16_G,chip_g2527.tif,0.24856128,F
Model_16_G,chip_g2527.tif,0.2458261,F
Model_16_G,chip_g2527.tif,0.24534522,F
Model_16_G,chip_g2527.tif,0.24508494,F
Model_16_G,chip_g2538.tif,0.29423758,T
Model_16_G,chip_g2538.tif,0.28318313,F
Model_16_G,chip_g2538.tif,0.27506617,T
Model_16_G,chip_g2538.tif,0.25892037,T
Model_16_G,chip_g2538.tif,0.2530207,F
Model_16_G,chip_g2538.tif,0.24876456,F
Model_16_G,chip_g2538.tif,0.2465111,F
Model_16_G,chip_g2538.tif,0.24545716,T
Model_16_G,chip_g2539.tif,0.26519468,T
Model_16_G,chip_g2539.tif,0.26081076,T
Model_16_G,chip_g2539.tif,0.2586975,T
Model_16_G,chip_g2539.tif,0.25442502,T
Model_16_G,chip_g2539.tif,0.2508479,F
Model_16_G,chip_g2542.tif,0.27160466,T
Model_16_G,chip_g2542.tif,0.25237143,T
Model_16_G,chip_g2586.tif,0.37571526,T
Model_16_G,chip_g2586.tif,0.27645308,T
Model_16_G,chip_g2586.tif,0.26383916,F
Model_16_G,chip_g2586.tif,0.25492215,T
Model_16_G,chip_g2603.tif,0.28380352,T
Model_16_G,chip_g2603.tif,0.26695836,T
Model_16_G,chip_g2603.tif,0.25317687,T
Model_16_G,chip_g2603.tif,0.25118518,T
Model_16_G,chip_g2603.tif,0.2508148,T
Model_16_G,chip_g2603.tif,0.24828798,F
Model_16_G,chip_g2603.tif,0.24803482,F
Model_16_G,chip_g2603.tif,0.24766652,F
Model_16_G,chip_g2603.tif,0.24700122,T
Model_16_G,chip_g2603.tif,0.24549223,F
Model_16_G,chip_g2607.tif,0.27805924,T
Model_16_G,chip_g2607.tif,0.25625196,T
Model_16_G,chip_g2607.tif,0.25593162,T
Model_16_G,chip_g2607.tif,0.25474936,T
Model_16_G,chip_g2607.tif,0.25123614,F
Model_16_G,chip_g2607.tif,0.24901323,T
Model_16_G,chip_g2607.tif,0.24675795,T
Model_16_G,chip_g2607.tif,0.2466185,T
Model_16_G,chip_g2607.tif,0.24585822,T
Model_16_G,chip_g2635.tif,0.2808791,T
Model_16_G,chip_g2635.tif,0.26177847,T
Model_16_G,chip_g2642.tif,0.2619134,T
Model_16_G,chip_g2642.tif,0.2602352,F
Model_16_G,chip_g2642.tif,0.25634623,T
Model_16_G,chip_g2642.tif,0.25555173,F
Model_16_G,chip_g2642.tif,0.24936154,T
Model_16_G,chip_g2642.tif,0.24808705,F
Model_16_G,chip_g2642.tif,0.24784145,T
Model_16_G,chip_g2642.tif,0.2451235,F
Model_16_G,chip_g2647.tif,0.2687524,T
Model_16_G,chip_g2647.tif,0.26470265,F
Model_16_G,chip_g2647.tif,0.26299378,T
Model_16_G,chip_g2647.tif,0.25777918,T
Model_16_G,chip_g2647.tif,0.25303498,T
Model_16_G,chip_g2647.tif,0.25231865,F
Model_16_G,chip_g2647.tif,0.24954006,T
Model_16_G,chip_g2647.tif,0.24751134,T
Model_16_G,chip_g2647.tif,0.2466726,F
Model_16_G,chip_g2647.tif,0.24573024,F
Model_16_G,chip_g2647.tif,0.24554488,F
Model_16_G,chip_g2659.tif,0.4317126,T
Model_16_G,chip_g2659.tif,0.2723399,T
Model_16_G,chip_g2671.tif,0.7963477,T
Model_16_G,chip_g269.tif,0.2748416,T
Model_16_G,chip_g269.tif,0.24876663,T
Model_16_G,chip_g273.tif,0.34697437,T
Model_16_G,chip_g274.tif,0.5122907,T
Model_16_G,chip_g274.tif,0.3304786,T
Model_16_G,chip_g274.tif,0.31795523,T
Model_16_G,chip_g278.tif,0.35769495,T
Model_16_G,chip_g278.tif,0.3211844,T
Model_16_G,chip_g278.tif,0.31627396,T
Model_16_G,chip_g283.tif,0.9896207,T
Model_16_G,chip_g286.tif,0.8755079,T
Model_16_G,chip_g286.tif,0.6301014,T
Model_16_G,chip_g309.tif,0.63688374,T
Model_16_G,chip_g309.tif,0.5138068,T
Model_16_G,chip_g309.tif,0.33783567,T
Model_16_G,chip_g324.tif,0.26798102,T
Model_16_G,chip_g329.tif,0.80685866,T
Model_16_G,chip_g329.tif,0.5555505,T
Model_16_G,chip_g329.tif,0.5505631,T
Model_16_G,chip_g330.tif,0.994531,T
Model_16_G,chip_g337.tif,0.7194903,F
Model_16_G,chip_g338.tif,0.9995227,T
Model_16_G,chip_g339.tif,0.9988104,T
Model_16_G,chip_g350.tif,0.9967604,T
Model_16_G,chip_g358.tif,0.993359,T
Model_16_G,chip_g375.tif,0.9716411,T
Model_16_G,chip_g385.tif,0.27719262,T
Model_16_G,chip_g425.tif,0.2675107,T
Model_16_G,chip_g425.tif,0.25543776,T
Model_16_G,chip_g425.tif,0.24987231,T
Model_16_G,chip_g425.tif,0.24771468,T
Model_16_G,chip_g425.tif,0.24637505,F
Model_16_G,chip_g425.tif,0.24517915,T
Model_16_G,chip_g485.tif,0.29715577,T
Model_16_G,chip_g807.tif,0.25047448,F
Model_16_G,chip_g810.tif,0.3416966,F
Model_16_G,chip_g810.tif,0.31303382,F
Model_16_G,chip_g810.tif,0.26875874,F
Model_16_G,chip_g906.tif,0.46308056,T
Model_16_G,chip_g906.tif,0.2834876,F
Model_16_G,chip_g925.tif,0.9126971,T
Model_16_G,chip_g925.tif,0.7973657,T
Model_16_G,chip_g925.tif,0.78345495,T
Model_16_G,chip_g930.tif,0.55475104,T
Model_16_G,chip_g930.tif,0.5513044,T
Model_16_G,chip_g949.tif,0.25163424,F
Model_16_G,chip_g949.tif,0.24849364,F
Model_16_G,chip_g949.tif,0.24839203,F
Model_16_G,chip_g949.tif,0.24603716,F
Model_16_G,chip_g949.tif,0.24575964,F
Model_16_G,chip_g950.tif,0.4655211,F
Model_16_G,chip_g967.tif,0.25066686,T
Model_16_G,chip_g999.tif,0.30216137,T
Model_16_G,chip_g999.tif,0.25181308,T
Model_16_G,chip_g999.tif,0.24918494,F
Model_16_G,chip_g999.tif,0.24855252,F
Model_16_G,chip_g999.tif,0.2472835,T
Model_16_G,chip_g999.tif,0.2471285,F
Model_16_G,chip_g999.tif,0.24660268,F
Model_16_G,chip_g999.tif,0.24629477,T
Model_16_G,chip_g999.tif,0.24523038,F
Model_16_G,chip_g101.tif,0.25968125,T
Model_16_G,chip_g101.tif,0.25345263,T
Model_16_G,chip_g101.tif,0.25312167,T
Model_16_G,chip_g101.tif,0.25244415,T
Model_16_G,chip_g101.tif,0.25212148,T
Model_16_G,chip_g101.tif,0.25195256,T
Model_16_G,chip_g101.tif,0.2514943,T
Model_16_G,chip_g101.tif,0.25079504,T
Model_16_G,chip_g101.tif,0.24964406,T
Model_16_G,chip_g101.tif,0.24771498,T
Model_16_G,chip_g101.tif,0.24537146,F
Model_16_G,chip_g101.tif,0.2445935,F
Model_16_G,chip_g101.tif,0.24422605,T
Model_16_G,chip_g101.tif,0.24359937,F
Model_16_G,chip_g101.tif,0.24328315,F
Model_16_G,chip_g101.tif,0.2419081,F
Model_16_G,chip_g101.tif,0.24180223,F
Model_16_G,chip_g101.tif,0.24166726,F
Model_16_G,chip_g101.tif,0.24087493,F
Model_16_G,chip_g101.tif,0.24044651,F
Model_16_G,chip_g1015.tif,0.99942774,T
Model_16_G,chip_g1017.tif,0.99783,T
Model_16_G,chip_g1019.tif,0.99925905,T
Model_16_G,chip_g102.tif,0.27547136,T
Model_16_G,chip_g102.tif,0.27525955,T
Model_16_G,chip_g102.tif,0.2728212,T
Model_16_G,chip_g102.tif,0.27115437,T
Model_16_G,chip_g102.tif,0.25987282,T
Model_16_G,chip_g102.tif,0.25680962,T
Model_16_G,chip_g102.tif,0.25552085,T
Model_16_G,chip_g102.tif,0.24371295,T
Model_16_G,chip_g1020.tif,0.2800816,T
Model_16_G,chip_g1020.tif,0.26128715,T
Model_16_G,chip_g1020.tif,0.2564359,T
Model_16_G,chip_g1020.tif,0.25601777,T
Model_16_G,chip_g1020.tif,0.2545946,T
Model_16_G,chip_g1024.tif,0.98712015,T
Model_16_G,chip_g1028.tif,0.9824201,T
Model_16_G,chip_g103.tif,0.2704466,T
Model_16_G,chip_g103.tif,0.26498163,T
Model_16_G,chip_g103.tif,0.2648603,T
Model_16_G,chip_g103.tif,0.26324466,T
Model_16_G,chip_g103.tif,0.26280248,T
Model_16_G,chip_g103.tif,0.26166984,T
Model_16_G,chip_g103.tif,0.25266057,T
Model_16_G,chip_g1031.tif,0.27407578,T
Model_16_G,chip_g1033.tif,0.9991252,T
Model_16_G,chip_g1049.tif,0.99987876,T
Model_16_G,chip_g105.tif,0.2567645,T
Model_16_G,chip_g105.tif,0.2504215,T
Model_16_G,chip_g105.tif,0.24991594,T
Model_16_G,chip_g105.tif,0.24880786,T
Model_16_G,chip_g105.tif,0.24796379,T
Model_16_G,chip_g105.tif,0.2462899,T
Model_16_G,chip_g105.tif,0.24597426,T
Model_16_G,chip_g105.tif,0.24570522,T
Model_16_G,chip_g105.tif,0.24564976,T
Model_16_G,chip_g105.tif,0.2452275,T
Model_16_G,chip_g105.tif,0.24391991,T
Model_16_G,chip_g105.tif,0.24346325,F
Model_16_G,chip_g105.tif,0.24340993,T
Model_16_G,chip_g105.tif,0.2426643,T
Model_16_G,chip_g105.tif,0.2401148,T
Model_16_G,chip_g105.tif,0.2400934,T
Model_16_G,chip_g106.tif,0.28101885,T
Model_16_G,chip_g106.tif,0.26548028,T
Model_16_G,chip_g106.tif,0.2560605,T
Model_16_G,chip_g106.tif,0.25492004,T
Model_16_G,chip_g106.tif,0.2535819,T
Model_16_G,chip_g106.tif,0.24513163,T
Model_16_G,chip_g1064.tif,0.999759,T
Model_16_G,chip_g107.tif,0.27400833,T
Model_16_G,chip_g107.tif,0.27301335,T
Model_16_G,chip_g107.tif,0.2719311,T
Model_16_G,chip_g107.tif,0.26308727,T
Model_16_G,chip_g107.tif,0.26129806,T
Model_16_G,chip_g107.tif,0.25440854,T
Model_16_G,chip_g1084.tif,0.9995716,T
Model_16_G,chip_g110.tif,0.3019091,T
Model_16_G,chip_g110.tif,0.27806884,T
Model_16_G,chip_g110.tif,0.27331007,T
Model_16_G,chip_g110.tif,0.2717559,T
Model_16_G,chip_g1102.tif,0.82667404,T
Model_16_G,chip_g1103.tif,0.8974333,T
Model_16_G,chip_g1105.tif,0.99924195,T
Model_16_G,chip_g1106.tif,0.2886653,T
Model_16_G,chip_g1107.tif,0.25160813,T
Model_16_G,chip_g111.tif,0.3108254,T
Model_16_G,chip_g111.tif,0.28665185,T
Model_16_G,chip_g111.tif,0.27457914,T
Model_16_G,chip_g111.tif,0.2618781,T
Model_16_G,chip_g1117.tif,0.60269374,T
Model_16_G,chip_g1125.tif,0.70295286,T
Model_16_G,chip_g1126.tif,0.60998935,T
Model_16_G,chip_g1126.tif,0.561255,T
Model_16_G,chip_g1128.tif,0.35547143,T
Model_16_G,chip_g113.tif,0.28215855,T
Model_16_G,chip_g113.tif,0.27291495,T
Model_16_G,chip_g113.tif,0.26625305,T
Model_16_G,chip_g113.tif,0.26238477,T
Model_16_G,chip_g1132.tif,0.24261726,T
Model_16_G,chip_g1132.tif,0.2409065,T
Model_16_G,chip_g1136.tif,0.25688177,T
Model_16_G,chip_g1136.tif,0.2567796,F
Model_16_G,chip_g1136.tif,0.25378576,T
Model_16_G,chip_g1136.tif,0.24523818,F
Model_16_G,chip_g1136.tif,0.24454668,T
Model_16_G,chip_g1136.tif,0.24295768,T
Model_16_G,chip_g1136.tif,0.24269903,T
Model_16_G,chip_g1136.tif,0.24258398,T
Model_16_G,chip_g1136.tif,0.24128775,T
Model_16_G,chip_g1137.tif,0.25849777,T
Model_16_G,chip_g114.tif,0.9903972,T
Model_16_G,chip_g1143.tif,0.99696046,T
Model_16_G,chip_g1146.tif,0.4909273,T
Model_16_G,chip_g1146.tif,0.40588272,T
Model_16_G,chip_g1146.tif,0.39006284,T
Model_16_G,chip_g1148.tif,0.9858686,T
Model_16_G,chip_g1149.tif,0.99990153,T
Model_16_G,chip_g1152.tif,0.6757608,F
Model_16_G,chip_g1152.tif,0.64265394,T
Model_16_G,chip_g1152.tif,0.48851794,T
Model_16_G,chip_g1156.tif,0.4864286,T
Model_16_G,chip_g1156.tif,0.4448505,T
Model_16_G,chip_g1156.tif,0.37858513,T
Model_16_G,chip_g1156.tif,0.29173356,F
Model_16_G,chip_g1164.tif,0.27871528,T
Model_16_G,chip_g1165.tif,0.2763788,T
Model_16_G,chip_g1165.tif,0.27495155,T
Model_16_G,chip_g1165.tif,0.2712613,T
Model_16_G,chip_g1165.tif,0.24294236,T
Model_16_G,chip_g1166.tif,0.27682775,T
Model_16_G,chip_g1167.tif,0.5770284,T
Model_16_G,chip_g1169.tif,0.25887278,T
Model_16_G,chip_g118.tif,0.86548924,T
Model_16_G,chip_g1185.tif,0.245198,T
Model_16_G,chip_g1185.tif,0.24259876,T
Model_16_G,chip_g1188.tif,0.2522208,T
Model_16_G,chip_g1188.tif,0.24339667,T
Model_16_G,chip_g1188.tif,0.2428192,T
Model_16_G,chip_g1189.tif,0.34606922,T
Model_16_G,chip_g1189.tif,0.2446685,F
Model_16_G,chip_g1189.tif,0.24181432,T
Model_16_G,chip_g1204.tif,0.47165957,T
Model_16_G,chip_g1205.tif,0.45357123,T
Model_16_G,chip_g1205.tif,0.24632554,F
Model_16_G,chip_g1205.tif,0.24190125,F
Model_16_G,chip_g1209.tif,0.69839007,T
Model_16_G,chip_g121.tif,0.26323122,T
Model_16_G,chip_g121.tif,0.26246104,T
Model_16_G,chip_g121.tif,0.26031378,T
Model_16_G,chip_g121.tif,0.25815877,T
Model_16_G,chip_g121.tif,0.25479925,T
Model_16_G,chip_g121.tif,0.25244913,T
Model_16_G,chip_g121.tif,0.24983662,F
Model_16_G,chip_g121.tif,0.24617292,F
Model_16_G,chip_g121.tif,0.24321662,F
Model_16_G,chip_g121.tif,0.24172276,T
Model_16_G,chip_g121.tif,0.24022484,F
Model_16_G,chip_g121.tif,0.24000345,F
Model_16_G,chip_g1212.tif,0.27533633,F
Model_16_G,chip_g1212.tif,0.2497593,T
Model_16_G,chip_g1212.tif,0.24756068,F
Model_16_G,chip_g1212.tif,0.24417575,F
Model_16_G,chip_g1212.tif,0.24307872,T
Model_16_G,chip_g1212.tif,0.24232747,F
Model_16_G,chip_g1212.tif,0.24173857,F
Model_16_G,chip_g1212.tif,0.24099727,F
Model_16_G,chip_g1213.tif,0.28920132,T
Model_16_G,chip_g1213.tif,0.2683163,T
Model_16_G,chip_g1213.tif,0.25920558,T
Model_16_G,chip_g1213.tif,0.24816325,T
Model_16_G,chip_g1213.tif,0.24637322,F
Model_16_G,chip_g1216.tif,0.25954506,T
Model_16_G,chip_g1216.tif,0.25796548,F
Model_16_G,chip_g1216.tif,0.2498675,T
Model_16_G,chip_g1216.tif,0.24618447,F
Model_16_G,chip_g1216.tif,0.24588478,F
Model_16_G,chip_g1216.tif,0.24527176,F
Model_16_G,chip_g1216.tif,0.24495324,F
Model_16_G,chip_g1216.tif,0.2444702,F
Model_16_G,chip_g1216.tif,0.2436693,F
Model_16_G,chip_g1216.tif,0.24272814,F
Model_16_G,chip_g1216.tif,0.24190183,F
Model_16_G,chip_g1216.tif,0.24115306,F
Model_16_G,chip_g1216.tif,0.24105926,F
Model_16_G,chip_g1216.tif,0.24100557,T
Model_16_G,chip_g122.tif,0.26892313,T
Model_16_G,chip_g122.tif,0.2593953,T
Model_16_G,chip_g122.tif,0.25873792,T
Model_16_G,chip_g122.tif,0.25714815,T
Model_16_G,chip_g122.tif,0.25499263,T
Model_16_G,chip_g122.tif,0.2539263,T
Model_16_G,chip_g122.tif,0.2537525,T
Model_16_G,chip_g122.tif,0.25161302,T
Model_16_G,chip_g122.tif,0.24359302,T
Model_16_G,chip_g1225.tif,0.2665824,T
Model_16_G,chip_g1225.tif,0.2406789,F
Model_16_G,chip_g123.tif,0.2580778,T
Model_16_G,chip_g123.tif,0.25446093,T
Model_16_G,chip_g123.tif,0.25357535,T
Model_16_G,chip_g123.tif,0.25269985,T
Model_16_G,chip_g123.tif,0.2526447,T
Model_16_G,chip_g123.tif,0.25246087,T
Model_16_G,chip_g123.tif,0.25218907,T
Model_16_G,chip_g123.tif,0.2491284,T
Model_16_G,chip_g123.tif,0.24392252,T
Model_16_G,chip_g123.tif,0.24372159,F
Model_16_G,chip_g1232.tif,0.31528753,T
Model_16_G,chip_g1232.tif,0.27578008,F
Model_16_G,chip_g1233.tif,0.2778412,T
Model_16_G,chip_g1233.tif,0.26732254,T
Model_16_G,chip_g1233.tif,0.24483751,T
Model_16_G,chip_g1233.tif,0.24425657,F
Model_16_G,chip_g1233.tif,0.2425666,F
Model_16_G,chip_g1235.tif,0.2653189,T
Model_16_G,chip_g1237.tif,0.383804,F
Model_16_G,chip_g1237.tif,0.34733075,T
Model_16_G,chip_g1239.tif,0.84840494,T
Model_16_G,chip_g1246.tif,0.7975938,T
Model_16_G,chip_g1247.tif,0.39378482,T
Model_16_G,chip_g1249.tif,0.59106857,T
Model_16_G,chip_g125.tif,0.25293308,T
Model_16_G,chip_g125.tif,0.2516277,T
Model_16_G,chip_g125.tif,0.24898782,T
Model_16_G,chip_g125.tif,0.24849747,T
Model_16_G,chip_g125.tif,0.24844997,T
Model_16_G,chip_g125.tif,0.24828963,T
Model_16_G,chip_g125.tif,0.24805592,T
Model_16_G,chip_g125.tif,0.24793775,T
Model_16_G,chip_g125.tif,0.24620816,T
Model_16_G,chip_g125.tif,0.24606895,T
Model_16_G,chip_g125.tif,0.24375814,T
Model_16_G,chip_g125.tif,0.24314703,T
Model_16_G,chip_g125.tif,0.24234879,F
Model_16_G,chip_g125.tif,0.24143021,T
Model_16_G,chip_g1252.tif,0.28334275,T
Model_16_G,chip_g1256.tif,0.4657977,T
Model_16_G,chip_g1257.tif,0.32996076,T
Model_16_G,chip_g1257.tif,0.30811855,T
Model_16_G,chip_g1257.tif,0.27497408,T
Model_16_G,chip_g1265.tif,0.38217875,T
Model_16_G,chip_g1265.tif,0.28273696,T
Model_16_G,chip_g1266.tif,0.99666494,T
Model_16_G,chip_g1267.tif,0.99758255,T
Model_16_G,chip_g127.tif,0.2581061,T
Model_16_G,chip_g127.tif,0.25714794,T
Model_16_G,chip_g127.tif,0.25156116,T
Model_16_G,chip_g127.tif,0.25104985,T
Model_16_G,chip_g127.tif,0.2507635,T
Model_16_G,chip_g127.tif,0.25039852,T
Model_16_G,chip_g127.tif,0.24968766,T
Model_16_G,chip_g127.tif,0.24963012,T
Model_16_G,chip_g127.tif,0.24900192,T
Model_16_G,chip_g127.tif,0.24684224,F
Model_16_G,chip_g127.tif,0.24378228,F
Model_16_G,chip_g1286.tif,0.4665812,T
Model_16_G,chip_g1286.tif,0.40583202,T
Model_16_G,chip_g1286.tif,0.40166056,T
Model_16_G,chip_g1287.tif,0.4639295,T
Model_16_G,chip_g1287.tif,0.37527394,T
Model_16_G,chip_g1287.tif,0.37470934,T
Model_16_G,chip_g1289.tif,0.9861709,T
Model_16_G,chip_g129.tif,0.25453734,T
Model_16_G,chip_g129.tif,0.25361335,T
Model_16_G,chip_g129.tif,0.25220823,T
Model_16_G,chip_g129.tif,0.25209528,T
Model_16_G,chip_g129.tif,0.2519811,T
Model_16_G,chip_g129.tif,0.25197718,T
Model_16_G,chip_g129.tif,0.2506099,T
Model_16_G,chip_g129.tif,0.2496361,T
Model_16_G,chip_g129.tif,0.24928926,T
Model_16_G,chip_g129.tif,0.24885611,T
Model_16_G,chip_g129.tif,0.24364015,F
Model_16_G,chip_g129.tif,0.24320129,F
Model_16_G,chip_g130.tif,0.33630756,T
Model_16_G,chip_g130.tif,0.28984118,T
Model_16_G,chip_g130.tif,0.27867782,T
Model_16_G,chip_g130.tif,0.27529818,T
Model_16_G,chip_g1309.tif,0.99975365,T
Model_16_G,chip_g1310.tif,0.98214555,T
Model_16_G,chip_g1313.tif,0.9975763,T
Model_16_G,chip_g1315.tif,0.99989307,T
Model_16_G,chip_g1318.tif,0.9998416,T
Model_16_G,chip_g1319.tif,0.99947864,T
Model_16_G,chip_g133.tif,0.5182015,T
Model_16_G,chip_g133.tif,0.4742376,T
Model_16_G,chip_g1330.tif,0.9998908,T
Model_16_G,chip_g1342.tif,0.99996614,T
Model_16_G,chip_g1349.tif,0.9994178,T
Model_16_G,chip_g1355.tif,0.45768684,T
Model_16_G,chip_g1355.tif,0.39527076,T
Model_16_G,chip_g1355.tif,0.3538172,T
Model_16_G,chip_g1357.tif,0.9991228,T
Model_16_G,chip_g1358.tif,0.4667028,T
Model_16_G,chip_g1358.tif,0.367205,T
Model_16_G,chip_g1358.tif,0.34968954,T
Model_16_G,chip_g1359.tif,0.4510836,T
Model_16_G,chip_g1359.tif,0.39552662,T
Model_16_G,chip_g1359.tif,0.34747425,T
Model_16_G,chip_g137.tif,0.6407381,T
Model_16_G,chip_g1372.tif,0.88515913,T
Model_16_G,chip_g1374.tif,0.4918689,T
Model_16_G,chip_g1374.tif,0.48263088,T
Model_16_G,chip_g1375.tif,0.44835874,T
Model_16_G,chip_g1375.tif,0.44703835,T
Model_16_G,chip_g1379.tif,0.42060256,T
Model_16_G,chip_g1379.tif,0.40745804,T
Model_16_G,chip_g1379.tif,0.35714737,T
Model_16_G,chip_g1381.tif,0.34998506,T
Model_16_G,chip_g1381.tif,0.30073568,T
Model_16_G,chip_g1383.tif,0.2431106,T
Model_16_G,chip_g1388.tif,0.99970275,T
Model_16_G,chip_g1389.tif,0.4653256,T
Model_16_G,chip_g1389.tif,0.3690236,T
Model_16_G,chip_g1389.tif,0.32576677,T
Model_16_G,chip_g1389.tif,0.24359077,T
Model_16_G,chip_g1400.tif,0.294687,T
Model_16_G,chip_g1403.tif,0.2422166,F
Model_16_G,chip_g1405.tif,0.37599704,T
Model_16_G,chip_g1408.tif,0.26271993,T
Model_16_G,chip_g1408.tif,0.24952665,T
Model_16_G,chip_g1408.tif,0.24365453,T
Model_16_G,chip_g141.tif,0.2546944,T
Model_16_G,chip_g141.tif,0.25293052,T
Model_16_G,chip_g141.tif,0.2524871,T
Model_16_G,chip_g141.tif,0.252095,T
Model_16_G,chip_g141.tif,0.25186682,T
Model_16_G,chip_g141.tif,0.25158167,T
Model_16_G,chip_g141.tif,0.25113028,T
Model_16_G,chip_g141.tif,0.24947281,T
Model_16_G,chip_g141.tif,0.24939853,T
Model_16_G,chip_g141.tif,0.2485104,T
Model_16_G,chip_g141.tif,0.24583568,T
Model_16_G,chip_g141.tif,0.24432625,F
Model_16_G,chip_g141.tif,0.24395725,F
Model_16_G,chip_g141.tif,0.24297774,T
Model_16_G,chip_g141.tif,0.24277206,T
Model_16_G,chip_g141.tif,0.24110386,F
Model_16_G,chip_g141.tif,0.240301,F
Model_16_G,chip_g142.tif,0.29928187,T
Model_16_G,chip_g142.tif,0.28152454,T
Model_16_G,chip_g142.tif,0.2653185,T
Model_16_G,chip_g142.tif,0.25417864,T
Model_16_G,chip_g1420.tif,0.68170404,T
Model_16_G,chip_g1421.tif,0.9998704,T
Model_16_G,chip_g143.tif,0.32514763,T
Model_16_G,chip_g143.tif,0.3011681,T
Model_16_G,chip_g143.tif,0.27868065,T
Model_16_G,chip_g1433.tif,0.99925977,T
Model_16_G,chip_g1437.tif,0.9998405,T
Model_16_G,chip_g1438.tif,0.9996929,T
Model_16_G,chip_g1439.tif,0.9996631,T
Model_16_G,chip_g144.tif,0.8625677,T
Model_16_G,chip_g1445.tif,0.9894684,T
Model_16_G,chip_g145.tif,0.25038007,T
Model_16_G,chip_g145.tif,0.24944976,T
Model_16_G,chip_g145.tif,0.24940762,T
Model_16_G,chip_g145.tif,0.24936621,T
Model_16_G,chip_g145.tif,0.24863878,T
Model_16_G,chip_g145.tif,0.2481489,T
Model_16_G,chip_g145.tif,0.24780674,T
Model_16_G,chip_g145.tif,0.24764948,F
Model_16_G,chip_g145.tif,0.2476399,T
Model_16_G,chip_g145.tif,0.2476248,T
Model_16_G,chip_g145.tif,0.24724548,T
Model_16_G,chip_g145.tif,0.24711525,T
Model_16_G,chip_g145.tif,0.24701954,T
Model_16_G,chip_g145.tif,0.24674456,T
Model_16_G,chip_g145.tif,0.24673979,T
Model_16_G,chip_g145.tif,0.2463535,T
Model_16_G,chip_g145.tif,0.24566527,T
Model_16_G,chip_g145.tif,0.24544348,F
Model_16_G,chip_g145.tif,0.24540974,T
Model_16_G,chip_g145.tif,0.24452518,F
Model_16_G,chip_g145.tif,0.24400236,T
Model_16_G,chip_g145.tif,0.2404815,F
Model_16_G,chip_g145.tif,0.24042112,F
Model_16_G,chip_g145.tif,0.2402118,F
Model_16_G,chip_g1465.tif,0.6093895,T
Model_16_G,chip_g1465.tif,0.45186645,T
Model_16_G,chip_g1467.tif,0.989876,T
Model_16_G,chip_g147.tif,0.2763492,T
Model_16_G,chip_g147.tif,0.26705673,T
Model_16_G,chip_g147.tif,0.26583287,T
Model_16_G,chip_g147.tif,0.2654056,T
Model_16_G,chip_g147.tif,0.26022863,T
Model_16_G,chip_g147.tif,0.25444716,T
Model_16_G,chip_g147.tif,0.25405398,T
Model_16_G,chip_g1470.tif,0.9514119,T
Model_16_G,chip_g1474.tif,0.29426652,T
Model_16_G,chip_g1474.tif,0.2846134,T
Model_16_G,chip_g1474.tif,0.27037376,T
Model_16_G,chip_g1474.tif,0.24232912,T
Model_16_G,chip_g1475.tif,0.31760386,T
Model_16_G,chip_g1475.tif,0.26653105,T
Model_16_G,chip_g1475.tif,0.26607472,T
Model_16_G,chip_g1475.tif,0.25519153,T
Model_16_G,chip_g1479.tif,0.27524424,T
Model_16_G,chip_g1479.tif,0.26339284,T
Model_16_G,chip_g1479.tif,0.25419876,T
Model_16_G,chip_g1479.tif,0.24673444,T
Model_16_G,chip_g1481.tif,0.2524694,T
Model_16_G,chip_g1481.tif,0.24899441,F
Model_16_G,chip_g1481.tif,0.2469293,T
Model_16_G,chip_g1481.tif,0.24589369,F
Model_16_G,chip_g1481.tif,0.24483585,T
Model_16_G,chip_g1481.tif,0.2442796,T
Model_16_G,chip_g1481.tif,0.24308917,F
Model_16_G,chip_g1481.tif,0.24207836,T
Model_16_G,chip_g1481.tif,0.24082428,F
Model_16_G,chip_g1481.tif,0.24077639,F
Model_16_G,chip_g1487.tif,0.24127989,T
Model_16_G,chip_g1489.tif,0.26634434,T
Model_16_G,chip_g1489.tif,0.24913393,T
Model_16_G,chip_g149.tif,0.25276297,T
Model_16_G,chip_g149.tif,0.25159848,T
Model_16_G,chip_g149.tif,0.2515262,T
Model_16_G,chip_g149.tif,0.2506009,T
Model_16_G,chip_g149.tif,0.24987973,T
Model_16_G,chip_g149.tif,0.24929206,T
Model_16_G,chip_g149.tif,0.24918029,T
Model_16_G,chip_g149.tif,0.2484458,T
Model_16_G,chip_g149.tif,0.24832349,T
Model_16_G,chip_g149.tif,0.24797893,T
Model_16_G,chip_g149.tif,0.24691123,T
Model_16_G,chip_g149.tif,0.24623562,T
Model_16_G,chip_g149.tif,0.24524413,T
Model_16_G,chip_g149.tif,0.2443331,T
Model_16_G,chip_g149.tif,0.24420725,F
Model_16_G,chip_g149.tif,0.24362089,F
Model_16_G,chip_g149.tif,0.24018763,F
Model_16_G,chip_g1493.tif,0.31236476,T
Model_16_G,chip_g1494.tif,0.2687227,T
Model_16_G,chip_g1495.tif,0.24666907,T
Model_16_G,chip_g1498.tif,0.29532605,T
Model_16_G,chip_g1499.tif,0.30271697,T
Model_16_G,chip_g1499.tif,0.24792816,F
Model_16_G,chip_g150.tif,0.7005797,T
Model_16_G,chip_g150.tif,0.6263263,T
Model_16_G,chip_g1505.tif,0.99993765,T
Model_16_G,chip_g151.tif,0.7516833,T
Model_16_G,chip_g151.tif,0.6403964,T
Model_16_G,chip_g1527.tif,0.99984586,T
Model_16_G,chip_g1528.tif,0.66709095,T
Model_16_G,chip_g1528.tif,0.6493792,T
Model_16_G,chip_g153.tif,0.4603182,T
Model_16_G,chip_g153.tif,0.40417278,T
Model_16_G,chip_g153.tif,0.32544893,T
Model_16_G,chip_g1530.tif,0.9998803,T
Model_16_G,chip_g1531.tif,0.99975663,T
Model_16_G,chip_g1535.tif,0.86046696,T
Model_16_G,chip_g1539.tif,0.8657296,T
Model_16_G,chip_g1544.tif,0.7468949,T
Model_16_G,chip_g1545.tif,0.9999193,T
Model_16_G,chip_g1546.tif,0.9942152,T
Model_16_G,chip_g1552.tif,0.9947929,T
Model_16_G,chip_g1560.tif,0.42959157,T
Model_16_G,chip_g1561.tif,0.97945875,T
Model_16_G,chip_g1561.tif,0.24087963,F
Model_16_G,chip_g1562.tif,0.9999349,T
Model_16_G,chip_g1563.tif,0.9999386,T
Model_16_G,chip_g1564.tif,0.33418575,T
Model_16_G,chip_g1564.tif,0.32445148,T
Model_16_G,chip_g1564.tif,0.2780084,T
Model_16_G,chip_g1568.tif,0.24527079,T
Model_16_G,chip_g1568.tif,0.24369252,T
Model_16_G,chip_g1568.tif,0.24256462,T
Model_16_G,chip_g1569.tif,0.6479661,T
Model_16_G,chip_g157.tif,0.63119256,T
Model_16_G,chip_g157.tif,0.53086495,T
Model_16_G,chip_g1586.tif,0.994125,T
Model_16_G,chip_g1587.tif,0.6461372,T
Model_16_G,chip_g1590.tif,0.78587675,T
Model_16_G,chip_g1591.tif,0.8367914,T
Model_16_G,chip_g1595.tif,0.53927356,T
Model_16_G,chip_g1595.tif,0.47249258,T
Model_16_G,chip_g1597.tif,0.9959858,T
Model_16_G,chip_g1598.tif,0.7327103,T
Model_16_G,chip_g1598.tif,0.5832912,T
Model_16_G,chip_g1599.tif,0.6139379,T
Model_16_G,chip_g1599.tif,0.6047081,T
Model_16_G,chip_g1605.tif,0.24945904,F
Model_16_G,chip_g1605.tif,0.24464516,T
Model_16_G,chip_g1605.tif,0.24453662,F
Model_16_G,chip_g1605.tif,0.24432819,T
Model_16_G,chip_g1605.tif,0.24351309,T
Model_16_G,chip_g1605.tif,0.24282393,F
Model_16_G,chip_g1605.tif,0.24184494,T
Model_16_G,chip_g1610.tif,0.29900324,T
Model_16_G,chip_g1610.tif,0.26961976,T
Model_16_G,chip_g1611.tif,0.39142835,T
Model_16_G,chip_g1611.tif,0.29286644,T
Model_16_G,chip_g1613.tif,0.28607368,T
Model_16_G,chip_g1613.tif,0.2802689,T
Model_16_G,chip_g1613.tif,0.24197675,T
Model_16_G,chip_g1614.tif,0.6252445,T
Model_16_G,chip_g1615.tif,0.53357875,T
Model_16_G,chip_g1617.tif,0.31405506,T
Model_16_G,chip_g1617.tif,0.28855035,T
Model_16_G,chip_g1617.tif,0.24309406,T
Model_16_G,chip_g1625.tif,0.253984,T
Model_16_G,chip_g1625.tif,0.25090817,T
Model_16_G,chip_g1625.tif,0.24842593,T
Model_16_G,chip_g1625.tif,0.24763875,T
Model_16_G,chip_g1625.tif,0.24647014,T
Model_16_G,chip_g1625.tif,0.24615113,T
Model_16_G,chip_g1625.tif,0.2452393,T
Model_16_G,chip_g1625.tif,0.24511965,T
Model_16_G,chip_g1625.tif,0.2447405,T
Model_16_G,chip_g1625.tif,0.24365948,T
Model_16_G,chip_g1625.tif,0.24333587,F
Model_16_G,chip_g1625.tif,0.24294353,T
Model_16_G,chip_g1625.tif,0.24145943,T
Model_16_G,chip_g1630.tif,0.6085396,T
Model_16_G,chip_g1630.tif,0.35155928,T
Model_16_G,chip_g165.tif,0.79470754,T
Model_16_G,chip_g1655.tif,0.2640187,T
Model_16_G,chip_g1657.tif,0.26767725,T
Model_16_G,chip_g1657.tif,0.24356657,T
Model_16_G,chip_g1657.tif,0.2401787,T
Model_16_G,chip_g1659.tif,0.24605699,T
Model_16_G,chip_g166.tif,0.99996126,T
Model_16_G,chip_g1670.tif,0.2562401,T
Model_16_G,chip_g1674.tif,0.285392,T
Model_16_G,chip_g1674.tif,0.2744799,T
Model_16_G,chip_g1679.tif,0.2949254,T
Model_16_G,chip_g1679.tif,0.2517724,T
Model_16_G,chip_g1689.tif,0.24276754,T
Model_16_G,chip_g1689.tif,0.24199277,F
Model_16_G,chip_g1689.tif,0.24198018,T
Model_16_G,chip_g1689.tif,0.24182263,T
Model_16_G,chip_g1689.tif,0.24133953,T
Model_16_G,chip_g169.tif,0.8325194,T
Model_16_G,chip_g169.tif,0.3168618,T
Model_16_G,chip_g1690.tif,0.26177198,T
Model_16_G,chip_g1691.tif,0.24081886,T
Model_16_G,chip_g1693.tif,0.26522917,T
Model_16_G,chip_g1694.tif,0.2851542,T
Model_16_G,chip_g1695.tif,0.44148815,T
Model_16_G,chip_g1695.tif,0.2527985,F
Model_16_G,chip_g1709.tif,0.2542069,T
Model_16_G,chip_g1709.tif,0.25013554,T
Model_16_G,chip_g1709.tif,0.2476183,T
Model_16_G,chip_g1709.tif,0.24523434,T
Model_16_G,chip_g1709.tif,0.24480775,T
Model_16_G,chip_g1709.tif,0.24422243,T
Model_16_G,chip_g1709.tif,0.24378002,T
Model_16_G,chip_g1709.tif,0.24310936,T
Model_16_G,chip_g1709.tif,0.24245687,T
Model_16_G,chip_g1709.tif,0.24191104,F
Model_16_G,chip_g1709.tif,0.24076198,T
Model_16_G,chip_g1709.tif,0.24023552,T
Model_16_G,chip_g1710.tif,0.3081718,T
Model_16_G,chip_g1710.tif,0.26447138,T
Model_16_G,chip_g1710.tif,0.25582716,T
Model_16_G,chip_g1729.tif,0.2580095,T
Model_16_G,chip_g1729.tif,0.25414684,T
Model_16_G,chip_g1729.tif,0.25407895,T
Model_16_G,chip_g1729.tif,0.25157765,T
Model_16_G,chip_g1729.tif,0.2503067,T
Model_16_G,chip_g1729.tif,0.24870169,T
Model_16_G,chip_g1729.tif,0.24796288,T
Model_16_G,chip_g1729.tif,0.247614,T
Model_16_G,chip_g1729.tif,0.2463727,F
Model_16_G,chip_g1729.tif,0.24456848,T
Model_16_G,chip_g1729.tif,0.24452373,T
Model_16_G,chip_g1729.tif,0.24348655,T
Model_16_G,chip_g1729.tif,0.24291813,T
Model_16_G,chip_g1729.tif,0.24226688,T
Model_16_G,chip_g1729.tif,0.24134353,T
Model_16_G,chip_g1729.tif,0.24064417,T
Model_16_G,chip_g1729.tif,0.2404523,T
Model_16_G,chip_g1729.tif,0.24011925,F
Model_16_G,chip_g1745.tif,0.25420848,F
Model_16_G,chip_g1745.tif,0.25299832,T
Model_16_G,chip_g1745.tif,0.25202715,T
Model_16_G,chip_g1745.tif,0.25056618,T
Model_16_G,chip_g1745.tif,0.25010592,T
Model_16_G,chip_g1745.tif,0.24918744,F
Model_16_G,chip_g1745.tif,0.24828951,T
Model_16_G,chip_g1745.tif,0.24801402,F
Model_16_G,chip_g1745.tif,0.24631037,F
Model_16_G,chip_g1745.tif,0.24624272,T
Model_16_G,chip_g1745.tif,0.24623553,T
Model_16_G,chip_g1745.tif,0.24567749,T
Model_16_G,chip_g1745.tif,0.24499989,F
Model_16_G,chip_g1745.tif,0.24423948,F
Model_16_G,chip_g1745.tif,0.24393103,T
Model_16_G,chip_g1745.tif,0.24391565,F
Model_16_G,chip_g1745.tif,0.24269824,T
Model_16_G,chip_g1746.tif,0.99493223,T
Model_16_G,chip_g1747.tif,0.9852792,T
Model_16_G,chip_g1750.tif,0.32099727,T
Model_16_G,chip_g1750.tif,0.24694124,T
Model_16_G,chip_g1750.tif,0.2442126,T
Model_16_G,chip_g1765.tif,0.2495022,T
Model_16_G,chip_g1765.tif,0.24784365,T
Model_16_G,chip_g1765.tif,0.24674693,T
Model_16_G,chip_g1765.tif,0.24638665,T
Model_16_G,chip_g1765.tif,0.24591489,T
Model_16_G,chip_g1765.tif,0.24491443,T
Model_16_G,chip_g1765.tif,0.24453965,T
Model_16_G,chip_g1765.tif,0.24453852,T
Model_16_G,chip_g1765.tif,0.2444652,T
Model_16_G,chip_g1765.tif,0.24444877,T
Model_16_G,chip_g1765.tif,0.24434084,T
Model_16_G,chip_g1765.tif,0.24410228,F
Model_16_G,chip_g1765.tif,0.24399775,T
Model_16_G,chip_g1765.tif,0.24353875,T
Model_16_G,chip_g1765.tif,0.24290194,T
Model_16_G,chip_g1765.tif,0.24289517,T
Model_16_G,chip_g1765.tif,0.24278449,T
Model_16_G,chip_g1765.tif,0.24269696,T
Model_16_G,chip_g1765.tif,0.24267326,T
Model_16_G,chip_g1765.tif,0.24265969,T
Model_16_G,chip_g1765.tif,0.24255572,T
Model_16_G,chip_g1765.tif,0.24199514,T
Model_16_G,chip_g1765.tif,0.24128272,T
Model_16_G,chip_g1765.tif,0.24065144,F
Model_16_G,chip_g1765.tif,0.24005869,T
Model_16_G,chip_g1766.tif,0.29367808,T
Model_16_G,chip_g1766.tif,0.27828065,T
Model_16_G,chip_g1766.tif,0.2621285,T
Model_16_G,chip_g1766.tif,0.24263458,T
Model_16_G,chip_g1767.tif,0.28763512,T
Model_16_G,chip_g1767.tif,0.2694499,T
Model_16_G,chip_g1767.tif,0.26353583,T
Model_16_G,chip_g1770.tif,0.25100753,T
Model_16_G,chip_g1770.tif,0.2505668,T
Model_16_G,chip_g1770.tif,0.24966812,T
Model_16_G,chip_g1770.tif,0.24919903,T
Model_16_G,chip_g1770.tif,0.249182,T
Model_16_G,chip_g1770.tif,0.24865964,T
Model_16_G,chip_g1770.tif,0.24863313,T
Model_16_G,chip_g1770.tif,0.24847017,T
Model_16_G,chip_g1770.tif,0.24806207,T
Model_16_G,chip_g1770.tif,0.24754699,T
Model_16_G,chip_g1770.tif,0.24754019,T
Model_16_G,chip_g1770.tif,0.24719314,T
Model_16_G,chip_g1770.tif,0.24713904,T
Model_16_G,chip_g1770.tif,0.24682797,T
Model_16_G,chip_g1770.tif,0.24670489,F
Model_16_G,chip_g1770.tif,0.2462401,T
Model_16_G,chip_g1770.tif,0.24613763,F
Model_16_G,chip_g1770.tif,0.24589565,T
Model_16_G,chip_g1770.tif,0.24522614,T
Model_16_G,chip_g1770.tif,0.24378084,F
Model_16_G,chip_g1770.tif,0.242459,F
Model_16_G,chip_g1770.tif,0.2417876,T
Model_16_G,chip_g1770.tif,0.24177434,F
Model_16_G,chip_g1770.tif,0.24172974,F
Model_16_G,chip_g1770.tif,0.241128,T
Model_16_G,chip_g1770.tif,0.24045958,F
Model_16_G,chip_g1770.tif,0.2403965,F
Model_16_G,chip_g1770.tif,0.24036747,T
Model_16_G,chip_g1770.tif,0.24035564,T
Model_16_G,chip_g1786.tif,0.44519725,T
Model_16_G,chip_g1786.tif,0.33977348,T
Model_16_G,chip_g1786.tif,0.24876256,F
Model_16_G,chip_g1787.tif,0.32267058,T
Model_16_G,chip_g1787.tif,0.31072813,T
Model_16_G,chip_g1787.tif,0.26604548,T
Model_16_G,chip_g1801.tif,0.67619234,T
Model_16_G,chip_g1801.tif,0.5558674,T
Model_16_G,chip_g1802.tif,0.99651366,T
Model_16_G,chip_g1803.tif,0.98894334,T
Model_16_G,chip_g1805.tif,0.9805747,T
Model_16_G,chip_g1806.tif,0.33239692,T
Model_16_G,chip_g1806.tif,0.33080816,T
Model_16_G,chip_g1806.tif,0.30377954,T
Model_16_G,chip_g1806.tif,0.29640886,T
Model_16_G,chip_g1807.tif,0.3335467,T
Model_16_G,chip_g1807.tif,0.30389515,T
Model_16_G,chip_g1807.tif,0.29837108,T
Model_16_G,chip_g1807.tif,0.28557947,T
Model_16_G,chip_g1825.tif,0.24908653,T
Model_16_G,chip_g1825.tif,0.24859174,T
Model_16_G,chip_g1825.tif,0.2483484,T
Model_16_G,chip_g1825.tif,0.24832147,F
Model_16_G,chip_g1825.tif,0.24739136,T
Model_16_G,chip_g1825.tif,0.24701561,T
Model_16_G,chip_g1825.tif,0.24690996,T
Model_16_G,chip_g1825.tif,0.24633208,F
Model_16_G,chip_g1825.tif,0.24625047,T
Model_16_G,chip_g1825.tif,0.2459949,T
Model_16_G,chip_g1825.tif,0.24579066,T
Model_16_G,chip_g1825.tif,0.24545737,F
Model_16_G,chip_g1825.tif,0.24520107,F
Model_16_G,chip_g1825.tif,0.24517103,T
Model_16_G,chip_g1825.tif,0.24466431,F
Model_16_G,chip_g1825.tif,0.243678,T
Model_16_G,chip_g1825.tif,0.24334866,T
Model_16_G,chip_g1825.tif,0.24330276,T
Model_16_G,chip_g1825.tif,0.24231407,F
Model_16_G,chip_g1825.tif,0.24230544,T
Model_16_G,chip_g1825.tif,0.24195142,F
Model_16_G,chip_g1825.tif,0.24184126,F
Model_16_G,chip_g1825.tif,0.2417251,T
Model_16_G,chip_g1825.tif,0.24162082,T
Model_16_G,chip_g1825.tif,0.24151902,T
Model_16_G,chip_g1825.tif,0.2413731,T
Model_16_G,chip_g1825.tif,0.24103332,F
Model_16_G,chip_g1825.tif,0.24097523,F
Model_16_G,chip_g1825.tif,0.24088724,F
Model_16_G,chip_g1825.tif,0.24007456,T
Model_16_G,chip_g1829.tif,0.24341318,T
Model_16_G,chip_g1829.tif,0.2428531,T
Model_16_G,chip_g1829.tif,0.24218959,T
Model_16_G,chip_g1829.tif,0.24171166,T
Model_16_G,chip_g1845.tif,0.24330115,F
Model_16_G,chip_g1845.tif,0.24245968,T
Model_16_G,chip_g1845.tif,0.24179669,T
Model_16_G,chip_g1845.tif,0.24071275,T
Model_16_G,chip_g1849.tif,0.24751054,F
Model_16_G,chip_g1849.tif,0.24352424,T
Model_16_G,chip_g1849.tif,0.24350727,T
Model_16_G,chip_g1849.tif,0.24248724,T
Model_16_G,chip_g1849.tif,0.24102478,T
Model_16_G,chip_g185.tif,0.84507066,T
Model_16_G,chip_g1850.tif,0.2480294,F
Model_16_G,chip_g1850.tif,0.24740618,F
Model_16_G,chip_g1850.tif,0.24272408,T
Model_16_G,chip_g1870.tif,0.2507338,F
Model_16_G,chip_g1871.tif,0.40672502,T
Model_16_G,chip_g1885.tif,0.2864244,T
Model_16_G,chip_g1889.tif,0.26739946,F
Model_16_G,chip_g1889.tif,0.25166947,T
Model_16_G,chip_g189.tif,0.56634253,T
Model_16_G,chip_g189.tif,0.5588006,T
Model_16_G,chip_g1905.tif,0.2886227,T
Model_16_G,chip_g1909.tif,0.2588519,F
Model_16_G,chip_g1929.tif,0.24382018,T
Model_16_G,chip_g1945.tif,0.2594759,F
Model_16_G,chip_g1945.tif,0.24371098,F
Model_16_G,chip_g1949.tif,0.24735719,T
Model_16_G,chip_g1969.tif,0.3050333,F
Model_16_G,chip_g1969.tif,0.25396279,F
Model_16_G,chip_g1969.tif,0.25121272,F
Model_16_G,chip_g2021.tif,0.4293469,T
Model_16_G,chip_g2021.tif,0.395327,T
Model_16_G,chip_g2021.tif,0.39022836,T
Model_16_G,chip_g2023.tif,0.98036826,T
Model_16_G,chip_g2025.tif,0.41687292,T
Model_16_G,chip_g2025.tif,0.4127023,T
Model_16_G,chip_g2025.tif,0.3324629,T
Model_16_G,chip_g2027.tif,0.74704546,T
Model_16_G,chip_g2027.tif,0.32560092,T
Model_16_G,chip_g2029.tif,0.9959484,T
Model_16_G,chip_g2049.tif,0.3058407,T
Model_16_G,chip_g2049.tif,0.26205665,T
Model_16_G,chip_g2049.tif,0.24934518,F
Model_16_G,chip_g206.tif,0.9998865,T
Model_16_G,chip_g2069.tif,0.3409388,F
Model_16_G,chip_g2069.tif,0.2432792,F
Model_16_G,chip_g2069.tif,0.24189824,F
Model_16_G,chip_g2085.tif,0.24117877,F
Model_16_G,chip_g209.tif,0.7120413,T
Model_16_G,chip_g209.tif,0.65575093,T
Model_16_G,chip_g2105.tif,0.25128385,T
Model_16_G,chip_g2105.tif,0.2507065,F
Model_16_G,chip_g2105.tif,0.24990349,F
Model_16_G,chip_g2105.tif,0.24900979,F
Model_16_G,chip_g2105.tif,0.2470927,F
Model_16_G,chip_g2105.tif,0.24347962,F
Model_16_G,chip_g2105.tif,0.24342836,F
Model_16_G,chip_g2105.tif,0.2414759,F
Model_16_G,chip_g2165.tif,0.25095242,T
Model_16_G,chip_g2165.tif,0.24881127,F
Model_16_G,chip_g2165.tif,0.24758351,T
Model_16_G,chip_g2165.tif,0.24715194,T
Model_16_G,chip_g2165.tif,0.24621159,F
Model_16_G,chip_g2165.tif,0.24451713,T
Model_16_G,chip_g2165.tif,0.24432237,F
Model_16_G,chip_g2165.tif,0.2424754,T
Model_16_G,chip_g2165.tif,0.24118313,T
Model_16_G,chip_g2165.tif,0.24058165,T
Model_16_G,chip_g2204.tif,0.2500217,T
Model_16_G,chip_g2205.tif,0.2472803,T
Model_16_G,chip_g2205.tif,0.2470525,T
Model_16_G,chip_g2205.tif,0.24700883,T
Model_16_G,chip_g2205.tif,0.24653608,T
Model_16_G,chip_g2205.tif,0.24610034,T
Model_16_G,chip_g2205.tif,0.24601361,T
Model_16_G,chip_g2205.tif,0.24558541,F
Model_16_G,chip_g2205.tif,0.2454754,T
Model_16_G,chip_g2205.tif,0.24449098,T
Model_16_G,chip_g2205.tif,0.24430874,T
Model_16_G,chip_g2205.tif,0.24424554,T
Model_16_G,chip_g2205.tif,0.24417682,T
Model_16_G,chip_g2205.tif,0.24397151,T
Model_16_G,chip_g2205.tif,0.24390386,F
Model_16_G,chip_g2205.tif,0.24374802,F
Model_16_G,chip_g2205.tif,0.24372663,T
Model_16_G,chip_g2205.tif,0.24368584,T
Model_16_G,chip_g2205.tif,0.24304149,F
Model_16_G,chip_g2205.tif,0.24280971,F
Model_16_G,chip_g2205.tif,0.24245472,F
Model_16_G,chip_g2205.tif,0.24235035,F
Model_16_G,chip_g2205.tif,0.24234182,F
Model_16_G,chip_g2205.tif,0.24233516,T
Model_16_G,chip_g2205.tif,0.24221838,T
Model_16_G,chip_g2205.tif,0.24220704,T
Model_16_G,chip_g2205.tif,0.24208173,F
Model_16_G,chip_g2205.tif,0.24207214,F
Model_16_G,chip_g2205.tif,0.2420091,T
Model_16_G,chip_g2205.tif,0.24188511,F
Model_16_G,chip_g2205.tif,0.24186541,F
Model_16_G,chip_g2205.tif,0.2415771,F
Model_16_G,chip_g2205.tif,0.24152762,F
Model_16_G,chip_g2205.tif,0.24150486,T
Model_16_G,chip_g2205.tif,0.24140179,F
Model_16_G,chip_g2205.tif,0.24134918,T
Model_16_G,chip_g2205.tif,0.24120836,F
Model_16_G,chip_g2205.tif,0.24105252,T
Model_16_G,chip_g2205.tif,0.24088836,F
Model_16_G,chip_g2205.tif,0.24086708,T
Model_16_G,chip_g2205.tif,0.24074939,F
Model_16_G,chip_g2205.tif,0.24074554,T
Model_16_G,chip_g2205.tif,0.24038208,F
Model_16_G,chip_g2205.tif,0.24027112,F
Model_16_G,chip_g2205.tif,0.24026595,F
Model_16_G,chip_g2205.tif,0.24017999,F
Model_16_G,chip_g2205.tif,0.24005301,F
Model_16_G,chip_g2209.tif,0.2960775,T
Model_16_G,chip_g2229.tif,0.9971469,T
Model_16_G,chip_g2230.tif,0.9882811,T
Model_16_G,chip_g2231.tif,0.9982167,T
Model_16_G,chip_g2240.tif,0.44391885,T
Model_16_G,chip_g2240.tif,0.24617656,T
Model_16_G,chip_g2244.tif,0.40371534,T
Model_16_G,chip_g2244.tif,0.30198395,T
Model_16_G,chip_g2245.tif,0.42557004,T
Model_16_G,chip_g2245.tif,0.3694411,T
Model_16_G,chip_g2245.tif,0.31356016,T
Model_16_G,chip_g2250.tif,0.99900097,T
Model_16_G,chip_g2251.tif,0.99690884,T
Model_16_G,chip_g2253.tif,0.99012554,T
Model_16_G,chip_g2254.tif,0.28169125,T
Model_16_G,chip_g2254.tif,0.27857205,T
Model_16_G,chip_g2254.tif,0.27046838,T
Model_16_G,chip_g2254.tif,0.26387635,T
Model_16_G,chip_g2254.tif,0.2553537,T
Model_16_G,chip_g2255.tif,0.32292545,T
Model_16_G,chip_g2255.tif,0.27426398,T
Model_16_G,chip_g2255.tif,0.26768148,T
Model_16_G,chip_g2255.tif,0.26382244,T
Model_16_G,chip_g2255.tif,0.24082366,T
Model_16_G,chip_g2257.tif,0.8338793,T
Model_16_G,chip_g2259.tif,0.28176764,T
Model_16_G,chip_g2259.tif,0.27853245,T
Model_16_G,chip_g2259.tif,0.27553672,T
Model_16_G,chip_g2259.tif,0.26165316,T
Model_16_G,chip_g2259.tif,0.2511209,T
Model_16_G,chip_g227.tif,0.99786323,T
Model_16_G,chip_g229.tif,0.797429,T
Model_16_G,chip_g229.tif,0.58090115,T
Model_16_G,chip_g2405.tif,0.3299389,T
Model_16_G,chip_g2405.tif,0.29417604,T
Model_16_G,chip_g2405.tif,0.2509927,T
Model_16_G,chip_g2409.tif,0.27679,T
Model_16_G,chip_g2409.tif,0.2698552,T
Model_16_G,chip_g2409.tif,0.25844648,T
Model_16_G,chip_g2409.tif,0.2575383,T
Model_16_G,chip_g2409.tif,0.25662026,F
Model_16_G,chip_g2409.tif,0.25273913,T
Model_16_G,chip_g2409.tif,0.2511489,F
Model_16_G,chip_g2409.tif,0.25076863,F
Model_16_G,chip_g2409.tif,0.25024992,F
Model_16_G,chip_g2409.tif,0.24994703,T
Model_16_G,chip_g2409.tif,0.24669941,F
Model_16_G,chip_g2409.tif,0.24490108,F
Model_16_G,chip_g2409.tif,0.2441674,F
Model_16_G,chip_g2409.tif,0.2425686,F
Model_16_G,chip_g2409.tif,0.2424974,T
Model_16_G,chip_g2409.tif,0.24204,F
Model_16_G,chip_g2409.tif,0.24184968,F
Model_16_G,chip_g2409.tif,0.24149191,F
Model_16_G,chip_g2409.tif,0.24095806,F
Model_16_G,chip_g2410.tif,0.3596939,T
Model_16_G,chip_g2410.tif,0.33238015,T
Model_16_G,chip_g2425.tif,0.46319568,T
Model_16_G,chip_g2425.tif,0.3630577,T
Model_16_G,chip_g2429.tif,0.24495552,T
Model_16_G,chip_g2429.tif,0.24222249,F
Model_16_G,chip_g2429.tif,0.24219191,T
Model_16_G,chip_g2429.tif,0.24019597,T
Model_16_G,chip_g2430.tif,0.27877334,T
Model_16_G,chip_g2430.tif,0.2749852,T
Model_16_G,chip_g2430.tif,0.27125752,T
Model_16_G,chip_g2430.tif,0.25474268,T
Model_16_G,chip_g2431.tif,0.3373084,T
Model_16_G,chip_g2431.tif,0.31428024,T
Model_16_G,chip_g2431.tif,0.24883413,T
Model_16_G,chip_g2445.tif,0.25364563,T
Model_16_G,chip_g2446.tif,0.26425123,T
Model_16_G,chip_g2446.tif,0.2490385,T
Model_16_G,chip_g2446.tif,0.24880464,T
Model_16_G,chip_g2446.tif,0.24835584,T
Model_16_G,chip_g2446.tif,0.24659637,T
Model_16_G,chip_g2446.tif,0.24613833,T
Model_16_G,chip_g2446.tif,0.24545813,T
Model_16_G,chip_g2446.tif,0.2454169,T
Model_16_G,chip_g2446.tif,0.24217436,T
Model_16_G,chip_g2447.tif,0.25936586,T
Model_16_G,chip_g2447.tif,0.25739244,T
Model_16_G,chip_g2447.tif,0.25648698,T
Model_16_G,chip_g2447.tif,0.25390318,T
Model_16_G,chip_g2447.tif,0.25372335,T
Model_16_G,chip_g2447.tif,0.25232,T
Model_16_G,chip_g2447.tif,0.2506194,T
Model_16_G,chip_g2447.tif,0.24832997,T
Model_16_G,chip_g2447.tif,0.24606857,T
Model_16_G,chip_g2447.tif,0.24038978,F
Model_16_G,chip_g2449.tif,0.29103574,T
Model_16_G,chip_g2449.tif,0.25506967,T
Model_16_G,chip_g2449.tif,0.24073613,T
Model_16_G,chip_g246.tif,0.9995993,T
Model_16_G,chip_g2464.tif,0.35988495,T
Model_16_G,chip_g2464.tif,0.33837545,T
Model_16_G,chip_g2468.tif,0.5185956,T
Model_16_G,chip_g2468.tif,0.49990413,T
Model_16_G,chip_g2469.tif,0.417639,T
Model_16_G,chip_g2469.tif,0.3748798,T
Model_16_G,chip_g2469.tif,0.3419362,T
Model_16_G,chip_g2472.tif,0.6481231,T
Model_16_G,chip_g2474.tif,0.9968176,T
Model_16_G,chip_g2476.tif,0.6566423,T
Model_16_G,chip_g2477.tif,0.67671114,T
Model_16_G,chip_g2477.tif,0.37648076,T
Model_16_G,chip_g2478.tif,0.9981111,T
Model_16_G,chip_g2479.tif,0.99446577,T
Model_16_G,chip_g2490.tif,0.25774515,T
Model_16_G,chip_g2490.tif,0.25382408,T
Model_16_G,chip_g2490.tif,0.25273785,T
Model_16_G,chip_g2490.tif,0.25040874,T
Model_16_G,chip_g2490.tif,0.2503931,T
Model_16_G,chip_g2490.tif,0.24935843,T
Model_16_G,chip_g2490.tif,0.24923211,T
Model_16_G,chip_g2490.tif,0.24690993,T
Model_16_G,chip_g2490.tif,0.2467184,T
Model_16_G,chip_g2490.tif,0.24582057,T
Model_16_G,chip_g2490.tif,0.24520731,T
Model_16_G,chip_g2490.tif,0.2445994,T
Model_16_G,chip_g2490.tif,0.2440857,F
Model_16_G,chip_g2490.tif,0.24376106,T
Model_16_G,chip_g2490.tif,0.24186394,F
Model_16_G,chip_g2490.tif,0.24101071,F
Model_16_G,chip_g2490.tif,0.24074724,F
Model_16_G,chip_g2490.tif,0.24045922,F
Model_16_G,chip_g250.tif,0.74294966,T
Model_16_G,chip_g250.tif,0.6297001,T
Model_16_G,chip_g2506.tif,0.25990126,T
Model_16_G,chip_g2506.tif,0.25646418,T
Model_16_G,chip_g2506.tif,0.2564361,T
Model_16_G,chip_g2506.tif,0.25619453,T
Model_16_G,chip_g2506.tif,0.25536424,T
Model_16_G,chip_g2506.tif,0.25149176,T
Model_16_G,chip_g2506.tif,0.24954523,T
Model_16_G,chip_g2506.tif,0.24820775,T
Model_16_G,chip_g2506.tif,0.24286263,F
Model_16_G,chip_g2507.tif,0.2704585,T
Model_16_G,chip_g2507.tif,0.26504368,T
Model_16_G,chip_g2507.tif,0.26215214,T
Model_16_G,chip_g2507.tif,0.25477162,T
Model_16_G,chip_g2507.tif,0.25302902,T
Model_16_G,chip_g2507.tif,0.2529022,T
Model_16_G,chip_g2507.tif,0.2518158,T
Model_16_G,chip_g2507.tif,0.24590848,T
Model_16_G,chip_g251.tif,0.8733828,T
Model_16_G,chip_g251.tif,0.6402823,T
Model_16_G,chip_g2510.tif,0.25514582,T
Model_16_G,chip_g2510.tif,0.25413555,T
Model_16_G,chip_g2510.tif,0.25237733,T
Model_16_G,chip_g2510.tif,0.25081638,T
Model_16_G,chip_g2510.tif,0.2503528,T
Model_16_G,chip_g2510.tif,0.24906532,T
Model_16_G,chip_g2510.tif,0.24765474,T
Model_16_G,chip_g2510.tif,0.24655445,T
Model_16_G,chip_g2510.tif,0.24595489,T
Model_16_G,chip_g2510.tif,0.24284323,F
Model_16_G,chip_g2510.tif,0.24210191,T
Model_16_G,chip_g2510.tif,0.24188942,F
Model_16_G,chip_g2511.tif,0.2540488,T
Model_16_G,chip_g2511.tif,0.25226545,T
Model_16_G,chip_g2511.tif,0.2511601,T
Model_16_G,chip_g2511.tif,0.25042778,T
Model_16_G,chip_g2511.tif,0.25031134,T
Model_16_G,chip_g2511.tif,0.24927887,T
Model_16_G,chip_g2511.tif,0.24892482,T
Model_16_G,chip_g2511.tif,0.24831145,T
Model_16_G,chip_g2511.tif,0.24691145,T
Model_16_G,chip_g2511.tif,0.2468856,T
Model_16_G,chip_g2511.tif,0.24683788,F
Model_16_G,chip_g2511.tif,0.24561657,F
Model_16_G,chip_g2511.tif,0.2447591,F
Model_16_G,chip_g2514.tif,0.27219528,T
Model_16_G,chip_g2514.tif,0.2690821,T
Model_16_G,chip_g2514.tif,0.2647622,T
Model_16_G,chip_g2514.tif,0.25816393,T
Model_16_G,chip_g2514.tif,0.250428,T
Model_16_G,chip_g2515.tif,0.2744404,T
Model_16_G,chip_g2515.tif,0.26459873,T
Model_16_G,chip_g2515.tif,0.26302782,T
Model_16_G,chip_g2515.tif,0.25610217,T
Model_16_G,chip_g2515.tif,0.2521024,T
Model_16_G,chip_g2515.tif,0.24339183,F
Model_16_G,chip_g2515.tif,0.24187998,F
Model_16_G,chip_g2515.tif,0.24124672,F
Model_16_G,chip_g2518.tif,0.29124117,T
Model_16_G,chip_g2518.tif,0.27410543,T
Model_16_G,chip_g2518.tif,0.26652458,T
Model_16_G,chip_g2518.tif,0.2513858,T
Model_16_G,chip_g2518.tif,0.24489124,F
Model_16_G,chip_g2519.tif,0.2724103,T
Model_16_G,chip_g2519.tif,0.2656007,T
Model_16_G,chip_g2519.tif,0.26358214,T
Model_16_G,chip_g2519.tif,0.25783584,T
Model_16_G,chip_g2519.tif,0.24708965,T
Model_16_G,chip_g2519.tif,0.24608958,F
Model_16_G,chip_g2519.tif,0.24252364,F
Model_16_G,chip_g2519.tif,0.24127355,F
Model_16_G,chip_g2523.tif,0.984467,T
Model_16_G,chip_g2526.tif,0.25899097,T
Model_16_G,chip_g2526.tif,0.25593767,T
Model_16_G,chip_g2526.tif,0.2550398,T
Model_16_G,chip_g2526.tif,0.25484565,T
Model_16_G,chip_g2526.tif,0.25174376,T
Model_16_G,chip_g2526.tif,0.25055736,T
Model_16_G,chip_g2526.tif,0.25044656,T
Model_16_G,chip_g2526.tif,0.24997865,T
Model_16_G,chip_g2526.tif,0.249296,T
Model_16_G,chip_g2526.tif,0.24912177,T
Model_16_G,chip_g2526.tif,0.24814966,T
Model_16_G,chip_g2526.tif,0.2449526,T
Model_16_G,chip_g2526.tif,0.24215399,F
Model_16_G,chip_g2526.tif,0.24168426,F
Model_16_G,chip_g2526.tif,0.24026372,F
Model_16_G,chip_g2529.tif,0.99085146,T
Model_16_G,chip_g2530.tif,0.25543663,T
Model_16_G,chip_g2530.tif,0.2540471,T
Model_16_G,chip_g2530.tif,0.25253403,T
Model_16_G,chip_g2530.tif,0.24904317,T
Model_16_G,chip_g2530.tif,0.24858488,T
Model_16_G,chip_g2530.tif,0.24836613,T
Model_16_G,chip_g2530.tif,0.24740078,T
Model_16_G,chip_g2530.tif,0.24682477,T
Model_16_G,chip_g2530.tif,0.24629141,T
Model_16_G,chip_g2530.tif,0.24530129,T
Model_16_G,chip_g2530.tif,0.24482505,T
Model_16_G,chip_g2530.tif,0.24432032,T
Model_16_G,chip_g2530.tif,0.24330667,T
Model_16_G,chip_g2530.tif,0.24155225,T
Model_16_G,chip_g2530.tif,0.24132209,F
Model_16_G,chip_g2530.tif,0.2400321,T
Model_16_G,chip_g2531.tif,0.2541563,T
Model_16_G,chip_g2531.tif,0.25329226,T
Model_16_G,chip_g2531.tif,0.25085166,T
Model_16_G,chip_g2531.tif,0.24967414,T
Model_16_G,chip_g2531.tif,0.2492623,T
Model_16_G,chip_g2531.tif,0.24782431,T
Model_16_G,chip_g2531.tif,0.24700835,T
Model_16_G,chip_g2531.tif,0.24668676,T
Model_16_G,chip_g2531.tif,0.24665299,T
Model_16_G,chip_g2531.tif,0.24581073,T
Model_16_G,chip_g2531.tif,0.24579182,T
Model_16_G,chip_g2531.tif,0.2452608,T
Model_16_G,chip_g2531.tif,0.24447764,T
Model_16_G,chip_g2531.tif,0.24425063,T
Model_16_G,chip_g2531.tif,0.24245772,F
Model_16_G,chip_g2531.tif,0.24082126,T
Model_16_G,chip_g2533.tif,0.54668516,T
Model_16_G,chip_g2533.tif,0.42273095,T
Model_16_G,chip_g2534.tif,0.25707272,T
Model_16_G,chip_g2534.tif,0.2537283,T
Model_16_G,chip_g2534.tif,0.25210348,T
Model_16_G,chip_g2534.tif,0.25199056,T
Model_16_G,chip_g2534.tif,0.2514987,T
Model_16_G,chip_g2534.tif,0.24838053,T
Model_16_G,chip_g2534.tif,0.24019119,F
Model_16_G,chip_g2535.tif,0.2605559,T
Model_16_G,chip_g2535.tif,0.25688067,T
Model_16_G,chip_g2535.tif,0.25480226,T
Model_16_G,chip_g2535.tif,0.25401497,T
Model_16_G,chip_g2535.tif,0.25400776,T
Model_16_G,chip_g2535.tif,0.2515479,T
Model_16_G,chip_g2535.tif,0.2411197,F
Model_16_G,chip_g2535.tif,0.24093474,F
Model_16_G,chip_g2537.tif,0.596417,T
Model_16_G,chip_g2537.tif,0.586164,T
Model_16_G,chip_g2543.tif,0.25327232,T
Model_16_G,chip_g2546.tif,0.2527611,T
Model_16_G,chip_g2546.tif,0.25138626,T
Model_16_G,chip_g2546.tif,0.24927793,T
Model_16_G,chip_g2546.tif,0.24794598,T
Model_16_G,chip_g2546.tif,0.24704027,T
Model_16_G,chip_g2546.tif,0.24617015,T
Model_16_G,chip_g2546.tif,0.24596089,T
Model_16_G,chip_g2546.tif,0.2453951,T
Model_16_G,chip_g2546.tif,0.24510518,T
Model_16_G,chip_g2546.tif,0.24493943,T
Model_16_G,chip_g2546.tif,0.24450336,T
Model_16_G,chip_g2546.tif,0.24054973,T
Model_16_G,chip_g2547.tif,0.25441116,T
Model_16_G,chip_g2547.tif,0.2508321,T
Model_16_G,chip_g2547.tif,0.2500503,T
Model_16_G,chip_g2547.tif,0.24779409,T
Model_16_G,chip_g2547.tif,0.24749376,T
Model_16_G,chip_g2547.tif,0.24698661,T
Model_16_G,chip_g2547.tif,0.24669617,T
Model_16_G,chip_g2547.tif,0.24655947,T
Model_16_G,chip_g2547.tif,0.24571306,T
Model_16_G,chip_g2547.tif,0.24467215,T
Model_16_G,chip_g2547.tif,0.24147382,F
Model_16_G,chip_g2562.tif,0.2573076,T
Model_16_G,chip_g2562.tif,0.25431964,T
Model_16_G,chip_g2562.tif,0.25322282,T
Model_16_G,chip_g2562.tif,0.25308195,T
Model_16_G,chip_g2562.tif,0.25272664,T
Model_16_G,chip_g2562.tif,0.24976456,T
Model_16_G,chip_g2562.tif,0.2487065,T
Model_16_G,chip_g2562.tif,0.24835189,T
Model_16_G,chip_g2562.tif,0.24690399,T
Model_16_G,chip_g2562.tif,0.24493253,T
Model_16_G,chip_g2562.tif,0.24489316,F
Model_16_G,chip_g2562.tif,0.24248666,F
Model_16_G,chip_g2562.tif,0.24058723,F
Model_16_G,chip_g2562.tif,0.24023984,F
Model_16_G,chip_g2563.tif,0.25393873,T
Model_16_G,chip_g2563.tif,0.25176662,T
Model_16_G,chip_g2563.tif,0.25166386,T
Model_16_G,chip_g2563.tif,0.25005862,T
Model_16_G,chip_g2563.tif,0.24966468,T
Model_16_G,chip_g2563.tif,0.24660084,T
Model_16_G,chip_g2563.tif,0.24473304,T
Model_16_G,chip_g2563.tif,0.24397162,T
Model_16_G,chip_g2563.tif,0.24247253,F
Model_16_G,chip_g2563.tif,0.24227147,T
Model_16_G,chip_g2563.tif,0.24215114,T
Model_16_G,chip_g2563.tif,0.24108186,F
Model_16_G,chip_g2566.tif,0.2497108,T
Model_16_G,chip_g2566.tif,0.24949965,T
Model_16_G,chip_g2566.tif,0.2494725,T
Model_16_G,chip_g2566.tif,0.24939445,T
Model_16_G,chip_g2566.tif,0.24922459,T
Model_16_G,chip_g2566.tif,0.24805705,T
Model_16_G,chip_g2566.tif,0.24715942,T
Model_16_G,chip_g2566.tif,0.24710675,T
Model_16_G,chip_g2566.tif,0.2461165,T
Model_16_G,chip_g2566.tif,0.24569029,T
Model_16_G,chip_g2566.tif,0.24561106,T
Model_16_G,chip_g2566.tif,0.24504675,T
Model_16_G,chip_g2566.tif,0.2437789,T
Model_16_G,chip_g2566.tif,0.2429958,T
Model_16_G,chip_g2567.tif,0.25183895,T
Model_16_G,chip_g2567.tif,0.2510157,T
Model_16_G,chip_g2567.tif,0.2498669,T
Model_16_G,chip_g2567.tif,0.24863671,T
Model_16_G,chip_g2567.tif,0.24797623,T
Model_16_G,chip_g2567.tif,0.24793558,T
Model_16_G,chip_g2567.tif,0.24744606,T
Model_16_G,chip_g2567.tif,0.24713244,T
Model_16_G,chip_g2567.tif,0.24647133,T
Model_16_G,chip_g2567.tif,0.24457635,T
Model_16_G,chip_g2567.tif,0.2444042,T
Model_16_G,chip_g2567.tif,0.24345726,T
Model_16_G,chip_g2567.tif,0.2433796,T
Model_16_G,chip_g2567.tif,0.24317184,T
Model_16_G,chip_g2567.tif,0.2407633,T
Model_16_G,chip_g2581.tif,0.27868512,T
Model_16_G,chip_g2582.tif,0.25440148,T
Model_16_G,chip_g2582.tif,0.2529021,T
Model_16_G,chip_g2582.tif,0.25161028,T
Model_16_G,chip_g2583.tif,0.2658042,T
Model_16_G,chip_g2583.tif,0.26341006,T
Model_16_G,chip_g2583.tif,0.24823178,T
Model_16_G,chip_g2583.tif,0.24019766,T
Model_16_G,chip_g2585.tif,0.26807147,T
Model_16_G,chip_g2585.tif,0.25830328,T
Model_16_G,chip_g2585.tif,0.25219733,T
Model_16_G,chip_g2585.tif,0.24834788,T
Model_16_G,chip_g2587.tif,0.27655384,T
Model_16_G,chip_g2587.tif,0.27132115,T
Model_16_G,chip_g2587.tif,0.2704208,T
Model_16_G,chip_g2587.tif,0.26729548,T
Model_16_G,chip_g2587.tif,0.2653131,T
Model_16_G,chip_g2587.tif,0.2610504,T
Model_16_G,chip_g2587.tif,0.256721,T
Model_16_G,chip_g2602.tif,0.2519524,T
Model_16_G,chip_g2602.tif,0.2512451,T
Model_16_G,chip_g2602.tif,0.2511235,T
Model_16_G,chip_g2602.tif,0.24790277,T
Model_16_G,chip_g2602.tif,0.24733262,T
Model_16_G,chip_g2602.tif,0.24627157,T
Model_16_G,chip_g2602.tif,0.2450567,T
Model_16_G,chip_g2602.tif,0.24442773,T
Model_16_G,chip_g2602.tif,0.2426486,T
Model_16_G,chip_g2602.tif,0.24248831,T
Model_16_G,chip_g2602.tif,0.2416298,T
Model_16_G,chip_g2602.tif,0.24120454,T
Model_16_G,chip_g2602.tif,0.24062438,F
Model_16_G,chip_g2606.tif,0.26110804,T
Model_16_G,chip_g2606.tif,0.2537297,T
Model_16_G,chip_g2606.tif,0.2509807,T
Model_16_G,chip_g2606.tif,0.2506762,T
Model_16_G,chip_g2606.tif,0.25020716,T
Model_16_G,chip_g2606.tif,0.25010365,T
Model_16_G,chip_g2606.tif,0.2500184,T
Model_16_G,chip_g2606.tif,0.24992107,T
Model_16_G,chip_g2606.tif,0.24867526,T
Model_16_G,chip_g2606.tif,0.24699554,T
Model_16_G,chip_g2606.tif,0.2469537,T
Model_16_G,chip_g2606.tif,0.24694563,T
Model_16_G,chip_g2606.tif,0.24655993,T
Model_16_G,chip_g2622.tif,0.2522796,T
Model_16_G,chip_g2622.tif,0.2515669,T
Model_16_G,chip_g2622.tif,0.25101483,T
Model_16_G,chip_g2622.tif,0.2510143,T
Model_16_G,chip_g2622.tif,0.25046164,T
Model_16_G,chip_g2622.tif,0.2500994,T
Model_16_G,chip_g2622.tif,0.24767406,T
Model_16_G,chip_g2622.tif,0.24745661,T
Model_16_G,chip_g2622.tif,0.24734442,T
Model_16_G,chip_g2622.tif,0.24671675,F
Model_16_G,chip_g2622.tif,0.24636826,T
Model_16_G,chip_g2623.tif,0.25627732,T
Model_16_G,chip_g2623.tif,0.25618893,T
Model_16_G,chip_g2623.tif,0.25484067,T
Model_16_G,chip_g2623.tif,0.254028,T
Model_16_G,chip_g2623.tif,0.25187787,T
Model_16_G,chip_g2623.tif,0.25126177,T
Model_16_G,chip_g2623.tif,0.25012982,T
Model_16_G,chip_g2623.tif,0.24965839,T
Model_16_G,chip_g2623.tif,0.24959594,T
Model_16_G,chip_g2623.tif,0.24623239,T
Model_16_G,chip_g2623.tif,0.242015,F
Model_16_G,chip_g2623.tif,0.24123505,F
Model_16_G,chip_g2626.tif,0.25582805,T
Model_16_G,chip_g2626.tif,0.2515845,T
Model_16_G,chip_g2626.tif,0.2500908,T
Model_16_G,chip_g2626.tif,0.24983275,T
Model_16_G,chip_g2626.tif,0.24937323,T
Model_16_G,chip_g2626.tif,0.24907306,T
Model_16_G,chip_g2626.tif,0.24900223,T
Model_16_G,chip_g2626.tif,0.24840164,T
Model_16_G,chip_g2626.tif,0.24789594,T
Model_16_G,chip_g2626.tif,0.24765028,T
Model_16_G,chip_g2626.tif,0.24649857,T
Model_16_G,chip_g2626.tif,0.24493515,F
Model_16_G,chip_g2626.tif,0.24274135,F
Model_16_G,chip_g2626.tif,0.2406663,T
Model_16_G,chip_g2627.tif,0.25603053,T
Model_16_G,chip_g2627.tif,0.25303438,T
Model_16_G,chip_g2627.tif,0.25301516,T
Model_16_G,chip_g2627.tif,0.25178462,T
Model_16_G,chip_g2627.tif,0.24953787,T
Model_16_G,chip_g2627.tif,0.24915901,T
Model_16_G,chip_g2627.tif,0.24896088,T
Model_16_G,chip_g2627.tif,0.24831384,T
Model_16_G,chip_g2627.tif,0.24763243,T
Model_16_G,chip_g2627.tif,0.2475092,T
Model_16_G,chip_g2627.tif,0.24748427,T
Model_16_G,chip_g2627.tif,0.24613658,T
Model_16_G,chip_g2627.tif,0.24507278,T
Model_16_G,chip_g2627.tif,0.24432589,T
Model_16_G,chip_g2627.tif,0.24306889,F
Model_16_G,chip_g2627.tif,0.24260072,F
Model_16_G,chip_g2630.tif,0.2543509,T
Model_16_G,chip_g2630.tif,0.25403154,T
Model_16_G,chip_g2630.tif,0.25055993,T
Model_16_G,chip_g2630.tif,0.25024644,T
Model_16_G,chip_g2630.tif,0.24900424,T
Model_16_G,chip_g2630.tif,0.24884029,T
Model_16_G,chip_g2630.tif,0.24854589,T
Model_16_G,chip_g2630.tif,0.24808998,T
Model_16_G,chip_g2630.tif,0.2475641,T
Model_16_G,chip_g2630.tif,0.24669775,T
Model_16_G,chip_g2630.tif,0.2434498,T
Model_16_G,chip_g2631.tif,0.25651973,T
Model_16_G,chip_g2631.tif,0.25333974,T
Model_16_G,chip_g2631.tif,0.2527508,T
Model_16_G,chip_g2631.tif,0.25142252,T
Model_16_G,chip_g2631.tif,0.24910656,T
Model_16_G,chip_g2631.tif,0.24874686,T
Model_16_G,chip_g2631.tif,0.24718353,T
Model_16_G,chip_g2631.tif,0.24650317,T
Model_16_G,chip_g2631.tif,0.24514952,T
Model_16_G,chip_g2631.tif,0.24440402,T
Model_16_G,chip_g2631.tif,0.24333526,T
Model_16_G,chip_g2631.tif,0.24142662,T
Model_16_G,chip_g2634.tif,0.3274415,T
Model_16_G,chip_g2634.tif,0.28510407,T
Model_16_G,chip_g2634.tif,0.27696422,T
Model_16_G,chip_g2638.tif,0.5250316,T
Model_16_G,chip_g2638.tif,0.47764924,T
Model_16_G,chip_g2639.tif,0.42421454,T
Model_16_G,chip_g2639.tif,0.3846736,T
Model_16_G,chip_g2643.tif,0.26250184,T
Model_16_G,chip_g2643.tif,0.25537416,T
Model_16_G,chip_g2643.tif,0.25454193,T
Model_16_G,chip_g2643.tif,0.25213668,T
Model_16_G,chip_g2643.tif,0.2483634,T
Model_16_G,chip_g2643.tif,0.24708983,T
Model_16_G,chip_g2643.tif,0.24162488,F
Model_16_G,chip_g2643.tif,0.24158843,T
Model_16_G,chip_g2643.tif,0.24102628,F
Model_16_G,chip_g2646.tif,0.25677907,T
Model_16_G,chip_g2646.tif,0.25393143,T
Model_16_G,chip_g2646.tif,0.25373092,T
Model_16_G,chip_g2646.tif,0.2529837,T
Model_16_G,chip_g2646.tif,0.2519256,T
Model_16_G,chip_g2646.tif,0.251431,T
Model_16_G,chip_g2646.tif,0.2500246,T
Model_16_G,chip_g2646.tif,0.2494871,T
Model_16_G,chip_g2646.tif,0.24879664,T
Model_16_G,chip_g2646.tif,0.24699059,F
Model_16_G,chip_g2646.tif,0.24538453,F
Model_16_G,chip_g2646.tif,0.24261594,F
Model_16_G,chip_g2646.tif,0.24155183,F
Model_16_G,chip_g2646.tif,0.24123174,F
Model_16_G,chip_g2646.tif,0.24099064,F
Model_16_G,chip_g2646.tif,0.24001744,F
Model_16_G,chip_g2650.tif,0.26046485,T
Model_16_G,chip_g2650.tif,0.25732046,T
Model_16_G,chip_g2650.tif,0.25357884,T
Model_16_G,chip_g2650.tif,0.25225002,T
Model_16_G,chip_g2650.tif,0.2521826,F
Model_16_G,chip_g2650.tif,0.25006562,T
Model_16_G,chip_g2650.tif,0.24985443,T
Model_16_G,chip_g2650.tif,0.24899459,T
Model_16_G,chip_g2650.tif,0.24874045,T
Model_16_G,chip_g2650.tif,0.24050371,T
Model_16_G,chip_g2651.tif,0.26585966,T
Model_16_G,chip_g2651.tif,0.25994003,T
Model_16_G,chip_g2651.tif,0.2556984,T
Model_16_G,chip_g2651.tif,0.25340953,T
Model_16_G,chip_g2651.tif,0.25323668,T
Model_16_G,chip_g2651.tif,0.25297484,T
Model_16_G,chip_g2651.tif,0.24757455,T
Model_16_G,chip_g2651.tif,0.24568982,T
Model_16_G,chip_g2651.tif,0.2451525,T
Model_16_G,chip_g2654.tif,0.36346287,T
Model_16_G,chip_g2654.tif,0.33951476,T
Model_16_G,chip_g2654.tif,0.2964289,T
Model_16_G,chip_g2655.tif,0.38400698,T
Model_16_G,chip_g2655.tif,0.36568657,T
Model_16_G,chip_g2655.tif,0.35336894,T
Model_16_G,chip_g2658.tif,0.33654127,T
Model_16_G,chip_g2658.tif,0.31593728,T
Model_16_G,chip_g2658.tif,0.3067488,T
Model_16_G,chip_g2661.tif,0.25426504,T
Model_16_G,chip_g2661.tif,0.25334734,T
Model_16_G,chip_g2661.tif,0.25325212,T
Model_16_G,chip_g2661.tif,0.25324,T
Model_16_G,chip_g2661.tif,0.25289857,T
Model_16_G,chip_g2661.tif,0.25215495,T
Model_16_G,chip_g2661.tif,0.2515404,T
Model_16_G,chip_g2661.tif,0.25110152,T
Model_16_G,chip_g2661.tif,0.24956559,T
Model_16_G,chip_g2661.tif,0.24745661,T
Model_16_G,chip_g2661.tif,0.24658094,T
Model_16_G,chip_g2664.tif,0.9185038,T
Model_16_G,chip_g2665.tif,0.25223443,T
Model_16_G,chip_g2665.tif,0.25092146,T
Model_16_G,chip_g2665.tif,0.24949914,T
Model_16_G,chip_g2665.tif,0.24911398,F
Model_16_G,chip_g2665.tif,0.24883763,T
Model_16_G,chip_g2665.tif,0.24869965,T
Model_16_G,chip_g2665.tif,0.24841353,T
Model_16_G,chip_g2665.tif,0.2484009,T
Model_16_G,chip_g2665.tif,0.24835274,T
Model_16_G,chip_g2665.tif,0.24746555,T
Model_16_G,chip_g2665.tif,0.24678104,T
Model_16_G,chip_g2665.tif,0.24659692,T
Model_16_G,chip_g2665.tif,0.24643253,T
Model_16_G,chip_g2665.tif,0.24633396,T
Model_16_G,chip_g2665.tif,0.24344811,T
Model_16_G,chip_g2665.tif,0.24204174,T
Model_16_G,chip_g2665.tif,0.241635,F
Model_16_G,chip_g2665.tif,0.24084522,F
Model_16_G,chip_g2666.tif,0.32542166,T
Model_16_G,chip_g2666.tif,0.32531425,T
Model_16_G,chip_g2666.tif,0.293132,T
Model_16_G,chip_g2669.tif,0.26325774,T
Model_16_G,chip_g2669.tif,0.25379917,T
Model_16_G,chip_g2669.tif,0.25314343,T
Model_16_G,chip_g2669.tif,0.25195864,T
Model_16_G,chip_g2669.tif,0.25028598,T
Model_16_G,chip_g2669.tif,0.24714738,T
Model_16_G,chip_g2669.tif,0.2459163,T
Model_16_G,chip_g2669.tif,0.24455129,T
Model_16_G,chip_g2669.tif,0.24430954,T
Model_16_G,chip_g2669.tif,0.24171786,T
Model_16_G,chip_g2669.tif,0.2404007,F
Model_16_G,chip_g2670.tif,0.9995932,T
Model_16_G,chip_g2673.tif,0.45939663,T
Model_16_G,chip_g2673.tif,0.41816545,T
Model_16_G,chip_g2673.tif,0.3598402,T
Model_16_G,chip_g2677.tif,0.6671681,T
Model_16_G,chip_g2677.tif,0.5498139,T
Model_16_G,chip_g275.tif,0.4634773,T
Model_16_G,chip_g275.tif,0.32745594,T
Model_16_G,chip_g275.tif,0.2516661,T
Model_16_G,chip_g277.tif,0.34193534,T
Model_16_G,chip_g277.tif,0.2769052,T
Model_16_G,chip_g279.tif,0.41318676,T
Model_16_G,chip_g279.tif,0.3290754,T
Model_16_G,chip_g279.tif,0.308824,T
Model_16_G,chip_g279.tif,0.24801467,T
Model_16_G,chip_g282.tif,0.99970704,T
Model_16_G,chip_g287.tif,0.6551071,T
Model_16_G,chip_g287.tif,0.632922,T
Model_16_G,chip_g289.tif,0.99708146,T
Model_16_G,chip_g290.tif,0.9973316,T
Model_16_G,chip_g291.tif,0.99967396,T
Model_16_G,chip_g304.tif,0.25945988,T
Model_16_G,chip_g304.tif,0.2538341,T
Model_16_G,chip_g304.tif,0.24746302,T
Model_16_G,chip_g304.tif,0.24497305,F
Model_16_G,chip_g304.tif,0.2415434,T
Model_16_G,chip_g310.tif,0.99925107,T
Model_16_G,chip_g311.tif,0.9990639,T
Model_16_G,chip_g313.tif,0.999653,T
Model_16_G,chip_g314.tif,0.99960166,T
Model_16_G,chip_g315.tif,0.9993594,T
Model_16_G,chip_g317.tif,0.9985341,T
Model_16_G,chip_g318.tif,0.99996114,T
Model_16_G,chip_g319.tif,0.99709654,T
Model_16_G,chip_g331.tif,0.99965644,T
Model_16_G,chip_g333.tif,0.99530375,T
Model_16_G,chip_g334.tif,0.99915576,T
Model_16_G,chip_g335.tif,0.9990675,T
Model_16_G,chip_g344.tif,0.26319498,T
Model_16_G,chip_g344.tif,0.24283457,F
Model_16_G,chip_g344.tif,0.24173358,F
Model_16_G,chip_g344.tif,0.24022888,T
Model_16_G,chip_g345.tif,0.24069044,F
Model_16_G,chip_g349.tif,0.69603395,T
Model_16_G,chip_g349.tif,0.38913277,T
Model_16_G,chip_g351.tif,0.99930656,T
Model_16_G,chip_g354.tif,0.99967015,T
Model_16_G,chip_g355.tif,0.9970488,T
Model_16_G,chip_g359.tif,0.99898523,T
Model_16_G,chip_g364.tif,0.260967,F
Model_16_G,chip_g364.tif,0.25989756,F
Model_16_G,chip_g364.tif,0.2596491,F
Model_16_G,chip_g364.tif,0.25776133,T
Model_16_G,chip_g364.tif,0.25414562,F
Model_16_G,chip_g364.tif,0.2519458,T
Model_16_G,chip_g364.tif,0.25190842,T
Model_16_G,chip_g364.tif,0.25132954,F
Model_16_G,chip_g364.tif,0.24981049,T
Model_16_G,chip_g364.tif,0.24887434,F
Model_16_G,chip_g364.tif,0.24813241,F
Model_16_G,chip_g364.tif,0.24768709,F
Model_16_G,chip_g364.tif,0.24757151,T
Model_16_G,chip_g364.tif,0.24741787,F
Model_16_G,chip_g364.tif,0.24661931,F
Model_16_G,chip_g364.tif,0.24559319,F
Model_16_G,chip_g364.tif,0.24548312,F
Model_16_G,chip_g364.tif,0.24478862,T
Model_16_G,chip_g364.tif,0.2441234,F
Model_16_G,chip_g364.tif,0.24321039,T
Model_16_G,chip_g364.tif,0.24273646,F
Model_16_G,chip_g364.tif,0.24268469,F
Model_16_G,chip_g364.tif,0.24012469,T
Model_16_G,chip_g364.tif,0.24008508,F
Model_16_G,chip_g369.tif,0.78422827,T
Model_16_G,chip_g369.tif,0.6934591,T
Model_16_G,chip_g374.tif,0.9971396,T
Model_16_G,chip_g378.tif,0.9962226,T
Model_16_G,chip_g379.tif,0.997393,T
Model_16_G,chip_g379.tif,0.8404956,F
Model_16_G,chip_g384.tif,0.261835,F
Model_16_G,chip_g384.tif,0.256915,T
Model_16_G,chip_g384.tif,0.2534988,T
Model_16_G,chip_g384.tif,0.25128976,T
Model_16_G,chip_g384.tif,0.24990286,T
Model_16_G,chip_g384.tif,0.24967673,F
Model_16_G,chip_g384.tif,0.24686724,F
Model_16_G,chip_g384.tif,0.24587837,F
Model_16_G,chip_g384.tif,0.24257423,F
Model_16_G,chip_g384.tif,0.24256964,F
Model_16_G,chip_g384.tif,0.24159941,T
Model_16_G,chip_g384.tif,0.24084036,F
Model_16_G,chip_g384.tif,0.24009016,T
Model_16_G,chip_g389.tif,0.9991542,T
Model_16_G,chip_g390.tif,0.996506,T
Model_16_G,chip_g391.tif,0.9967437,T
Model_16_G,chip_g404.tif,0.25779358,T
Model_16_G,chip_g404.tif,0.24212714,T
Model_16_G,chip_g404.tif,0.24113064,T
Model_16_G,chip_g405.tif,0.25844195,T
Model_16_G,chip_g405.tif,0.25352818,T
Model_16_G,chip_g405.tif,0.25032118,T
Model_16_G,chip_g405.tif,0.24264835,T
Model_16_G,chip_g410.tif,0.9996592,T
Model_16_G,chip_g411.tif,0.99995744,T
Model_16_G,chip_g421.tif,0.27284524,T
Model_16_G,chip_g421.tif,0.27166453,T
Model_16_G,chip_g421.tif,0.2652231,T
Model_16_G,chip_g421.tif,0.25625464,T
Model_16_G,chip_g421.tif,0.25483072,T
Model_16_G,chip_g421.tif,0.24607457,T
Model_16_G,chip_g421.tif,0.24144156,F
Model_16_G,chip_g484.tif,0.26804966,T
Model_16_G,chip_g484.tif,0.24726108,T
Model_16_G,chip_g493.tif,0.2516026,T
Model_16_G,chip_g494.tif,0.25017267,F
Model_16_G,chip_g494.tif,0.24655055,T
Model_16_G,chip_g494.tif,0.2453053,T
Model_16_G,chip_g494.tif,0.2436902,T
Model_16_G,chip_g494.tif,0.24273738,T
Model_16_G,chip_g494.tif,0.24258916,F
Model_16_G,chip_g494.tif,0.24182416,F
Model_16_G,chip_g494.tif,0.24101554,F
Model_16_G,chip_g494.tif,0.24061911,F
Model_16_G,chip_g494.tif,0.24056526,T
Model_16_G,chip_g495.tif,0.24681656,T
Model_16_G,chip_g495.tif,0.24537635,T
Model_16_G,chip_g495.tif,0.24502575,F
Model_16_G,chip_g495.tif,0.24479817,F
Model_16_G,chip_g495.tif,0.24413784,T
Model_16_G,chip_g498.tif,0.25072333,F
Model_16_G,chip_g498.tif,0.24597052,T
Model_16_G,chip_g498.tif,0.2436603,T
Model_16_G,chip_g498.tif,0.24319132,F
Model_16_G,chip_g498.tif,0.24251077,T
Model_16_G,chip_g498.tif,0.24216348,F
Model_16_G,chip_g498.tif,0.24116899,F
Model_16_G,chip_g498.tif,0.24018209,F
Model_16_G,chip_g499.tif,0.25599104,T
Model_16_G,chip_g499.tif,0.25051573,F
Model_16_G,chip_g499.tif,0.24969734,T
Model_16_G,chip_g499.tif,0.24626213,T
Model_16_G,chip_g499.tif,0.24606302,T
Model_16_G,chip_g499.tif,0.24495542,F
Model_16_G,chip_g499.tif,0.24487202,F
Model_16_G,chip_g499.tif,0.24445067,F
Model_16_G,chip_g499.tif,0.24432845,T
Model_16_G,chip_g499.tif,0.2438222,F
Model_16_G,chip_g499.tif,0.2431811,F
Model_16_G,chip_g499.tif,0.24219932,F
Model_16_G,chip_g499.tif,0.24059296,F
Model_16_G,chip_g705.tif,0.40872216,T
Model_16_G,chip_g706.tif,0.680501,F
Model_16_G,chip_g706.tif,0.30289227,T
Model_16_G,chip_g707.tif,0.29379678,T
Model_16_G,chip_g709.tif,0.2556877,T
Model_16_G,chip_g709.tif,0.25523183,F
Model_16_G,chip_g709.tif,0.25191522,T
Model_16_G,chip_g709.tif,0.25150898,F
Model_16_G,chip_g709.tif,0.25088334,T
Model_16_G,chip_g709.tif,0.24958777,F
Model_16_G,chip_g709.tif,0.24896227,F
Model_16_G,chip_g709.tif,0.24834739,T
Model_16_G,chip_g709.tif,0.24665983,F
Model_16_G,chip_g709.tif,0.24585967,F
Model_16_G,chip_g709.tif,0.24565805,T
Model_16_G,chip_g709.tif,0.24545923,F
Model_16_G,chip_g709.tif,0.24413331,F
Model_16_G,chip_g709.tif,0.24375524,F
Model_16_G,chip_g709.tif,0.24339984,F
Model_16_G,chip_g709.tif,0.24318396,F
Model_16_G,chip_g709.tif,0.24298671,F
Model_16_G,chip_g709.tif,0.24260959,F
Model_16_G,chip_g709.tif,0.24146359,T
Model_16_G,chip_g709.tif,0.2414081,F
Model_16_G,chip_g709.tif,0.24084298,F
Model_16_G,chip_g709.tif,0.24069682,F
Model_16_G,chip_g710.tif,0.24605888,T
Model_16_G,chip_g710.tif,0.24331455,T
Model_16_G,chip_g711.tif,0.2441531,T
Model_16_G,chip_g714.tif,0.24996836,F
Model_16_G,chip_g714.tif,0.2492251,F
Model_16_G,chip_g714.tif,0.24187864,F
Model_16_G,chip_g714.tif,0.2417532,T
Model_16_G,chip_g715.tif,0.24476475,F
Model_16_G,chip_g715.tif,0.24407679,F
Model_16_G,chip_g715.tif,0.2438604,T
Model_16_G,chip_g715.tif,0.24226244,T
Model_16_G,chip_g718.tif,0.26934895,T
Model_16_G,chip_g718.tif,0.26791108,F
Model_16_G,chip_g718.tif,0.2596926,T
Model_16_G,chip_g719.tif,0.25726166,T
Model_16_G,chip_g719.tif,0.2416402,T
Model_16_G,chip_g77.tif,0.31374663,T
Model_16_G,chip_g77.tif,0.31249556,T
Model_16_G,chip_g77.tif,0.2924449,T
Model_16_G,chip_g802.tif,0.2517331,T
Model_16_G,chip_g802.tif,0.2467897,T
Model_16_G,chip_g804.tif,0.26813275,T
Model_16_G,chip_g805.tif,0.8500861,F
Model_16_G,chip_g809.tif,0.25758204,T
Model_16_G,chip_g809.tif,0.25568965,F
Model_16_G,chip_g809.tif,0.25155962,T
Model_16_G,chip_g809.tif,0.2437254,F
Model_16_G,chip_g809.tif,0.24346237,F
Model_16_G,chip_g809.tif,0.24338856,F
Model_16_G,chip_g809.tif,0.24240011,T
Model_16_G,chip_g81.tif,0.25930145,T
Model_16_G,chip_g81.tif,0.25837424,T
Model_16_G,chip_g81.tif,0.25679487,T
Model_16_G,chip_g81.tif,0.25662562,T
Model_16_G,chip_g81.tif,0.25503728,T
Model_16_G,chip_g81.tif,0.25323987,T
Model_16_G,chip_g81.tif,0.25045204,T
Model_16_G,chip_g81.tif,0.2499836,T
Model_16_G,chip_g81.tif,0.24821751,T
Model_16_G,chip_g81.tif,0.24430709,T
Model_16_G,chip_g81.tif,0.24402948,F
Model_16_G,chip_g811.tif,0.26177415,F
Model_16_G,chip_g811.tif,0.25023934,T
Model_16_G,chip_g83.tif,0.26887453,T
Model_16_G,chip_g83.tif,0.2680865,T
Model_16_G,chip_g83.tif,0.26551524,T
Model_16_G,chip_g83.tif,0.26154342,T
Model_16_G,chip_g83.tif,0.25580934,T
Model_16_G,chip_g83.tif,0.25223854,T
Model_16_G,chip_g83.tif,0.24809594,T
Model_16_G,chip_g83.tif,0.24436826,F
Model_16_G,chip_g83.tif,0.24248017,F
Model_16_G,chip_g85.tif,0.25783512,T
Model_16_G,chip_g85.tif,0.24786806,T
Model_16_G,chip_g85.tif,0.24642421,T
Model_16_G,chip_g85.tif,0.24553472,T
Model_16_G,chip_g85.tif,0.24546123,T
Model_16_G,chip_g85.tif,0.24466176,T
Model_16_G,chip_g85.tif,0.24417423,T
Model_16_G,chip_g85.tif,0.24400939,T
Model_16_G,chip_g85.tif,0.24359122,T
Model_16_G,chip_g85.tif,0.24336518,F
Model_16_G,chip_g85.tif,0.24330139,T
Model_16_G,chip_g85.tif,0.24293223,T
Model_16_G,chip_g85.tif,0.2419671,T
Model_16_G,chip_g85.tif,0.24110986,T
Model_16_G,chip_g85.tif,0.24090181,T
Model_16_G,chip_g86.tif,0.27174088,T
Model_16_G,chip_g86.tif,0.2566068,T
Model_16_G,chip_g86.tif,0.2564847,T
Model_16_G,chip_g86.tif,0.2538485,T
Model_16_G,chip_g86.tif,0.25310358,T
Model_16_G,chip_g86.tif,0.25253975,T
Model_16_G,chip_g86.tif,0.25124756,T
Model_16_G,chip_g86.tif,0.24617302,T
Model_16_G,chip_g86.tif,0.24465688,F
Model_16_G,chip_g87.tif,0.2762069,T
Model_16_G,chip_g87.tif,0.27107823,T
Model_16_G,chip_g87.tif,0.25551146,T
Model_16_G,chip_g87.tif,0.2548085,T
Model_16_G,chip_g87.tif,0.25374493,T
Model_16_G,chip_g87.tif,0.25328365,T
Model_16_G,chip_g87.tif,0.2527741,T
Model_16_G,chip_g87.tif,0.2519088,T
Model_16_G,chip_g885.tif,0.29165134,T
Model_16_G,chip_g90.tif,0.28202155,T
Model_16_G,chip_g90.tif,0.28015935,T
Model_16_G,chip_g90.tif,0.28000852,T
Model_16_G,chip_g90.tif,0.2550119,T
Model_16_G,chip_g907.tif,0.3685004,F
Model_16_G,chip_g907.tif,0.33657172,F
Model_16_G,chip_g907.tif,0.31717715,T
Model_16_G,chip_g909.tif,0.24881199,F
Model_16_G,chip_g909.tif,0.24307695,F
Model_16_G,chip_g931.tif,0.41286623,T
Model_16_G,chip_g931.tif,0.38912028,T
Model_16_G,chip_g931.tif,0.25376993,T
Model_16_G,chip_g933.tif,0.99295324,T
Model_16_G,chip_g937.tif,0.9994136,T
Model_16_G,chip_g94.tif,0.99933225,T
Model_16_G,chip_g942.tif,0.34828046,F
Model_16_G,chip_g942.tif,0.26049155,F
Model_16_G,chip_g945.tif,0.2482779,F
Model_16_G,chip_g947.tif,0.2530733,T
Model_16_G,chip_g95.tif,0.99550796,T
Model_16_G,chip_g960.tif,0.25597483,T
Model_16_G,chip_g960.tif,0.24370185,F
Model_16_G,chip_g963.tif,0.2473063,F
Model_16_G,chip_g965.tif,0.2474301,T
Model_16_G,chip_g966.tif,0.25646862,T
Model_16_G,chip_g966.tif,0.25454226,F
Model_16_G,chip_g966.tif,0.25230384,T
Model_16_G,chip_g969.tif,0.2447255,F
Model_16_G,chip_g969.tif,0.24293767,F
Model_16_G,chip_g97.tif,0.3311099,T
Model_16_G,chip_g97.tif,0.30022937,T
Model_16_G,chip_g97.tif,0.29017943,T
Model_16_G,chip_g97.tif,0.2701566,T
Model_16_G,chip_g970.tif,0.5308245,F
Model_16_G,chip_g970.tif,0.24993381,T
Model_16_G,chip_g970.tif,0.24443339,T
Model_16_G,chip_g970.tif,0.24388881,T
Model_16_G,chip_g970.tif,0.24011143,F
Model_16_G,chip_g971.tif,0.25973472,T
Model_16_G,chip_g971.tif,0.24828897,T
Model_16_G,chip_g971.tif,0.24554357,F
Model_16_G,chip_g971.tif,0.24490258,T
Model_16_G,chip_g971.tif,0.24423108,T
Model_16_G,chip_g971.tif,0.24314064,F
Model_16_G,chip_g971.tif,0.24165806,T
Model_16_G,chip_g98.tif,0.9998621,T
Model_16_G,chip_g989.tif,0.25581974,T
Model_16_G,chip_g989.tif,0.24563515,F
Model_16_G,chip_g989.tif,0.24469383,T
Model_16_G,chip_g989.tif,0.24374454,T
Model_16_G,chip_g989.tif,0.24096493,F
Model_16_G,chip_g989.tif,0.24058476,T
Model_16_G,chip_g989.tif,0.2401917,T
Model_16_G,chip_g993.tif,0.25484806,T
Model_16_G,chip_g993.tif,0.24423514,F
Model_16_G,chip_g993.tif,0.24189872,T
Model_16_G,chip_g994.tif,0.24942125,F
Model_16_G,chip_g994.tif,0.24785349,T
Model_16_G,chip_g994.tif,0.24761859,T
Model_16_G,chip_g994.tif,0.24664366,T
Model_16_G,chip_g994.tif,0.24377984,T
Model_16_G,chip_g994.tif,0.24371213,T
Model_16_G,chip_g994.tif,0.24359481,F
Model_16_G,chip_g994.tif,0.24318598,F
Model_16_G,chip_g994.tif,0.24232705,F
Model_16_G,chip_g994.tif,0.24175563,F
Model_16_G,chip_g994.tif,0.24078114,T
Model_16_G,chip_g994.tif,0.24057843,F
Model_16_G,chip_g995.tif,0.2498801,T
Model_16_G,chip_g995.tif,0.24879526,T
Model_16_G,chip_g995.tif,0.24804305,T
Model_16_G,chip_g995.tif,0.24482787,T
Model_16_G,chip_g995.tif,0.24411501,T
Model_16_G,chip_g995.tif,0.24405073,T
Model_16_G,chip_g995.tif,0.2423395,F
Model_16_G,chip_g995.tif,0.24187915,F
Model_16_G,chip_g995.tif,0.24178188,F
Model_16_G,chip_g995.tif,0.24160096,T
Model_16_G,chip_g995.tif,0.24110508,T
Model_16_G,chip_g995.tif,0.24021074,F
Model_16_G,chip_g997.tif,0.2643332,T
Model_16_G,chip_g998.tif,0.2575764,T
Model_16_G,chip_g998.tif,0.25474992,F
Model_16_G,chip_g998.tif,0.25065246,T
Model_16_G,chip_g998.tif,0.2503318,T
Model_16_G,chip_g998.tif,0.247113,T
Model_16_G,chip_g998.tif,0.24653643,F
Model_16_G,chip_g998.tif,0.24470022,T
Model_16_G,chip_g998.tif,0.24444684,F
Model_16_G,chip_g998.tif,0.24179114,F
Model_16_G,chip_g998.tif,0.24033087,F
