filename,width,height,class,xmin,ymin,xmax,ymax
g_1.tif,2592,1944,can,1018,1386,1104,1458
nir_1.tif,2592,1944,can,1018,1386,1104,1458
r_1.tif,2592,1944,can,1018,1386,1104,1458
re_1.tif,2592,1944,can,1018,1386,1104,1458
rgb_1.jpg,2592,1944,can,1018,1386,1104,1458
g_1.tif,2592,1944,can,1073,1454,1127,1510
nir_1.tif,2592,1944,can,1073,1454,1127,1510
r_1.tif,2592,1944,can,1073,1454,1127,1510
re_1.tif,2592,1944,can,1073,1454,1127,1510
rgb_1.jpg,2592,1944,can,1073,1454,1127,1510
g_1.tif,2592,1944,can,1123,1456,1180,1515
nir_1.tif,2592,1944,can,1123,1456,1180,1515
r_1.tif,2592,1944,can,1123,1456,1180,1515
re_1.tif,2592,1944,can,1123,1456,1180,1515
rgb_1.jpg,2592,1944,can,1123,1456,1180,1515
g_1.tif,2592,1944,bottle,1058,1492,1118,1528
nir_1.tif,2592,1944,bottle,1058,1492,1118,1528
r_1.tif,2592,1944,bottle,1058,1492,1118,1528
re_1.tif,2592,1944,bottle,1058,1492,1118,1528
rgb_1.jpg,2592,1944,bottle,1058,1492,1118,1528
g_1.tif,2592,1944,can,1852,1255,1937,1317
nir_1.tif,2592,1944,can,1852,1255,1937,1317
r_1.tif,2592,1944,can,1852,1255,1937,1317
re_1.tif,2592,1944,can,1852,1255,1937,1317
rgb_1.jpg,2592,1944,can,1852,1255,1937,1317
g_1.tif,2592,1944,bottle,2345,1132,2412,1164
nir_1.tif,2592,1944,bottle,2345,1132,2412,1164
r_1.tif,2592,1944,bottle,2345,1132,2412,1164
re_1.tif,2592,1944,bottle,2345,1132,2412,1164
rgb_1.jpg,2592,1944,bottle,2345,1132,2412,1164
g_1.tif,2592,1944,bottle,2322,1050,2359,1114
nir_1.tif,2592,1944,bottle,2322,1050,2359,1114
r_1.tif,2592,1944,bottle,2322,1050,2359,1114
re_1.tif,2592,1944,bottle,2322,1050,2359,1114
rgb_1.jpg,2592,1944,bottle,2322,1050,2359,1114
g_1.tif,2592,1944,bottle,2349,1045,2386,1100
nir_1.tif,2592,1944,bottle,2349,1045,2386,1100
r_1.tif,2592,1944,bottle,2349,1045,2386,1100
re_1.tif,2592,1944,bottle,2349,1045,2386,1100
rgb_1.jpg,2592,1944,bottle,2349,1045,2386,1100
g_1.tif,2592,1944,bottle,2394,676,2444,731
nir_1.tif,2592,1944,bottle,2394,676,2444,731
r_1.tif,2592,1944,bottle,2394,676,2444,731
re_1.tif,2592,1944,bottle,2394,676,2444,731
rgb_1.jpg,2592,1944,bottle,2394,676,2444,731
g_1.tif,2592,1944,bottle,2494,528,2564,573
nir_1.tif,2592,1944,bottle,2494,528,2564,573
r_1.tif,2592,1944,bottle,2494,528,2564,573
re_1.tif,2592,1944,bottle,2494,528,2564,573
rgb_1.jpg,2592,1944,bottle,2494,528,2564,573
g_1.tif,2592,1944,container,1455,1637,1552,1762
nir_1.tif,2592,1944,container,1455,1637,1552,1762
r_1.tif,2592,1944,container,1455,1637,1552,1762
re_1.tif,2592,1944,container,1455,1637,1552,1762
rgb_1.jpg,2592,1944,container,1455,1637,1552,1762
g_1.tif,2592,1944,container,1482,1747,1571,1844
nir_1.tif,2592,1944,container,1482,1747,1571,1844
r_1.tif,2592,1944,container,1482,1747,1571,1844
re_1.tif,2592,1944,container,1482,1747,1571,1844
rgb_1.jpg,2592,1944,container,1482,1747,1571,1844
g_1.tif,2592,1944,bottle,1526,1745,1574,1799
nir_1.tif,2592,1944,bottle,1526,1745,1574,1799
r_1.tif,2592,1944,bottle,1526,1745,1574,1799
re_1.tif,2592,1944,bottle,1526,1745,1574,1799
rgb_1.jpg,2592,1944,bottle,1526,1745,1574,1799
g_1.tif,2592,1944,bottle,2551,907,2592,937
nir_1.tif,2592,1944,bottle,2551,907,2592,937
r_1.tif,2592,1944,bottle,2551,907,2592,937
re_1.tif,2592,1944,bottle,2551,907,2592,937
rgb_1.jpg,2592,1944,bottle,2551,907,2592,937
g_1.tif,2592,1944,bottle,2052,518,2121,567
nir_1.tif,2592,1944,bottle,2052,518,2121,567
r_1.tif,2592,1944,bottle,2052,518,2121,567
re_1.tif,2592,1944,bottle,2052,518,2121,567
rgb_1.jpg,2592,1944,bottle,2052,518,2121,567
g_1.tif,2592,1944,bottle,1675,275,1741,316
nir_1.tif,2592,1944,bottle,1675,275,1741,316
r_1.tif,2592,1944,bottle,1675,275,1741,316
re_1.tif,2592,1944,bottle,1675,275,1741,316
rgb_1.jpg,2592,1944,bottle,1675,275,1741,316
g_1.tif,2592,1944,bottle,1922,238,1964,287
nir_1.tif,2592,1944,bottle,1922,238,1964,287
r_1.tif,2592,1944,bottle,1922,238,1964,287
re_1.tif,2592,1944,bottle,1922,238,1964,287
rgb_1.jpg,2592,1944,bottle,1922,238,1964,287
g_1.tif,2592,1944,bottle,1857,170,1908,217
nir_1.tif,2592,1944,bottle,1857,170,1908,217
r_1.tif,2592,1944,bottle,1857,170,1908,217
re_1.tif,2592,1944,bottle,1857,170,1908,217
rgb_1.jpg,2592,1944,bottle,1857,170,1908,217
g_1.tif,2592,1944,bottle,1762,151,1820,191
nir_1.tif,2592,1944,bottle,1762,151,1820,191
r_1.tif,2592,1944,bottle,1762,151,1820,191
re_1.tif,2592,1944,bottle,1762,151,1820,191
rgb_1.jpg,2592,1944,bottle,1762,151,1820,191
g_1.tif,2592,1944,bottle,1755,136,1824,161
nir_1.tif,2592,1944,bottle,1755,136,1824,161
r_1.tif,2592,1944,bottle,1755,136,1824,161
re_1.tif,2592,1944,bottle,1755,136,1824,161
rgb_1.jpg,2592,1944,bottle,1755,136,1824,161
g_1.tif,2592,1944,bottle,1795,105,1840,162
nir_1.tif,2592,1944,bottle,1795,105,1840,162
r_1.tif,2592,1944,bottle,1795,105,1840,162
re_1.tif,2592,1944,bottle,1795,105,1840,162
rgb_1.jpg,2592,1944,bottle,1795,105,1840,162
g_1.tif,2592,1944,bottle,1824,96,1859,147
nir_1.tif,2592,1944,bottle,1824,96,1859,147
r_1.tif,2592,1944,bottle,1824,96,1859,147
re_1.tif,2592,1944,bottle,1824,96,1859,147
rgb_1.jpg,2592,1944,bottle,1824,96,1859,147
g_1.tif,2592,1944,bottle,2324,305,2371,360
nir_1.tif,2592,1944,bottle,2324,305,2371,360
r_1.tif,2592,1944,bottle,2324,305,2371,360
re_1.tif,2592,1944,bottle,2324,305,2371,360
rgb_1.jpg,2592,1944,bottle,2324,305,2371,360
g_1.tif,2592,1944,bottle,2107,297,2157,349
nir_1.tif,2592,1944,bottle,2107,297,2157,349
r_1.tif,2592,1944,bottle,2107,297,2157,349
re_1.tif,2592,1944,bottle,2107,297,2157,349
rgb_1.jpg,2592,1944,bottle,2107,297,2157,349
g_1.tif,2592,1944,bottle,2535,357,2592,393
nir_1.tif,2592,1944,bottle,2535,357,2592,393
r_1.tif,2592,1944,bottle,2535,357,2592,393
re_1.tif,2592,1944,bottle,2535,357,2592,393
rgb_1.jpg,2592,1944,bottle,2535,357,2592,393
g_1.tif,2592,1944,bottle,2174,168,2239,219
nir_1.tif,2592,1944,bottle,2174,168,2239,219
r_1.tif,2592,1944,bottle,2174,168,2239,219
re_1.tif,2592,1944,bottle,2174,168,2239,219
rgb_1.jpg,2592,1944,bottle,2174,168,2239,219
g_1.tif,2592,1944,can,2423,482,2507,556
nir_1.tif,2592,1944,can,2423,482,2507,556
r_1.tif,2592,1944,can,2423,482,2507,556
re_1.tif,2592,1944,can,2423,482,2507,556
rgb_1.jpg,2592,1944,can,2423,482,2507,556
g_1.tif,2592,1944,can,2427,561,2514,626
nir_1.tif,2592,1944,can,2427,561,2514,626
r_1.tif,2592,1944,can,2427,561,2514,626
re_1.tif,2592,1944,can,2427,561,2514,626
rgb_1.jpg,2592,1944,can,2427,561,2514,626
g_1.tif,2592,1944,container,2382,538,2441,606
nir_1.tif,2592,1944,container,2382,538,2441,606
r_1.tif,2592,1944,container,2382,538,2441,606
re_1.tif,2592,1944,container,2382,538,2441,606
rgb_1.jpg,2592,1944,container,2382,538,2441,606
g_1.tif,2592,1944,bottle,265,268,321,316
nir_1.tif,2592,1944,bottle,265,268,321,316
r_1.tif,2592,1944,bottle,265,268,321,316
re_1.tif,2592,1944,bottle,265,268,321,316
rgb_1.jpg,2592,1944,bottle,265,268,321,316
g_10.tif,2592,1944,bottle,1697,193,1831,262
nir_10.tif,2592,1944,bottle,1697,193,1831,262
r_10.tif,2592,1944,bottle,1697,193,1831,262
re_10.tif,2592,1944,bottle,1697,193,1831,262
rgb_10.jpg,2592,1944,bottle,1697,193,1831,262
g_10.tif,2592,1944,bottle,1821,137,1924,221
nir_10.tif,2592,1944,bottle,1821,137,1924,221
r_10.tif,2592,1944,bottle,1821,137,1924,221
re_10.tif,2592,1944,bottle,1821,137,1924,221
rgb_10.jpg,2592,1944,bottle,1821,137,1924,221
g_10.tif,2592,1944,bottle,1779,69,1888,152
nir_10.tif,2592,1944,bottle,1779,69,1888,152
r_10.tif,2592,1944,bottle,1779,69,1888,152
re_10.tif,2592,1944,bottle,1779,69,1888,152
rgb_10.jpg,2592,1944,bottle,1779,69,1888,152
g_10.tif,2592,1944,bottle,2216,611,2354,688
nir_10.tif,2592,1944,bottle,2216,611,2354,688
r_10.tif,2592,1944,bottle,2216,611,2354,688
re_10.tif,2592,1944,bottle,2216,611,2354,688
rgb_10.jpg,2592,1944,bottle,2216,611,2354,688
g_10.tif,2592,1944,bottle,2212,568,2338,626
nir_10.tif,2592,1944,bottle,2212,568,2338,626
r_10.tif,2592,1944,bottle,2212,568,2338,626
re_10.tif,2592,1944,bottle,2212,568,2338,626
rgb_10.jpg,2592,1944,bottle,2212,568,2338,626
g_10.tif,2592,1944,bottle,2285,502,2366,619
nir_10.tif,2592,1944,bottle,2285,502,2366,619
r_10.tif,2592,1944,bottle,2285,502,2366,619
re_10.tif,2592,1944,bottle,2285,502,2366,619
rgb_10.jpg,2592,1944,bottle,2285,502,2366,619
g_10.tif,2592,1944,bottle,2345,457,2412,593
nir_10.tif,2592,1944,bottle,2345,457,2412,593
r_10.tif,2592,1944,bottle,2345,457,2412,593
re_10.tif,2592,1944,bottle,2345,457,2412,593
rgb_10.jpg,2592,1944,bottle,2345,457,2412,593
g_10.tif,2592,1944,bottle,2419,643,2523,738
nir_10.tif,2592,1944,bottle,2419,643,2523,738
r_10.tif,2592,1944,bottle,2419,643,2523,738
re_10.tif,2592,1944,bottle,2419,643,2523,738
rgb_10.jpg,2592,1944,bottle,2419,643,2523,738
g_10.tif,2592,1944,bottle,2045,874,2179,945
nir_10.tif,2592,1944,bottle,2045,874,2179,945
r_10.tif,2592,1944,bottle,2045,874,2179,945
re_10.tif,2592,1944,bottle,2045,874,2179,945
rgb_10.jpg,2592,1944,bottle,2045,874,2179,945
g_10.tif,2592,1944,bottle,2555,766,2592,876
nir_10.tif,2592,1944,bottle,2555,766,2592,876
r_10.tif,2592,1944,bottle,2555,766,2592,876
re_10.tif,2592,1944,bottle,2555,766,2592,876
rgb_10.jpg,2592,1944,bottle,2555,766,2592,876
g_100.tif,2592,1944,bottle,487,1612,868,1830
nir_100.tif,2592,1944,bottle,487,1612,868,1830
r_100.tif,2592,1944,bottle,487,1612,868,1830
re_100.tif,2592,1944,bottle,487,1612,868,1830
rgb_100.jpg,2592,1944,bottle,487,1612,868,1830
g_100.tif,2592,1944,bottle,1121,1626,1466,1840
nir_100.tif,2592,1944,bottle,1121,1626,1466,1840
r_100.tif,2592,1944,bottle,1121,1626,1466,1840
re_100.tif,2592,1944,bottle,1121,1626,1466,1840
rgb_100.jpg,2592,1944,bottle,1121,1626,1466,1840
g_100.tif,2592,1944,bottle,938,1496,1265,1647
nir_100.tif,2592,1944,bottle,938,1496,1265,1647
r_100.tif,2592,1944,bottle,938,1496,1265,1647
re_100.tif,2592,1944,bottle,938,1496,1265,1647
rgb_100.jpg,2592,1944,bottle,938,1496,1265,1647
g_100.tif,2592,1944,bottle,596,1359,747,1614
nir_100.tif,2592,1944,bottle,596,1359,747,1614
r_100.tif,2592,1944,bottle,596,1359,747,1614
re_100.tif,2592,1944,bottle,596,1359,747,1614
rgb_100.jpg,2592,1944,bottle,596,1359,747,1614
g_100.tif,2592,1944,bottle,165,1328,303,1573
nir_100.tif,2592,1944,bottle,165,1328,303,1573
r_100.tif,2592,1944,bottle,165,1328,303,1573
re_100.tif,2592,1944,bottle,165,1328,303,1573
rgb_100.jpg,2592,1944,bottle,165,1328,303,1573
g_100.tif,2592,1944,bottle,417,1228,691,1466
nir_100.tif,2592,1944,bottle,417,1228,691,1466
r_100.tif,2592,1944,bottle,417,1228,691,1466
re_100.tif,2592,1944,bottle,417,1228,691,1466
rgb_100.jpg,2592,1944,bottle,417,1228,691,1466
g_100.tif,2592,1944,bottle,200,1133,465,1310
nir_100.tif,2592,1944,bottle,200,1133,465,1310
r_100.tif,2592,1944,bottle,200,1133,465,1310
re_100.tif,2592,1944,bottle,200,1133,465,1310
rgb_100.jpg,2592,1944,bottle,200,1133,465,1310
g_100.tif,2592,1944,bottle,49,1126,349,1231
nir_100.tif,2592,1944,bottle,49,1126,349,1231
r_100.tif,2592,1944,bottle,49,1126,349,1231
re_100.tif,2592,1944,bottle,49,1126,349,1231
rgb_100.jpg,2592,1944,bottle,49,1126,349,1231
g_100.tif,2592,1944,bottle,49,1035,329,1172
nir_100.tif,2592,1944,bottle,49,1035,329,1172
r_100.tif,2592,1944,bottle,49,1035,329,1172
re_100.tif,2592,1944,bottle,49,1035,329,1172
rgb_100.jpg,2592,1944,bottle,49,1035,329,1172
g_100.tif,2592,1944,bottle,114,1010,398,1098
nir_100.tif,2592,1944,bottle,114,1010,398,1098
r_100.tif,2592,1944,bottle,114,1010,398,1098
re_100.tif,2592,1944,bottle,114,1010,398,1098
rgb_100.jpg,2592,1944,bottle,114,1010,398,1098
g_100.tif,2592,1944,bottle,301,898,565,1026
nir_100.tif,2592,1944,bottle,301,898,565,1026
r_100.tif,2592,1944,bottle,301,898,565,1026
re_100.tif,2592,1944,bottle,301,898,565,1026
rgb_100.jpg,2592,1944,bottle,301,898,565,1026
g_100.tif,2592,1944,bottle,561,963,814,1042
nir_100.tif,2592,1944,bottle,561,963,814,1042
r_100.tif,2592,1944,bottle,561,963,814,1042
re_100.tif,2592,1944,bottle,561,963,814,1042
rgb_100.jpg,2592,1944,bottle,561,963,814,1042
g_100.tif,2592,1944,bottle,798,854,903,1061
nir_100.tif,2592,1944,bottle,798,854,903,1061
r_100.tif,2592,1944,bottle,798,854,903,1061
re_100.tif,2592,1944,bottle,798,854,903,1061
rgb_100.jpg,2592,1944,bottle,798,854,903,1061
g_100.tif,2592,1944,bottle,689,1009,921,1123
nir_100.tif,2592,1944,bottle,689,1009,921,1123
r_100.tif,2592,1944,bottle,689,1009,921,1123
re_100.tif,2592,1944,bottle,689,1009,921,1123
rgb_100.jpg,2592,1944,bottle,689,1009,921,1123
g_100.tif,2592,1944,bottle,822,1056,994,1300
nir_100.tif,2592,1944,bottle,822,1056,994,1300
r_100.tif,2592,1944,bottle,822,1056,994,1300
re_100.tif,2592,1944,bottle,822,1056,994,1300
rgb_100.jpg,2592,1944,bottle,822,1056,994,1300
g_100.tif,2592,1944,bottle,843,1266,1045,1444
nir_100.tif,2592,1944,bottle,843,1266,1045,1444
r_100.tif,2592,1944,bottle,843,1266,1045,1444
re_100.tif,2592,1944,bottle,843,1266,1045,1444
rgb_100.jpg,2592,1944,bottle,843,1266,1045,1444
g_100.tif,2592,1944,bottle,415,1117,552,1412
nir_100.tif,2592,1944,bottle,415,1117,552,1412
r_100.tif,2592,1944,bottle,415,1117,552,1412
re_100.tif,2592,1944,bottle,415,1117,552,1412
rgb_100.jpg,2592,1944,bottle,415,1117,552,1412
g_100.tif,2592,1944,bottle,526,1052,654,1226
nir_100.tif,2592,1944,bottle,526,1052,654,1226
r_100.tif,2592,1944,bottle,526,1052,654,1226
re_100.tif,2592,1944,bottle,526,1052,654,1226
rgb_100.jpg,2592,1944,bottle,526,1052,654,1226
g_100.tif,2592,1944,bottle,598,1130,814,1259
nir_100.tif,2592,1944,bottle,598,1130,814,1259
r_100.tif,2592,1944,bottle,598,1130,814,1259
re_100.tif,2592,1944,bottle,598,1130,814,1259
rgb_100.jpg,2592,1944,bottle,598,1130,814,1259
g_100.tif,2592,1944,bottle,517,851,761,977
nir_100.tif,2592,1944,bottle,517,851,761,977
r_100.tif,2592,1944,bottle,517,851,761,977
re_100.tif,2592,1944,bottle,517,851,761,977
rgb_100.jpg,2592,1944,bottle,517,851,761,977
g_100.tif,2592,1944,bottle,365,803,584,891
nir_100.tif,2592,1944,bottle,365,803,584,891
r_100.tif,2592,1944,bottle,365,803,584,891
re_100.tif,2592,1944,bottle,365,803,584,891
rgb_100.jpg,2592,1944,bottle,365,803,584,891
g_100.tif,2592,1944,bottle,722,800,831,935
nir_100.tif,2592,1944,bottle,722,800,831,935
r_100.tif,2592,1944,bottle,722,800,831,935
re_100.tif,2592,1944,bottle,722,800,831,935
rgb_100.jpg,2592,1944,bottle,722,800,831,935
g_100.tif,2592,1944,bottle,1086,935,1172,1089
nir_100.tif,2592,1944,bottle,1086,935,1172,1089
r_100.tif,2592,1944,bottle,1086,935,1172,1089
re_100.tif,2592,1944,bottle,1086,935,1172,1089
rgb_100.jpg,2592,1944,bottle,1086,935,1172,1089
g_100.tif,2592,1944,bottle,1065,840,1203,991
nir_100.tif,2592,1944,bottle,1065,840,1203,991
r_100.tif,2592,1944,bottle,1065,840,1203,991
re_100.tif,2592,1944,bottle,1065,840,1203,991
rgb_100.jpg,2592,1944,bottle,1065,840,1203,991
g_100.tif,2592,1944,container,872,684,1150,852
nir_100.tif,2592,1944,container,872,684,1150,852
r_100.tif,2592,1944,container,872,684,1150,852
re_100.tif,2592,1944,container,872,684,1150,852
rgb_100.jpg,2592,1944,container,872,684,1150,852
g_100.tif,2592,1944,container,1243,787,1363,852
nir_100.tif,2592,1944,container,1243,787,1363,852
r_100.tif,2592,1944,container,1243,787,1363,852
re_100.tif,2592,1944,container,1243,787,1363,852
rgb_100.jpg,2592,1944,container,1243,787,1363,852
g_100.tif,2592,1944,can,850,800,1108,1044
nir_100.tif,2592,1944,can,850,800,1108,1044
r_100.tif,2592,1944,can,850,800,1108,1044
re_100.tif,2592,1944,can,850,800,1108,1044
rgb_100.jpg,2592,1944,can,850,800,1108,1044
g_100.tif,2592,1944,can,922,1080,1268,1423
nir_100.tif,2592,1944,can,922,1080,1268,1423
r_100.tif,2592,1944,can,922,1080,1268,1423
re_100.tif,2592,1944,can,922,1080,1268,1423
rgb_100.jpg,2592,1944,can,922,1080,1268,1423
g_100.tif,2592,1944,can,1349,1151,1643,1447
nir_100.tif,2592,1944,can,1349,1151,1643,1447
r_100.tif,2592,1944,can,1349,1151,1643,1447
re_100.tif,2592,1944,can,1349,1151,1643,1447
rgb_100.jpg,2592,1944,can,1349,1151,1643,1447
g_100.tif,2592,1944,can,1212,1024,1505,1291
nir_100.tif,2592,1944,can,1212,1024,1505,1291
r_100.tif,2592,1944,can,1212,1024,1505,1291
re_100.tif,2592,1944,can,1212,1024,1505,1291
rgb_100.jpg,2592,1944,can,1212,1024,1505,1291
g_100.tif,2592,1944,can,1387,891,1601,1142
nir_100.tif,2592,1944,can,1387,891,1601,1142
r_100.tif,2592,1944,can,1387,891,1601,1142
re_100.tif,2592,1944,can,1387,891,1601,1142
rgb_100.jpg,2592,1944,can,1387,891,1601,1142
g_100.tif,2592,1944,can,1366,838,1647,995
nir_100.tif,2592,1944,can,1366,838,1647,995
r_100.tif,2592,1944,can,1366,838,1647,995
re_100.tif,2592,1944,can,1366,838,1647,995
rgb_100.jpg,2592,1944,can,1366,838,1647,995
g_100.tif,2592,1944,can,1600,965,1901,1149
nir_100.tif,2592,1944,can,1600,965,1901,1149
r_100.tif,2592,1944,can,1600,965,1901,1149
re_100.tif,2592,1944,can,1600,965,1901,1149
rgb_100.jpg,2592,1944,can,1600,965,1901,1149
g_100.tif,2592,1944,can,1861,1019,2133,1238
nir_100.tif,2592,1944,can,1861,1019,2133,1238
r_100.tif,2592,1944,can,1861,1019,2133,1238
re_100.tif,2592,1944,can,1861,1019,2133,1238
rgb_100.jpg,2592,1944,can,1861,1019,2133,1238
g_100.tif,2592,1944,can,1808,923,2072,1082
nir_100.tif,2592,1944,can,1808,923,2072,1082
r_100.tif,2592,1944,can,1808,923,2072,1082
re_100.tif,2592,1944,can,1808,923,2072,1082
rgb_100.jpg,2592,1944,can,1808,923,2072,1082
g_100.tif,2592,1944,bottle,1533,791,1684,866
nir_100.tif,2592,1944,bottle,1533,791,1684,866
r_100.tif,2592,1944,bottle,1533,791,1684,866
re_100.tif,2592,1944,bottle,1533,791,1684,866
rgb_100.jpg,2592,1944,bottle,1533,791,1684,866
g_100.tif,2592,1944,bottle,1873,823,1959,942
nir_100.tif,2592,1944,bottle,1873,823,1959,942
r_100.tif,2592,1944,bottle,1873,823,1959,942
re_100.tif,2592,1944,bottle,1873,823,1959,942
rgb_100.jpg,2592,1944,bottle,1873,823,1959,942
g_100.tif,2592,1944,bottle,1928,880,2026,975
nir_100.tif,2592,1944,bottle,1928,880,2026,975
r_100.tif,2592,1944,bottle,1928,880,2026,975
re_100.tif,2592,1944,bottle,1928,880,2026,975
rgb_100.jpg,2592,1944,bottle,1928,880,2026,975
g_100.tif,2592,1944,bottle,1991,903,2203,998
nir_100.tif,2592,1944,bottle,1991,903,2203,998
r_100.tif,2592,1944,bottle,1991,903,2203,998
re_100.tif,2592,1944,bottle,1991,903,2203,998
rgb_100.jpg,2592,1944,bottle,1991,903,2203,998
g_100.tif,2592,1944,bottle,1968,852,2133,935
nir_100.tif,2592,1944,bottle,1968,852,2133,935
r_100.tif,2592,1944,bottle,1968,852,2133,935
re_100.tif,2592,1944,bottle,1968,852,2133,935
rgb_100.jpg,2592,1944,bottle,1968,852,2133,935
g_100.tif,2592,1944,container,1591,1117,1963,1302
nir_100.tif,2592,1944,container,1591,1117,1963,1302
r_100.tif,2592,1944,container,1591,1117,1963,1302
re_100.tif,2592,1944,container,1591,1117,1963,1302
rgb_100.jpg,2592,1944,container,1591,1117,1963,1302
g_100.tif,2592,1944,bottle,1187,873,1338,947
nir_100.tif,2592,1944,bottle,1187,873,1338,947
r_100.tif,2592,1944,bottle,1187,873,1338,947
re_100.tif,2592,1944,bottle,1187,873,1338,947
rgb_100.jpg,2592,1944,bottle,1187,873,1338,947
g_100.tif,2592,1944,bottle,315,1049,579,1152
nir_100.tif,2592,1944,bottle,315,1049,579,1152
r_100.tif,2592,1944,bottle,315,1049,579,1152
re_100.tif,2592,1944,bottle,315,1049,579,1152
rgb_100.jpg,2592,1944,bottle,315,1049,579,1152
g_100.tif,2592,1944,bottle,570,775,650,859
nir_100.tif,2592,1944,bottle,570,775,650,859
r_100.tif,2592,1944,bottle,570,775,650,859
re_100.tif,2592,1944,bottle,570,775,650,859
rgb_100.jpg,2592,1944,bottle,570,775,650,859
g_101.tif,2592,1944,can,711,869,1045,1135
nir_101.tif,2592,1944,can,711,869,1045,1135
r_101.tif,2592,1944,can,711,869,1045,1135
re_101.tif,2592,1944,can,711,869,1045,1135
rgb_101.jpg,2592,1944,can,711,869,1045,1135
g_101.tif,2592,1944,container,776,723,1097,923
nir_101.tif,2592,1944,container,776,723,1097,923
r_101.tif,2592,1944,container,776,723,1097,923
re_101.tif,2592,1944,container,776,723,1097,923
rgb_101.jpg,2592,1944,container,776,723,1097,923
g_101.tif,2592,1944,container,1178,857,1307,924
nir_101.tif,2592,1944,container,1178,857,1307,924
r_101.tif,2592,1944,container,1178,857,1307,924
re_101.tif,2592,1944,container,1178,857,1307,924
rgb_101.jpg,2592,1944,container,1178,857,1307,924
g_101.tif,2592,1944,container,1573,1218,1917,1471
nir_101.tif,2592,1944,container,1573,1218,1917,1471
r_101.tif,2592,1944,container,1573,1218,1917,1471
re_101.tif,2592,1944,container,1573,1218,1917,1471
rgb_101.jpg,2592,1944,container,1573,1218,1917,1471
g_101.tif,2592,1944,container,1004,1157,1216,1424
nir_101.tif,2592,1944,container,1004,1157,1216,1424
r_101.tif,2592,1944,container,1004,1157,1216,1424
re_101.tif,2592,1944,container,1004,1157,1216,1424
rgb_101.jpg,2592,1944,container,1004,1157,1216,1424
g_101.tif,2592,1944,bottle,785,1690,1195,1874
nir_101.tif,2592,1944,bottle,785,1690,1195,1874
r_101.tif,2592,1944,bottle,785,1690,1195,1874
re_101.tif,2592,1944,bottle,785,1690,1195,1874
rgb_101.jpg,2592,1944,bottle,785,1690,1195,1874
g_101.tif,2592,1944,bottle,1086,1707,1417,1944
nir_101.tif,2592,1944,bottle,1086,1707,1417,1944
r_101.tif,2592,1944,bottle,1086,1707,1417,1944
re_101.tif,2592,1944,bottle,1086,1707,1417,1944
rgb_101.jpg,2592,1944,bottle,1086,1707,1417,1944
g_101.tif,2592,1944,bottle,1959,914,2052,1069
nir_101.tif,2592,1944,bottle,1959,914,2052,1069
r_101.tif,2592,1944,bottle,1959,914,2052,1069
re_101.tif,2592,1944,bottle,1959,914,2052,1069
rgb_101.jpg,2592,1944,bottle,1959,914,2052,1069
g_101.tif,2592,1944,bottle,2021,987,2217,1087
nir_101.tif,2592,1944,bottle,2021,987,2217,1087
r_101.tif,2592,1944,bottle,2021,987,2217,1087
re_101.tif,2592,1944,bottle,2021,987,2217,1087
rgb_101.jpg,2592,1944,bottle,2021,987,2217,1087
g_101.tif,2592,1944,bottle,971,883,1136,1097
nir_101.tif,2592,1944,bottle,971,883,1136,1097
r_101.tif,2592,1944,bottle,971,883,1136,1097
re_101.tif,2592,1944,bottle,971,883,1136,1097
rgb_101.jpg,2592,1944,bottle,971,883,1136,1097
g_101.tif,2592,1944,bottle,959,1007,1095,1218
nir_101.tif,2592,1944,bottle,959,1007,1095,1218
r_101.tif,2592,1944,bottle,959,1007,1095,1218
re_101.tif,2592,1944,bottle,959,1007,1095,1218
rgb_101.jpg,2592,1944,bottle,959,1007,1095,1218
g_101.tif,2592,1944,bottle,557,1112,812,1266
nir_101.tif,2592,1944,bottle,557,1112,812,1266
r_101.tif,2592,1944,bottle,557,1112,812,1266
re_101.tif,2592,1944,bottle,557,1112,812,1266
rgb_101.jpg,2592,1944,bottle,557,1112,812,1266
g_101.tif,2592,1944,bottle,369,1526,583,1866
nir_101.tif,2592,1944,bottle,369,1526,583,1866
r_101.tif,2592,1944,bottle,369,1526,583,1866
re_101.tif,2592,1944,bottle,369,1526,583,1866
rgb_101.jpg,2592,1944,bottle,369,1526,583,1866
g_101.tif,2592,1944,bottle,190,1387,514,1678
nir_101.tif,2592,1944,bottle,190,1387,514,1678
r_101.tif,2592,1944,bottle,190,1387,514,1678
re_101.tif,2592,1944,bottle,190,1387,514,1678
rgb_101.jpg,2592,1944,bottle,190,1387,514,1678
g_101.tif,2592,1944,bottle,198,1249,388,1533
nir_101.tif,2592,1944,bottle,198,1249,388,1533
r_101.tif,2592,1944,bottle,198,1249,388,1533
re_101.tif,2592,1944,bottle,198,1249,388,1533
rgb_101.jpg,2592,1944,bottle,198,1249,388,1533
g_101.tif,2592,1944,bottle,1,1261,264,1481
nir_101.tif,2592,1944,bottle,1,1261,264,1481
r_101.tif,2592,1944,bottle,1,1261,264,1481
re_101.tif,2592,1944,bottle,1,1261,264,1481
rgb_101.jpg,2592,1944,bottle,1,1261,264,1481
g_101.tif,2592,1944,bottle,1,1093,266,1221
nir_101.tif,2592,1944,bottle,1,1093,266,1221
r_101.tif,2592,1944,bottle,1,1093,266,1221
re_101.tif,2592,1944,bottle,1,1093,266,1221
rgb_101.jpg,2592,1944,bottle,1,1093,266,1221
g_101.tif,2592,1944,bottle,138,992,404,1159
nir_101.tif,2592,1944,bottle,138,992,404,1159
r_101.tif,2592,1944,bottle,138,992,404,1159
re_101.tif,2592,1944,bottle,138,992,404,1159
rgb_101.jpg,2592,1944,bottle,138,992,404,1159
g_101.tif,2592,1944,bottle,212,859,474,983
nir_101.tif,2592,1944,bottle,212,859,474,983
r_101.tif,2592,1944,bottle,212,859,474,983
re_101.tif,2592,1944,bottle,212,859,474,983
rgb_101.jpg,2592,1944,bottle,212,859,474,983
g_101.tif,2592,1944,bottle,409,1050,685,1157
nir_101.tif,2592,1944,bottle,409,1050,685,1157
r_101.tif,2592,1944,bottle,409,1050,685,1157
re_101.tif,2592,1944,bottle,409,1050,685,1157
rgb_101.jpg,2592,1944,bottle,409,1050,685,1157
g_101.tif,2592,1944,bottle,652,918,790,1168
nir_101.tif,2592,1944,bottle,652,918,790,1168
r_101.tif,2592,1944,bottle,652,918,790,1168
re_101.tif,2592,1944,bottle,652,918,790,1168
rgb_101.jpg,2592,1944,bottle,652,918,790,1168
g_101.tif,2592,1944,bottle,545,1102,802,1264
nir_101.tif,2592,1944,bottle,545,1102,802,1264
r_101.tif,2592,1944,bottle,545,1102,802,1264
re_101.tif,2592,1944,bottle,545,1102,802,1264
rgb_101.jpg,2592,1944,bottle,545,1102,802,1264
g_101.tif,2592,1944,bottle,452,1176,729,1347
nir_101.tif,2592,1944,bottle,452,1176,729,1347
r_101.tif,2592,1944,bottle,452,1176,729,1347
re_101.tif,2592,1944,bottle,452,1176,729,1347
rgb_101.jpg,2592,1944,bottle,452,1176,729,1347
g_101.tif,2592,1944,bottle,664,1223,866,1468
nir_101.tif,2592,1944,bottle,664,1223,866,1468
r_101.tif,2592,1944,bottle,664,1223,866,1468
re_101.tif,2592,1944,bottle,664,1223,866,1468
rgb_101.jpg,2592,1944,bottle,664,1223,866,1468
g_101.tif,2592,1944,bottle,688,1407,904,1650
nir_101.tif,2592,1944,bottle,688,1407,904,1650
r_101.tif,2592,1944,bottle,688,1407,904,1650
re_101.tif,2592,1944,bottle,688,1407,904,1650
rgb_101.jpg,2592,1944,bottle,688,1407,904,1650
g_101.tif,2592,1944,can,762,1218,1235,1640
nir_101.tif,2592,1944,can,762,1218,1235,1640
r_101.tif,2592,1944,can,762,1218,1235,1640
re_101.tif,2592,1944,can,762,1218,1235,1640
rgb_101.jpg,2592,1944,can,762,1218,1235,1640
g_101.tif,2592,1944,can,1266,1306,1600,1645
nir_101.tif,2592,1944,can,1266,1306,1600,1645
r_101.tif,2592,1944,can,1266,1306,1600,1645
re_101.tif,2592,1944,can,1266,1306,1600,1645
rgb_101.jpg,2592,1944,can,1266,1306,1600,1645
g_101.tif,2592,1944,can,1526,1066,1902,1281
nir_101.tif,2592,1944,can,1526,1066,1902,1281
r_101.tif,2592,1944,can,1526,1066,1902,1281
re_101.tif,2592,1944,can,1526,1066,1902,1281
rgb_101.jpg,2592,1944,can,1526,1066,1902,1281
g_101.tif,2592,1944,can,1838,1131,2138,1366
nir_101.tif,2592,1944,can,1838,1131,2138,1366
r_101.tif,2592,1944,can,1838,1131,2138,1366
re_101.tif,2592,1944,can,1838,1131,2138,1366
rgb_101.jpg,2592,1944,can,1838,1131,2138,1366
g_101.tif,2592,1944,can,1757,1019,2088,1154
nir_101.tif,2592,1944,can,1757,1019,2088,1154
r_101.tif,2592,1944,can,1757,1019,2088,1154
re_101.tif,2592,1944,can,1757,1019,2088,1154
rgb_101.jpg,2592,1944,can,1757,1019,2088,1154
g_101.tif,2592,1944,bottle,1798,959,1888,1064
nir_101.tif,2592,1944,bottle,1798,959,1888,1064
r_101.tif,2592,1944,bottle,1798,959,1888,1064
re_101.tif,2592,1944,bottle,1798,959,1888,1064
rgb_101.jpg,2592,1944,bottle,1798,959,1888,1064
g_101.tif,2592,1944,bottle,1902,947,1992,1071
nir_101.tif,2592,1944,bottle,1902,947,1992,1071
r_101.tif,2592,1944,bottle,1902,947,1992,1071
re_101.tif,2592,1944,bottle,1902,947,1992,1071
rgb_101.jpg,2592,1944,bottle,1902,947,1992,1071
g_101.tif,2592,1944,bottle,1648,924,1771,1074
nir_101.tif,2592,1944,bottle,1648,924,1771,1074
r_101.tif,2592,1944,bottle,1648,924,1771,1074
re_101.tif,2592,1944,bottle,1648,924,1771,1074
rgb_101.jpg,2592,1944,bottle,1648,924,1771,1074
g_101.tif,2592,1944,bottle,1486,874,1664,969
nir_101.tif,2592,1944,bottle,1486,874,1664,969
r_101.tif,2592,1944,bottle,1486,874,1664,969
re_101.tif,2592,1944,bottle,1486,874,1664,969
rgb_101.jpg,2592,1944,bottle,1486,874,1664,969
g_101.tif,2592,1944,bottle,1566,911,1738,1050
nir_101.tif,2592,1944,bottle,1566,911,1738,1050
r_101.tif,2592,1944,bottle,1566,911,1738,1050
re_101.tif,2592,1944,bottle,1566,911,1738,1050
rgb_101.jpg,2592,1944,bottle,1566,911,1738,1050
g_101.tif,2592,1944,can,1312,978,1557,1264
nir_101.tif,2592,1944,can,1312,978,1557,1264
r_101.tif,2592,1944,can,1312,978,1557,1264
re_101.tif,2592,1944,can,1312,978,1557,1264
rgb_101.jpg,2592,1944,can,1312,978,1557,1264
g_101.tif,2592,1944,can,1300,911,1612,1095
nir_101.tif,2592,1944,can,1300,911,1612,1095
r_101.tif,2592,1944,can,1300,911,1612,1095
re_101.tif,2592,1944,can,1300,911,1612,1095
rgb_101.jpg,2592,1944,can,1300,911,1612,1095
g_101.tif,2592,1944,bottle,1092,945,1288,1033
nir_101.tif,2592,1944,bottle,1092,945,1288,1033
r_101.tif,2592,1944,bottle,1092,945,1288,1033
re_101.tif,2592,1944,bottle,1092,945,1288,1033
rgb_101.jpg,2592,1944,bottle,1092,945,1288,1033
g_101.tif,2592,1944,bottle,1083,1021,1300,1112
nir_101.tif,2592,1944,bottle,1083,1021,1300,1112
r_101.tif,2592,1944,bottle,1083,1021,1300,1112
re_101.tif,2592,1944,bottle,1083,1021,1300,1112
rgb_101.jpg,2592,1944,bottle,1083,1021,1300,1112
g_101.tif,2592,1944,bottle,1229,976,1319,1095
nir_101.tif,2592,1944,bottle,1229,976,1319,1095
r_101.tif,2592,1944,bottle,1229,976,1319,1095
re_101.tif,2592,1944,bottle,1229,976,1319,1095
rgb_101.jpg,2592,1944,bottle,1229,976,1319,1095
g_101.tif,2592,1944,bottle,993,899,1200,997
nir_101.tif,2592,1944,bottle,993,899,1200,997
r_101.tif,2592,1944,bottle,993,899,1200,997
re_101.tif,2592,1944,bottle,993,899,1200,997
rgb_101.jpg,2592,1944,bottle,993,899,1200,997
g_101.tif,2592,1944,bottle,1064,888,1252,974
nir_101.tif,2592,1944,bottle,1064,888,1252,974
r_101.tif,2592,1944,bottle,1064,888,1252,974
re_101.tif,2592,1944,bottle,1064,888,1252,974
rgb_101.jpg,2592,1944,bottle,1064,888,1252,974
g_101.tif,2592,1944,bottle,590,862,709,1028
nir_101.tif,2592,1944,bottle,590,862,709,1028
r_101.tif,2592,1944,bottle,590,862,709,1028
re_101.tif,2592,1944,bottle,590,862,709,1028
rgb_101.jpg,2592,1944,bottle,590,862,709,1028
g_101.tif,2592,1944,bottle,395,923,643,1073
nir_101.tif,2592,1944,bottle,395,923,643,1073
r_101.tif,2592,1944,bottle,395,923,643,1073
re_101.tif,2592,1944,bottle,395,923,643,1073
rgb_101.jpg,2592,1944,bottle,395,923,643,1073
g_101.tif,2592,1944,bottle,374,873,578,1038
nir_101.tif,2592,1944,bottle,374,873,578,1038
r_101.tif,2592,1944,bottle,374,873,578,1038
re_101.tif,2592,1944,bottle,374,873,578,1038
rgb_101.jpg,2592,1944,bottle,374,873,578,1038
g_101.tif,2592,1944,bottle,86,1164,376,1306
nir_101.tif,2592,1944,bottle,86,1164,376,1306
r_101.tif,2592,1944,bottle,86,1164,376,1306
re_101.tif,2592,1944,bottle,86,1164,376,1306
rgb_101.jpg,2592,1944,bottle,86,1164,376,1306
g_101.tif,2592,1944,bottle,348,1171,479,1368
nir_101.tif,2592,1944,bottle,348,1171,479,1368
r_101.tif,2592,1944,bottle,348,1171,479,1368
re_101.tif,2592,1944,bottle,348,1171,479,1368
rgb_101.jpg,2592,1944,bottle,348,1171,479,1368
g_101.tif,2592,1944,bottle,1,1476,57,1687
nir_101.tif,2592,1944,bottle,1,1476,57,1687
r_101.tif,2592,1944,bottle,1,1476,57,1687
re_101.tif,2592,1944,bottle,1,1476,57,1687
rgb_101.jpg,2592,1944,bottle,1,1476,57,1687
g_101.tif,2592,1944,bottle,567,1331,740,1561
nir_101.tif,2592,1944,bottle,567,1331,740,1561
r_101.tif,2592,1944,bottle,567,1331,740,1561
re_101.tif,2592,1944,bottle,567,1331,740,1561
rgb_101.jpg,2592,1944,bottle,567,1331,740,1561
g_101.tif,2592,1944,can,1109,1140,1438,1409
nir_101.tif,2592,1944,can,1109,1140,1438,1409
r_101.tif,2592,1944,can,1109,1140,1438,1409
re_101.tif,2592,1944,can,1109,1140,1438,1409
rgb_101.jpg,2592,1944,can,1109,1140,1438,1409
g_102.tif,2592,1944,bottle,766,1696,1140,1840
nir_102.tif,2592,1944,bottle,766,1696,1140,1840
r_102.tif,2592,1944,bottle,766,1696,1140,1840
re_102.tif,2592,1944,bottle,766,1696,1140,1840
rgb_102.jpg,2592,1944,bottle,766,1696,1140,1840
g_102.tif,2592,1944,bottle,979,1705,1363,1930
nir_102.tif,2592,1944,bottle,979,1705,1363,1930
r_102.tif,2592,1944,bottle,979,1705,1363,1930
re_102.tif,2592,1944,bottle,979,1705,1363,1930
rgb_102.jpg,2592,1944,bottle,979,1705,1363,1930
g_102.tif,2592,1944,bottle,356,1517,556,1828
nir_102.tif,2592,1944,bottle,356,1517,556,1828
r_102.tif,2592,1944,bottle,356,1517,556,1828
re_102.tif,2592,1944,bottle,356,1517,556,1828
rgb_102.jpg,2592,1944,bottle,356,1517,556,1828
g_102.tif,2592,1944,bottle,301,1814,643,1944
nir_102.tif,2592,1944,bottle,301,1814,643,1944
r_102.tif,2592,1944,bottle,301,1814,643,1944
re_102.tif,2592,1944,bottle,301,1814,643,1944
rgb_102.jpg,2592,1944,bottle,301,1814,643,1944
g_102.tif,2592,1944,bottle,175,1359,487,1644
nir_102.tif,2592,1944,bottle,175,1359,487,1644
r_102.tif,2592,1944,bottle,175,1359,487,1644
re_102.tif,2592,1944,bottle,175,1359,487,1644
rgb_102.jpg,2592,1944,bottle,175,1359,487,1644
g_102.tif,2592,1944,bottle,180,1252,361,1530
nir_102.tif,2592,1944,bottle,180,1252,361,1530
r_102.tif,2592,1944,bottle,180,1252,361,1530
re_102.tif,2592,1944,bottle,180,1252,361,1530
rgb_102.jpg,2592,1944,bottle,180,1252,361,1530
g_102.tif,2592,1944,bottle,677,1395,886,1612
nir_102.tif,2592,1944,bottle,677,1395,886,1612
r_102.tif,2592,1944,bottle,677,1395,886,1612
re_102.tif,2592,1944,bottle,677,1395,886,1612
rgb_102.jpg,2592,1944,bottle,677,1395,886,1612
g_102.tif,2592,1944,bottle,647,1156,852,1444
nir_102.tif,2592,1944,bottle,647,1156,852,1444
r_102.tif,2592,1944,bottle,647,1156,852,1444
re_102.tif,2592,1944,bottle,647,1156,852,1444
rgb_102.jpg,2592,1944,bottle,647,1156,852,1444
g_102.tif,2592,1944,bottle,533,1109,794,1237
nir_102.tif,2592,1944,bottle,533,1109,794,1237
r_102.tif,2592,1944,bottle,533,1109,794,1237
re_102.tif,2592,1944,bottle,533,1109,794,1237
rgb_102.jpg,2592,1944,bottle,533,1109,794,1237
g_102.tif,2592,1944,bottle,654,917,768,1163
nir_102.tif,2592,1944,bottle,654,917,768,1163
r_102.tif,2592,1944,bottle,654,917,768,1163
re_102.tif,2592,1944,bottle,654,917,768,1163
rgb_102.jpg,2592,1944,bottle,654,917,768,1163
g_102.tif,2592,1944,bottle,973,980,1075,1196
nir_102.tif,2592,1944,bottle,973,980,1075,1196
r_102.tif,2592,1944,bottle,973,980,1075,1196
re_102.tif,2592,1944,bottle,973,980,1075,1196
rgb_102.jpg,2592,1944,bottle,973,980,1075,1196
g_102.tif,2592,1944,bottle,968,903,1101,1072
nir_102.tif,2592,1944,bottle,968,903,1101,1072
r_102.tif,2592,1944,bottle,968,903,1101,1072
re_102.tif,2592,1944,bottle,968,903,1101,1072
rgb_102.jpg,2592,1944,bottle,968,903,1101,1072
g_102.tif,2592,1944,bottle,98,972,373,1114
nir_102.tif,2592,1944,bottle,98,972,373,1114
r_102.tif,2592,1944,bottle,98,972,373,1114
re_102.tif,2592,1944,bottle,98,972,373,1114
rgb_102.jpg,2592,1944,bottle,98,972,373,1114
g_102.tif,2592,1944,bottle,84,1151,424,1275
nir_102.tif,2592,1944,bottle,84,1151,424,1275
r_102.tif,2592,1944,bottle,84,1151,424,1275
re_102.tif,2592,1944,bottle,84,1151,424,1275
rgb_102.jpg,2592,1944,bottle,84,1151,424,1275
g_102.tif,2592,1944,bottle,335,1147,468,1349
nir_102.tif,2592,1944,bottle,335,1147,468,1349
r_102.tif,2592,1944,bottle,335,1147,468,1349
re_102.tif,2592,1944,bottle,335,1147,468,1349
rgb_102.jpg,2592,1944,bottle,335,1147,468,1349
g_102.tif,2592,1944,bottle,428,1172,715,1328
nir_102.tif,2592,1944,bottle,428,1172,715,1328
r_102.tif,2592,1944,bottle,428,1172,715,1328
re_102.tif,2592,1944,bottle,428,1172,715,1328
rgb_102.jpg,2592,1944,bottle,428,1172,715,1328
g_102.tif,2592,1944,bottle,372,1359,589,1626
nir_102.tif,2592,1944,bottle,372,1359,589,1626
r_102.tif,2592,1944,bottle,372,1359,589,1626
re_102.tif,2592,1944,bottle,372,1359,589,1626
rgb_102.jpg,2592,1944,bottle,372,1359,589,1626
g_102.tif,2592,1944,bottle,565,1340,668,1535
nir_102.tif,2592,1944,bottle,565,1340,668,1535
r_102.tif,2592,1944,bottle,565,1340,668,1535
re_102.tif,2592,1944,bottle,565,1340,668,1535
rgb_102.jpg,2592,1944,bottle,565,1340,668,1535
g_102.tif,2592,1944,bottle,1,1254,250,1466
nir_102.tif,2592,1944,bottle,1,1254,250,1466
r_102.tif,2592,1944,bottle,1,1254,250,1466
re_102.tif,2592,1944,bottle,1,1254,250,1466
rgb_102.jpg,2592,1944,bottle,1,1254,250,1466
g_102.tif,2592,1944,bottle,1,1102,212,1207
nir_102.tif,2592,1944,bottle,1,1102,212,1207
r_102.tif,2592,1944,bottle,1,1102,212,1207
re_102.tif,2592,1944,bottle,1,1102,212,1207
rgb_102.jpg,2592,1944,bottle,1,1102,212,1207
g_102.tif,2592,1944,bottle,386,1045,668,1138
nir_102.tif,2592,1944,bottle,386,1045,668,1138
r_102.tif,2592,1944,bottle,386,1045,668,1138
re_102.tif,2592,1944,bottle,386,1045,668,1138
rgb_102.jpg,2592,1944,bottle,386,1045,668,1138
g_102.tif,2592,1944,bottle,747,1068,961,1226
nir_102.tif,2592,1944,bottle,747,1068,961,1226
r_102.tif,2592,1944,bottle,747,1068,961,1226
re_102.tif,2592,1944,bottle,747,1068,961,1226
rgb_102.jpg,2592,1944,bottle,747,1068,961,1226
g_102.tif,2592,1944,bottle,779,1033,865,1121
nir_102.tif,2592,1944,bottle,779,1033,865,1121
r_102.tif,2592,1944,bottle,779,1033,865,1121
re_102.tif,2592,1944,bottle,779,1033,865,1121
rgb_102.jpg,2592,1944,bottle,779,1033,865,1121
g_102.tif,2592,1944,bottle,1065,896,1222,954
nir_102.tif,2592,1944,bottle,1065,896,1222,954
r_102.tif,2592,1944,bottle,1065,896,1222,954
re_102.tif,2592,1944,bottle,1065,896,1222,954
rgb_102.jpg,2592,1944,bottle,1065,896,1222,954
g_102.tif,2592,1944,bottle,1098,1007,1301,1091
nir_102.tif,2592,1944,bottle,1098,1007,1301,1091
r_102.tif,2592,1944,bottle,1098,1007,1301,1091
re_102.tif,2592,1944,bottle,1098,1007,1301,1091
rgb_102.jpg,2592,1944,bottle,1098,1007,1301,1091
g_102.tif,2592,1944,container,757,723,1066,900
nir_102.tif,2592,1944,container,757,723,1066,900
r_102.tif,2592,1944,container,757,723,1066,900
re_102.tif,2592,1944,container,757,723,1066,900
rgb_102.jpg,2592,1944,container,757,723,1066,900
g_102.tif,2592,1944,container,1168,837,1291,902
nir_102.tif,2592,1944,container,1168,837,1291,902
r_102.tif,2592,1944,container,1168,837,1291,902
re_102.tif,2592,1944,container,1168,837,1291,902
rgb_102.jpg,2592,1944,container,1168,837,1291,902
g_102.tif,2592,1944,bottle,586,851,701,998
nir_102.tif,2592,1944,bottle,586,851,701,998
r_102.tif,2592,1944,bottle,586,851,701,998
re_102.tif,2592,1944,bottle,586,851,701,998
rgb_102.jpg,2592,1944,bottle,586,851,701,998
g_102.tif,2592,1944,bottle,193,863,440,965
nir_102.tif,2592,1944,bottle,193,863,440,965
r_102.tif,2592,1944,bottle,193,863,440,965
re_102.tif,2592,1944,bottle,193,863,440,965
rgb_102.jpg,2592,1944,bottle,193,863,440,965
g_102.tif,2592,1944,bottle,381,927,618,1055
nir_102.tif,2592,1944,bottle,381,927,618,1055
r_102.tif,2592,1944,bottle,381,927,618,1055
re_102.tif,2592,1944,bottle,381,927,618,1055
rgb_102.jpg,2592,1944,bottle,381,927,618,1055
g_102.tif,2592,1944,bottle,428,844,522,945
nir_102.tif,2592,1944,bottle,428,844,522,945
r_102.tif,2592,1944,bottle,428,844,522,945
re_102.tif,2592,1944,bottle,428,844,522,945
rgb_102.jpg,2592,1944,bottle,428,844,522,945
g_102.tif,2592,1944,bottle,1108,937,1272,1016
nir_102.tif,2592,1944,bottle,1108,937,1272,1016
r_102.tif,2592,1944,bottle,1108,937,1272,1016
re_102.tif,2592,1944,bottle,1108,937,1272,1016
rgb_102.jpg,2592,1944,bottle,1108,937,1272,1016
g_102.tif,2592,1944,bottle,1442,845,1605,928
nir_102.tif,2592,1944,bottle,1442,845,1605,928
r_102.tif,2592,1944,bottle,1442,845,1605,928
re_102.tif,2592,1944,bottle,1442,845,1605,928
rgb_102.jpg,2592,1944,bottle,1442,845,1605,928
g_102.tif,2592,1944,bottle,1489,884,1638,928
nir_102.tif,2592,1944,bottle,1489,884,1638,928
r_102.tif,2592,1944,bottle,1489,884,1638,928
re_102.tif,2592,1944,bottle,1489,884,1638,928
rgb_102.jpg,2592,1944,bottle,1489,884,1638,928
g_102.tif,2592,1944,bottle,1961,977,2189,1066
nir_102.tif,2592,1944,bottle,1961,977,2189,1066
r_102.tif,2592,1944,bottle,1961,977,2189,1066
re_102.tif,2592,1944,bottle,1961,977,2189,1066
rgb_102.jpg,2592,1944,bottle,1961,977,2189,1066
g_102.tif,2592,1944,bottle,1845,875,1926,1024
nir_102.tif,2592,1944,bottle,1845,875,1926,1024
r_102.tif,2592,1944,bottle,1845,875,1926,1024
re_102.tif,2592,1944,bottle,1845,875,1926,1024
rgb_102.jpg,2592,1944,bottle,1845,875,1926,1024
g_102.tif,2592,1944,bottle,1800,949,1879,1021
nir_102.tif,2592,1944,bottle,1800,949,1879,1021
r_102.tif,2592,1944,bottle,1800,949,1879,1021
re_102.tif,2592,1944,bottle,1800,949,1879,1021
rgb_102.jpg,2592,1944,bottle,1800,949,1879,1021
g_102.tif,2592,1944,bottle,1940,907,2021,1068
nir_102.tif,2592,1944,bottle,1940,907,2021,1068
r_102.tif,2592,1944,bottle,1940,907,2021,1068
re_102.tif,2592,1944,bottle,1940,907,2021,1068
rgb_102.jpg,2592,1944,bottle,1940,907,2021,1068
g_102.tif,2592,1944,bottle,1612,933,1735,1051
nir_102.tif,2592,1944,bottle,1612,933,1735,1051
r_102.tif,2592,1944,bottle,1612,933,1735,1051
re_102.tif,2592,1944,bottle,1612,933,1735,1051
rgb_102.jpg,2592,1944,bottle,1612,933,1735,1051
g_102.tif,2592,1944,bottle,1707,977,1801,1052
nir_102.tif,2592,1944,bottle,1707,977,1801,1052
r_102.tif,2592,1944,bottle,1707,977,1801,1052
re_102.tif,2592,1944,bottle,1707,977,1801,1052
rgb_102.jpg,2592,1944,bottle,1707,977,1801,1052
g_102.tif,2592,1944,bottle,1543,919,1687,980
nir_102.tif,2592,1944,bottle,1543,919,1687,980
r_102.tif,2592,1944,bottle,1543,919,1687,980
re_102.tif,2592,1944,bottle,1543,919,1687,980
rgb_102.jpg,2592,1944,bottle,1543,919,1687,980
g_102.tif,2592,1944,bottle,2000,912,2110,984
nir_102.tif,2592,1944,bottle,2000,912,2110,984
r_102.tif,2592,1944,bottle,2000,912,2110,984
re_102.tif,2592,1944,bottle,2000,912,2110,984
rgb_102.jpg,2592,1944,bottle,2000,912,2110,984
g_102.tif,2592,1944,can,766,1198,1143,1593
nir_102.tif,2592,1944,can,766,1198,1143,1593
r_102.tif,2592,1944,can,766,1198,1143,1593
re_102.tif,2592,1944,can,766,1198,1143,1593
rgb_102.jpg,2592,1944,can,766,1198,1143,1593
g_102.tif,2592,1944,can,1233,1273,1559,1603
nir_102.tif,2592,1944,can,1233,1273,1559,1603
r_102.tif,2592,1944,can,1233,1273,1559,1603
re_102.tif,2592,1944,can,1233,1273,1559,1603
rgb_102.jpg,2592,1944,can,1233,1273,1559,1603
g_102.tif,2592,1944,can,1114,1105,1422,1386
nir_102.tif,2592,1944,can,1114,1105,1422,1386
r_102.tif,2592,1944,can,1114,1105,1422,1386
re_102.tif,2592,1944,can,1114,1105,1422,1386
rgb_102.jpg,2592,1944,can,1114,1105,1422,1386
g_102.tif,2592,1944,can,719,866,998,1137
nir_102.tif,2592,1944,can,719,866,998,1137
r_102.tif,2592,1944,can,719,866,998,1137
re_102.tif,2592,1944,can,719,866,998,1137
rgb_102.jpg,2592,1944,can,719,866,998,1137
g_102.tif,2592,1944,can,1293,952,1535,1256
nir_102.tif,2592,1944,can,1293,952,1535,1256
r_102.tif,2592,1944,can,1293,952,1535,1256
re_102.tif,2592,1944,can,1293,952,1535,1256
rgb_102.jpg,2592,1944,can,1293,952,1535,1256
g_102.tif,2592,1944,can,1524,1038,1859,1259
nir_102.tif,2592,1944,can,1524,1038,1859,1259
r_102.tif,2592,1944,can,1524,1038,1859,1259
re_102.tif,2592,1944,can,1524,1038,1859,1259
rgb_102.jpg,2592,1944,can,1524,1038,1859,1259
g_102.tif,2592,1944,can,1814,1109,2107,1349
nir_102.tif,2592,1944,can,1814,1109,2107,1349
r_102.tif,2592,1944,can,1814,1109,2107,1349
re_102.tif,2592,1944,can,1814,1109,2107,1349
rgb_102.jpg,2592,1944,can,1814,1109,2107,1349
g_102.tif,2592,1944,can,1750,1000,2043,1173
nir_102.tif,2592,1944,can,1750,1000,2043,1173
r_102.tif,2592,1944,can,1750,1000,2043,1173
re_102.tif,2592,1944,can,1750,1000,2043,1173
rgb_102.jpg,2592,1944,can,1750,1000,2043,1173
g_102.tif,2592,1944,can,1282,903,1577,1080
nir_102.tif,2592,1944,can,1282,903,1577,1080
r_102.tif,2592,1944,can,1282,903,1577,1080
re_102.tif,2592,1944,can,1282,903,1577,1080
rgb_102.jpg,2592,1944,can,1282,903,1577,1080
g_102.tif,2592,1944,container,1456,1212,1931,1424
nir_102.tif,2592,1944,container,1456,1212,1931,1424
r_102.tif,2592,1944,container,1456,1212,1931,1424
re_102.tif,2592,1944,container,1456,1212,1931,1424
rgb_102.jpg,2592,1944,container,1456,1212,1931,1424
g_103.tif,2592,1944,bottle,56,1549,296,1816
nir_103.tif,2592,1944,bottle,56,1549,296,1816
r_103.tif,2592,1944,bottle,56,1549,296,1816
re_103.tif,2592,1944,bottle,56,1549,296,1816
rgb_103.jpg,2592,1944,bottle,56,1549,296,1816
g_103.tif,2592,1944,bottle,375,1431,617,1689
nir_103.tif,2592,1944,bottle,375,1431,617,1689
r_103.tif,2592,1944,bottle,375,1431,617,1689
re_103.tif,2592,1944,bottle,375,1431,617,1689
rgb_103.jpg,2592,1944,bottle,375,1431,617,1689
g_103.tif,2592,1944,bottle,547,1566,680,1840
nir_103.tif,2592,1944,bottle,547,1566,680,1840
r_103.tif,2592,1944,bottle,547,1566,680,1840
re_103.tif,2592,1944,bottle,547,1566,680,1840
rgb_103.jpg,2592,1944,bottle,547,1566,680,1840
g_103.tif,2592,1944,bottle,508,1789,747,1944
nir_103.tif,2592,1944,bottle,508,1789,747,1944
r_103.tif,2592,1944,bottle,508,1789,747,1944
re_103.tif,2592,1944,bottle,508,1789,747,1944
rgb_103.jpg,2592,1944,bottle,508,1789,747,1944
g_103.tif,2592,1944,bottle,856,1723,1157,1835
nir_103.tif,2592,1944,bottle,856,1723,1157,1835
r_103.tif,2592,1944,bottle,856,1723,1157,1835
re_103.tif,2592,1944,bottle,856,1723,1157,1835
rgb_103.jpg,2592,1944,bottle,856,1723,1157,1835
g_103.tif,2592,1944,bottle,1045,1726,1329,1923
nir_103.tif,2592,1944,bottle,1045,1726,1329,1923
r_103.tif,2592,1944,bottle,1045,1726,1329,1923
re_103.tif,2592,1944,bottle,1045,1726,1329,1923
rgb_103.jpg,2592,1944,bottle,1045,1726,1329,1923
g_103.tif,2592,1944,bottle,772,1437,956,1651
nir_103.tif,2592,1944,bottle,772,1437,956,1651
r_103.tif,2592,1944,bottle,772,1437,956,1651
re_103.tif,2592,1944,bottle,772,1437,956,1651
rgb_103.jpg,2592,1944,bottle,772,1437,956,1651
g_103.tif,2592,1944,bottle,694,1375,765,1580
nir_103.tif,2592,1944,bottle,694,1375,765,1580
r_103.tif,2592,1944,bottle,694,1375,765,1580
re_103.tif,2592,1944,bottle,694,1375,765,1580
rgb_103.jpg,2592,1944,bottle,694,1375,765,1580
g_103.tif,2592,1944,bottle,170,1328,422,1516
nir_103.tif,2592,1944,bottle,170,1328,422,1516
r_103.tif,2592,1944,bottle,170,1328,422,1516
re_103.tif,2592,1944,bottle,170,1328,422,1516
rgb_103.jpg,2592,1944,bottle,170,1328,422,1516
g_103.tif,2592,1944,bottle,21,1328,293,1437
nir_103.tif,2592,1944,bottle,21,1328,293,1437
r_103.tif,2592,1944,bottle,21,1328,293,1437
re_103.tif,2592,1944,bottle,21,1328,293,1437
rgb_103.jpg,2592,1944,bottle,21,1328,293,1437
g_103.tif,2592,1944,bottle,19,1235,298,1365
nir_103.tif,2592,1944,bottle,19,1235,298,1365
r_103.tif,2592,1944,bottle,19,1235,298,1365
re_103.tif,2592,1944,bottle,19,1235,298,1365
rgb_103.jpg,2592,1944,bottle,19,1235,298,1365
g_103.tif,2592,1944,bottle,82,1173,350,1266
nir_103.tif,2592,1944,bottle,82,1173,350,1266
r_103.tif,2592,1944,bottle,82,1173,350,1266
re_103.tif,2592,1944,bottle,82,1173,350,1266
rgb_103.jpg,2592,1944,bottle,82,1173,350,1266
g_103.tif,2592,1944,bottle,261,1224,498,1321
nir_103.tif,2592,1944,bottle,261,1224,498,1321
r_103.tif,2592,1944,bottle,261,1224,498,1321
re_103.tif,2592,1944,bottle,261,1224,498,1321
rgb_103.jpg,2592,1944,bottle,261,1224,498,1321
g_103.tif,2592,1944,bottle,468,1217,594,1416
nir_103.tif,2592,1944,bottle,468,1217,594,1416
r_103.tif,2592,1944,bottle,468,1217,594,1416
re_103.tif,2592,1944,bottle,468,1217,594,1416
rgb_103.jpg,2592,1944,bottle,468,1217,594,1416
g_103.tif,2592,1944,bottle,566,1247,800,1389
nir_103.tif,2592,1944,bottle,566,1247,800,1389
r_103.tif,2592,1944,bottle,566,1247,800,1389
re_103.tif,2592,1944,bottle,566,1247,800,1389
rgb_103.jpg,2592,1944,bottle,566,1247,800,1389
g_103.tif,2592,1944,bottle,749,1256,917,1477
nir_103.tif,2592,1944,bottle,749,1256,917,1477
r_103.tif,2592,1944,bottle,749,1256,917,1477
re_103.tif,2592,1944,bottle,749,1256,917,1477
rgb_103.jpg,2592,1944,bottle,749,1256,917,1477
g_103.tif,2592,1944,bottle,622,1172,850,1302
nir_103.tif,2592,1944,bottle,622,1172,850,1302
r_103.tif,2592,1944,bottle,622,1172,850,1302
re_103.tif,2592,1944,bottle,622,1172,850,1302
rgb_103.jpg,2592,1944,bottle,622,1172,850,1302
g_103.tif,2592,1944,bottle,719,980,828,1214
nir_103.tif,2592,1944,bottle,719,980,828,1214
r_103.tif,2592,1944,bottle,719,980,828,1214
re_103.tif,2592,1944,bottle,719,980,828,1214
rgb_103.jpg,2592,1944,bottle,719,980,828,1214
g_103.tif,2592,1944,bottle,459,989,684,1119
nir_103.tif,2592,1944,bottle,459,989,684,1119
r_103.tif,2592,1944,bottle,459,989,684,1119
re_103.tif,2592,1944,bottle,459,989,684,1119
rgb_103.jpg,2592,1944,bottle,459,989,684,1119
g_103.tif,2592,1944,bottle,247,1061,500,1182
nir_103.tif,2592,1944,bottle,247,1061,500,1182
r_103.tif,2592,1944,bottle,247,1061,500,1182
re_103.tif,2592,1944,bottle,247,1061,500,1182
rgb_103.jpg,2592,1944,bottle,247,1061,500,1182
g_103.tif,2592,1944,bottle,308,905,519,1023
nir_103.tif,2592,1944,bottle,308,905,519,1023
r_103.tif,2592,1944,bottle,308,905,519,1023
re_103.tif,2592,1944,bottle,308,905,519,1023
rgb_103.jpg,2592,1944,bottle,308,905,519,1023
g_103.tif,2592,1944,bottle,482,868,600,1014
nir_103.tif,2592,1944,bottle,482,868,600,1014
r_103.tif,2592,1944,bottle,482,868,600,1014
re_103.tif,2592,1944,bottle,482,868,600,1014
rgb_103.jpg,2592,1944,bottle,482,868,600,1014
g_103.tif,2592,1944,bottle,656,868,765,1024
nir_103.tif,2592,1944,bottle,656,868,765,1024
r_103.tif,2592,1944,bottle,656,868,765,1024
re_103.tif,2592,1944,bottle,656,868,765,1024
rgb_103.jpg,2592,1944,bottle,656,868,765,1024
g_103.tif,2592,1944,bottle,1007,1026,1084,1221
nir_103.tif,2592,1944,bottle,1007,1026,1084,1221
r_103.tif,2592,1944,bottle,1007,1026,1084,1221
re_103.tif,2592,1944,bottle,1007,1026,1084,1221
rgb_103.jpg,2592,1944,bottle,1007,1026,1084,1221
g_103.tif,2592,1944,bottle,840,1087,1005,1226
nir_103.tif,2592,1944,bottle,840,1087,1005,1226
r_103.tif,2592,1944,bottle,840,1087,1005,1226
re_103.tif,2592,1944,bottle,840,1087,1005,1226
rgb_103.jpg,2592,1944,bottle,840,1087,1005,1226
g_103.tif,2592,1944,bottle,1086,1102,1284,1189
nir_103.tif,2592,1944,bottle,1086,1102,1284,1189
r_103.tif,2592,1944,bottle,1086,1102,1284,1189
re_103.tif,2592,1944,bottle,1086,1102,1284,1189
rgb_103.jpg,2592,1944,bottle,1086,1102,1284,1189
g_103.tif,2592,1944,bottle,993,944,1117,1089
nir_103.tif,2592,1944,bottle,993,944,1117,1089
r_103.tif,2592,1944,bottle,993,944,1117,1089
re_103.tif,2592,1944,bottle,993,944,1117,1089
rgb_103.jpg,2592,1944,bottle,993,944,1117,1089
g_103.tif,2592,1944,bottle,882,852,1091,938
nir_103.tif,2592,1944,bottle,882,852,1091,938
r_103.tif,2592,1944,bottle,882,852,1091,938
re_103.tif,2592,1944,bottle,882,852,1091,938
rgb_103.jpg,2592,1944,bottle,882,852,1091,938
g_103.tif,2592,1944,bottle,1059,898,1226,972
nir_103.tif,2592,1944,bottle,1059,898,1226,972
r_103.tif,2592,1944,bottle,1059,898,1226,972
re_103.tif,2592,1944,bottle,1059,898,1226,972
rgb_103.jpg,2592,1944,bottle,1059,898,1226,972
g_103.tif,2592,1944,bottle,1117,931,1257,1037
nir_103.tif,2592,1944,bottle,1117,931,1257,1037
r_103.tif,2592,1944,bottle,1117,931,1257,1037
re_103.tif,2592,1944,bottle,1117,931,1257,1037
rgb_103.jpg,2592,1944,bottle,1117,931,1257,1037
g_103.tif,2592,1944,bottle,1531,1037,1701,1098
nir_103.tif,2592,1944,bottle,1531,1037,1701,1098
r_103.tif,2592,1944,bottle,1531,1037,1701,1098
re_103.tif,2592,1944,bottle,1531,1037,1701,1098
rgb_103.jpg,2592,1944,bottle,1531,1037,1701,1098
g_103.tif,2592,1944,bottle,1410,845,1598,914
nir_103.tif,2592,1944,bottle,1410,845,1598,914
r_103.tif,2592,1944,bottle,1410,845,1598,914
re_103.tif,2592,1944,bottle,1410,845,1598,914
rgb_103.jpg,2592,1944,bottle,1410,845,1598,914
g_103.tif,2592,1944,bottle,1415,842,1563,945
nir_103.tif,2592,1944,bottle,1415,842,1563,945
r_103.tif,2592,1944,bottle,1415,842,1563,945
re_103.tif,2592,1944,bottle,1415,842,1563,945
rgb_103.jpg,2592,1944,bottle,1415,842,1563,945
g_103.tif,2592,1944,bottle,1528,910,1633,1014
nir_103.tif,2592,1944,bottle,1528,910,1633,1014
r_103.tif,2592,1944,bottle,1528,910,1633,1014
re_103.tif,2592,1944,bottle,1528,910,1633,1014
rgb_103.jpg,2592,1944,bottle,1528,910,1633,1014
g_103.tif,2592,1944,bottle,1747,926,1852,1044
nir_103.tif,2592,1944,bottle,1747,926,1852,1044
r_103.tif,2592,1944,bottle,1747,926,1852,1044
re_103.tif,2592,1944,bottle,1747,926,1852,1044
rgb_103.jpg,2592,1944,bottle,1747,926,1852,1044
g_103.tif,2592,1944,bottle,1794,856,1863,1003
nir_103.tif,2592,1944,bottle,1794,856,1863,1003
r_103.tif,2592,1944,bottle,1794,856,1863,1003
re_103.tif,2592,1944,bottle,1794,856,1863,1003
rgb_103.jpg,2592,1944,bottle,1794,856,1863,1003
g_103.tif,2592,1944,bottle,1836,942,1903,1038
nir_103.tif,2592,1944,bottle,1836,942,1903,1038
r_103.tif,2592,1944,bottle,1836,942,1903,1038
re_103.tif,2592,1944,bottle,1836,942,1903,1038
rgb_103.jpg,2592,1944,bottle,1836,942,1903,1038
g_103.tif,2592,1944,bottle,1894,947,2093,1038
nir_103.tif,2592,1944,bottle,1894,947,2093,1038
r_103.tif,2592,1944,bottle,1894,947,2093,1038
re_103.tif,2592,1944,bottle,1894,947,2093,1038
rgb_103.jpg,2592,1944,bottle,1894,947,2093,1038
g_103.tif,2592,1944,bottle,1873,898,1942,1045
nir_103.tif,2592,1944,bottle,1873,898,1942,1045
r_103.tif,2592,1944,bottle,1873,898,1942,1045
re_103.tif,2592,1944,bottle,1873,898,1942,1045
rgb_103.jpg,2592,1944,bottle,1873,898,1942,1045
g_103.tif,2592,1944,bottle,1886,877,2031,963
nir_103.tif,2592,1944,bottle,1886,877,2031,963
r_103.tif,2592,1944,bottle,1886,877,2031,963
re_103.tif,2592,1944,bottle,1886,877,2031,963
rgb_103.jpg,2592,1944,bottle,1886,877,2031,963
g_103.tif,2592,1944,can,842,1280,1159,1600
nir_103.tif,2592,1944,can,842,1280,1159,1600
r_103.tif,2592,1944,can,842,1280,1159,1600
re_103.tif,2592,1944,can,842,1280,1159,1600
rgb_103.jpg,2592,1944,can,842,1280,1159,1600
g_103.tif,2592,1944,can,1231,1316,1510,1610
nir_103.tif,2592,1944,can,1231,1316,1510,1610
r_103.tif,2592,1944,can,1231,1316,1510,1610
re_103.tif,2592,1944,can,1231,1316,1510,1610
rgb_103.jpg,2592,1944,can,1231,1316,1510,1610
g_103.tif,2592,1944,can,1124,1152,1396,1410
nir_103.tif,2592,1944,can,1124,1152,1396,1410
r_103.tif,2592,1944,can,1124,1152,1396,1410
re_103.tif,2592,1944,can,1124,1152,1396,1410
rgb_103.jpg,2592,1944,can,1124,1152,1396,1410
g_103.tif,2592,1944,can,784,907,1026,1156
nir_103.tif,2592,1944,can,784,907,1026,1156
r_103.tif,2592,1944,can,784,907,1026,1156
re_103.tif,2592,1944,can,784,907,1026,1156
rgb_103.jpg,2592,1944,can,784,907,1026,1156
g_103.tif,2592,1944,container,796,721,1077,947
nir_103.tif,2592,1944,container,796,721,1077,947
r_103.tif,2592,1944,container,796,721,1077,947
re_103.tif,2592,1944,container,796,721,1077,947
rgb_103.jpg,2592,1944,container,796,721,1077,947
g_103.tif,2592,1944,container,1168,807,1291,884
nir_103.tif,2592,1944,container,1168,807,1291,884
r_103.tif,2592,1944,container,1168,807,1291,884
re_103.tif,2592,1944,container,1168,807,1291,884
rgb_103.jpg,2592,1944,container,1168,807,1291,884
g_103.tif,2592,1944,container,1436,1242,1828,1449
nir_103.tif,2592,1944,container,1436,1242,1828,1449
r_103.tif,2592,1944,container,1436,1242,1828,1449
re_103.tif,2592,1944,container,1436,1242,1828,1449
rgb_103.jpg,2592,1944,container,1436,1242,1828,1449
g_103.tif,2592,1944,can,1287,982,1489,1254
nir_103.tif,2592,1944,can,1287,982,1489,1254
r_103.tif,2592,1944,can,1287,982,1489,1254
re_103.tif,2592,1944,can,1287,982,1489,1254
rgb_103.jpg,2592,1944,can,1287,982,1489,1254
g_103.tif,2592,1944,can,1279,914,1549,1112
nir_103.tif,2592,1944,can,1279,914,1549,1112
r_103.tif,2592,1944,can,1279,914,1549,1112
re_103.tif,2592,1944,can,1279,914,1549,1112
rgb_103.jpg,2592,1944,can,1279,914,1549,1112
g_103.tif,2592,1944,can,1491,1080,1780,1273
nir_103.tif,2592,1944,can,1491,1080,1780,1273
r_103.tif,2592,1944,can,1491,1080,1780,1273
re_103.tif,2592,1944,can,1491,1080,1780,1273
rgb_103.jpg,2592,1944,can,1491,1080,1780,1273
g_103.tif,2592,1944,can,1680,1017,1947,1180
nir_103.tif,2592,1944,can,1680,1017,1947,1180
r_103.tif,2592,1944,can,1680,1017,1947,1180
re_103.tif,2592,1944,can,1680,1017,1947,1180
rgb_103.jpg,2592,1944,can,1680,1017,1947,1180
g_103.tif,2592,1944,can,1740,1131,1998,1344
nir_103.tif,2592,1944,can,1740,1131,1998,1344
r_103.tif,2592,1944,can,1740,1131,1998,1344
re_103.tif,2592,1944,can,1740,1131,1998,1344
rgb_103.jpg,2592,1944,can,1740,1131,1998,1344
g_104.tif,2592,1944,bottle,549,1561,808,1856
nir_104.tif,2592,1944,bottle,549,1561,808,1856
r_104.tif,2592,1944,bottle,549,1561,808,1856
re_104.tif,2592,1944,bottle,549,1561,808,1856
rgb_104.jpg,2592,1944,bottle,549,1561,808,1856
g_104.tif,2592,1944,bottle,929,1482,1212,1602
nir_104.tif,2592,1944,bottle,929,1482,1212,1602
r_104.tif,2592,1944,bottle,929,1482,1212,1602
re_104.tif,2592,1944,bottle,929,1482,1212,1602
rgb_104.jpg,2592,1944,bottle,929,1482,1212,1602
g_104.tif,2592,1944,bottle,1101,1489,1387,1687
nir_104.tif,2592,1944,bottle,1101,1489,1387,1687
r_104.tif,2592,1944,bottle,1101,1489,1387,1687
re_104.tif,2592,1944,bottle,1101,1489,1387,1687
rgb_104.jpg,2592,1944,bottle,1101,1489,1387,1687
g_104.tif,2592,1944,bottle,605,1337,749,1587
nir_104.tif,2592,1944,bottle,605,1337,749,1587
r_104.tif,2592,1944,bottle,605,1337,749,1587
re_104.tif,2592,1944,bottle,605,1337,749,1587
rgb_104.jpg,2592,1944,bottle,605,1337,749,1587
g_104.tif,2592,1944,bottle,121,1317,365,1570
nir_104.tif,2592,1944,bottle,121,1317,365,1570
r_104.tif,2592,1944,bottle,121,1317,365,1570
re_104.tif,2592,1944,bottle,121,1317,365,1570
rgb_104.jpg,2592,1944,bottle,121,1317,365,1570
g_104.tif,2592,1944,bottle,452,1200,670,1449
nir_104.tif,2592,1944,bottle,452,1200,670,1449
r_104.tif,2592,1944,bottle,452,1200,670,1449
re_104.tif,2592,1944,bottle,452,1200,670,1449
rgb_104.jpg,2592,1944,bottle,452,1200,670,1449
g_104.tif,2592,1944,bottle,433,1107,538,1373
nir_104.tif,2592,1944,bottle,433,1107,538,1373
r_104.tif,2592,1944,bottle,433,1107,538,1373
re_104.tif,2592,1944,bottle,433,1107,538,1373
rgb_104.jpg,2592,1944,bottle,433,1107,538,1373
g_104.tif,2592,1944,bottle,231,1102,465,1293
nir_104.tif,2592,1944,bottle,231,1102,465,1293
r_104.tif,2592,1944,bottle,231,1102,465,1293
re_104.tif,2592,1944,bottle,231,1102,465,1293
rgb_104.jpg,2592,1944,bottle,231,1102,465,1293
g_104.tif,2592,1944,bottle,82,1100,372,1214
nir_104.tif,2592,1944,bottle,82,1100,372,1214
r_104.tif,2592,1944,bottle,82,1100,372,1214
re_104.tif,2592,1944,bottle,82,1100,372,1214
rgb_104.jpg,2592,1944,bottle,82,1100,372,1214
g_104.tif,2592,1944,bottle,72,1014,345,1133
nir_104.tif,2592,1944,bottle,72,1014,345,1133
r_104.tif,2592,1944,bottle,72,1014,345,1133
re_104.tif,2592,1944,bottle,72,1014,345,1133
rgb_104.jpg,2592,1944,bottle,72,1014,345,1133
g_104.tif,2592,1944,bottle,121,942,394,1052
nir_104.tif,2592,1944,bottle,121,942,394,1052
r_104.tif,2592,1944,bottle,121,942,394,1052
re_104.tif,2592,1944,bottle,121,942,394,1052
rgb_104.jpg,2592,1944,bottle,121,942,394,1052
g_104.tif,2592,1944,bottle,308,993,580,1105
nir_104.tif,2592,1944,bottle,308,993,580,1105
r_104.tif,2592,1944,bottle,308,993,580,1105
re_104.tif,2592,1944,bottle,308,993,580,1105
rgb_104.jpg,2592,1944,bottle,308,993,580,1105
g_104.tif,2592,1944,bottle,507,986,645,1193
nir_104.tif,2592,1944,bottle,507,986,645,1193
r_104.tif,2592,1944,bottle,507,986,645,1193
re_104.tif,2592,1944,bottle,507,986,645,1193
rgb_104.jpg,2592,1944,bottle,507,986,645,1193
g_104.tif,2592,1944,bottle,603,1021,850,1170
nir_104.tif,2592,1944,bottle,603,1021,850,1170
r_104.tif,2592,1944,bottle,603,1021,850,1170
re_104.tif,2592,1944,bottle,603,1021,850,1170
rgb_104.jpg,2592,1944,bottle,603,1021,850,1170
g_104.tif,2592,1944,bottle,801,1033,961,1268
nir_104.tif,2592,1944,bottle,801,1033,961,1268
r_104.tif,2592,1944,bottle,801,1033,961,1268
re_104.tif,2592,1944,bottle,801,1033,961,1268
rgb_104.jpg,2592,1944,bottle,801,1033,961,1268
g_104.tif,2592,1944,bottle,528,884,789,977
nir_104.tif,2592,1944,bottle,528,884,789,977
r_104.tif,2592,1944,bottle,528,884,789,977
re_104.tif,2592,1944,bottle,528,884,789,977
rgb_104.jpg,2592,1944,bottle,528,884,789,977
g_104.tif,2592,1944,bottle,761,758,865,980
nir_104.tif,2592,1944,bottle,761,758,865,980
r_104.tif,2592,1944,bottle,761,758,865,980
re_104.tif,2592,1944,bottle,761,758,865,980
rgb_104.jpg,2592,1944,bottle,761,758,865,980
g_104.tif,2592,1944,bottle,689,645,794,805
nir_104.tif,2592,1944,bottle,689,645,794,805
r_104.tif,2592,1944,bottle,689,645,794,805
re_104.tif,2592,1944,bottle,689,645,794,805
rgb_104.jpg,2592,1944,bottle,689,645,794,805
g_104.tif,2592,1944,bottle,324,666,550,803
nir_104.tif,2592,1944,bottle,324,666,550,803
r_104.tif,2592,1944,bottle,324,666,550,803
re_104.tif,2592,1944,bottle,324,666,550,803
rgb_104.jpg,2592,1944,bottle,324,666,550,803
g_104.tif,2592,1944,bottle,293,831,529,952
nir_104.tif,2592,1944,bottle,293,831,529,952
r_104.tif,2592,1944,bottle,293,831,529,952
re_104.tif,2592,1944,bottle,293,831,529,952
rgb_104.jpg,2592,1944,bottle,293,831,529,952
g_104.tif,2592,1944,bottle,284,772,487,944
nir_104.tif,2592,1944,bottle,284,772,487,944
r_104.tif,2592,1944,bottle,284,772,487,944
re_104.tif,2592,1944,bottle,284,772,487,944
rgb_104.jpg,2592,1944,bottle,284,772,487,944
g_104.tif,2592,1944,bottle,665,954,880,1068
nir_104.tif,2592,1944,bottle,665,954,880,1068
r_104.tif,2592,1944,bottle,665,954,880,1068
re_104.tif,2592,1944,bottle,665,954,880,1068
rgb_104.jpg,2592,1944,bottle,665,954,880,1068
g_104.tif,2592,1944,bottle,736,1109,838,1349
nir_104.tif,2592,1944,bottle,736,1109,838,1349
r_104.tif,2592,1944,bottle,736,1109,838,1349
re_104.tif,2592,1944,bottle,736,1109,838,1349
rgb_104.jpg,2592,1944,bottle,736,1109,838,1349
g_104.tif,2592,1944,bottle,835,1231,996,1421
nir_104.tif,2592,1944,bottle,835,1231,996,1421
r_104.tif,2592,1944,bottle,835,1231,996,1421
re_104.tif,2592,1944,bottle,835,1231,996,1421
rgb_104.jpg,2592,1944,bottle,835,1231,996,1421
g_104.tif,2592,1944,bottle,584,1193,742,1431
nir_104.tif,2592,1944,bottle,584,1193,742,1431
r_104.tif,2592,1944,bottle,584,1193,742,1431
re_104.tif,2592,1944,bottle,584,1193,742,1431
rgb_104.jpg,2592,1944,bottle,584,1193,742,1431
g_104.tif,2592,1944,bottle,510,642,636,807
nir_104.tif,2592,1944,bottle,510,642,636,807
r_104.tif,2592,1944,bottle,510,642,636,807
re_104.tif,2592,1944,bottle,510,642,636,807
rgb_104.jpg,2592,1944,bottle,510,642,636,807
g_104.tif,2592,1944,bottle,498,707,656,823
nir_104.tif,2592,1944,bottle,498,707,656,823
r_104.tif,2592,1944,bottle,498,707,656,823
re_104.tif,2592,1944,bottle,498,707,656,823
rgb_104.jpg,2592,1944,bottle,498,707,656,823
g_104.tif,2592,1944,bottle,512,752,724,907
nir_104.tif,2592,1944,bottle,512,752,724,907
r_104.tif,2592,1944,bottle,512,752,724,907
re_104.tif,2592,1944,bottle,512,752,724,907
rgb_104.jpg,2592,1944,bottle,512,752,724,907
g_104.tif,2592,1944,bottle,1094,668,1291,742
nir_104.tif,2592,1944,bottle,1094,668,1291,742
r_104.tif,2592,1944,bottle,1094,668,1291,742
re_104.tif,2592,1944,bottle,1094,668,1291,742
rgb_104.jpg,2592,1944,bottle,1094,668,1291,742
g_104.tif,2592,1944,bottle,1040,814,1119,1007
nir_104.tif,2592,1944,bottle,1040,814,1119,1007
r_104.tif,2592,1944,bottle,1040,814,1119,1007
re_104.tif,2592,1944,bottle,1040,814,1119,1007
rgb_104.jpg,2592,1944,bottle,1040,814,1119,1007
g_104.tif,2592,1944,bottle,949,984,1140,1066
nir_104.tif,2592,1944,bottle,949,984,1140,1066
r_104.tif,2592,1944,bottle,949,984,1140,1066
re_104.tif,2592,1944,bottle,949,984,1140,1066
rgb_104.jpg,2592,1944,bottle,949,984,1140,1066
g_104.tif,2592,1944,bottle,833,910,1028,1068
nir_104.tif,2592,1944,bottle,833,910,1028,1068
r_104.tif,2592,1944,bottle,833,910,1028,1068
re_104.tif,2592,1944,bottle,833,910,1028,1068
rgb_104.jpg,2592,1944,bottle,833,910,1028,1068
g_104.tif,2592,1944,container,822,491,1105,751
nir_104.tif,2592,1944,container,822,491,1105,751
r_104.tif,2592,1944,container,822,491,1105,751
re_104.tif,2592,1944,container,822,491,1105,751
rgb_104.jpg,2592,1944,container,822,491,1105,751
g_104.tif,2592,1944,container,1207,582,1322,659
nir_104.tif,2592,1944,container,1207,582,1322,659
r_104.tif,2592,1944,container,1207,582,1322,659
re_104.tif,2592,1944,container,1207,582,1322,659
rgb_104.jpg,2592,1944,container,1207,582,1322,659
g_104.tif,2592,1944,can,810,687,1059,931
nir_104.tif,2592,1944,can,810,687,1059,931
r_104.tif,2592,1944,can,810,687,1059,931
re_104.tif,2592,1944,can,810,687,1059,931
rgb_104.jpg,2592,1944,can,810,687,1059,931
g_104.tif,2592,1944,can,891,1052,1193,1373
nir_104.tif,2592,1944,can,891,1052,1193,1373
r_104.tif,2592,1944,can,891,1052,1193,1373
re_104.tif,2592,1944,can,891,1052,1193,1373
rgb_104.jpg,2592,1944,can,891,1052,1193,1373
g_104.tif,2592,1944,can,1163,944,1431,1207
nir_104.tif,2592,1944,can,1163,944,1431,1207
r_104.tif,2592,1944,can,1163,944,1431,1207
re_104.tif,2592,1944,can,1163,944,1431,1207
rgb_104.jpg,2592,1944,can,1163,944,1431,1207
g_104.tif,2592,1944,can,1275,1102,1550,1384
nir_104.tif,2592,1944,can,1275,1102,1550,1384
r_104.tif,2592,1944,can,1275,1102,1550,1384
re_104.tif,2592,1944,can,1275,1102,1550,1384
rgb_104.jpg,2592,1944,can,1275,1102,1550,1384
g_104.tif,2592,1944,container,1498,1010,1870,1223
nir_104.tif,2592,1944,container,1498,1010,1870,1223
r_104.tif,2592,1944,container,1498,1010,1870,1223
re_104.tif,2592,1944,container,1498,1010,1870,1223
rgb_104.jpg,2592,1944,container,1498,1010,1870,1223
g_104.tif,2592,1944,can,1324,754,1528,1045
nir_104.tif,2592,1944,can,1324,754,1528,1045
r_104.tif,2592,1944,can,1324,754,1528,1045
re_104.tif,2592,1944,can,1324,754,1528,1045
rgb_104.jpg,2592,1944,can,1324,754,1528,1045
g_104.tif,2592,1944,can,1315,695,1587,893
nir_104.tif,2592,1944,can,1315,695,1587,893
r_104.tif,2592,1944,can,1315,695,1587,893
re_104.tif,2592,1944,can,1315,695,1587,893
rgb_104.jpg,2592,1944,can,1315,695,1587,893
g_104.tif,2592,1944,can,1529,859,1819,1044
nir_104.tif,2592,1944,can,1529,859,1819,1044
r_104.tif,2592,1944,can,1529,859,1819,1044
re_104.tif,2592,1944,can,1529,859,1819,1044
rgb_104.jpg,2592,1944,can,1529,859,1819,1044
g_104.tif,2592,1944,can,1733,795,1987,952
nir_104.tif,2592,1944,can,1733,795,1987,952
r_104.tif,2592,1944,can,1733,795,1987,952
re_104.tif,2592,1944,can,1733,795,1987,952
rgb_104.jpg,2592,1944,can,1733,795,1987,952
g_104.tif,2592,1944,can,1768,909,2029,1117
nir_104.tif,2592,1944,can,1768,909,2029,1117
r_104.tif,2592,1944,can,1768,909,2029,1117
re_104.tif,2592,1944,can,1768,909,2029,1117
rgb_104.jpg,2592,1944,can,1768,909,2029,1117
g_104.tif,2592,1944,bottle,1933,724,2129,817
nir_104.tif,2592,1944,bottle,1933,724,2129,817
r_104.tif,2592,1944,bottle,1933,724,2129,817
re_104.tif,2592,1944,bottle,1933,724,2129,817
rgb_104.jpg,2592,1944,bottle,1933,724,2129,817
g_104.tif,2592,1944,bottle,1836,624,1903,787
nir_104.tif,2592,1944,bottle,1836,624,1903,787
r_104.tif,2592,1944,bottle,1836,624,1903,787
re_104.tif,2592,1944,bottle,1836,624,1903,787
rgb_104.jpg,2592,1944,bottle,1836,624,1903,787
g_104.tif,2592,1944,bottle,1786,702,1870,817
nir_104.tif,2592,1944,bottle,1786,702,1870,817
r_104.tif,2592,1944,bottle,1786,702,1870,817
re_104.tif,2592,1944,bottle,1786,702,1870,817
rgb_104.jpg,2592,1944,bottle,1786,702,1870,817
g_104.tif,2592,1944,bottle,1872,707,1952,833
nir_104.tif,2592,1944,bottle,1872,707,1952,833
r_104.tif,2592,1944,bottle,1872,707,1952,833
re_104.tif,2592,1944,bottle,1872,707,1952,833
rgb_104.jpg,2592,1944,bottle,1872,707,1952,833
g_104.tif,2592,1944,bottle,1656,742,1779,849
nir_104.tif,2592,1944,bottle,1656,742,1779,849
r_104.tif,2592,1944,bottle,1656,742,1779,849
re_104.tif,2592,1944,bottle,1656,742,1779,849
rgb_104.jpg,2592,1944,bottle,1656,742,1779,849
g_104.tif,2592,1944,bottle,1605,705,1708,824
nir_104.tif,2592,1944,bottle,1605,705,1708,824
r_104.tif,2592,1944,bottle,1605,705,1708,824
re_104.tif,2592,1944,bottle,1605,705,1708,824
rgb_104.jpg,2592,1944,bottle,1605,705,1708,824
g_104.tif,2592,1944,bottle,1572,819,1728,882
nir_104.tif,2592,1944,bottle,1572,819,1728,882
r_104.tif,2592,1944,bottle,1572,819,1728,882
re_104.tif,2592,1944,bottle,1572,819,1728,882
rgb_104.jpg,2592,1944,bottle,1572,819,1728,882
g_104.tif,2592,1944,bottle,1450,628,1642,695
nir_104.tif,2592,1944,bottle,1450,628,1642,695
r_104.tif,2592,1944,bottle,1450,628,1642,695
re_104.tif,2592,1944,bottle,1450,628,1642,695
rgb_104.jpg,2592,1944,bottle,1450,628,1642,695
g_104.tif,2592,1944,bottle,1452,617,1614,726
nir_104.tif,2592,1944,bottle,1452,617,1614,726
r_104.tif,2592,1944,bottle,1452,617,1614,726
re_104.tif,2592,1944,bottle,1452,617,1614,726
rgb_104.jpg,2592,1944,bottle,1452,617,1614,726
g_104.tif,2592,1944,bottle,1142,802,1265,905
nir_104.tif,2592,1944,bottle,1142,802,1265,905
r_104.tif,2592,1944,bottle,1142,802,1265,905
re_104.tif,2592,1944,bottle,1142,802,1265,905
rgb_104.jpg,2592,1944,bottle,1142,802,1265,905
g_104.tif,2592,1944,bottle,1275,656,1465,735
nir_104.tif,2592,1944,bottle,1275,656,1465,735
r_104.tif,2592,1944,bottle,1275,656,1465,735
re_104.tif,2592,1944,bottle,1275,656,1465,735
rgb_104.jpg,2592,1944,bottle,1275,656,1465,735
g_105.tif,2592,1944,can,911,1276,1086,1435
nir_105.tif,2592,1944,can,911,1276,1086,1435
r_105.tif,2592,1944,can,911,1276,1086,1435
re_105.tif,2592,1944,can,911,1276,1086,1435
rgb_105.jpg,2592,1944,can,911,1276,1086,1435
g_105.tif,2592,1944,container,1440,1056,1647,1197
nir_105.tif,2592,1944,container,1440,1056,1647,1197
r_105.tif,2592,1944,container,1440,1056,1647,1197
re_105.tif,2592,1944,container,1440,1056,1647,1197
rgb_105.jpg,2592,1944,container,1440,1056,1647,1197
g_105.tif,2592,1944,bottle,1214,1180,1352,1268
nir_105.tif,2592,1944,bottle,1214,1180,1352,1268
r_105.tif,2592,1944,bottle,1214,1180,1352,1268
re_105.tif,2592,1944,bottle,1214,1180,1352,1268
rgb_105.jpg,2592,1944,bottle,1214,1180,1352,1268
g_106.tif,2592,1944,can,893,1111,1104,1276
nir_106.tif,2592,1944,can,893,1111,1104,1276
r_106.tif,2592,1944,can,893,1111,1104,1276
re_106.tif,2592,1944,can,893,1111,1104,1276
rgb_106.jpg,2592,1944,can,893,1111,1104,1276
g_106.tif,2592,1944,bottle,1221,1049,1364,1154
nir_106.tif,2592,1944,bottle,1221,1049,1364,1154
r_106.tif,2592,1944,bottle,1221,1049,1364,1154
re_106.tif,2592,1944,bottle,1221,1049,1364,1154
rgb_106.jpg,2592,1944,bottle,1221,1049,1364,1154
g_106.tif,2592,1944,container,1462,947,1674,1073
nir_106.tif,2592,1944,container,1462,947,1674,1073
r_106.tif,2592,1944,container,1462,947,1674,1073
re_106.tif,2592,1944,container,1462,947,1674,1073
rgb_106.jpg,2592,1944,container,1462,947,1674,1073
g_107.tif,2592,1944,can,848,1287,1088,1504
nir_107.tif,2592,1944,can,848,1287,1088,1504
r_107.tif,2592,1944,can,848,1287,1088,1504
re_107.tif,2592,1944,can,848,1287,1088,1504
rgb_107.jpg,2592,1944,can,848,1287,1088,1504
g_107.tif,2592,1944,bottle,1236,1166,1385,1290
nir_107.tif,2592,1944,bottle,1236,1166,1385,1290
r_107.tif,2592,1944,bottle,1236,1166,1385,1290
re_107.tif,2592,1944,bottle,1236,1166,1385,1290
rgb_107.jpg,2592,1944,bottle,1236,1166,1385,1290
g_107.tif,2592,1944,container,1497,1030,1716,1188
nir_107.tif,2592,1944,container,1497,1030,1716,1188
r_107.tif,2592,1944,container,1497,1030,1716,1188
re_107.tif,2592,1944,container,1497,1030,1716,1188
rgb_107.jpg,2592,1944,container,1497,1030,1716,1188
g_108.tif,2592,1944,can,843,1307,1061,1512
nir_108.tif,2592,1944,can,843,1307,1061,1512
r_108.tif,2592,1944,can,843,1307,1061,1512
re_108.tif,2592,1944,can,843,1307,1061,1512
rgb_108.jpg,2592,1944,can,843,1307,1061,1512
g_108.tif,2592,1944,bottle,1240,1187,1376,1312
nir_108.tif,2592,1944,bottle,1240,1187,1376,1312
r_108.tif,2592,1944,bottle,1240,1187,1376,1312
re_108.tif,2592,1944,bottle,1240,1187,1376,1312
rgb_108.jpg,2592,1944,bottle,1240,1187,1376,1312
g_108.tif,2592,1944,container,1485,1031,1716,1204
nir_108.tif,2592,1944,container,1485,1031,1716,1204
r_108.tif,2592,1944,container,1485,1031,1716,1204
re_108.tif,2592,1944,container,1485,1031,1716,1204
rgb_108.jpg,2592,1944,container,1485,1031,1716,1204
g_109.tif,2592,1944,bottle,1155,1678,1348,1854
nir_109.tif,2592,1944,bottle,1155,1678,1348,1854
r_109.tif,2592,1944,bottle,1155,1678,1348,1854
re_109.tif,2592,1944,bottle,1155,1678,1348,1854
rgb_109.jpg,2592,1944,bottle,1155,1678,1348,1854
g_109.tif,2592,1944,bottle,1516,1337,1845,1574
nir_109.tif,2592,1944,bottle,1516,1337,1845,1574
r_109.tif,2592,1944,bottle,1516,1337,1845,1574
re_109.tif,2592,1944,bottle,1516,1337,1845,1574
rgb_109.jpg,2592,1944,bottle,1516,1337,1845,1574
g_11.tif,2592,1944,bottle,890,319,979,376
nir_11.tif,2592,1944,bottle,890,319,979,376
r_11.tif,2592,1944,bottle,890,319,979,376
re_11.tif,2592,1944,bottle,890,319,979,376
rgb_11.jpg,2592,1944,bottle,890,319,979,376
g_11.tif,2592,1944,bottle,986,281,1066,349
nir_11.tif,2592,1944,bottle,986,281,1066,349
r_11.tif,2592,1944,bottle,986,281,1066,349
re_11.tif,2592,1944,bottle,986,281,1066,349
rgb_11.jpg,2592,1944,bottle,986,281,1066,349
g_11.tif,2592,1944,bottle,967,233,1038,292
nir_11.tif,2592,1944,bottle,967,233,1038,292
r_11.tif,2592,1944,bottle,967,233,1038,292
re_11.tif,2592,1944,bottle,967,233,1038,292
rgb_11.jpg,2592,1944,bottle,967,233,1038,292
g_11.tif,2592,1944,bottle,1364,537,1412,628
nir_11.tif,2592,1944,bottle,1364,537,1412,628
r_11.tif,2592,1944,bottle,1364,537,1412,628
re_11.tif,2592,1944,bottle,1364,537,1412,628
rgb_11.jpg,2592,1944,bottle,1364,537,1412,628
g_11.tif,2592,1944,bottle,1324,561,1383,656
nir_11.tif,2592,1944,bottle,1324,561,1383,656
r_11.tif,2592,1944,bottle,1324,561,1383,656
re_11.tif,2592,1944,bottle,1324,561,1383,656
rgb_11.jpg,2592,1944,bottle,1324,561,1383,656
g_11.tif,2592,1944,bottle,1261,606,1350,662
nir_11.tif,2592,1944,bottle,1261,606,1350,662
r_11.tif,2592,1944,bottle,1261,606,1350,662
re_11.tif,2592,1944,bottle,1261,606,1350,662
rgb_11.jpg,2592,1944,bottle,1261,606,1350,662
g_11.tif,2592,1944,bottle,1259,638,1350,697
nir_11.tif,2592,1944,bottle,1259,638,1350,697
r_11.tif,2592,1944,bottle,1259,638,1350,697
re_11.tif,2592,1944,bottle,1259,638,1350,697
rgb_11.jpg,2592,1944,bottle,1259,638,1350,697
g_11.tif,2592,1944,bottle,1511,773,1561,852
nir_11.tif,2592,1944,bottle,1511,773,1561,852
r_11.tif,2592,1944,bottle,1511,773,1561,852
re_11.tif,2592,1944,bottle,1511,773,1561,852
rgb_11.jpg,2592,1944,bottle,1511,773,1561,852
g_11.tif,2592,1944,bottle,1417,673,1479,737
nir_11.tif,2592,1944,bottle,1417,673,1479,737
r_11.tif,2592,1944,bottle,1417,673,1479,737
re_11.tif,2592,1944,bottle,1417,673,1479,737
rgb_11.jpg,2592,1944,bottle,1417,673,1479,737
g_11.tif,2592,1944,bottle,1905,609,1948,697
nir_11.tif,2592,1944,bottle,1905,609,1948,697
r_11.tif,2592,1944,bottle,1905,609,1948,697
re_11.tif,2592,1944,bottle,1905,609,1948,697
rgb_11.jpg,2592,1944,bottle,1905,609,1948,697
g_11.tif,2592,1944,bottle,1788,868,1855,945
nir_11.tif,2592,1944,bottle,1788,868,1855,945
r_11.tif,2592,1944,bottle,1788,868,1855,945
re_11.tif,2592,1944,bottle,1788,868,1855,945
rgb_11.jpg,2592,1944,bottle,1788,868,1855,945
g_11.tif,2592,1944,bottle,2148,864,2235,930
nir_11.tif,2592,1944,bottle,2148,864,2235,930
r_11.tif,2592,1944,bottle,2148,864,2235,930
re_11.tif,2592,1944,bottle,2148,864,2235,930
rgb_11.jpg,2592,1944,bottle,2148,864,2235,930
g_11.tif,2592,1944,bottle,2455,950,2557,1009
nir_11.tif,2592,1944,bottle,2455,950,2557,1009
r_11.tif,2592,1944,bottle,2455,950,2557,1009
re_11.tif,2592,1944,bottle,2455,950,2557,1009
rgb_11.jpg,2592,1944,bottle,2455,950,2557,1009
g_11.tif,2592,1944,bottle,2392,1240,2490,1302
nir_11.tif,2592,1944,bottle,2392,1240,2490,1302
r_11.tif,2592,1944,bottle,2392,1240,2490,1302
re_11.tif,2592,1944,bottle,2392,1240,2490,1302
rgb_11.jpg,2592,1944,bottle,2392,1240,2490,1302
g_11.tif,2592,1944,bottle,2233,1478,2309,1556
nir_11.tif,2592,1944,bottle,2233,1478,2309,1556
r_11.tif,2592,1944,bottle,2233,1478,2309,1556
re_11.tif,2592,1944,bottle,2233,1478,2309,1556
rgb_11.jpg,2592,1944,bottle,2233,1478,2309,1556
g_11.tif,2592,1944,can,2279,1288,2417,1395
nir_11.tif,2592,1944,can,2279,1288,2417,1395
r_11.tif,2592,1944,can,2279,1288,2417,1395
re_11.tif,2592,1944,can,2279,1288,2417,1395
rgb_11.jpg,2592,1944,can,2279,1288,2417,1395
g_11.tif,2592,1944,can,2286,1180,2404,1281
nir_11.tif,2592,1944,can,2286,1180,2404,1281
r_11.tif,2592,1944,can,2286,1180,2404,1281
re_11.tif,2592,1944,can,2286,1180,2404,1281
rgb_11.jpg,2592,1944,can,2286,1180,2404,1281
g_11.tif,2592,1944,container,2204,1252,2309,1368
nir_11.tif,2592,1944,container,2204,1252,2309,1368
r_11.tif,2592,1944,container,2204,1252,2309,1368
re_11.tif,2592,1944,container,2204,1252,2309,1368
rgb_11.jpg,2592,1944,container,2204,1252,2309,1368
g_11.tif,2592,1944,bottle,1705,1224,1793,1278
nir_11.tif,2592,1944,bottle,1705,1224,1793,1278
r_11.tif,2592,1944,bottle,1705,1224,1793,1278
re_11.tif,2592,1944,bottle,1705,1224,1793,1278
rgb_11.jpg,2592,1944,bottle,1705,1224,1793,1278
g_11.tif,2592,1944,bottle,1123,845,1223,890
nir_11.tif,2592,1944,bottle,1123,845,1223,890
r_11.tif,2592,1944,bottle,1123,845,1223,890
re_11.tif,2592,1944,bottle,1123,845,1223,890
rgb_11.jpg,2592,1944,bottle,1123,845,1223,890
g_11.tif,2592,1944,bottle,2471,1838,2578,1878
nir_11.tif,2592,1944,bottle,2471,1838,2578,1878
r_11.tif,2592,1944,bottle,2471,1838,2578,1878
re_11.tif,2592,1944,bottle,2471,1838,2578,1878
rgb_11.jpg,2592,1944,bottle,2471,1838,2578,1878
g_110.tif,2592,1944,can,402,1657,888,1944
nir_110.tif,2592,1944,can,402,1657,888,1944
r_110.tif,2592,1944,can,402,1657,888,1944
re_110.tif,2592,1944,can,402,1657,888,1944
rgb_110.jpg,2592,1944,can,402,1657,888,1944
g_110.tif,2592,1944,bottle,1154,1364,1381,1550
nir_110.tif,2592,1944,bottle,1154,1364,1381,1550
r_110.tif,2592,1944,bottle,1154,1364,1381,1550
re_110.tif,2592,1944,bottle,1154,1364,1381,1550
rgb_110.jpg,2592,1944,bottle,1154,1364,1381,1550
g_110.tif,2592,1944,container,1521,1111,1859,1326
nir_110.tif,2592,1944,container,1521,1111,1859,1326
r_110.tif,2592,1944,container,1521,1111,1859,1326
re_110.tif,2592,1944,container,1521,1111,1859,1326
rgb_110.jpg,2592,1944,container,1521,1111,1859,1326
g_111.tif,2592,1944,can,1231,719,1402,864
nir_111.tif,2592,1944,can,1231,719,1402,864
r_111.tif,2592,1944,can,1231,719,1402,864
re_111.tif,2592,1944,can,1231,719,1402,864
rgb_111.jpg,2592,1944,can,1231,719,1402,864
g_111.tif,2592,1944,bottle,1454,906,1636,1009
nir_111.tif,2592,1944,bottle,1454,906,1636,1009
r_111.tif,2592,1944,bottle,1454,906,1636,1009
re_111.tif,2592,1944,bottle,1454,906,1636,1009
rgb_111.jpg,2592,1944,bottle,1454,906,1636,1009
g_111.tif,2592,1944,container,1790,1154,2166,1426
nir_111.tif,2592,1944,container,1790,1154,2166,1426
r_111.tif,2592,1944,container,1790,1154,2166,1426
re_111.tif,2592,1944,container,1790,1154,2166,1426
rgb_111.jpg,2592,1944,container,1790,1154,2166,1426
g_111.tif,2592,1944,bottle,1067,549,1204,614
nir_111.tif,2592,1944,bottle,1067,549,1204,614
r_111.tif,2592,1944,bottle,1067,549,1204,614
re_111.tif,2592,1944,bottle,1067,549,1204,614
rgb_111.jpg,2592,1944,bottle,1067,549,1204,614
g_111.tif,2592,1944,bottle,993,549,1095,606
nir_111.tif,2592,1944,bottle,993,549,1095,606
r_111.tif,2592,1944,bottle,993,549,1095,606
re_111.tif,2592,1944,bottle,993,549,1095,606
rgb_111.jpg,2592,1944,bottle,993,549,1095,606
g_111.tif,2592,1944,bottle,1090,511,1178,580
nir_111.tif,2592,1944,bottle,1090,511,1178,580
r_111.tif,2592,1944,bottle,1090,511,1178,580
re_111.tif,2592,1944,bottle,1090,511,1178,580
rgb_111.jpg,2592,1944,bottle,1090,511,1178,580
g_111.tif,2592,1944,can,955,493,1019,612
nir_111.tif,2592,1944,can,955,493,1019,612
r_111.tif,2592,1944,can,955,493,1019,612
re_111.tif,2592,1944,can,955,493,1019,612
rgb_111.jpg,2592,1944,can,955,493,1019,612
g_111.tif,2592,1944,can,869,516,957,616
nir_111.tif,2592,1944,can,869,516,957,616
r_111.tif,2592,1944,can,869,516,957,616
re_111.tif,2592,1944,can,869,516,957,616
rgb_111.jpg,2592,1944,can,869,516,957,616
g_111.tif,2592,1944,can,816,469,909,574
nir_111.tif,2592,1944,can,816,469,909,574
r_111.tif,2592,1944,can,816,469,909,574
re_111.tif,2592,1944,can,816,469,909,574
rgb_111.jpg,2592,1944,can,816,469,909,574
g_111.tif,2592,1944,can,850,440,954,549
nir_111.tif,2592,1944,can,850,440,954,549
r_111.tif,2592,1944,can,850,440,954,549
re_111.tif,2592,1944,can,850,440,954,549
rgb_111.jpg,2592,1944,can,850,440,954,549
g_111.tif,2592,1944,bottle,1042,412,1116,443
nir_111.tif,2592,1944,bottle,1042,412,1116,443
r_111.tif,2592,1944,bottle,1042,412,1116,443
re_111.tif,2592,1944,bottle,1042,412,1116,443
rgb_111.jpg,2592,1944,bottle,1042,412,1116,443
g_111.tif,2592,1944,bottle,1114,447,1183,471
nir_111.tif,2592,1944,bottle,1114,447,1183,471
r_111.tif,2592,1944,bottle,1114,447,1183,471
re_111.tif,2592,1944,bottle,1114,447,1183,471
rgb_111.jpg,2592,1944,bottle,1114,447,1183,471
g_111.tif,2592,1944,bottle,986,428,1033,468
nir_111.tif,2592,1944,bottle,986,428,1033,468
r_111.tif,2592,1944,bottle,986,428,1033,468
re_111.tif,2592,1944,bottle,986,428,1033,468
rgb_111.jpg,2592,1944,bottle,986,428,1033,468
g_111.tif,2592,1944,can,1045,437,1114,507
nir_111.tif,2592,1944,can,1045,437,1114,507
r_111.tif,2592,1944,can,1045,437,1114,507
re_111.tif,2592,1944,can,1045,437,1114,507
rgb_111.jpg,2592,1944,can,1045,437,1114,507
g_112.tif,2592,1944,container,1768,1168,2173,1426
nir_112.tif,2592,1944,container,1768,1168,2173,1426
r_112.tif,2592,1944,container,1768,1168,2173,1426
re_112.tif,2592,1944,container,1768,1168,2173,1426
rgb_112.jpg,2592,1944,container,1768,1168,2173,1426
g_112.tif,2592,1944,bottle,1475,924,1612,1010
nir_112.tif,2592,1944,bottle,1475,924,1612,1010
r_112.tif,2592,1944,bottle,1475,924,1612,1010
re_112.tif,2592,1944,bottle,1475,924,1612,1010
rgb_112.jpg,2592,1944,bottle,1475,924,1612,1010
g_112.tif,2592,1944,can,1242,742,1387,859
nir_112.tif,2592,1944,can,1242,742,1387,859
r_112.tif,2592,1944,can,1242,742,1387,859
re_112.tif,2592,1944,can,1242,742,1387,859
rgb_112.jpg,2592,1944,can,1242,742,1387,859
g_112.tif,2592,1944,bottle,789,516,830,546
nir_112.tif,2592,1944,bottle,789,516,830,546
r_112.tif,2592,1944,bottle,789,516,830,546
re_112.tif,2592,1944,bottle,789,516,830,546
rgb_112.jpg,2592,1944,bottle,789,516,830,546
g_112.tif,2592,1944,bottle,1001,567,1073,596
nir_112.tif,2592,1944,bottle,1001,567,1073,596
r_112.tif,2592,1944,bottle,1001,567,1073,596
re_112.tif,2592,1944,bottle,1001,567,1073,596
rgb_112.jpg,2592,1944,bottle,1001,567,1073,596
g_112.tif,2592,1944,bottle,1069,580,1136,617
nir_112.tif,2592,1944,bottle,1069,580,1136,617
r_112.tif,2592,1944,bottle,1069,580,1136,617
re_112.tif,2592,1944,bottle,1069,580,1136,617
rgb_112.jpg,2592,1944,bottle,1069,580,1136,617
g_112.tif,2592,1944,bottle,1107,575,1176,605
nir_112.tif,2592,1944,bottle,1107,575,1176,605
r_112.tif,2592,1944,bottle,1107,575,1176,605
re_112.tif,2592,1944,bottle,1107,575,1176,605
rgb_112.jpg,2592,1944,bottle,1107,575,1176,605
g_112.tif,2592,1944,bottle,1136,536,1166,570
nir_112.tif,2592,1944,bottle,1136,536,1166,570
r_112.tif,2592,1944,bottle,1136,536,1166,570
re_112.tif,2592,1944,bottle,1136,536,1166,570
rgb_112.jpg,2592,1944,bottle,1136,536,1166,570
g_112.tif,2592,1944,can,947,522,1025,610
nir_112.tif,2592,1944,can,947,522,1025,610
r_112.tif,2592,1944,can,947,522,1025,610
re_112.tif,2592,1944,can,947,522,1025,610
rgb_112.jpg,2592,1944,can,947,522,1025,610
g_112.tif,2592,1944,can,873,462,947,508
nir_112.tif,2592,1944,can,873,462,947,508
r_112.tif,2592,1944,can,873,462,947,508
re_112.tif,2592,1944,can,873,462,947,508
rgb_112.jpg,2592,1944,can,873,462,947,508
g_112.tif,2592,1944,can,829,488,909,547
nir_112.tif,2592,1944,can,829,488,909,547
r_112.tif,2592,1944,can,829,488,909,547
re_112.tif,2592,1944,can,829,488,909,547
rgb_112.jpg,2592,1944,can,829,488,909,547
g_112.tif,2592,1944,can,1031,455,1120,506
nir_112.tif,2592,1944,can,1031,455,1120,506
r_112.tif,2592,1944,can,1031,455,1120,506
re_112.tif,2592,1944,can,1031,455,1120,506
rgb_112.jpg,2592,1944,can,1031,455,1120,506
g_112.tif,2592,1944,can,949,485,1046,537
nir_112.tif,2592,1944,can,949,485,1046,537
r_112.tif,2592,1944,can,949,485,1046,537
re_112.tif,2592,1944,can,949,485,1046,537
rgb_112.jpg,2592,1944,can,949,485,1046,537
g_112.tif,2592,1944,can,869,526,961,613
nir_112.tif,2592,1944,can,869,526,961,613
r_112.tif,2592,1944,can,869,526,961,613
re_112.tif,2592,1944,can,869,526,961,613
rgb_112.jpg,2592,1944,can,869,526,961,613
g_112.tif,2592,1944,bottle,1115,442,1155,470
nir_112.tif,2592,1944,bottle,1115,442,1155,470
r_112.tif,2592,1944,bottle,1115,442,1155,470
re_112.tif,2592,1944,bottle,1115,442,1155,470
rgb_112.jpg,2592,1944,bottle,1115,442,1155,470
g_112.tif,2592,1944,bottle,1130,464,1180,484
nir_112.tif,2592,1944,bottle,1130,464,1180,484
r_112.tif,2592,1944,bottle,1130,464,1180,484
re_112.tif,2592,1944,bottle,1130,464,1180,484
rgb_112.jpg,2592,1944,bottle,1130,464,1180,484
g_112.tif,2592,1944,bottle,1112,476,1158,509
nir_112.tif,2592,1944,bottle,1112,476,1158,509
r_112.tif,2592,1944,bottle,1112,476,1158,509
re_112.tif,2592,1944,bottle,1112,476,1158,509
rgb_112.jpg,2592,1944,bottle,1112,476,1158,509
g_112.tif,2592,1944,bottle,1050,429,1110,454
nir_112.tif,2592,1944,bottle,1050,429,1110,454
r_112.tif,2592,1944,bottle,1050,429,1110,454
re_112.tif,2592,1944,bottle,1050,429,1110,454
rgb_112.jpg,2592,1944,bottle,1050,429,1110,454
g_112.tif,2592,1944,bottle,1000,450,1032,484
nir_112.tif,2592,1944,bottle,1000,450,1032,484
r_112.tif,2592,1944,bottle,1000,450,1032,484
re_112.tif,2592,1944,bottle,1000,450,1032,484
rgb_112.jpg,2592,1944,bottle,1000,450,1032,484
g_112.tif,2592,1944,bottle,1076,506,1126,537
nir_112.tif,2592,1944,bottle,1076,506,1126,537
r_112.tif,2592,1944,bottle,1076,506,1126,537
re_112.tif,2592,1944,bottle,1076,506,1126,537
rgb_112.jpg,2592,1944,bottle,1076,506,1126,537
g_112.tif,2592,1944,bottle,1113,521,1168,551
nir_112.tif,2592,1944,bottle,1113,521,1168,551
r_112.tif,2592,1944,bottle,1113,521,1168,551
re_112.tif,2592,1944,bottle,1113,521,1168,551
rgb_112.jpg,2592,1944,bottle,1113,521,1168,551
g_112.tif,2592,1944,bottle,1044,551,1112,577
nir_112.tif,2592,1944,bottle,1044,551,1112,577
r_112.tif,2592,1944,bottle,1044,551,1112,577
re_112.tif,2592,1944,bottle,1044,551,1112,577
rgb_112.jpg,2592,1944,bottle,1044,551,1112,577
g_113.tif,2592,1944,container,1745,1430,2128,1700
nir_113.tif,2592,1944,container,1745,1430,2128,1700
r_113.tif,2592,1944,container,1745,1430,2128,1700
re_113.tif,2592,1944,container,1745,1430,2128,1700
rgb_113.jpg,2592,1944,container,1745,1430,2128,1700
g_113.tif,2592,1944,bottle,1466,1161,1598,1235
nir_113.tif,2592,1944,bottle,1466,1161,1598,1235
r_113.tif,2592,1944,bottle,1466,1161,1598,1235
re_113.tif,2592,1944,bottle,1466,1161,1598,1235
rgb_113.jpg,2592,1944,bottle,1466,1161,1598,1235
g_113.tif,2592,1944,can,1236,937,1391,1059
nir_113.tif,2592,1944,can,1236,937,1391,1059
r_113.tif,2592,1944,can,1236,937,1391,1059
re_113.tif,2592,1944,can,1236,937,1391,1059
rgb_113.jpg,2592,1944,can,1236,937,1391,1059
g_113.tif,2592,1944,bottle,1056,540,1116,571
nir_113.tif,2592,1944,bottle,1056,540,1116,571
r_113.tif,2592,1944,bottle,1056,540,1116,571
re_113.tif,2592,1944,bottle,1056,540,1116,571
rgb_113.jpg,2592,1944,bottle,1056,540,1116,571
g_113.tif,2592,1944,bottle,1007,716,1076,751
nir_113.tif,2592,1944,bottle,1007,716,1076,751
r_113.tif,2592,1944,bottle,1007,716,1076,751
re_113.tif,2592,1944,bottle,1007,716,1076,751
rgb_113.jpg,2592,1944,bottle,1007,716,1076,751
g_113.tif,2592,1944,bottle,1065,737,1144,766
nir_113.tif,2592,1944,bottle,1065,737,1144,766
r_113.tif,2592,1944,bottle,1065,737,1144,766
re_113.tif,2592,1944,bottle,1065,737,1144,766
rgb_113.jpg,2592,1944,bottle,1065,737,1144,766
g_113.tif,2592,1944,bottle,1113,727,1180,757
nir_113.tif,2592,1944,bottle,1113,727,1180,757
r_113.tif,2592,1944,bottle,1113,727,1180,757
re_113.tif,2592,1944,bottle,1113,727,1180,757
rgb_113.jpg,2592,1944,bottle,1113,727,1180,757
g_113.tif,2592,1944,bottle,1059,696,1119,725
nir_113.tif,2592,1944,bottle,1059,696,1119,725
r_113.tif,2592,1944,bottle,1059,696,1119,725
re_113.tif,2592,1944,bottle,1059,696,1119,725
rgb_113.jpg,2592,1944,bottle,1059,696,1119,725
g_113.tif,2592,1944,bottle,979,568,1003,595
nir_113.tif,2592,1944,bottle,979,568,1003,595
r_113.tif,2592,1944,bottle,979,568,1003,595
re_113.tif,2592,1944,bottle,979,568,1003,595
rgb_113.jpg,2592,1944,bottle,979,568,1003,595
g_113.tif,2592,1944,bottle,1118,567,1160,593
nir_113.tif,2592,1944,bottle,1118,567,1160,593
r_113.tif,2592,1944,bottle,1118,567,1160,593
re_113.tif,2592,1944,bottle,1118,567,1160,593
rgb_113.jpg,2592,1944,bottle,1118,567,1160,593
g_113.tif,2592,1944,bottle,1121,600,1159,641
nir_113.tif,2592,1944,bottle,1121,600,1159,641
r_113.tif,2592,1944,bottle,1121,600,1159,641
re_113.tif,2592,1944,bottle,1121,600,1159,641
rgb_113.jpg,2592,1944,bottle,1121,600,1159,641
g_113.tif,2592,1944,bottle,1082,635,1133,678
nir_113.tif,2592,1944,bottle,1082,635,1133,678
r_113.tif,2592,1944,bottle,1082,635,1133,678
re_113.tif,2592,1944,bottle,1082,635,1133,678
rgb_113.jpg,2592,1944,bottle,1082,635,1133,678
g_113.tif,2592,1944,bottle,1119,662,1169,690
nir_113.tif,2592,1944,bottle,1119,662,1169,690
r_113.tif,2592,1944,bottle,1119,662,1169,690
re_113.tif,2592,1944,bottle,1119,662,1169,690
rgb_113.jpg,2592,1944,bottle,1119,662,1169,690
g_113.tif,2592,1944,bottle,1137,678,1172,714
nir_113.tif,2592,1944,bottle,1137,678,1172,714
r_113.tif,2592,1944,bottle,1137,678,1172,714
re_113.tif,2592,1944,bottle,1137,678,1172,714
rgb_113.jpg,2592,1944,bottle,1137,678,1172,714
g_113.tif,2592,1944,bottle,1082,676,1129,714
nir_113.tif,2592,1944,bottle,1082,676,1129,714
r_113.tif,2592,1944,bottle,1082,676,1129,714
re_113.tif,2592,1944,bottle,1082,676,1129,714
rgb_113.jpg,2592,1944,bottle,1082,676,1129,714
g_113.tif,2592,1944,can,878,659,966,755
nir_113.tif,2592,1944,can,878,659,966,755
r_113.tif,2592,1944,can,878,659,966,755
re_113.tif,2592,1944,can,878,659,966,755
rgb_113.jpg,2592,1944,can,878,659,966,755
g_113.tif,2592,1944,can,957,665,1029,759
nir_113.tif,2592,1944,can,957,665,1029,759
r_113.tif,2592,1944,can,957,665,1029,759
re_113.tif,2592,1944,can,957,665,1029,759
rgb_113.jpg,2592,1944,can,957,665,1029,759
g_113.tif,2592,1944,can,876,596,956,643
nir_113.tif,2592,1944,can,876,596,956,643
r_113.tif,2592,1944,can,876,596,956,643
re_113.tif,2592,1944,can,876,596,956,643
rgb_113.jpg,2592,1944,can,876,596,956,643
g_113.tif,2592,1944,can,835,624,905,682
nir_113.tif,2592,1944,can,835,624,905,682
r_113.tif,2592,1944,can,835,624,905,682
re_113.tif,2592,1944,can,835,624,905,682
rgb_113.jpg,2592,1944,can,835,624,905,682
g_113.tif,2592,1944,can,1037,594,1124,640
nir_113.tif,2592,1944,can,1037,594,1124,640
r_113.tif,2592,1944,can,1037,594,1124,640
re_113.tif,2592,1944,can,1037,594,1124,640
rgb_113.jpg,2592,1944,can,1037,594,1124,640
g_113.tif,2592,1944,can,957,625,1044,682
nir_113.tif,2592,1944,can,957,625,1044,682
r_113.tif,2592,1944,can,957,625,1044,682
re_113.tif,2592,1944,can,957,625,1044,682
rgb_113.jpg,2592,1944,can,957,625,1044,682
g_114.tif,2592,1944,container,2014,1575,2592,1944
nir_114.tif,2592,1944,container,2014,1575,2592,1944
r_114.tif,2592,1944,container,2014,1575,2592,1944
re_114.tif,2592,1944,container,2014,1575,2592,1944
rgb_114.jpg,2592,1944,container,2014,1575,2592,1944
g_114.tif,2592,1944,bottle,1559,1158,1743,1273
nir_114.tif,2592,1944,bottle,1559,1158,1743,1273
r_114.tif,2592,1944,bottle,1559,1158,1743,1273
re_114.tif,2592,1944,bottle,1559,1158,1743,1273
rgb_114.jpg,2592,1944,bottle,1559,1158,1743,1273
g_114.tif,2592,1944,can,1245,875,1436,1044
nir_114.tif,2592,1944,can,1245,875,1436,1044
r_114.tif,2592,1944,can,1245,875,1436,1044
re_114.tif,2592,1944,can,1245,875,1436,1044
rgb_114.jpg,2592,1944,can,1245,875,1436,1044
g_114.tif,2592,1944,bottle,1025,643,1123,688
nir_114.tif,2592,1944,bottle,1025,643,1123,688
r_114.tif,2592,1944,bottle,1025,643,1123,688
re_114.tif,2592,1944,bottle,1025,643,1123,688
rgb_114.jpg,2592,1944,bottle,1025,643,1123,688
g_114.tif,2592,1944,bottle,961,625,1049,672
nir_114.tif,2592,1944,bottle,961,625,1049,672
r_114.tif,2592,1944,bottle,961,625,1049,672
re_114.tif,2592,1944,bottle,961,625,1049,672
rgb_114.jpg,2592,1944,bottle,961,625,1049,672
g_114.tif,2592,1944,bottle,1122,587,1163,629
nir_114.tif,2592,1944,bottle,1122,587,1163,629
r_114.tif,2592,1944,bottle,1122,587,1163,629
re_114.tif,2592,1944,bottle,1122,587,1163,629
rgb_114.jpg,2592,1944,bottle,1122,587,1163,629
g_114.tif,2592,1944,bottle,1104,513,1150,554
nir_114.tif,2592,1944,bottle,1104,513,1150,554
r_114.tif,2592,1944,bottle,1104,513,1150,554
re_114.tif,2592,1944,bottle,1104,513,1150,554
rgb_114.jpg,2592,1944,bottle,1104,513,1150,554
g_114.tif,2592,1944,bottle,1098,469,1150,503
nir_114.tif,2592,1944,bottle,1098,469,1150,503
r_114.tif,2592,1944,bottle,1098,469,1150,503
re_114.tif,2592,1944,bottle,1098,469,1150,503
rgb_114.jpg,2592,1944,bottle,1098,469,1150,503
g_114.tif,2592,1944,bottle,944,477,968,508
nir_114.tif,2592,1944,bottle,944,477,968,508
r_114.tif,2592,1944,bottle,944,477,968,508
re_114.tif,2592,1944,bottle,944,477,968,508
rgb_114.jpg,2592,1944,bottle,944,477,968,508
g_114.tif,2592,1944,bottle,1088,637,1173,671
nir_114.tif,2592,1944,bottle,1088,637,1173,671
r_114.tif,2592,1944,bottle,1088,637,1173,671
re_114.tif,2592,1944,bottle,1088,637,1173,671
rgb_114.jpg,2592,1944,bottle,1088,637,1173,671
g_114.tif,2592,1944,bottle,1056,589,1114,627
nir_114.tif,2592,1944,bottle,1056,589,1114,627
r_114.tif,2592,1944,bottle,1056,589,1114,627
re_114.tif,2592,1944,bottle,1056,589,1114,627
rgb_114.jpg,2592,1944,bottle,1056,589,1114,627
g_114.tif,2592,1944,bottle,889,475,930,508
nir_114.tif,2592,1944,bottle,889,475,930,508
r_114.tif,2592,1944,bottle,889,475,930,508
re_114.tif,2592,1944,bottle,889,475,930,508
rgb_114.jpg,2592,1944,bottle,889,475,930,508
g_114.tif,2592,1944,can,819,498,913,559
nir_114.tif,2592,1944,can,819,498,913,559
r_114.tif,2592,1944,can,819,498,913,559
re_114.tif,2592,1944,can,819,498,913,559
rgb_114.jpg,2592,1944,can,819,498,913,559
g_114.tif,2592,1944,can,765,525,849,598
nir_114.tif,2592,1944,can,765,525,849,598
r_114.tif,2592,1944,can,765,525,849,598
re_114.tif,2592,1944,can,765,525,849,598
rgb_114.jpg,2592,1944,can,765,525,849,598
g_114.tif,2592,1944,can,809,568,918,680
nir_114.tif,2592,1944,can,809,568,918,680
r_114.tif,2592,1944,can,809,568,918,680
re_114.tif,2592,1944,can,809,568,918,680
rgb_114.jpg,2592,1944,can,809,568,918,680
g_114.tif,2592,1944,can,904,586,991,679
nir_114.tif,2592,1944,can,904,586,991,679
r_114.tif,2592,1944,can,904,586,991,679
re_114.tif,2592,1944,can,904,586,991,679
rgb_114.jpg,2592,1944,can,904,586,991,679
g_114.tif,2592,1944,can,1010,488,1104,554
nir_114.tif,2592,1944,can,1010,488,1104,554
r_114.tif,2592,1944,can,1010,488,1104,554
re_114.tif,2592,1944,can,1010,488,1104,554
rgb_114.jpg,2592,1944,can,1010,488,1104,554
g_114.tif,2592,1944,can,913,525,1013,602
nir_114.tif,2592,1944,can,913,525,1013,602
r_114.tif,2592,1944,can,913,525,1013,602
re_114.tif,2592,1944,can,913,525,1013,602
rgb_114.jpg,2592,1944,can,913,525,1013,602
g_114.tif,2592,1944,bottle,1058,550,1115,584
nir_114.tif,2592,1944,bottle,1058,550,1115,584
r_114.tif,2592,1944,bottle,1058,550,1115,584
re_114.tif,2592,1944,bottle,1058,550,1115,584
rgb_114.jpg,2592,1944,bottle,1058,550,1115,584
g_115.tif,2592,1944,bottle,1666,1459,1910,1612
nir_115.tif,2592,1944,bottle,1666,1459,1910,1612
r_115.tif,2592,1944,bottle,1666,1459,1910,1612
re_115.tif,2592,1944,bottle,1666,1459,1910,1612
rgb_115.jpg,2592,1944,bottle,1666,1459,1910,1612
g_115.tif,2592,1944,can,1256,1030,1489,1235
nir_115.tif,2592,1944,can,1256,1030,1489,1235
r_115.tif,2592,1944,can,1256,1030,1489,1235
re_115.tif,2592,1944,can,1256,1030,1489,1235
rgb_115.jpg,2592,1944,can,1256,1030,1489,1235
g_115.tif,2592,1944,can,765,528,875,595
nir_115.tif,2592,1944,can,765,528,875,595
r_115.tif,2592,1944,can,765,528,875,595
re_115.tif,2592,1944,can,765,528,875,595
rgb_115.jpg,2592,1944,can,765,528,875,595
g_115.tif,2592,1944,bottle,993,707,1112,759
nir_115.tif,2592,1944,bottle,993,707,1112,759
r_115.tif,2592,1944,bottle,993,707,1112,759
re_115.tif,2592,1944,bottle,993,707,1112,759
rgb_115.jpg,2592,1944,bottle,993,707,1112,759
g_115.tif,2592,1944,bottle,1066,698,1164,740
nir_115.tif,2592,1944,bottle,1066,698,1164,740
r_115.tif,2592,1944,bottle,1066,698,1164,740
re_115.tif,2592,1944,bottle,1066,698,1164,740
rgb_115.jpg,2592,1944,bottle,1066,698,1164,740
g_115.tif,2592,1944,bottle,918,681,1020,741
nir_115.tif,2592,1944,bottle,918,681,1020,741
r_115.tif,2592,1944,bottle,918,681,1020,741
re_115.tif,2592,1944,bottle,918,681,1020,741
rgb_115.jpg,2592,1944,bottle,918,681,1020,741
g_115.tif,2592,1944,bottle,976,572,1033,608
nir_115.tif,2592,1944,bottle,976,572,1033,608
r_115.tif,2592,1944,bottle,976,572,1033,608
re_115.tif,2592,1944,bottle,976,572,1033,608
rgb_115.jpg,2592,1944,bottle,976,572,1033,608
g_115.tif,2592,1944,bottle,967,483,1020,516
nir_115.tif,2592,1944,bottle,967,483,1020,516
r_115.tif,2592,1944,bottle,967,483,1020,516
re_115.tif,2592,1944,bottle,967,483,1020,516
rgb_115.jpg,2592,1944,bottle,967,483,1020,516
g_115.tif,2592,1944,bottle,1004,470,1087,505
nir_115.tif,2592,1944,bottle,1004,470,1087,505
r_115.tif,2592,1944,bottle,1004,470,1087,505
re_115.tif,2592,1944,bottle,1004,470,1087,505
rgb_115.jpg,2592,1944,bottle,1004,470,1087,505
g_115.tif,2592,1944,bottle,1082,491,1146,535
nir_115.tif,2592,1944,bottle,1082,491,1146,535
r_115.tif,2592,1944,bottle,1082,491,1146,535
re_115.tif,2592,1944,bottle,1082,491,1146,535
rgb_115.jpg,2592,1944,bottle,1082,491,1146,535
g_115.tif,2592,1944,bottle,1104,521,1174,553
nir_115.tif,2592,1944,bottle,1104,521,1174,553
r_115.tif,2592,1944,bottle,1104,521,1174,553
re_115.tif,2592,1944,bottle,1104,521,1174,553
rgb_115.jpg,2592,1944,bottle,1104,521,1174,553
g_115.tif,2592,1944,bottle,1110,538,1179,575
nir_115.tif,2592,1944,bottle,1110,538,1179,575
r_115.tif,2592,1944,bottle,1110,538,1179,575
re_115.tif,2592,1944,bottle,1110,538,1179,575
rgb_115.jpg,2592,1944,bottle,1110,538,1179,575
g_115.tif,2592,1944,bottle,1086,548,1139,593
nir_115.tif,2592,1944,bottle,1086,548,1139,593
r_115.tif,2592,1944,bottle,1086,548,1139,593
re_115.tif,2592,1944,bottle,1086,548,1139,593
rgb_115.jpg,2592,1944,bottle,1086,548,1139,593
g_115.tif,2592,1944,bottle,1032,581,1103,632
nir_115.tif,2592,1944,bottle,1032,581,1103,632
r_115.tif,2592,1944,bottle,1032,581,1103,632
re_115.tif,2592,1944,bottle,1032,581,1103,632
rgb_115.jpg,2592,1944,bottle,1032,581,1103,632
g_115.tif,2592,1944,bottle,1084,616,1151,657
nir_115.tif,2592,1944,bottle,1084,616,1151,657
r_115.tif,2592,1944,bottle,1084,616,1151,657
re_115.tif,2592,1944,bottle,1084,616,1151,657
rgb_115.jpg,2592,1944,bottle,1084,616,1151,657
g_115.tif,2592,1944,bottle,1105,634,1155,689
nir_115.tif,2592,1944,bottle,1105,634,1155,689
r_115.tif,2592,1944,bottle,1105,634,1155,689
re_115.tif,2592,1944,bottle,1105,634,1155,689
rgb_115.jpg,2592,1944,bottle,1105,634,1155,689
g_115.tif,2592,1944,bottle,989,653,1078,697
nir_115.tif,2592,1944,bottle,989,653,1078,697
r_115.tif,2592,1944,bottle,989,653,1078,697
re_115.tif,2592,1944,bottle,989,653,1078,697
rgb_115.jpg,2592,1944,bottle,989,653,1078,697
g_115.tif,2592,1944,bottle,1048,627,1098,687
nir_115.tif,2592,1944,bottle,1048,627,1098,687
r_115.tif,2592,1944,bottle,1048,627,1098,687
re_115.tif,2592,1944,bottle,1048,627,1098,687
rgb_115.jpg,2592,1944,bottle,1048,627,1098,687
g_115.tif,2592,1944,can,853,620,962,745
nir_115.tif,2592,1944,can,853,620,962,745
r_115.tif,2592,1944,can,853,620,962,745
re_115.tif,2592,1944,can,853,620,962,745
rgb_115.jpg,2592,1944,can,853,620,962,745
g_115.tif,2592,1944,can,751,626,873,750
nir_115.tif,2592,1944,can,751,626,873,750
r_115.tif,2592,1944,can,751,626,873,750
re_115.tif,2592,1944,can,751,626,873,750
rgb_115.jpg,2592,1944,can,751,626,873,750
g_115.tif,2592,1944,can,702,563,821,652
nir_115.tif,2592,1944,can,702,563,821,652
r_115.tif,2592,1944,can,702,563,821,652
re_115.tif,2592,1944,can,702,563,821,652
rgb_115.jpg,2592,1944,can,702,563,821,652
g_115.tif,2592,1944,can,977,514,1092,587
nir_115.tif,2592,1944,can,977,514,1092,587
r_115.tif,2592,1944,can,977,514,1092,587
re_115.tif,2592,1944,can,977,514,1092,587
rgb_115.jpg,2592,1944,can,977,514,1092,587
g_115.tif,2592,1944,can,885,565,996,635
nir_115.tif,2592,1944,can,885,565,996,635
r_115.tif,2592,1944,can,885,565,996,635
re_115.tif,2592,1944,can,885,565,996,635
rgb_115.jpg,2592,1944,can,885,565,996,635
g_115.tif,2592,1944,can,798,561,906,629
nir_115.tif,2592,1944,can,798,561,906,629
r_115.tif,2592,1944,can,798,561,906,629
re_115.tif,2592,1944,can,798,561,906,629
rgb_115.jpg,2592,1944,can,798,561,906,629
g_115.tif,2592,1944,bottle,972,609,1027,653
nir_115.tif,2592,1944,bottle,972,609,1027,653
r_115.tif,2592,1944,bottle,972,609,1027,653
re_115.tif,2592,1944,bottle,972,609,1027,653
rgb_115.jpg,2592,1944,bottle,972,609,1027,653
g_115.tif,2592,1944,bottle,915,528,958,569
nir_115.tif,2592,1944,bottle,915,528,958,569
r_115.tif,2592,1944,bottle,915,528,958,569
re_115.tif,2592,1944,bottle,915,528,958,569
rgb_115.jpg,2592,1944,bottle,915,528,958,569
g_115.tif,2592,1944,bottle,910,501,942,532
nir_115.tif,2592,1944,bottle,910,501,942,532
r_115.tif,2592,1944,bottle,910,501,942,532
re_115.tif,2592,1944,bottle,910,501,942,532
rgb_115.jpg,2592,1944,bottle,910,501,942,532
g_115.tif,2592,1944,bottle,1103,589,1149,633
nir_115.tif,2592,1944,bottle,1103,589,1149,633
r_115.tif,2592,1944,bottle,1103,589,1149,633
re_115.tif,2592,1944,bottle,1103,589,1149,633
rgb_115.jpg,2592,1944,bottle,1103,589,1149,633
g_116.tif,2592,1944,can,1259,1323,1573,1616
nir_116.tif,2592,1944,can,1259,1323,1573,1616
r_116.tif,2592,1944,can,1259,1323,1573,1616
re_116.tif,2592,1944,can,1259,1323,1573,1616
rgb_116.jpg,2592,1944,can,1259,1323,1573,1616
g_116.tif,2592,1944,bottle,947,807,1084,868
nir_116.tif,2592,1944,bottle,947,807,1084,868
r_116.tif,2592,1944,bottle,947,807,1084,868
re_116.tif,2592,1944,bottle,947,807,1084,868
rgb_116.jpg,2592,1944,bottle,947,807,1084,868
g_116.tif,2592,1944,bottle,1078,705,1139,772
nir_116.tif,2592,1944,bottle,1078,705,1139,772
r_116.tif,2592,1944,bottle,1078,705,1139,772
re_116.tif,2592,1944,bottle,1078,705,1139,772
rgb_116.jpg,2592,1944,bottle,1078,705,1139,772
g_116.tif,2592,1944,bottle,1057,679,1141,732
nir_116.tif,2592,1944,bottle,1057,679,1141,732
r_116.tif,2592,1944,bottle,1057,679,1141,732
re_116.tif,2592,1944,bottle,1057,679,1141,732
rgb_116.jpg,2592,1944,bottle,1057,679,1141,732
g_116.tif,2592,1944,bottle,991,637,1083,708
nir_116.tif,2592,1944,bottle,991,637,1083,708
r_116.tif,2592,1944,bottle,991,637,1083,708
re_116.tif,2592,1944,bottle,991,637,1083,708
rgb_116.jpg,2592,1944,bottle,991,637,1083,708
g_116.tif,2592,1944,bottle,1072,639,1132,702
nir_116.tif,2592,1944,bottle,1072,639,1132,702
r_116.tif,2592,1944,bottle,1072,639,1132,702
re_116.tif,2592,1944,bottle,1072,639,1132,702
rgb_116.jpg,2592,1944,bottle,1072,639,1132,702
g_116.tif,2592,1944,bottle,1067,593,1126,645
nir_116.tif,2592,1944,bottle,1067,593,1126,645
r_116.tif,2592,1944,bottle,1067,593,1126,645
re_116.tif,2592,1944,bottle,1067,593,1126,645
rgb_116.jpg,2592,1944,bottle,1067,593,1126,645
g_116.tif,2592,1944,bottle,1061,536,1126,578
nir_116.tif,2592,1944,bottle,1061,536,1126,578
r_116.tif,2592,1944,bottle,1061,536,1126,578
re_116.tif,2592,1944,bottle,1061,536,1126,578
rgb_116.jpg,2592,1944,bottle,1061,536,1126,578
g_116.tif,2592,1944,bottle,1092,566,1163,599
nir_116.tif,2592,1944,bottle,1092,566,1163,599
r_116.tif,2592,1944,bottle,1092,566,1163,599
re_116.tif,2592,1944,bottle,1092,566,1163,599
rgb_116.jpg,2592,1944,bottle,1092,566,1163,599
g_116.tif,2592,1944,bottle,979,504,1064,545
nir_116.tif,2592,1944,bottle,979,504,1064,545
r_116.tif,2592,1944,bottle,979,504,1064,545
re_116.tif,2592,1944,bottle,979,504,1064,545
rgb_116.jpg,2592,1944,bottle,979,504,1064,545
g_116.tif,2592,1944,bottle,866,536,899,585
nir_116.tif,2592,1944,bottle,866,536,899,585
r_116.tif,2592,1944,bottle,866,536,899,585
re_116.tif,2592,1944,bottle,866,536,899,585
rgb_116.jpg,2592,1944,bottle,866,536,899,585
g_116.tif,2592,1944,bottle,785,539,858,599
nir_116.tif,2592,1944,bottle,785,539,858,599
r_116.tif,2592,1944,bottle,785,539,858,599
re_116.tif,2592,1944,bottle,785,539,858,599
rgb_116.jpg,2592,1944,bottle,785,539,858,599
g_116.tif,2592,1944,bottle,857,771,978,839
nir_116.tif,2592,1944,bottle,857,771,978,839
r_116.tif,2592,1944,bottle,857,771,978,839
re_116.tif,2592,1944,bottle,857,771,978,839
rgb_116.jpg,2592,1944,bottle,857,771,978,839
g_116.tif,2592,1944,bottle,957,736,1051,792
nir_116.tif,2592,1944,bottle,957,736,1051,792
r_116.tif,2592,1944,bottle,957,736,1051,792
re_116.tif,2592,1944,bottle,957,736,1051,792
rgb_116.jpg,2592,1944,bottle,957,736,1051,792
g_116.tif,2592,1944,bottle,1010,695,1070,774
nir_116.tif,2592,1944,bottle,1010,695,1070,774
r_116.tif,2592,1944,bottle,1010,695,1070,774
re_116.tif,2592,1944,bottle,1010,695,1070,774
rgb_116.jpg,2592,1944,bottle,1010,695,1070,774
g_116.tif,2592,1944,bottle,1022,794,1145,843
nir_116.tif,2592,1944,bottle,1022,794,1145,843
r_116.tif,2592,1944,bottle,1022,794,1145,843
re_116.tif,2592,1944,bottle,1022,794,1145,843
rgb_116.jpg,2592,1944,bottle,1022,794,1145,843
g_116.tif,2592,1944,bottle,926,730,1018,816
nir_116.tif,2592,1944,bottle,926,730,1018,816
r_116.tif,2592,1944,bottle,926,730,1018,816
re_116.tif,2592,1944,bottle,926,730,1018,816
rgb_116.jpg,2592,1944,bottle,926,730,1018,816
g_116.tif,2592,1944,bottle,926,520,993,553
nir_116.tif,2592,1944,bottle,926,520,993,553
r_116.tif,2592,1944,bottle,926,520,993,553
re_116.tif,2592,1944,bottle,926,520,993,553
rgb_116.jpg,2592,1944,bottle,926,520,993,553
g_116.tif,2592,1944,can,942,558,1065,662
nir_116.tif,2592,1944,can,942,558,1065,662
r_116.tif,2592,1944,can,942,558,1065,662
re_116.tif,2592,1944,can,942,558,1065,662
rgb_116.jpg,2592,1944,can,942,558,1065,662
g_116.tif,2592,1944,can,693,577,815,679
nir_116.tif,2592,1944,can,693,577,815,679
r_116.tif,2592,1944,can,693,577,815,679
re_116.tif,2592,1944,can,693,577,815,679
rgb_116.jpg,2592,1944,can,693,577,815,679
g_116.tif,2592,1944,can,609,619,749,718
nir_116.tif,2592,1944,can,609,619,749,718
r_116.tif,2592,1944,can,609,619,749,718
re_116.tif,2592,1944,can,609,619,749,718
rgb_116.jpg,2592,1944,can,609,619,749,718
g_116.tif,2592,1944,can,675,707,801,846
nir_116.tif,2592,1944,can,675,707,801,846
r_116.tif,2592,1944,can,675,707,801,846
re_116.tif,2592,1944,can,675,707,801,846
rgb_116.jpg,2592,1944,can,675,707,801,846
g_116.tif,2592,1944,can,780,693,904,850
nir_116.tif,2592,1944,can,780,693,904,850
r_116.tif,2592,1944,can,780,693,904,850
re_116.tif,2592,1944,can,780,693,904,850
rgb_116.jpg,2592,1944,can,780,693,904,850
g_116.tif,2592,1944,can,818,623,939,717
nir_116.tif,2592,1944,can,818,623,939,717
r_116.tif,2592,1944,can,818,623,939,717
re_116.tif,2592,1944,can,818,623,939,717
rgb_116.jpg,2592,1944,can,818,623,939,717
g_116.tif,2592,1944,can,731,622,834,708
nir_116.tif,2592,1944,can,731,622,834,708
r_116.tif,2592,1944,can,731,622,834,708
re_116.tif,2592,1944,can,731,622,834,708
rgb_116.jpg,2592,1944,can,731,622,834,708
g_117.tif,2592,1944,bottle,755,1195,984,1296
nir_117.tif,2592,1944,bottle,755,1195,984,1296
r_117.tif,2592,1944,bottle,755,1195,984,1296
re_117.tif,2592,1944,bottle,755,1195,984,1296
rgb_117.jpg,2592,1944,bottle,755,1195,984,1296
g_117.tif,2592,1944,bottle,684,1129,880,1271
nir_117.tif,2592,1944,bottle,684,1129,880,1271
r_117.tif,2592,1944,bottle,684,1129,880,1271
re_117.tif,2592,1944,bottle,684,1129,880,1271
rgb_117.jpg,2592,1944,bottle,684,1129,880,1271
g_117.tif,2592,1944,bottle,868,1161,1082,1244
nir_117.tif,2592,1944,bottle,868,1161,1082,1244
r_117.tif,2592,1944,bottle,868,1161,1082,1244
re_117.tif,2592,1944,bottle,868,1161,1082,1244
rgb_117.jpg,2592,1944,bottle,868,1161,1082,1244
g_117.tif,2592,1944,bottle,616,1111,833,1222
nir_117.tif,2592,1944,bottle,616,1111,833,1222
r_117.tif,2592,1944,bottle,616,1111,833,1222
re_117.tif,2592,1944,bottle,616,1111,833,1222
rgb_117.jpg,2592,1944,bottle,616,1111,833,1222
g_117.tif,2592,1944,bottle,747,1015,883,1149
nir_117.tif,2592,1944,bottle,747,1015,883,1149
r_117.tif,2592,1944,bottle,747,1015,883,1149
re_117.tif,2592,1944,bottle,747,1015,883,1149
rgb_117.jpg,2592,1944,bottle,747,1015,883,1149
g_117.tif,2592,1944,bottle,894,948,974,1068
nir_117.tif,2592,1944,bottle,894,948,974,1068
r_117.tif,2592,1944,bottle,894,948,974,1068
re_117.tif,2592,1944,bottle,894,948,974,1068
rgb_117.jpg,2592,1944,bottle,894,948,974,1068
g_117.tif,2592,1944,bottle,988,963,1086,1068
nir_117.tif,2592,1944,bottle,988,963,1086,1068
r_117.tif,2592,1944,bottle,988,963,1086,1068
re_117.tif,2592,1944,bottle,988,963,1086,1068
rgb_117.jpg,2592,1944,bottle,988,963,1086,1068
g_117.tif,2592,1944,bottle,796,1010,935,1101
nir_117.tif,2592,1944,bottle,796,1010,935,1101
r_117.tif,2592,1944,bottle,796,1010,935,1101
re_117.tif,2592,1944,bottle,796,1010,935,1101
rgb_117.jpg,2592,1944,bottle,796,1010,935,1101
g_117.tif,2592,1944,container,382,932,482,997
nir_117.tif,2592,1944,container,382,932,482,997
r_117.tif,2592,1944,container,382,932,482,997
re_117.tif,2592,1944,container,382,932,482,997
rgb_117.jpg,2592,1944,container,382,932,482,997
g_117.tif,2592,1944,bottle,744,792,884,879
nir_117.tif,2592,1944,bottle,744,792,884,879
r_117.tif,2592,1944,bottle,744,792,884,879
re_117.tif,2592,1944,bottle,744,792,884,879
rgb_117.jpg,2592,1944,bottle,744,792,884,879
g_117.tif,2592,1944,bottle,867,804,1025,873
nir_117.tif,2592,1944,bottle,867,804,1025,873
r_117.tif,2592,1944,bottle,867,804,1025,873
re_117.tif,2592,1944,bottle,867,804,1025,873
rgb_117.jpg,2592,1944,bottle,867,804,1025,873
g_117.tif,2592,1944,bottle,997,829,1078,922
nir_117.tif,2592,1944,bottle,997,829,1078,922
r_117.tif,2592,1944,bottle,997,829,1078,922
re_117.tif,2592,1944,bottle,997,829,1078,922
rgb_117.jpg,2592,1944,bottle,997,829,1078,922
g_117.tif,2592,1944,bottle,938,909,1085,977
nir_117.tif,2592,1944,bottle,938,909,1085,977
r_117.tif,2592,1944,bottle,938,909,1085,977
re_117.tif,2592,1944,bottle,938,909,1085,977
rgb_117.jpg,2592,1944,bottle,938,909,1085,977
g_117.tif,2592,1944,bottle,996,747,1072,831
nir_117.tif,2592,1944,bottle,996,747,1072,831
r_117.tif,2592,1944,bottle,996,747,1072,831
re_117.tif,2592,1944,bottle,996,747,1072,831
rgb_117.jpg,2592,1944,bottle,996,747,1072,831
g_117.tif,2592,1944,bottle,958,691,1014,762
nir_117.tif,2592,1944,bottle,958,691,1014,762
r_117.tif,2592,1944,bottle,958,691,1014,762
re_117.tif,2592,1944,bottle,958,691,1014,762
rgb_117.jpg,2592,1944,bottle,958,691,1014,762
g_117.tif,2592,1944,bottle,1000,726,1127,782
nir_117.tif,2592,1944,bottle,1000,726,1127,782
r_117.tif,2592,1944,bottle,1000,726,1127,782
re_117.tif,2592,1944,bottle,1000,726,1127,782
rgb_117.jpg,2592,1944,bottle,1000,726,1127,782
g_117.tif,2592,1944,bottle,1009,695,1137,740
nir_117.tif,2592,1944,bottle,1009,695,1137,740
r_117.tif,2592,1944,bottle,1009,695,1137,740
re_117.tif,2592,1944,bottle,1009,695,1137,740
rgb_117.jpg,2592,1944,bottle,1009,695,1137,740
g_117.tif,2592,1944,bottle,991,644,1086,709
nir_117.tif,2592,1944,bottle,991,644,1086,709
r_117.tif,2592,1944,bottle,991,644,1086,709
re_117.tif,2592,1944,bottle,991,644,1086,709
rgb_117.jpg,2592,1944,bottle,991,644,1086,709
g_117.tif,2592,1944,bottle,897,594,1010,642
nir_117.tif,2592,1944,bottle,897,594,1010,642
r_117.tif,2592,1944,bottle,897,594,1010,642
re_117.tif,2592,1944,bottle,897,594,1010,642
rgb_117.jpg,2592,1944,bottle,897,594,1010,642
g_117.tif,2592,1944,bottle,852,651,948,697
nir_117.tif,2592,1944,bottle,852,651,948,697
r_117.tif,2592,1944,bottle,852,651,948,697
re_117.tif,2592,1944,bottle,852,651,948,697
rgb_117.jpg,2592,1944,bottle,852,651,948,697
g_117.tif,2592,1944,bottle,884,830,1014,923
nir_117.tif,2592,1944,bottle,884,830,1014,923
r_117.tif,2592,1944,bottle,884,830,1014,923
re_117.tif,2592,1944,bottle,884,830,1014,923
rgb_117.jpg,2592,1944,bottle,884,830,1014,923
g_117.tif,2592,1944,bottle,778,853,909,928
nir_117.tif,2592,1944,bottle,778,853,909,928
r_117.tif,2592,1944,bottle,778,853,909,928
re_117.tif,2592,1944,bottle,778,853,909,928
rgb_117.jpg,2592,1944,bottle,778,853,909,928
g_117.tif,2592,1944,bottle,821,1119,999,1191
nir_117.tif,2592,1944,bottle,821,1119,999,1191
r_117.tif,2592,1944,bottle,821,1119,999,1191
re_117.tif,2592,1944,bottle,821,1119,999,1191
rgb_117.jpg,2592,1944,bottle,821,1119,999,1191
g_117.tif,2592,1944,can,350,976,541,1215
nir_117.tif,2592,1944,can,350,976,541,1215
r_117.tif,2592,1944,can,350,976,541,1215
re_117.tif,2592,1944,can,350,976,541,1215
rgb_117.jpg,2592,1944,can,350,976,541,1215
g_117.tif,2592,1944,can,530,960,702,1221
nir_117.tif,2592,1944,can,530,960,702,1221
r_117.tif,2592,1944,can,530,960,702,1221
re_117.tif,2592,1944,can,530,960,702,1221
rgb_117.jpg,2592,1944,can,530,960,702,1221
g_117.tif,2592,1944,can,319,808,514,974
nir_117.tif,2592,1944,can,319,808,514,974
r_117.tif,2592,1944,can,319,808,514,974
re_117.tif,2592,1944,can,319,808,514,974
rgb_117.jpg,2592,1944,can,319,808,514,974
g_117.tif,2592,1944,can,452,732,642,880
nir_117.tif,2592,1944,can,452,732,642,880
r_117.tif,2592,1944,can,452,732,642,880
re_117.tif,2592,1944,can,452,732,642,880
rgb_117.jpg,2592,1944,can,452,732,642,880
g_117.tif,2592,1944,can,495,805,685,913
nir_117.tif,2592,1944,can,495,805,685,913
r_117.tif,2592,1944,can,495,805,685,913
re_117.tif,2592,1944,can,495,805,685,913
rgb_117.jpg,2592,1944,can,495,805,685,913
g_117.tif,2592,1944,can,586,821,793,979
nir_117.tif,2592,1944,can,586,821,793,979
r_117.tif,2592,1944,can,586,821,793,979
re_117.tif,2592,1944,can,586,821,793,979
rgb_117.jpg,2592,1944,can,586,821,793,979
g_117.tif,2592,1944,can,808,702,996,838
nir_117.tif,2592,1944,can,808,702,996,838
r_117.tif,2592,1944,can,808,702,996,838
re_117.tif,2592,1944,can,808,702,996,838
rgb_117.jpg,2592,1944,can,808,702,996,838
g_117.tif,2592,1944,bottle,655,701,778,739
nir_117.tif,2592,1944,bottle,655,701,778,739
r_117.tif,2592,1944,bottle,655,701,778,739
re_117.tif,2592,1944,bottle,655,701,778,739
rgb_117.jpg,2592,1944,bottle,655,701,778,739
g_117.tif,2592,1944,bottle,739,650,773,702
nir_117.tif,2592,1944,bottle,739,650,773,702
r_117.tif,2592,1944,bottle,739,650,773,702
re_117.tif,2592,1944,bottle,739,650,773,702
rgb_117.jpg,2592,1944,bottle,739,650,773,702
g_117.tif,2592,1944,bottle,655,737,732,814
nir_117.tif,2592,1944,bottle,655,737,732,814
r_117.tif,2592,1944,bottle,655,737,732,814
re_117.tif,2592,1944,bottle,655,737,732,814
rgb_117.jpg,2592,1944,bottle,655,737,732,814
g_117.tif,2592,1944,bottle,561,706,626,769
nir_117.tif,2592,1944,bottle,561,706,626,769
r_117.tif,2592,1944,bottle,561,706,626,769
re_117.tif,2592,1944,bottle,561,706,626,769
rgb_117.jpg,2592,1944,bottle,561,706,626,769
g_117.tif,2592,1944,bottle,777,647,849,703
nir_117.tif,2592,1944,bottle,777,647,849,703
r_117.tif,2592,1944,bottle,777,647,849,703
re_117.tif,2592,1944,bottle,777,647,849,703
rgb_117.jpg,2592,1944,bottle,777,647,849,703
g_117.tif,2592,1944,bottle,623,657,714,738
nir_117.tif,2592,1944,bottle,623,657,714,738
r_117.tif,2592,1944,bottle,623,657,714,738
re_117.tif,2592,1944,bottle,623,657,714,738
rgb_117.jpg,2592,1944,bottle,623,657,714,738
g_12.tif,2592,1944,bottle,1083,466,1129,507
nir_12.tif,2592,1944,bottle,1083,466,1129,507
r_12.tif,2592,1944,bottle,1083,466,1129,507
re_12.tif,2592,1944,bottle,1083,466,1129,507
rgb_12.jpg,2592,1944,bottle,1083,466,1129,507
g_12.tif,2592,1944,bottle,1026,533,1095,569
nir_12.tif,2592,1944,bottle,1026,533,1095,569
r_12.tif,2592,1944,bottle,1026,533,1095,569
re_12.tif,2592,1944,bottle,1026,533,1095,569
rgb_12.jpg,2592,1944,bottle,1026,533,1095,569
g_12.tif,2592,1944,bottle,1098,497,1148,543
nir_12.tif,2592,1944,bottle,1098,497,1148,543
r_12.tif,2592,1944,bottle,1098,497,1148,543
re_12.tif,2592,1944,bottle,1098,497,1148,543
rgb_12.jpg,2592,1944,bottle,1098,497,1148,543
g_12.tif,2592,1944,bottle,1286,752,1345,792
nir_12.tif,2592,1944,bottle,1286,752,1345,792
r_12.tif,2592,1944,bottle,1286,752,1345,792
re_12.tif,2592,1944,bottle,1286,752,1345,792
rgb_12.jpg,2592,1944,bottle,1286,752,1345,792
g_12.tif,2592,1944,bottle,1283,726,1347,761
nir_12.tif,2592,1944,bottle,1283,726,1347,761
r_12.tif,2592,1944,bottle,1283,726,1347,761
re_12.tif,2592,1944,bottle,1283,726,1347,761
rgb_12.jpg,2592,1944,bottle,1283,726,1347,761
g_12.tif,2592,1944,bottle,1326,693,1367,757
nir_12.tif,2592,1944,bottle,1326,693,1367,757
r_12.tif,2592,1944,bottle,1326,693,1367,757
re_12.tif,2592,1944,bottle,1326,693,1367,757
rgb_12.jpg,2592,1944,bottle,1326,693,1367,757
g_12.tif,2592,1944,bottle,1348,673,1392,745
nir_12.tif,2592,1944,bottle,1348,673,1392,745
r_12.tif,2592,1944,bottle,1348,673,1392,745
re_12.tif,2592,1944,bottle,1348,673,1392,745
rgb_12.jpg,2592,1944,bottle,1348,673,1392,745
g_12.tif,2592,1944,bottle,1719,721,1767,797
nir_12.tif,2592,1944,bottle,1719,721,1767,797
r_12.tif,2592,1944,bottle,1719,721,1767,797
re_12.tif,2592,1944,bottle,1719,721,1767,797
rgb_12.jpg,2592,1944,bottle,1719,721,1767,797
g_12.tif,2592,1944,bottle,1452,843,1493,899
nir_12.tif,2592,1944,bottle,1452,843,1493,899
r_12.tif,2592,1944,bottle,1452,843,1493,899
re_12.tif,2592,1944,bottle,1452,843,1493,899
rgb_12.jpg,2592,1944,bottle,1452,843,1493,899
g_12.tif,2592,1944,bottle,1390,766,1442,821
nir_12.tif,2592,1944,bottle,1390,766,1442,821
r_12.tif,2592,1944,bottle,1390,766,1442,821
re_12.tif,2592,1944,bottle,1390,766,1442,821
rgb_12.jpg,2592,1944,bottle,1390,766,1442,821
g_12.tif,2592,1944,bottle,1193,878,1261,923
nir_12.tif,2592,1944,bottle,1193,878,1261,923
r_12.tif,2592,1944,bottle,1193,878,1261,923
re_12.tif,2592,1944,bottle,1193,878,1261,923
rgb_12.jpg,2592,1944,bottle,1193,878,1261,923
g_12.tif,2592,1944,bottle,1642,904,1692,966
nir_12.tif,2592,1944,bottle,1642,904,1692,966
r_12.tif,2592,1944,bottle,1642,904,1692,966
re_12.tif,2592,1944,bottle,1642,904,1692,966
rgb_12.jpg,2592,1944,bottle,1642,904,1692,966
g_12.tif,2592,1944,bottle,1881,899,1950,950
nir_12.tif,2592,1944,bottle,1881,899,1950,950
r_12.tif,2592,1944,bottle,1881,899,1950,950
re_12.tif,2592,1944,bottle,1881,899,1950,950
rgb_12.jpg,2592,1944,bottle,1881,899,1950,950
g_12.tif,2592,1944,bottle,2097,962,2174,1016
nir_12.tif,2592,1944,bottle,2097,962,2174,1016
r_12.tif,2592,1944,bottle,2097,962,2174,1016
re_12.tif,2592,1944,bottle,2097,962,2174,1016
rgb_12.jpg,2592,1944,bottle,2097,962,2174,1016
g_12.tif,2592,1944,bottle,2054,1168,2123,1202
nir_12.tif,2592,1944,bottle,2054,1168,2123,1202
r_12.tif,2592,1944,bottle,2054,1168,2123,1202
re_12.tif,2592,1944,bottle,2054,1168,2123,1202
rgb_12.jpg,2592,1944,bottle,2054,1168,2123,1202
g_12.tif,2592,1944,bottle,1581,1142,1659,1193
nir_12.tif,2592,1944,bottle,1581,1142,1659,1193
r_12.tif,2592,1944,bottle,1581,1142,1659,1193
re_12.tif,2592,1944,bottle,1581,1142,1659,1193
rgb_12.jpg,2592,1944,bottle,1581,1142,1659,1193
g_12.tif,2592,1944,bottle,2,188,62,237
nir_12.tif,2592,1944,bottle,2,188,62,237
r_12.tif,2592,1944,bottle,2,188,62,237
re_12.tif,2592,1944,bottle,2,188,62,237
rgb_12.jpg,2592,1944,bottle,2,188,62,237
g_12.tif,2592,1944,bottle,1888,1807,1950,1843
nir_12.tif,2592,1944,bottle,1888,1807,1950,1843
r_12.tif,2592,1944,bottle,1888,1807,1950,1843
re_12.tif,2592,1944,bottle,1888,1807,1950,1843
rgb_12.jpg,2592,1944,bottle,1888,1807,1950,1843
g_12.tif,2592,1944,bottle,1864,1714,1909,1776
nir_12.tif,2592,1944,bottle,1864,1714,1909,1776
r_12.tif,2592,1944,bottle,1864,1714,1909,1776
re_12.tif,2592,1944,bottle,1864,1714,1909,1776
rgb_12.jpg,2592,1944,bottle,1864,1714,1909,1776
g_12.tif,2592,1944,bottle,1890,1712,1935,1768
nir_12.tif,2592,1944,bottle,1890,1712,1935,1768
r_12.tif,2592,1944,bottle,1890,1712,1935,1768
re_12.tif,2592,1944,bottle,1890,1712,1935,1768
rgb_12.jpg,2592,1944,bottle,1890,1712,1935,1768
g_12.tif,2592,1944,bottle,2105,1556,2179,1607
nir_12.tif,2592,1944,bottle,2105,1556,2179,1607
r_12.tif,2592,1944,bottle,2105,1556,2179,1607
re_12.tif,2592,1944,bottle,2105,1556,2179,1607
rgb_12.jpg,2592,1944,bottle,2105,1556,2179,1607
g_12.tif,2592,1944,bottle,2162,1595,2228,1640
nir_12.tif,2592,1944,bottle,2162,1595,2228,1640
r_12.tif,2592,1944,bottle,2162,1595,2228,1640
re_12.tif,2592,1944,bottle,2162,1595,2228,1640
rgb_12.jpg,2592,1944,bottle,2162,1595,2228,1640
g_12.tif,2592,1944,bottle,2252,1662,2297,1731
nir_12.tif,2592,1944,bottle,2252,1662,2297,1731
r_12.tif,2592,1944,bottle,2252,1662,2297,1731
re_12.tif,2592,1944,bottle,2252,1662,2297,1731
rgb_12.jpg,2592,1944,bottle,2252,1662,2297,1731
g_12.tif,2592,1944,bottle,2229,1592,2279,1656
nir_12.tif,2592,1944,bottle,2229,1592,2279,1656
r_12.tif,2592,1944,bottle,2229,1592,2279,1656
re_12.tif,2592,1944,bottle,2229,1592,2279,1656
rgb_12.jpg,2592,1944,bottle,2229,1592,2279,1656
g_12.tif,2592,1944,bottle,2278,1619,2323,1692
nir_12.tif,2592,1944,bottle,2278,1619,2323,1692
r_12.tif,2592,1944,bottle,2278,1619,2323,1692
re_12.tif,2592,1944,bottle,2278,1619,2323,1692
rgb_12.jpg,2592,1944,bottle,2278,1619,2323,1692
g_12.tif,2592,1944,bottle,1938,1321,2000,1376
nir_12.tif,2592,1944,bottle,1938,1321,2000,1376
r_12.tif,2592,1944,bottle,1938,1321,2000,1376
re_12.tif,2592,1944,bottle,1938,1321,2000,1376
rgb_12.jpg,2592,1944,bottle,1938,1321,2000,1376
g_12.tif,2592,1944,bottle,2311,1859,2359,1921
nir_12.tif,2592,1944,bottle,2311,1859,2359,1921
r_12.tif,2592,1944,bottle,2311,1859,2359,1921
re_12.tif,2592,1944,bottle,2311,1859,2359,1921
rgb_12.jpg,2592,1944,bottle,2311,1859,2359,1921
g_12.tif,2592,1944,bottle,2335,1812,2381,1876
nir_12.tif,2592,1944,bottle,2335,1812,2381,1876
r_12.tif,2592,1944,bottle,2335,1812,2381,1876
re_12.tif,2592,1944,bottle,2335,1812,2381,1876
rgb_12.jpg,2592,1944,bottle,2335,1812,2381,1876
g_12.tif,2592,1944,bottle,2357,1804,2400,1876
nir_12.tif,2592,1944,bottle,2357,1804,2400,1876
r_12.tif,2592,1944,bottle,2357,1804,2400,1876
re_12.tif,2592,1944,bottle,2357,1804,2400,1876
rgb_12.jpg,2592,1944,bottle,2357,1804,2400,1876
g_12.tif,2592,1944,can,1976,1119,2061,1195
nir_12.tif,2592,1944,can,1976,1119,2061,1195
r_12.tif,2592,1944,can,1976,1119,2061,1195
re_12.tif,2592,1944,can,1976,1119,2061,1195
rgb_12.jpg,2592,1944,can,1976,1119,2061,1195
g_12.tif,2592,1944,can,1979,1197,2067,1262
nir_12.tif,2592,1944,can,1979,1197,2067,1262
r_12.tif,2592,1944,can,1979,1197,2067,1262
re_12.tif,2592,1944,can,1979,1197,2067,1262
rgb_12.jpg,2592,1944,can,1979,1197,2067,1262
g_12.tif,2592,1944,container,1926,1169,1993,1249
nir_12.tif,2592,1944,container,1926,1169,1993,1249
r_12.tif,2592,1944,container,1926,1169,1993,1249
re_12.tif,2592,1944,container,1926,1169,1993,1249
rgb_12.jpg,2592,1944,container,1926,1169,1993,1249
g_13.tif,2592,1944,can,728,1733,793,1787
nir_13.tif,2592,1944,can,728,1733,793,1787
r_13.tif,2592,1944,can,728,1733,793,1787
re_13.tif,2592,1944,can,728,1733,793,1787
rgb_13.jpg,2592,1944,can,728,1733,793,1787
g_13.tif,2592,1944,can,764,1778,814,1833
nir_13.tif,2592,1944,can,764,1778,814,1833
r_13.tif,2592,1944,can,764,1778,814,1833
re_13.tif,2592,1944,can,764,1778,814,1833
rgb_13.jpg,2592,1944,can,764,1778,814,1833
g_13.tif,2592,1944,can,802,1780,848,1830
nir_13.tif,2592,1944,can,802,1780,848,1830
r_13.tif,2592,1944,can,802,1780,848,1830
re_13.tif,2592,1944,can,802,1780,848,1830
rgb_13.jpg,2592,1944,can,802,1780,848,1830
g_13.tif,2592,1944,can,1343,1642,1404,1688
nir_13.tif,2592,1944,can,1343,1642,1404,1688
r_13.tif,2592,1944,can,1343,1642,1404,1688
re_13.tif,2592,1944,can,1343,1642,1404,1688
rgb_13.jpg,2592,1944,can,1343,1642,1404,1688
g_13.tif,2592,1944,can,1778,1112,1842,1171
nir_13.tif,2592,1944,can,1778,1112,1842,1171
r_13.tif,2592,1944,can,1778,1112,1842,1171
re_13.tif,2592,1944,can,1778,1112,1842,1171
rgb_13.jpg,2592,1944,can,1778,1112,1842,1171
g_13.tif,2592,1944,can,1778,1061,1831,1116
nir_13.tif,2592,1944,can,1778,1061,1831,1116
r_13.tif,2592,1944,can,1778,1061,1831,1116
re_13.tif,2592,1944,can,1778,1061,1831,1116
rgb_13.jpg,2592,1944,can,1778,1061,1831,1116
g_13.tif,2592,1944,container,1742,1106,1788,1154
nir_13.tif,2592,1944,container,1742,1106,1788,1154
r_13.tif,2592,1944,container,1742,1106,1788,1154
re_13.tif,2592,1944,container,1742,1106,1788,1154
rgb_13.jpg,2592,1944,container,1742,1106,1788,1154
g_13.tif,2592,1944,bottle,1838,1085,1883,1126
nir_13.tif,2592,1944,bottle,1838,1085,1883,1126
r_13.tif,2592,1944,bottle,1838,1085,1883,1126
re_13.tif,2592,1944,bottle,1838,1085,1883,1126
rgb_13.jpg,2592,1944,bottle,1838,1085,1883,1126
g_13.tif,2592,1944,bottle,1869,1373,1917,1407
nir_13.tif,2592,1944,bottle,1869,1373,1917,1407
r_13.tif,2592,1944,bottle,1869,1373,1917,1407
re_13.tif,2592,1944,bottle,1869,1373,1917,1407
rgb_13.jpg,2592,1944,bottle,1869,1373,1917,1407
g_13.tif,2592,1944,container,1054,1918,1124,1944
nir_13.tif,2592,1944,container,1054,1918,1124,1944
r_13.tif,2592,1944,container,1054,1918,1124,1944
re_13.tif,2592,1944,container,1054,1918,1124,1944
rgb_13.jpg,2592,1944,container,1054,1918,1124,1944
g_13.tif,2592,1944,bottle,169,876,219,919
nir_13.tif,2592,1944,bottle,169,876,219,919
r_13.tif,2592,1944,bottle,169,876,219,919
re_13.tif,2592,1944,bottle,169,876,219,919
rgb_13.jpg,2592,1944,bottle,169,876,219,919
g_13.tif,2592,1944,bottle,348,388,395,423
nir_13.tif,2592,1944,bottle,348,388,395,423
r_13.tif,2592,1944,bottle,348,388,395,423
re_13.tif,2592,1944,bottle,348,388,395,423
rgb_13.jpg,2592,1944,bottle,348,388,395,423
g_13.tif,2592,1944,bottle,1146,602,1181,635
nir_13.tif,2592,1944,bottle,1146,602,1181,635
r_13.tif,2592,1944,bottle,1146,602,1181,635
re_13.tif,2592,1944,bottle,1146,602,1181,635
rgb_13.jpg,2592,1944,bottle,1146,602,1181,635
g_13.tif,2592,1944,bottle,1159,623,1194,655
nir_13.tif,2592,1944,bottle,1159,623,1194,655
r_13.tif,2592,1944,bottle,1159,623,1194,655
re_13.tif,2592,1944,bottle,1159,623,1194,655
rgb_13.jpg,2592,1944,bottle,1159,623,1194,655
g_13.tif,2592,1944,bottle,1107,646,1152,676
nir_13.tif,2592,1944,bottle,1107,646,1152,676
r_13.tif,2592,1944,bottle,1107,646,1152,676
re_13.tif,2592,1944,bottle,1107,646,1152,676
rgb_13.jpg,2592,1944,bottle,1107,646,1152,676
g_13.tif,2592,1944,bottle,1319,759,1349,808
nir_13.tif,2592,1944,bottle,1319,759,1349,808
r_13.tif,2592,1944,bottle,1319,759,1349,808
re_13.tif,2592,1944,bottle,1319,759,1349,808
rgb_13.jpg,2592,1944,bottle,1319,759,1349,808
g_13.tif,2592,1944,bottle,1341,749,1362,796
nir_13.tif,2592,1944,bottle,1341,749,1362,796
r_13.tif,2592,1944,bottle,1341,749,1362,796
re_13.tif,2592,1944,bottle,1341,749,1362,796
rgb_13.jpg,2592,1944,bottle,1341,749,1362,796
g_13.tif,2592,1944,bottle,1290,789,1337,810
nir_13.tif,2592,1944,bottle,1290,789,1337,810
r_13.tif,2592,1944,bottle,1290,789,1337,810
re_13.tif,2592,1944,bottle,1290,789,1337,810
rgb_13.jpg,2592,1944,bottle,1290,789,1337,810
g_13.tif,2592,1944,bottle,1287,805,1334,832
nir_13.tif,2592,1944,bottle,1287,805,1334,832
r_13.tif,2592,1944,bottle,1287,805,1334,832
re_13.tif,2592,1944,bottle,1287,805,1334,832
rgb_13.jpg,2592,1944,bottle,1287,805,1334,832
g_13.tif,2592,1944,bottle,1366,817,1400,852
nir_13.tif,2592,1944,bottle,1366,817,1400,852
r_13.tif,2592,1944,bottle,1366,817,1400,852
re_13.tif,2592,1944,bottle,1366,817,1400,852
rgb_13.jpg,2592,1944,bottle,1366,817,1400,852
g_13.tif,2592,1944,bottle,1411,867,1436,906
nir_13.tif,2592,1944,bottle,1411,867,1436,906
r_13.tif,2592,1944,bottle,1411,867,1436,906
re_13.tif,2592,1944,bottle,1411,867,1436,906
rgb_13.jpg,2592,1944,bottle,1411,867,1436,906
g_13.tif,2592,1944,bottle,1603,786,1624,830
nir_13.tif,2592,1944,bottle,1603,786,1624,830
r_13.tif,2592,1944,bottle,1603,786,1624,830
re_13.tif,2592,1944,bottle,1603,786,1624,830
rgb_13.jpg,2592,1944,bottle,1603,786,1624,830
g_13.tif,2592,1944,bottle,1716,913,1761,944
nir_13.tif,2592,1944,bottle,1716,913,1761,944
r_13.tif,2592,1944,bottle,1716,913,1761,944
re_13.tif,2592,1944,bottle,1716,913,1761,944
rgb_13.jpg,2592,1944,bottle,1716,913,1761,944
g_13.tif,2592,1944,bottle,1868,957,1916,984
nir_13.tif,2592,1944,bottle,1868,957,1916,984
r_13.tif,2592,1944,bottle,1868,957,1916,984
re_13.tif,2592,1944,bottle,1868,957,1916,984
rgb_13.jpg,2592,1944,bottle,1868,957,1916,984
g_13.tif,2592,1944,bottle,1545,916,1576,954
nir_13.tif,2592,1944,bottle,1545,916,1576,954
r_13.tif,2592,1944,bottle,1545,916,1576,954
re_13.tif,2592,1944,bottle,1545,916,1576,954
rgb_13.jpg,2592,1944,bottle,1545,916,1576,954
g_13.tif,2592,1944,bottle,1226,899,1270,924
nir_13.tif,2592,1944,bottle,1226,899,1270,924
r_13.tif,2592,1944,bottle,1226,899,1270,924
re_13.tif,2592,1944,bottle,1226,899,1270,924
rgb_13.jpg,2592,1944,bottle,1226,899,1270,924
g_13.tif,2592,1944,bottle,1507,1083,1549,1117
nir_13.tif,2592,1944,bottle,1507,1083,1549,1117
r_13.tif,2592,1944,bottle,1507,1083,1549,1117
re_13.tif,2592,1944,bottle,1507,1083,1549,1117
rgb_13.jpg,2592,1944,bottle,1507,1083,1549,1117
g_13.tif,2592,1944,bottle,1754,1202,1791,1247
nir_13.tif,2592,1944,bottle,1754,1202,1791,1247
r_13.tif,2592,1944,bottle,1754,1202,1791,1247
re_13.tif,2592,1944,bottle,1754,1202,1791,1247
rgb_13.jpg,2592,1944,bottle,1754,1202,1791,1247
g_13.tif,2592,1944,bottle,1712,1551,1761,1568
nir_13.tif,2592,1944,bottle,1712,1551,1761,1568
r_13.tif,2592,1944,bottle,1712,1551,1761,1568
re_13.tif,2592,1944,bottle,1712,1551,1761,1568
rgb_13.jpg,2592,1944,bottle,1712,1551,1761,1568
g_13.tif,2592,1944,bottle,1700,1483,1723,1530
nir_13.tif,2592,1944,bottle,1700,1483,1723,1530
r_13.tif,2592,1944,bottle,1700,1483,1723,1530
re_13.tif,2592,1944,bottle,1700,1483,1723,1530
rgb_13.jpg,2592,1944,bottle,1700,1483,1723,1530
g_13.tif,2592,1944,bottle,1714,1477,1746,1524
nir_13.tif,2592,1944,bottle,1714,1477,1746,1524
r_13.tif,2592,1944,bottle,1714,1477,1746,1524
re_13.tif,2592,1944,bottle,1714,1477,1746,1524
rgb_13.jpg,2592,1944,bottle,1714,1477,1746,1524
g_13.tif,2592,1944,bottle,1909,1401,1954,1429
nir_13.tif,2592,1944,bottle,1909,1401,1954,1429
r_13.tif,2592,1944,bottle,1909,1401,1954,1429
re_13.tif,2592,1944,bottle,1909,1401,1954,1429
rgb_13.jpg,2592,1944,bottle,1909,1401,1954,1429
g_13.tif,2592,1944,bottle,1959,1402,1992,1440
nir_13.tif,2592,1944,bottle,1959,1402,1992,1440
r_13.tif,2592,1944,bottle,1959,1402,1992,1440
re_13.tif,2592,1944,bottle,1959,1402,1992,1440
rgb_13.jpg,2592,1944,bottle,1959,1402,1992,1440
g_13.tif,2592,1944,bottle,1992,1419,2017,1467
nir_13.tif,2592,1944,bottle,1992,1419,2017,1467
r_13.tif,2592,1944,bottle,1992,1419,2017,1467
re_13.tif,2592,1944,bottle,1992,1419,2017,1467
rgb_13.jpg,2592,1944,bottle,1992,1419,2017,1467
g_13.tif,2592,1944,bottle,1975,1441,2001,1489
nir_13.tif,2592,1944,bottle,1975,1441,2001,1489
r_13.tif,2592,1944,bottle,1975,1441,2001,1489
re_13.tif,2592,1944,bottle,1975,1441,2001,1489
rgb_13.jpg,2592,1944,bottle,1975,1441,2001,1489
g_13.tif,2592,1944,bottle,2010,1582,2033,1621
nir_13.tif,2592,1944,bottle,2010,1582,2033,1621
r_13.tif,2592,1944,bottle,2010,1582,2033,1621
re_13.tif,2592,1944,bottle,2010,1582,2033,1621
rgb_13.jpg,2592,1944,bottle,2010,1582,2033,1621
g_13.tif,2592,1944,bottle,2016,1581,2062,1607
nir_13.tif,2592,1944,bottle,2016,1581,2062,1607
r_13.tif,2592,1944,bottle,2016,1581,2062,1607
re_13.tif,2592,1944,bottle,2016,1581,2062,1607
rgb_13.jpg,2592,1944,bottle,2016,1581,2062,1607
g_13.tif,2592,1944,bottle,2031,1559,2061,1593
nir_13.tif,2592,1944,bottle,2031,1559,2061,1593
r_13.tif,2592,1944,bottle,2031,1559,2061,1593
re_13.tif,2592,1944,bottle,2031,1559,2061,1593
rgb_13.jpg,2592,1944,bottle,2031,1559,2061,1593
g_14.tif,2592,1944,can,294,617,339,649
nir_14.tif,2592,1944,can,294,617,339,649
r_14.tif,2592,1944,can,294,617,339,649
re_14.tif,2592,1944,can,294,617,339,649
rgb_14.jpg,2592,1944,can,294,617,339,649
g_14.tif,2592,1944,can,284,1455,321,1496
nir_14.tif,2592,1944,can,284,1455,321,1496
r_14.tif,2592,1944,can,284,1455,321,1496
re_14.tif,2592,1944,can,284,1455,321,1496
rgb_14.jpg,2592,1944,can,284,1455,321,1496
g_14.tif,2592,1944,can,270,1562,311,1608
nir_14.tif,2592,1944,can,270,1562,311,1608
r_14.tif,2592,1944,can,270,1562,311,1608
re_14.tif,2592,1944,can,270,1562,311,1608
rgb_14.jpg,2592,1944,can,270,1562,311,1608
g_14.tif,2592,1944,container,375,1435,397,1462
nir_14.tif,2592,1944,container,375,1435,397,1462
r_14.tif,2592,1944,container,375,1435,397,1462
re_14.tif,2592,1944,container,375,1435,397,1462
rgb_14.jpg,2592,1944,container,375,1435,397,1462
g_14.tif,2592,1944,container,269,1478,290,1503
nir_14.tif,2592,1944,container,269,1478,290,1503
r_14.tif,2592,1944,container,269,1478,290,1503
re_14.tif,2592,1944,container,269,1478,290,1503
rgb_14.jpg,2592,1944,container,269,1478,290,1503
g_14.tif,2592,1944,can,1344,1431,1388,1463
nir_14.tif,2592,1944,can,1344,1431,1388,1463
r_14.tif,2592,1944,can,1344,1431,1388,1463
re_14.tif,2592,1944,can,1344,1431,1388,1463
rgb_14.jpg,2592,1944,can,1344,1431,1388,1463
g_14.tif,2592,1944,can,931,1495,973,1528
nir_14.tif,2592,1944,can,931,1495,973,1528
r_14.tif,2592,1944,can,931,1495,973,1528
re_14.tif,2592,1944,can,931,1495,973,1528
rgb_14.jpg,2592,1944,can,931,1495,973,1528
g_14.tif,2592,1944,can,983,1527,1014,1562
nir_14.tif,2592,1944,can,983,1527,1014,1562
r_14.tif,2592,1944,can,983,1527,1014,1562
re_14.tif,2592,1944,can,983,1527,1014,1562
rgb_14.jpg,2592,1944,can,983,1527,1014,1562
g_14.tif,2592,1944,can,957,1526,991,1559
nir_14.tif,2592,1944,can,957,1526,991,1559
r_14.tif,2592,1944,can,957,1526,991,1559
re_14.tif,2592,1944,can,957,1526,991,1559
rgb_14.jpg,2592,1944,can,957,1526,991,1559
g_14.tif,2592,1944,bottle,953,1551,980,1569
nir_14.tif,2592,1944,bottle,953,1551,980,1569
r_14.tif,2592,1944,bottle,953,1551,980,1569
re_14.tif,2592,1944,bottle,953,1551,980,1569
rgb_14.jpg,2592,1944,bottle,953,1551,980,1569
g_14.tif,2592,1944,container,1146,1620,1201,1683
nir_14.tif,2592,1944,container,1146,1620,1201,1683
r_14.tif,2592,1944,container,1146,1620,1201,1683
re_14.tif,2592,1944,container,1146,1620,1201,1683
rgb_14.jpg,2592,1944,container,1146,1620,1201,1683
g_14.tif,2592,1944,container,1161,1676,1204,1723
nir_14.tif,2592,1944,container,1161,1676,1204,1723
r_14.tif,2592,1944,container,1161,1676,1204,1723
re_14.tif,2592,1944,container,1161,1676,1204,1723
rgb_14.jpg,2592,1944,container,1161,1676,1204,1723
g_14.tif,2592,1944,bottle,1183,1670,1207,1703
nir_14.tif,2592,1944,bottle,1183,1670,1207,1703
r_14.tif,2592,1944,bottle,1183,1670,1207,1703
re_14.tif,2592,1944,bottle,1183,1670,1207,1703
rgb_14.jpg,2592,1944,bottle,1183,1670,1207,1703
g_14.tif,2592,1944,bottle,545,911,577,944
nir_14.tif,2592,1944,bottle,545,911,577,944
r_14.tif,2592,1944,bottle,545,911,577,944
re_14.tif,2592,1944,bottle,545,911,577,944
rgb_14.jpg,2592,1944,bottle,545,911,577,944
g_14.tif,2592,1944,bottle,659,578,695,599
nir_14.tif,2592,1944,bottle,659,578,695,599
r_14.tif,2592,1944,bottle,659,578,695,599
re_14.tif,2592,1944,bottle,659,578,695,599
rgb_14.jpg,2592,1944,bottle,659,578,695,599
g_14.tif,2592,1944,bottle,1211,726,1232,753
nir_14.tif,2592,1944,bottle,1211,726,1232,753
r_14.tif,2592,1944,bottle,1211,726,1232,753
re_14.tif,2592,1944,bottle,1211,726,1232,753
rgb_14.jpg,2592,1944,bottle,1211,726,1232,753
g_14.tif,2592,1944,bottle,1216,741,1243,768
nir_14.tif,2592,1944,bottle,1216,741,1243,768
r_14.tif,2592,1944,bottle,1216,741,1243,768
re_14.tif,2592,1944,bottle,1216,741,1243,768
rgb_14.jpg,2592,1944,bottle,1216,741,1243,768
g_14.tif,2592,1944,bottle,1182,760,1219,780
nir_14.tif,2592,1944,bottle,1182,760,1219,780
r_14.tif,2592,1944,bottle,1182,760,1219,780
re_14.tif,2592,1944,bottle,1182,760,1219,780
rgb_14.jpg,2592,1944,bottle,1182,760,1219,780
g_14.tif,2592,1944,bottle,1329,838,1351,873
nir_14.tif,2592,1944,bottle,1329,838,1351,873
r_14.tif,2592,1944,bottle,1329,838,1351,873
re_14.tif,2592,1944,bottle,1329,838,1351,873
rgb_14.jpg,2592,1944,bottle,1329,838,1351,873
g_14.tif,2592,1944,bottle,1340,830,1359,867
nir_14.tif,2592,1944,bottle,1340,830,1359,867
r_14.tif,2592,1944,bottle,1340,830,1359,867
re_14.tif,2592,1944,bottle,1340,830,1359,867
rgb_14.jpg,2592,1944,bottle,1340,830,1359,867
g_14.tif,2592,1944,bottle,1306,852,1343,876
nir_14.tif,2592,1944,bottle,1306,852,1343,876
r_14.tif,2592,1944,bottle,1306,852,1343,876
re_14.tif,2592,1944,bottle,1306,852,1343,876
rgb_14.jpg,2592,1944,bottle,1306,852,1343,876
g_14.tif,2592,1944,bottle,1308,865,1339,886
nir_14.tif,2592,1944,bottle,1308,865,1339,886
r_14.tif,2592,1944,bottle,1308,865,1339,886
re_14.tif,2592,1944,bottle,1308,865,1339,886
rgb_14.jpg,2592,1944,bottle,1308,865,1339,886
g_14.tif,2592,1944,bottle,1391,909,1412,937
nir_14.tif,2592,1944,bottle,1391,909,1412,937
r_14.tif,2592,1944,bottle,1391,909,1412,937
re_14.tif,2592,1944,bottle,1391,909,1412,937
rgb_14.jpg,2592,1944,bottle,1391,909,1412,937
g_14.tif,2592,1944,bottle,1360,878,1388,902
nir_14.tif,2592,1944,bottle,1360,878,1388,902
r_14.tif,2592,1944,bottle,1360,878,1388,902
re_14.tif,2592,1944,bottle,1360,878,1388,902
rgb_14.jpg,2592,1944,bottle,1360,878,1388,902
g_14.tif,2592,1944,bottle,1524,854,1537,886
nir_14.tif,2592,1944,bottle,1524,854,1537,886
r_14.tif,2592,1944,bottle,1524,854,1537,886
re_14.tif,2592,1944,bottle,1524,854,1537,886
rgb_14.jpg,2592,1944,bottle,1524,854,1537,886
g_14.tif,2592,1944,bottle,1481,945,1504,972
nir_14.tif,2592,1944,bottle,1481,945,1504,972
r_14.tif,2592,1944,bottle,1481,945,1504,972
re_14.tif,2592,1944,bottle,1481,945,1504,972
rgb_14.jpg,2592,1944,bottle,1481,945,1504,972
g_14.tif,2592,1944,bottle,1456,1058,1481,1077
nir_14.tif,2592,1944,bottle,1456,1058,1481,1077
r_14.tif,2592,1944,bottle,1456,1058,1481,1077
re_14.tif,2592,1944,bottle,1456,1058,1481,1077
rgb_14.jpg,2592,1944,bottle,1456,1058,1481,1077
g_14.tif,2592,1944,bottle,1264,930,1298,950
nir_14.tif,2592,1944,bottle,1264,930,1298,950
r_14.tif,2592,1944,bottle,1264,930,1298,950
re_14.tif,2592,1944,bottle,1264,930,1298,950
rgb_14.jpg,2592,1944,bottle,1264,930,1298,950
g_14.tif,2592,1944,bottle,1603,943,1627,963
nir_14.tif,2592,1944,bottle,1603,943,1627,963
r_14.tif,2592,1944,bottle,1603,943,1627,963
re_14.tif,2592,1944,bottle,1603,943,1627,963
rgb_14.jpg,2592,1944,bottle,1603,943,1627,963
g_14.tif,2592,1944,bottle,1701,975,1731,993
nir_14.tif,2592,1944,bottle,1701,975,1731,993
r_14.tif,2592,1944,bottle,1701,975,1731,993
re_14.tif,2592,1944,bottle,1701,975,1731,993
rgb_14.jpg,2592,1944,bottle,1701,975,1731,993
g_14.tif,2592,1944,bottle,1676,1060,1707,1086
nir_14.tif,2592,1944,bottle,1676,1060,1707,1086
r_14.tif,2592,1944,bottle,1676,1060,1707,1086
re_14.tif,2592,1944,bottle,1676,1060,1707,1086
rgb_14.jpg,2592,1944,bottle,1676,1060,1707,1086
g_14.tif,2592,1944,bottle,1622,1138,1642,1167
nir_14.tif,2592,1944,bottle,1622,1138,1642,1167
r_14.tif,2592,1944,bottle,1622,1138,1642,1167
re_14.tif,2592,1944,bottle,1622,1138,1642,1167
rgb_14.jpg,2592,1944,bottle,1622,1138,1642,1167
g_14.tif,2592,1944,bottle,1594,1369,1622,1387
nir_14.tif,2592,1944,bottle,1594,1369,1622,1387
r_14.tif,2592,1944,bottle,1594,1369,1622,1387
re_14.tif,2592,1944,bottle,1594,1369,1622,1387
rgb_14.jpg,2592,1944,bottle,1594,1369,1622,1387
g_14.tif,2592,1944,bottle,1585,1330,1597,1359
nir_14.tif,2592,1944,bottle,1585,1330,1597,1359
r_14.tif,2592,1944,bottle,1585,1330,1597,1359
re_14.tif,2592,1944,bottle,1585,1330,1597,1359
rgb_14.jpg,2592,1944,bottle,1585,1330,1597,1359
g_14.tif,2592,1944,bottle,1595,1317,1619,1355
nir_14.tif,2592,1944,bottle,1595,1317,1619,1355
r_14.tif,2592,1944,bottle,1595,1317,1619,1355
re_14.tif,2592,1944,bottle,1595,1317,1619,1355
rgb_14.jpg,2592,1944,bottle,1595,1317,1619,1355
g_14.tif,2592,1944,bottle,1806,1382,1822,1409
nir_14.tif,2592,1944,bottle,1806,1382,1822,1409
r_14.tif,2592,1944,bottle,1806,1382,1822,1409
re_14.tif,2592,1944,bottle,1806,1382,1822,1409
rgb_14.jpg,2592,1944,bottle,1806,1382,1822,1409
g_14.tif,2592,1944,bottle,1771,1296,1788,1330
nir_14.tif,2592,1944,bottle,1771,1296,1788,1330
r_14.tif,2592,1944,bottle,1771,1296,1788,1330
re_14.tif,2592,1944,bottle,1771,1296,1788,1330
rgb_14.jpg,2592,1944,bottle,1771,1296,1788,1330
g_14.tif,2592,1944,bottle,1784,1280,1802,1313
nir_14.tif,2592,1944,bottle,1784,1280,1802,1313
r_14.tif,2592,1944,bottle,1784,1280,1802,1313
re_14.tif,2592,1944,bottle,1784,1280,1802,1313
rgb_14.jpg,2592,1944,bottle,1784,1280,1802,1313
g_14.tif,2592,1944,bottle,1763,1270,1777,1300
nir_14.tif,2592,1944,bottle,1763,1270,1777,1300
r_14.tif,2592,1944,bottle,1763,1270,1777,1300
re_14.tif,2592,1944,bottle,1763,1270,1777,1300
rgb_14.jpg,2592,1944,bottle,1763,1270,1777,1300
g_14.tif,2592,1944,bottle,1723,1274,1757,1290
nir_14.tif,2592,1944,bottle,1723,1274,1757,1290
r_14.tif,2592,1944,bottle,1723,1274,1757,1290
re_14.tif,2592,1944,bottle,1723,1274,1757,1290
rgb_14.jpg,2592,1944,bottle,1723,1274,1757,1290
g_14.tif,2592,1944,bottle,1700,1253,1732,1270
nir_14.tif,2592,1944,bottle,1700,1253,1732,1270
r_14.tif,2592,1944,bottle,1700,1253,1732,1270
re_14.tif,2592,1944,bottle,1700,1253,1732,1270
rgb_14.jpg,2592,1944,bottle,1700,1253,1732,1270
g_14.tif,2592,1944,container,1613,1069,1647,1109
nir_14.tif,2592,1944,container,1613,1069,1647,1109
r_14.tif,2592,1944,container,1613,1069,1647,1109
re_14.tif,2592,1944,container,1613,1069,1647,1109
rgb_14.jpg,2592,1944,container,1613,1069,1647,1109
g_14.tif,2592,1944,can,1642,1042,1677,1075
nir_14.tif,2592,1944,can,1642,1042,1677,1075
r_14.tif,2592,1944,can,1642,1042,1677,1075
re_14.tif,2592,1944,can,1642,1042,1677,1075
rgb_14.jpg,2592,1944,can,1642,1042,1677,1075
g_14.tif,2592,1944,can,1638,1079,1681,1116
nir_14.tif,2592,1944,can,1638,1079,1681,1116
r_14.tif,2592,1944,can,1638,1079,1681,1116
re_14.tif,2592,1944,can,1638,1079,1681,1116
rgb_14.jpg,2592,1944,can,1638,1079,1681,1116
g_15.tif,2592,1944,can,674,738,702,757
nir_15.tif,2592,1944,can,674,738,702,757
r_15.tif,2592,1944,can,674,738,702,757
re_15.tif,2592,1944,can,674,738,702,757
rgb_15.jpg,2592,1944,can,674,738,702,757
g_15.tif,2592,1944,can,671,1259,692,1281
nir_15.tif,2592,1944,can,671,1259,692,1281
r_15.tif,2592,1944,can,671,1259,692,1281
re_15.tif,2592,1944,can,671,1259,692,1281
rgb_15.jpg,2592,1944,can,671,1259,692,1281
g_15.tif,2592,1944,can,659,1321,690,1352
nir_15.tif,2592,1944,can,659,1321,690,1352
r_15.tif,2592,1944,can,659,1321,690,1352
re_15.tif,2592,1944,can,659,1321,690,1352
rgb_15.jpg,2592,1944,can,659,1321,690,1352
g_15.tif,2592,1944,can,1073,1271,1098,1302
nir_15.tif,2592,1944,can,1073,1271,1098,1302
r_15.tif,2592,1944,can,1073,1271,1098,1302
re_15.tif,2592,1944,can,1073,1271,1098,1302
rgb_15.jpg,2592,1944,can,1073,1271,1098,1302
g_15.tif,2592,1944,can,1319,1226,1352,1259
nir_15.tif,2592,1944,can,1319,1226,1352,1259
r_15.tif,2592,1944,can,1319,1226,1352,1259
re_15.tif,2592,1944,can,1319,1226,1352,1259
rgb_15.jpg,2592,1944,can,1319,1226,1352,1259
g_15.tif,2592,1944,can,1504,1021,1529,1052
nir_15.tif,2592,1944,can,1504,1021,1529,1052
r_15.tif,2592,1944,can,1504,1021,1529,1052
re_15.tif,2592,1944,can,1504,1021,1529,1052
rgb_15.jpg,2592,1944,can,1504,1021,1529,1052
g_15.tif,2592,1944,can,1498,997,1531,1026
nir_15.tif,2592,1944,can,1498,997,1531,1026
r_15.tif,2592,1944,can,1498,997,1531,1026
re_15.tif,2592,1944,can,1498,997,1531,1026
rgb_15.jpg,2592,1944,can,1498,997,1531,1026
g_15.tif,2592,1944,container,726,1242,743,1262
nir_15.tif,2592,1944,container,726,1242,743,1262
r_15.tif,2592,1944,container,726,1242,743,1262
re_15.tif,2592,1944,container,726,1242,743,1262
rgb_15.jpg,2592,1944,container,726,1242,743,1262
g_15.tif,2592,1944,container,661,1272,676,1288
nir_15.tif,2592,1944,container,661,1272,676,1288
r_15.tif,2592,1944,container,661,1272,676,1288
re_15.tif,2592,1944,container,661,1272,676,1288
rgb_15.jpg,2592,1944,container,661,1272,676,1288
g_15.tif,2592,1944,container,1206,1352,1236,1388
nir_15.tif,2592,1944,container,1206,1352,1236,1388
r_15.tif,2592,1944,container,1206,1352,1236,1388
re_15.tif,2592,1944,container,1206,1352,1236,1388
rgb_15.jpg,2592,1944,container,1206,1352,1236,1388
g_15.tif,2592,1944,container,1214,1384,1239,1415
nir_15.tif,2592,1944,container,1214,1384,1239,1415
r_15.tif,2592,1944,container,1214,1384,1239,1415
re_15.tif,2592,1944,container,1214,1384,1239,1415
rgb_15.jpg,2592,1944,container,1214,1384,1239,1415
g_15.tif,2592,1944,bottle,1228,1383,1242,1402
nir_15.tif,2592,1944,bottle,1228,1383,1242,1402
r_15.tif,2592,1944,bottle,1228,1383,1242,1402
re_15.tif,2592,1944,bottle,1228,1383,1242,1402
rgb_15.jpg,2592,1944,bottle,1228,1383,1242,1402
g_15.tif,2592,1944,bottle,832,925,851,937
nir_15.tif,2592,1944,bottle,832,925,851,937
r_15.tif,2592,1944,bottle,832,925,851,937
re_15.tif,2592,1944,bottle,832,925,851,937
rgb_15.jpg,2592,1944,bottle,832,925,851,937
g_15.tif,2592,1944,bottle,901,715,922,728
nir_15.tif,2592,1944,bottle,901,715,922,728
r_15.tif,2592,1944,bottle,901,715,922,728
re_15.tif,2592,1944,bottle,901,715,922,728
rgb_15.jpg,2592,1944,bottle,901,715,922,728
g_15.tif,2592,1944,can,1089,1295,1107,1314
nir_15.tif,2592,1944,can,1089,1295,1107,1314
r_15.tif,2592,1944,can,1089,1295,1107,1314
re_15.tif,2592,1944,can,1089,1295,1107,1314
rgb_15.jpg,2592,1944,can,1089,1295,1107,1314
g_15.tif,2592,1944,can,1107,1297,1124,1315
nir_15.tif,2592,1944,can,1107,1297,1124,1315
r_15.tif,2592,1944,can,1107,1297,1124,1315
re_15.tif,2592,1944,can,1107,1297,1124,1315
rgb_15.jpg,2592,1944,can,1107,1297,1124,1315
g_15.tif,2592,1944,bottle,1084,1309,1103,1322
nir_15.tif,2592,1944,bottle,1084,1309,1103,1322
r_15.tif,2592,1944,bottle,1084,1309,1103,1322
re_15.tif,2592,1944,bottle,1084,1309,1103,1322
rgb_15.jpg,2592,1944,bottle,1084,1309,1103,1322
g_15.tif,2592,1944,bottle,1475,1198,1492,1209
nir_15.tif,2592,1944,bottle,1475,1198,1492,1209
r_15.tif,2592,1944,bottle,1475,1198,1492,1209
re_15.tif,2592,1944,bottle,1475,1198,1492,1209
rgb_15.jpg,2592,1944,bottle,1475,1198,1492,1209
g_15.tif,2592,1944,bottle,1468,1171,1481,1193
nir_15.tif,2592,1944,bottle,1468,1171,1481,1193
r_15.tif,2592,1944,bottle,1468,1171,1481,1193
re_15.tif,2592,1944,bottle,1468,1171,1481,1193
rgb_15.jpg,2592,1944,bottle,1468,1171,1481,1193
g_15.tif,2592,1944,bottle,1476,1171,1491,1191
nir_15.tif,2592,1944,bottle,1476,1171,1491,1191
r_15.tif,2592,1944,bottle,1476,1171,1491,1191
re_15.tif,2592,1944,bottle,1476,1171,1491,1191
rgb_15.jpg,2592,1944,bottle,1476,1171,1491,1191
g_15.tif,2592,1944,bottle,1583,1155,1594,1177
nir_15.tif,2592,1944,bottle,1583,1155,1594,1177
r_15.tif,2592,1944,bottle,1583,1155,1594,1177
re_15.tif,2592,1944,bottle,1583,1155,1594,1177
rgb_15.jpg,2592,1944,bottle,1583,1155,1594,1177
g_15.tif,2592,1944,bottle,1589,1146,1601,1164
nir_15.tif,2592,1944,bottle,1589,1146,1601,1164
r_15.tif,2592,1944,bottle,1589,1146,1601,1164
re_15.tif,2592,1944,bottle,1589,1146,1601,1164
rgb_15.jpg,2592,1944,bottle,1589,1146,1601,1164
g_15.tif,2592,1944,bottle,1575,1138,1588,1158
nir_15.tif,2592,1944,bottle,1575,1138,1588,1158
r_15.tif,2592,1944,bottle,1575,1138,1588,1158
re_15.tif,2592,1944,bottle,1575,1138,1588,1158
rgb_15.jpg,2592,1944,bottle,1575,1138,1588,1158
g_15.tif,2592,1944,bottle,1554,1137,1577,1152
nir_15.tif,2592,1944,bottle,1554,1137,1577,1152
r_15.tif,2592,1944,bottle,1554,1137,1577,1152
re_15.tif,2592,1944,bottle,1554,1137,1577,1152
rgb_15.jpg,2592,1944,bottle,1554,1137,1577,1152
g_15.tif,2592,1944,bottle,1542,1128,1559,1142
nir_15.tif,2592,1944,bottle,1542,1128,1559,1142
r_15.tif,2592,1944,bottle,1542,1128,1559,1142
re_15.tif,2592,1944,bottle,1542,1128,1559,1142
rgb_15.jpg,2592,1944,bottle,1542,1128,1559,1142
g_15.tif,2592,1944,bottle,1492,1057,1507,1078
nir_15.tif,2592,1944,bottle,1492,1057,1507,1078
r_15.tif,2592,1944,bottle,1492,1057,1507,1078
re_15.tif,2592,1944,bottle,1492,1057,1507,1078
rgb_15.jpg,2592,1944,bottle,1492,1057,1507,1078
g_15.tif,2592,1944,container,1488,1018,1504,1040
nir_15.tif,2592,1944,container,1488,1018,1504,1040
r_15.tif,2592,1944,container,1488,1018,1504,1040
re_15.tif,2592,1944,container,1488,1018,1504,1040
rgb_15.jpg,2592,1944,container,1488,1018,1504,1040
g_15.tif,2592,1944,bottle,1594,1215,1608,1232
nir_15.tif,2592,1944,bottle,1594,1215,1608,1232
r_15.tif,2592,1944,bottle,1594,1215,1608,1232
re_15.tif,2592,1944,bottle,1594,1215,1608,1232
rgb_15.jpg,2592,1944,bottle,1594,1215,1608,1232
g_15.tif,2592,1944,bottle,1542,956,1562,969
nir_15.tif,2592,1944,bottle,1542,956,1562,969
r_15.tif,2592,1944,bottle,1542,956,1562,969
re_15.tif,2592,1944,bottle,1542,956,1562,969
rgb_15.jpg,2592,1944,bottle,1542,956,1562,969
g_15.tif,2592,1944,bottle,1388,1008,1411,1025
nir_15.tif,2592,1944,bottle,1388,1008,1411,1025
r_15.tif,2592,1944,bottle,1388,1008,1411,1025
re_15.tif,2592,1944,bottle,1388,1008,1411,1025
rgb_15.jpg,2592,1944,bottle,1388,1008,1411,1025
g_15.tif,2592,1944,bottle,1481,938,1499,955
nir_15.tif,2592,1944,bottle,1481,938,1499,955
r_15.tif,2592,1944,bottle,1481,938,1499,955
re_15.tif,2592,1944,bottle,1481,938,1499,955
rgb_15.jpg,2592,1944,bottle,1481,938,1499,955
g_15.tif,2592,1944,bottle,1411,936,1420,958
nir_15.tif,2592,1944,bottle,1411,936,1420,958
r_15.tif,2592,1944,bottle,1411,936,1420,958
re_15.tif,2592,1944,bottle,1411,936,1420,958
rgb_15.jpg,2592,1944,bottle,1411,936,1420,958
g_15.tif,2592,1944,bottle,1431,882,1444,909
nir_15.tif,2592,1944,bottle,1431,882,1444,909
r_15.tif,2592,1944,bottle,1431,882,1444,909
re_15.tif,2592,1944,bottle,1431,882,1444,909
rgb_15.jpg,2592,1944,bottle,1431,882,1444,909
g_15.tif,2592,1944,bottle,1353,918,1361,938
nir_15.tif,2592,1944,bottle,1353,918,1361,938
r_15.tif,2592,1944,bottle,1353,918,1361,938
re_15.tif,2592,1944,bottle,1353,918,1361,938
rgb_15.jpg,2592,1944,bottle,1353,918,1361,938
g_15.tif,2592,1944,bottle,1335,899,1351,915
nir_15.tif,2592,1944,bottle,1335,899,1351,915
r_15.tif,2592,1944,bottle,1335,899,1351,915
re_15.tif,2592,1944,bottle,1335,899,1351,915
rgb_15.jpg,2592,1944,bottle,1335,899,1351,915
g_15.tif,2592,1944,bottle,1273,933,1297,948
nir_15.tif,2592,1944,bottle,1273,933,1297,948
r_15.tif,2592,1944,bottle,1273,933,1297,948
re_15.tif,2592,1944,bottle,1273,933,1297,948
rgb_15.jpg,2592,1944,bottle,1273,933,1297,948
g_15.tif,2592,1944,bottle,1302,895,1324,906
nir_15.tif,2592,1944,bottle,1302,895,1324,906
r_15.tif,2592,1944,bottle,1302,895,1324,906
re_15.tif,2592,1944,bottle,1302,895,1324,906
rgb_15.jpg,2592,1944,bottle,1302,895,1324,906
g_15.tif,2592,1944,bottle,1301,888,1321,898
nir_15.tif,2592,1944,bottle,1301,888,1321,898
r_15.tif,2592,1944,bottle,1301,888,1321,898
re_15.tif,2592,1944,bottle,1301,888,1321,898
rgb_15.jpg,2592,1944,bottle,1301,888,1321,898
g_15.tif,2592,1944,bottle,1313,878,1326,892
nir_15.tif,2592,1944,bottle,1313,878,1326,892
r_15.tif,2592,1944,bottle,1313,878,1326,892
re_15.tif,2592,1944,bottle,1313,878,1326,892
rgb_15.jpg,2592,1944,bottle,1313,878,1326,892
g_15.tif,2592,1944,bottle,1321,874,1335,897
nir_15.tif,2592,1944,bottle,1321,874,1335,897
r_15.tif,2592,1944,bottle,1321,874,1335,897
re_15.tif,2592,1944,bottle,1321,874,1335,897
rgb_15.jpg,2592,1944,bottle,1321,874,1335,897
g_15.tif,2592,1944,bottle,1226,828,1246,839
nir_15.tif,2592,1944,bottle,1226,828,1246,839
r_15.tif,2592,1944,bottle,1226,828,1246,839
re_15.tif,2592,1944,bottle,1226,828,1246,839
rgb_15.jpg,2592,1944,bottle,1226,828,1246,839
g_15.tif,2592,1944,bottle,1244,816,1261,832
nir_15.tif,2592,1944,bottle,1244,816,1261,832
r_15.tif,2592,1944,bottle,1244,816,1261,832
re_15.tif,2592,1944,bottle,1244,816,1261,832
rgb_15.jpg,2592,1944,bottle,1244,816,1261,832
g_15.tif,2592,1944,bottle,1242,809,1258,821
nir_15.tif,2592,1944,bottle,1242,809,1258,821
r_15.tif,2592,1944,bottle,1242,809,1258,821
re_15.tif,2592,1944,bottle,1242,809,1258,821
rgb_15.jpg,2592,1944,bottle,1242,809,1258,821
g_16.tif,2592,1944,can,874,802,891,815
nir_16.tif,2592,1944,can,874,802,891,815
r_16.tif,2592,1944,can,874,802,891,815
re_16.tif,2592,1944,can,874,802,891,815
rgb_16.jpg,2592,1944,can,874,802,891,815
g_16.tif,2592,1944,bottle,979,930,993,938
nir_16.tif,2592,1944,bottle,979,930,993,938
r_16.tif,2592,1944,bottle,979,930,993,938
re_16.tif,2592,1944,bottle,979,930,993,938
rgb_16.jpg,2592,1944,bottle,979,930,993,938
g_16.tif,2592,1944,container,866,1162,875,1171
nir_16.tif,2592,1944,container,866,1162,875,1171
r_16.tif,2592,1944,container,866,1162,875,1171
re_16.tif,2592,1944,container,866,1162,875,1171
rgb_16.jpg,2592,1944,container,866,1162,875,1171
g_16.tif,2592,1944,can,873,1152,889,1168
nir_16.tif,2592,1944,can,873,1152,889,1168
r_16.tif,2592,1944,can,873,1152,889,1168
re_16.tif,2592,1944,can,873,1152,889,1168
rgb_16.jpg,2592,1944,can,873,1152,889,1168
g_16.tif,2592,1944,bottle,886,1152,894,1164
nir_16.tif,2592,1944,bottle,886,1152,894,1164
r_16.tif,2592,1944,bottle,886,1152,894,1164
re_16.tif,2592,1944,bottle,886,1152,894,1164
rgb_16.jpg,2592,1944,bottle,886,1152,894,1164
g_16.tif,2592,1944,container,911,1143,921,1153
nir_16.tif,2592,1944,container,911,1143,921,1153
r_16.tif,2592,1944,container,911,1143,921,1153
re_16.tif,2592,1944,container,911,1143,921,1153
rgb_16.jpg,2592,1944,container,911,1143,921,1153
g_16.tif,2592,1944,can,868,1195,885,1213
nir_16.tif,2592,1944,can,868,1195,885,1213
r_16.tif,2592,1944,can,868,1195,885,1213
re_16.tif,2592,1944,can,868,1195,885,1213
rgb_16.jpg,2592,1944,can,868,1195,885,1213
g_16.tif,2592,1944,can,1144,1163,1160,1178
nir_16.tif,2592,1944,can,1144,1163,1160,1178
r_16.tif,2592,1944,can,1144,1163,1160,1178
re_16.tif,2592,1944,can,1144,1163,1160,1178
rgb_16.jpg,2592,1944,can,1144,1163,1160,1178
g_16.tif,2592,1944,can,1155,1177,1166,1189
nir_16.tif,2592,1944,can,1155,1177,1166,1189
r_16.tif,2592,1944,can,1155,1177,1166,1189
re_16.tif,2592,1944,can,1155,1177,1166,1189
rgb_16.jpg,2592,1944,can,1155,1177,1166,1189
g_16.tif,2592,1944,bottle,1152,1186,1164,1195
nir_16.tif,2592,1944,bottle,1152,1186,1164,1195
r_16.tif,2592,1944,bottle,1152,1186,1164,1195
re_16.tif,2592,1944,bottle,1152,1186,1164,1195
rgb_16.jpg,2592,1944,bottle,1152,1186,1164,1195
g_16.tif,2592,1944,can,1166,1177,1177,1189
nir_16.tif,2592,1944,can,1166,1177,1177,1189
r_16.tif,2592,1944,can,1166,1177,1177,1189
re_16.tif,2592,1944,can,1166,1177,1177,1189
rgb_16.jpg,2592,1944,can,1166,1177,1177,1189
g_16.tif,2592,1944,container,1233,1213,1252,1237
nir_16.tif,2592,1944,container,1233,1213,1252,1237
r_16.tif,2592,1944,container,1233,1213,1252,1237
re_16.tif,2592,1944,container,1233,1213,1252,1237
rgb_16.jpg,2592,1944,container,1233,1213,1252,1237
g_16.tif,2592,1944,container,1237,1236,1255,1255
nir_16.tif,2592,1944,container,1237,1236,1255,1255
r_16.tif,2592,1944,container,1237,1236,1255,1255
re_16.tif,2592,1944,container,1237,1236,1255,1255
rgb_16.jpg,2592,1944,container,1237,1236,1255,1255
g_16.tif,2592,1944,bottle,1246,1233,1257,1245
nir_16.tif,2592,1944,bottle,1246,1233,1257,1245
r_16.tif,2592,1944,bottle,1246,1233,1257,1245
re_16.tif,2592,1944,bottle,1246,1233,1257,1245
rgb_16.jpg,2592,1944,bottle,1246,1233,1257,1245
g_16.tif,2592,1944,can,1311,1136,1329,1149
nir_16.tif,2592,1944,can,1311,1136,1329,1149
r_16.tif,2592,1944,can,1311,1136,1329,1149
re_16.tif,2592,1944,can,1311,1136,1329,1149
rgb_16.jpg,2592,1944,can,1311,1136,1329,1149
g_16.tif,2592,1944,bottle,1413,1110,1424,1118
nir_16.tif,2592,1944,bottle,1413,1110,1424,1118
r_16.tif,2592,1944,bottle,1413,1110,1424,1118
re_16.tif,2592,1944,bottle,1413,1110,1424,1118
rgb_16.jpg,2592,1944,bottle,1413,1110,1424,1118
g_16.tif,2592,1944,bottle,1410,1094,1415,1107
nir_16.tif,2592,1944,bottle,1410,1094,1415,1107
r_16.tif,2592,1944,bottle,1410,1094,1415,1107
re_16.tif,2592,1944,bottle,1410,1094,1415,1107
rgb_16.jpg,2592,1944,bottle,1410,1094,1415,1107
g_16.tif,2592,1944,bottle,1411,1092,1421,1105
nir_16.tif,2592,1944,bottle,1411,1092,1421,1105
r_16.tif,2592,1944,bottle,1411,1092,1421,1105
re_16.tif,2592,1944,bottle,1411,1092,1421,1105
rgb_16.jpg,2592,1944,bottle,1411,1092,1421,1105
g_16.tif,2592,1944,bottle,1026,787,1041,795
nir_16.tif,2592,1944,bottle,1026,787,1041,795
r_16.tif,2592,1944,bottle,1026,787,1041,795
re_16.tif,2592,1944,bottle,1026,787,1041,795
rgb_16.jpg,2592,1944,bottle,1026,787,1041,795
g_16.tif,2592,1944,bottle,1246,863,1260,871
nir_16.tif,2592,1944,bottle,1246,863,1260,871
r_16.tif,2592,1944,bottle,1246,863,1260,871
re_16.tif,2592,1944,bottle,1246,863,1260,871
rgb_16.jpg,2592,1944,bottle,1246,863,1260,871
g_16.tif,2592,1944,bottle,1259,857,1270,866
nir_16.tif,2592,1944,bottle,1259,857,1270,866
r_16.tif,2592,1944,bottle,1259,857,1270,866
re_16.tif,2592,1944,bottle,1259,857,1270,866
rgb_16.jpg,2592,1944,bottle,1259,857,1270,866
g_16.tif,2592,1944,bottle,1257,850,1267,860
nir_16.tif,2592,1944,bottle,1257,850,1267,860
r_16.tif,2592,1944,bottle,1257,850,1267,860
re_16.tif,2592,1944,bottle,1257,850,1267,860
rgb_16.jpg,2592,1944,bottle,1257,850,1267,860
g_16.tif,2592,1944,bottle,1298,903,1311,910
nir_16.tif,2592,1944,bottle,1298,903,1311,910
r_16.tif,2592,1944,bottle,1298,903,1311,910
re_16.tif,2592,1944,bottle,1298,903,1311,910
rgb_16.jpg,2592,1944,bottle,1298,903,1311,910
g_16.tif,2592,1944,bottle,1306,895,1314,910
nir_16.tif,2592,1944,bottle,1306,895,1314,910
r_16.tif,2592,1944,bottle,1306,895,1314,910
re_16.tif,2592,1944,bottle,1306,895,1314,910
rgb_16.jpg,2592,1944,bottle,1306,895,1314,910
g_16.tif,2592,1944,bottle,1312,892,1318,906
nir_16.tif,2592,1944,bottle,1312,892,1318,906
r_16.tif,2592,1944,bottle,1312,892,1318,906
re_16.tif,2592,1944,bottle,1312,892,1318,906
rgb_16.jpg,2592,1944,bottle,1312,892,1318,906
g_16.tif,2592,1944,bottle,1297,907,1311,917
nir_16.tif,2592,1944,bottle,1297,907,1311,917
r_16.tif,2592,1944,bottle,1297,907,1311,917
re_16.tif,2592,1944,bottle,1297,907,1311,917
rgb_16.jpg,2592,1944,bottle,1297,907,1311,917
g_16.tif,2592,1944,bottle,1317,910,1329,921
nir_16.tif,2592,1944,bottle,1317,910,1329,921
r_16.tif,2592,1944,bottle,1317,910,1329,921
re_16.tif,2592,1944,bottle,1317,910,1329,921
rgb_16.jpg,2592,1944,bottle,1317,910,1329,921
g_16.tif,2592,1944,bottle,1330,923,1339,939
nir_16.tif,2592,1944,bottle,1330,923,1339,939
r_16.tif,2592,1944,bottle,1330,923,1339,939
re_16.tif,2592,1944,bottle,1330,923,1339,939
rgb_16.jpg,2592,1944,bottle,1330,923,1339,939
g_16.tif,2592,1944,bottle,1278,934,1293,943
nir_16.tif,2592,1944,bottle,1278,934,1293,943
r_16.tif,2592,1944,bottle,1278,934,1293,943
re_16.tif,2592,1944,bottle,1278,934,1293,943
rgb_16.jpg,2592,1944,bottle,1278,934,1293,943
g_16.tif,2592,1944,bottle,1386,902,1391,917
nir_16.tif,2592,1944,bottle,1386,902,1391,917
r_16.tif,2592,1944,bottle,1386,902,1391,917
re_16.tif,2592,1944,bottle,1386,902,1391,917
rgb_16.jpg,2592,1944,bottle,1386,902,1391,917
g_16.tif,2592,1944,bottle,1368,937,1378,950
nir_16.tif,2592,1944,bottle,1368,937,1378,950
r_16.tif,2592,1944,bottle,1368,937,1378,950
re_16.tif,2592,1944,bottle,1368,937,1378,950
rgb_16.jpg,2592,1944,bottle,1368,937,1378,950
g_16.tif,2592,1944,bottle,1416,938,1429,947
nir_16.tif,2592,1944,bottle,1416,938,1429,947
r_16.tif,2592,1944,bottle,1416,938,1429,947
re_16.tif,2592,1944,bottle,1416,938,1429,947
rgb_16.jpg,2592,1944,bottle,1416,938,1429,947
g_16.tif,2592,1944,bottle,1456,948,1472,958
nir_16.tif,2592,1944,bottle,1456,948,1472,958
r_16.tif,2592,1944,bottle,1456,948,1472,958
re_16.tif,2592,1944,bottle,1456,948,1472,958
rgb_16.jpg,2592,1944,bottle,1456,948,1472,958
g_16.tif,2592,1944,bottle,1355,984,1370,994
nir_16.tif,2592,1944,bottle,1355,984,1370,994
r_16.tif,2592,1944,bottle,1355,984,1370,994
re_16.tif,2592,1944,bottle,1355,984,1370,994
rgb_16.jpg,2592,1944,bottle,1355,984,1370,994
g_16.tif,2592,1944,bottle,1445,986,1460,997
nir_16.tif,2592,1944,bottle,1445,986,1460,997
r_16.tif,2592,1944,bottle,1445,986,1460,997
re_16.tif,2592,1944,bottle,1445,986,1460,997
rgb_16.jpg,2592,1944,bottle,1445,986,1460,997
g_16.tif,2592,1944,bottle,1424,1016,1435,1030
nir_16.tif,2592,1944,bottle,1424,1016,1435,1030
r_16.tif,2592,1944,bottle,1424,1016,1435,1030
re_16.tif,2592,1944,bottle,1424,1016,1435,1030
rgb_16.jpg,2592,1944,bottle,1424,1016,1435,1030
g_16.tif,2592,1944,bottle,1455,1065,1470,1072
nir_16.tif,2592,1944,bottle,1455,1065,1470,1072
r_16.tif,2592,1944,bottle,1455,1065,1470,1072
re_16.tif,2592,1944,bottle,1455,1065,1470,1072
rgb_16.jpg,2592,1944,bottle,1455,1065,1470,1072
g_16.tif,2592,1944,bottle,1465,1072,1479,1081
nir_16.tif,2592,1944,bottle,1465,1072,1479,1081
r_16.tif,2592,1944,bottle,1465,1072,1479,1081
re_16.tif,2592,1944,bottle,1465,1072,1479,1081
rgb_16.jpg,2592,1944,bottle,1465,1072,1479,1081
g_16.tif,2592,1944,bottle,1481,1071,1488,1082
nir_16.tif,2592,1944,bottle,1481,1071,1488,1082
r_16.tif,2592,1944,bottle,1481,1071,1488,1082
re_16.tif,2592,1944,bottle,1481,1071,1488,1082
rgb_16.jpg,2592,1944,bottle,1481,1071,1488,1082
g_16.tif,2592,1944,bottle,1485,1073,1493,1082
nir_16.tif,2592,1944,bottle,1485,1073,1493,1082
r_16.tif,2592,1944,bottle,1485,1073,1493,1082
re_16.tif,2592,1944,bottle,1485,1073,1493,1082
rgb_16.jpg,2592,1944,bottle,1485,1073,1493,1082
g_16.tif,2592,1944,bottle,1491,1077,1497,1089
nir_16.tif,2592,1944,bottle,1491,1077,1497,1089
r_16.tif,2592,1944,bottle,1491,1077,1497,1089
re_16.tif,2592,1944,bottle,1491,1077,1497,1089
rgb_16.jpg,2592,1944,bottle,1491,1077,1497,1089
g_16.tif,2592,1944,bottle,1485,1083,1493,1096
nir_16.tif,2592,1944,bottle,1485,1083,1493,1096
r_16.tif,2592,1944,bottle,1485,1083,1493,1096
re_16.tif,2592,1944,bottle,1485,1083,1493,1096
rgb_16.jpg,2592,1944,bottle,1485,1083,1493,1096
g_16.tif,2592,1944,container,1422,990,1434,1005
nir_16.tif,2592,1944,container,1422,990,1434,1005
r_16.tif,2592,1944,container,1422,990,1434,1005
re_16.tif,2592,1944,container,1422,990,1434,1005
rgb_16.jpg,2592,1944,container,1422,990,1434,1005
g_16.tif,2592,1944,can,1431,993,1449,1009
nir_16.tif,2592,1944,can,1431,993,1449,1009
r_16.tif,2592,1944,can,1431,993,1449,1009
re_16.tif,2592,1944,can,1431,993,1449,1009
rgb_16.jpg,2592,1944,can,1431,993,1449,1009
g_16.tif,2592,1944,can,1431,979,1448,993
nir_16.tif,2592,1944,can,1431,979,1448,993
r_16.tif,2592,1944,can,1431,979,1448,993
re_16.tif,2592,1944,can,1431,979,1448,993
rgb_16.jpg,2592,1944,can,1431,979,1448,993
g_17.tif,2592,1944,can,868,803,887,818
nir_17.tif,2592,1944,can,868,803,887,818
r_17.tif,2592,1944,can,868,803,887,818
re_17.tif,2592,1944,can,868,803,887,818
rgb_17.jpg,2592,1944,can,868,803,887,818
g_17.tif,2592,1944,bottle,976,931,990,943
nir_17.tif,2592,1944,bottle,976,931,990,943
r_17.tif,2592,1944,bottle,976,931,990,943
re_17.tif,2592,1944,bottle,976,931,990,943
rgb_17.jpg,2592,1944,bottle,976,931,990,943
g_17.tif,2592,1944,can,868,1159,884,1176
nir_17.tif,2592,1944,can,868,1159,884,1176
r_17.tif,2592,1944,can,868,1159,884,1176
re_17.tif,2592,1944,can,868,1159,884,1176
rgb_17.jpg,2592,1944,can,868,1159,884,1176
g_17.tif,2592,1944,bottle,881,1157,889,1171
nir_17.tif,2592,1944,bottle,881,1157,889,1171
r_17.tif,2592,1944,bottle,881,1157,889,1171
re_17.tif,2592,1944,bottle,881,1157,889,1171
rgb_17.jpg,2592,1944,bottle,881,1157,889,1171
g_17.tif,2592,1944,container,906,1148,917,1162
nir_17.tif,2592,1944,container,906,1148,917,1162
r_17.tif,2592,1944,container,906,1148,917,1162
re_17.tif,2592,1944,container,906,1148,917,1162
rgb_17.jpg,2592,1944,container,906,1148,917,1162
g_17.tif,2592,1944,container,860,1167,870,1180
nir_17.tif,2592,1944,container,860,1167,870,1180
r_17.tif,2592,1944,container,860,1167,870,1180
re_17.tif,2592,1944,container,860,1167,870,1180
rgb_17.jpg,2592,1944,container,860,1167,870,1180
g_17.tif,2592,1944,can,862,1202,880,1223
nir_17.tif,2592,1944,can,862,1202,880,1223
r_17.tif,2592,1944,can,862,1202,880,1223
re_17.tif,2592,1944,can,862,1202,880,1223
rgb_17.jpg,2592,1944,can,862,1202,880,1223
g_17.tif,2592,1944,can,1142,1171,1160,1186
nir_17.tif,2592,1944,can,1142,1171,1160,1186
r_17.tif,2592,1944,can,1142,1171,1160,1186
re_17.tif,2592,1944,can,1142,1171,1160,1186
rgb_17.jpg,2592,1944,can,1142,1171,1160,1186
g_17.tif,2592,1944,can,1153,1184,1167,1198
nir_17.tif,2592,1944,can,1153,1184,1167,1198
r_17.tif,2592,1944,can,1153,1184,1167,1198
re_17.tif,2592,1944,can,1153,1184,1167,1198
rgb_17.jpg,2592,1944,can,1153,1184,1167,1198
g_17.tif,2592,1944,can,1164,1185,1177,1198
nir_17.tif,2592,1944,can,1164,1185,1177,1198
r_17.tif,2592,1944,can,1164,1185,1177,1198
re_17.tif,2592,1944,can,1164,1185,1177,1198
rgb_17.jpg,2592,1944,can,1164,1185,1177,1198
g_17.tif,2592,1944,bottle,1151,1191,1164,1204
nir_17.tif,2592,1944,bottle,1151,1191,1164,1204
r_17.tif,2592,1944,bottle,1151,1191,1164,1204
re_17.tif,2592,1944,bottle,1151,1191,1164,1204
rgb_17.jpg,2592,1944,bottle,1151,1191,1164,1204
g_17.tif,2592,1944,container,1232,1221,1254,1247
nir_17.tif,2592,1944,container,1232,1221,1254,1247
r_17.tif,2592,1944,container,1232,1221,1254,1247
re_17.tif,2592,1944,container,1232,1221,1254,1247
rgb_17.jpg,2592,1944,container,1232,1221,1254,1247
g_17.tif,2592,1944,container,1237,1244,1257,1265
nir_17.tif,2592,1944,container,1237,1244,1257,1265
r_17.tif,2592,1944,container,1237,1244,1257,1265
re_17.tif,2592,1944,container,1237,1244,1257,1265
rgb_17.jpg,2592,1944,container,1237,1244,1257,1265
g_17.tif,2592,1944,bottle,1247,1243,1259,1256
nir_17.tif,2592,1944,bottle,1247,1243,1259,1256
r_17.tif,2592,1944,bottle,1247,1243,1259,1256
re_17.tif,2592,1944,bottle,1247,1243,1259,1256
rgb_17.jpg,2592,1944,bottle,1247,1243,1259,1256
g_17.tif,2592,1944,can,1313,1142,1332,1158
nir_17.tif,2592,1944,can,1313,1142,1332,1158
r_17.tif,2592,1944,can,1313,1142,1332,1158
re_17.tif,2592,1944,can,1313,1142,1332,1158
rgb_17.jpg,2592,1944,can,1313,1142,1332,1158
g_17.tif,2592,1944,bottle,1416,1117,1429,1126
nir_17.tif,2592,1944,bottle,1416,1117,1429,1126
r_17.tif,2592,1944,bottle,1416,1117,1429,1126
re_17.tif,2592,1944,bottle,1416,1117,1429,1126
rgb_17.jpg,2592,1944,bottle,1416,1117,1429,1126
g_17.tif,2592,1944,bottle,1413,1101,1420,1113
nir_17.tif,2592,1944,bottle,1413,1101,1420,1113
r_17.tif,2592,1944,bottle,1413,1101,1420,1113
re_17.tif,2592,1944,bottle,1413,1101,1420,1113
rgb_17.jpg,2592,1944,bottle,1413,1101,1420,1113
g_17.tif,2592,1944,bottle,1416,1099,1426,1113
nir_17.tif,2592,1944,bottle,1416,1099,1426,1113
r_17.tif,2592,1944,bottle,1416,1099,1426,1113
re_17.tif,2592,1944,bottle,1416,1099,1426,1113
rgb_17.jpg,2592,1944,bottle,1416,1099,1426,1113
g_17.tif,2592,1944,bottle,1490,1089,1498,1103
nir_17.tif,2592,1944,bottle,1490,1089,1498,1103
r_17.tif,2592,1944,bottle,1490,1089,1498,1103
re_17.tif,2592,1944,bottle,1490,1089,1498,1103
rgb_17.jpg,2592,1944,bottle,1490,1089,1498,1103
g_17.tif,2592,1944,bottle,1496,1083,1501,1097
nir_17.tif,2592,1944,bottle,1496,1083,1501,1097
r_17.tif,2592,1944,bottle,1496,1083,1501,1097
re_17.tif,2592,1944,bottle,1496,1083,1501,1097
rgb_17.jpg,2592,1944,bottle,1496,1083,1501,1097
g_17.tif,2592,1944,bottle,1488,1080,1499,1088
nir_17.tif,2592,1944,bottle,1488,1080,1499,1088
r_17.tif,2592,1944,bottle,1488,1080,1499,1088
re_17.tif,2592,1944,bottle,1488,1080,1499,1088
rgb_17.jpg,2592,1944,bottle,1488,1080,1499,1088
g_17.tif,2592,1944,bottle,1485,1078,1495,1090
nir_17.tif,2592,1944,bottle,1485,1078,1495,1090
r_17.tif,2592,1944,bottle,1485,1078,1495,1090
re_17.tif,2592,1944,bottle,1485,1078,1495,1090
rgb_17.jpg,2592,1944,bottle,1485,1078,1495,1090
g_17.tif,2592,1944,bottle,1472,1078,1485,1087
nir_17.tif,2592,1944,bottle,1472,1078,1485,1087
r_17.tif,2592,1944,bottle,1472,1078,1485,1087
re_17.tif,2592,1944,bottle,1472,1078,1485,1087
rgb_17.jpg,2592,1944,bottle,1472,1078,1485,1087
g_17.tif,2592,1944,bottle,1460,1071,1474,1079
nir_17.tif,2592,1944,bottle,1460,1071,1474,1079
r_17.tif,2592,1944,bottle,1460,1071,1474,1079
re_17.tif,2592,1944,bottle,1460,1071,1474,1079
rgb_17.jpg,2592,1944,bottle,1460,1071,1474,1079
g_17.tif,2592,1944,bottle,1428,1022,1440,1037
nir_17.tif,2592,1944,bottle,1428,1022,1440,1037
r_17.tif,2592,1944,bottle,1428,1022,1440,1037
re_17.tif,2592,1944,bottle,1428,1022,1440,1037
rgb_17.jpg,2592,1944,bottle,1428,1022,1440,1037
g_17.tif,2592,1944,bottle,1451,991,1465,1002
nir_17.tif,2592,1944,bottle,1451,991,1465,1002
r_17.tif,2592,1944,bottle,1451,991,1465,1002
re_17.tif,2592,1944,bottle,1451,991,1465,1002
rgb_17.jpg,2592,1944,bottle,1451,991,1465,1002
g_17.tif,2592,1944,can,1434,998,1454,1014
nir_17.tif,2592,1944,can,1434,998,1454,1014
r_17.tif,2592,1944,can,1434,998,1454,1014
re_17.tif,2592,1944,can,1434,998,1454,1014
rgb_17.jpg,2592,1944,can,1434,998,1454,1014
g_17.tif,2592,1944,container,1424,995,1439,1011
nir_17.tif,2592,1944,container,1424,995,1439,1011
r_17.tif,2592,1944,container,1424,995,1439,1011
re_17.tif,2592,1944,container,1424,995,1439,1011
rgb_17.jpg,2592,1944,container,1424,995,1439,1011
g_17.tif,2592,1944,can,1436,984,1452,998
nir_17.tif,2592,1944,can,1436,984,1452,998
r_17.tif,2592,1944,can,1436,984,1452,998
re_17.tif,2592,1944,can,1436,984,1452,998
rgb_17.jpg,2592,1944,can,1436,984,1452,998
g_17.tif,2592,1944,bottle,1462,954,1476,963
nir_17.tif,2592,1944,bottle,1462,954,1476,963
r_17.tif,2592,1944,bottle,1462,954,1476,963
re_17.tif,2592,1944,bottle,1462,954,1476,963
rgb_17.jpg,2592,1944,bottle,1462,954,1476,963
g_17.tif,2592,1944,bottle,1419,941,1433,952
nir_17.tif,2592,1944,bottle,1419,941,1433,952
r_17.tif,2592,1944,bottle,1419,941,1433,952
re_17.tif,2592,1944,bottle,1419,941,1433,952
rgb_17.jpg,2592,1944,bottle,1419,941,1433,952
g_17.tif,2592,1944,bottle,1371,942,1381,954
nir_17.tif,2592,1944,bottle,1371,942,1381,954
r_17.tif,2592,1944,bottle,1371,942,1381,954
re_17.tif,2592,1944,bottle,1371,942,1381,954
rgb_17.jpg,2592,1944,bottle,1371,942,1381,954
g_17.tif,2592,1944,bottle,1358,989,1374,998
nir_17.tif,2592,1944,bottle,1358,989,1374,998
r_17.tif,2592,1944,bottle,1358,989,1374,998
re_17.tif,2592,1944,bottle,1358,989,1374,998
rgb_17.jpg,2592,1944,bottle,1358,989,1374,998
g_17.tif,2592,1944,bottle,1386,905,1396,921
nir_17.tif,2592,1944,bottle,1386,905,1396,921
r_17.tif,2592,1944,bottle,1386,905,1396,921
re_17.tif,2592,1944,bottle,1386,905,1396,921
rgb_17.jpg,2592,1944,bottle,1386,905,1396,921
g_17.tif,2592,1944,bottle,1333,928,1342,940
nir_17.tif,2592,1944,bottle,1333,928,1342,940
r_17.tif,2592,1944,bottle,1333,928,1342,940
re_17.tif,2592,1944,bottle,1333,928,1342,940
rgb_17.jpg,2592,1944,bottle,1333,928,1342,940
g_17.tif,2592,1944,bottle,1320,914,1331,925
nir_17.tif,2592,1944,bottle,1320,914,1331,925
r_17.tif,2592,1944,bottle,1320,914,1331,925
re_17.tif,2592,1944,bottle,1320,914,1331,925
rgb_17.jpg,2592,1944,bottle,1320,914,1331,925
g_17.tif,2592,1944,bottle,1300,910,1312,919
nir_17.tif,2592,1944,bottle,1300,910,1312,919
r_17.tif,2592,1944,bottle,1300,910,1312,919
re_17.tif,2592,1944,bottle,1300,910,1312,919
rgb_17.jpg,2592,1944,bottle,1300,910,1312,919
g_17.tif,2592,1944,bottle,1299,906,1313,913
nir_17.tif,2592,1944,bottle,1299,906,1313,913
r_17.tif,2592,1944,bottle,1299,906,1313,913
re_17.tif,2592,1944,bottle,1299,906,1313,913
rgb_17.jpg,2592,1944,bottle,1299,906,1313,913
g_17.tif,2592,1944,bottle,1306,898,1316,914
nir_17.tif,2592,1944,bottle,1306,898,1316,914
r_17.tif,2592,1944,bottle,1306,898,1316,914
re_17.tif,2592,1944,bottle,1306,898,1316,914
rgb_17.jpg,2592,1944,bottle,1306,898,1316,914
g_17.tif,2592,1944,bottle,1314,896,1321,910
nir_17.tif,2592,1944,bottle,1314,896,1321,910
r_17.tif,2592,1944,bottle,1314,896,1321,910
re_17.tif,2592,1944,bottle,1314,896,1321,910
rgb_17.jpg,2592,1944,bottle,1314,896,1321,910
g_17.tif,2592,1944,bottle,1282,938,1296,947
nir_17.tif,2592,1944,bottle,1282,938,1296,947
r_17.tif,2592,1944,bottle,1282,938,1296,947
re_17.tif,2592,1944,bottle,1282,938,1296,947
rgb_17.jpg,2592,1944,bottle,1282,938,1296,947
g_17.tif,2592,1944,bottle,1246,865,1261,874
nir_17.tif,2592,1944,bottle,1246,865,1261,874
r_17.tif,2592,1944,bottle,1246,865,1261,874
re_17.tif,2592,1944,bottle,1246,865,1261,874
rgb_17.jpg,2592,1944,bottle,1246,865,1261,874
g_17.tif,2592,1944,bottle,1259,858,1273,868
nir_17.tif,2592,1944,bottle,1259,858,1273,868
r_17.tif,2592,1944,bottle,1259,858,1273,868
re_17.tif,2592,1944,bottle,1259,858,1273,868
rgb_17.jpg,2592,1944,bottle,1259,858,1273,868
g_17.tif,2592,1944,bottle,1258,853,1266,861
nir_17.tif,2592,1944,bottle,1258,853,1266,861
r_17.tif,2592,1944,bottle,1258,853,1266,861
re_17.tif,2592,1944,bottle,1258,853,1266,861
rgb_17.jpg,2592,1944,bottle,1258,853,1266,861
g_17.tif,2592,1944,bottle,1025,788,1038,796
nir_17.tif,2592,1944,bottle,1025,788,1038,796
r_17.tif,2592,1944,bottle,1025,788,1038,796
re_17.tif,2592,1944,bottle,1025,788,1038,796
rgb_17.jpg,2592,1944,bottle,1025,788,1038,796
g_18.tif,2592,1944,can,833,789,852,804
nir_18.tif,2592,1944,can,833,789,852,804
r_18.tif,2592,1944,can,833,789,852,804
re_18.tif,2592,1944,can,833,789,852,804
rgb_18.jpg,2592,1944,can,833,789,852,804
g_18.tif,2592,1944,bottle,950,931,966,943
nir_18.tif,2592,1944,bottle,950,931,966,943
r_18.tif,2592,1944,bottle,950,931,966,943
re_18.tif,2592,1944,bottle,950,931,966,943
rgb_18.jpg,2592,1944,bottle,950,931,966,943
g_18.tif,2592,1944,container,823,1190,836,1204
nir_18.tif,2592,1944,container,823,1190,836,1204
r_18.tif,2592,1944,container,823,1190,836,1204
re_18.tif,2592,1944,container,823,1190,836,1204
rgb_18.jpg,2592,1944,container,823,1190,836,1204
g_18.tif,2592,1944,can,832,1180,850,1199
nir_18.tif,2592,1944,can,832,1180,850,1199
r_18.tif,2592,1944,can,832,1180,850,1199
re_18.tif,2592,1944,can,832,1180,850,1199
rgb_18.jpg,2592,1944,can,832,1180,850,1199
g_18.tif,2592,1944,bottle,845,1178,855,1196
nir_18.tif,2592,1944,bottle,845,1178,855,1196
r_18.tif,2592,1944,bottle,845,1178,855,1196
re_18.tif,2592,1944,bottle,845,1178,855,1196
rgb_18.jpg,2592,1944,bottle,845,1178,855,1196
g_18.tif,2592,1944,container,873,1170,886,1183
nir_18.tif,2592,1944,container,873,1170,886,1183
r_18.tif,2592,1944,container,873,1170,886,1183
re_18.tif,2592,1944,container,873,1170,886,1183
rgb_18.jpg,2592,1944,container,873,1170,886,1183
g_18.tif,2592,1944,can,825,1228,845,1253
nir_18.tif,2592,1944,can,825,1228,845,1253
r_18.tif,2592,1944,can,825,1228,845,1253
re_18.tif,2592,1944,can,825,1228,845,1253
rgb_18.jpg,2592,1944,can,825,1228,845,1253
g_18.tif,2592,1944,can,1134,1192,1154,1212
nir_18.tif,2592,1944,can,1134,1192,1154,1212
r_18.tif,2592,1944,can,1134,1192,1154,1212
re_18.tif,2592,1944,can,1134,1192,1154,1212
rgb_18.jpg,2592,1944,can,1134,1192,1154,1212
g_18.tif,2592,1944,bottle,1143,1219,1158,1230
nir_18.tif,2592,1944,bottle,1143,1219,1158,1230
r_18.tif,2592,1944,bottle,1143,1219,1158,1230
re_18.tif,2592,1944,bottle,1143,1219,1158,1230
rgb_18.jpg,2592,1944,bottle,1143,1219,1158,1230
g_18.tif,2592,1944,can,1146,1208,1160,1222
nir_18.tif,2592,1944,can,1146,1208,1160,1222
r_18.tif,2592,1944,can,1146,1208,1160,1222
re_18.tif,2592,1944,can,1146,1208,1160,1222
rgb_18.jpg,2592,1944,can,1146,1208,1160,1222
g_18.tif,2592,1944,can,1160,1210,1173,1225
nir_18.tif,2592,1944,can,1160,1210,1173,1225
r_18.tif,2592,1944,can,1160,1210,1173,1225
re_18.tif,2592,1944,can,1160,1210,1173,1225
rgb_18.jpg,2592,1944,can,1160,1210,1173,1225
g_18.tif,2592,1944,container,1239,1276,1261,1298
nir_18.tif,2592,1944,container,1239,1276,1261,1298
r_18.tif,2592,1944,container,1239,1276,1261,1298
re_18.tif,2592,1944,container,1239,1276,1261,1298
rgb_18.jpg,2592,1944,container,1239,1276,1261,1298
g_18.tif,2592,1944,container,1232,1249,1257,1279
nir_18.tif,2592,1944,container,1232,1249,1257,1279
r_18.tif,2592,1944,container,1232,1249,1257,1279
re_18.tif,2592,1944,container,1232,1249,1257,1279
rgb_18.jpg,2592,1944,container,1232,1249,1257,1279
g_18.tif,2592,1944,bottle,1247,1272,1264,1287
nir_18.tif,2592,1944,bottle,1247,1272,1264,1287
r_18.tif,2592,1944,bottle,1247,1272,1264,1287
re_18.tif,2592,1944,bottle,1247,1272,1264,1287
rgb_18.jpg,2592,1944,bottle,1247,1272,1264,1287
g_18.tif,2592,1944,can,1321,1161,1344,1181
nir_18.tif,2592,1944,can,1321,1161,1344,1181
r_18.tif,2592,1944,can,1321,1161,1344,1181
re_18.tif,2592,1944,can,1321,1161,1344,1181
rgb_18.jpg,2592,1944,can,1321,1161,1344,1181
g_18.tif,2592,1944,bottle,1436,1134,1451,1146
nir_18.tif,2592,1944,bottle,1436,1134,1451,1146
r_18.tif,2592,1944,bottle,1436,1134,1451,1146
re_18.tif,2592,1944,bottle,1436,1134,1451,1146
rgb_18.jpg,2592,1944,bottle,1436,1134,1451,1146
g_18.tif,2592,1944,bottle,1431,1115,1441,1134
nir_18.tif,2592,1944,bottle,1431,1115,1441,1134
r_18.tif,2592,1944,bottle,1431,1115,1441,1134
re_18.tif,2592,1944,bottle,1431,1115,1441,1134
rgb_18.jpg,2592,1944,bottle,1431,1115,1441,1134
g_18.tif,2592,1944,bottle,1436,1115,1446,1132
nir_18.tif,2592,1944,bottle,1436,1115,1446,1132
r_18.tif,2592,1944,bottle,1436,1115,1446,1132
re_18.tif,2592,1944,bottle,1436,1115,1446,1132
rgb_18.jpg,2592,1944,bottle,1436,1115,1446,1132
g_18.tif,2592,1944,bottle,1516,1102,1525,1119
nir_18.tif,2592,1944,bottle,1516,1102,1525,1119
r_18.tif,2592,1944,bottle,1516,1102,1525,1119
re_18.tif,2592,1944,bottle,1516,1102,1525,1119
rgb_18.jpg,2592,1944,bottle,1516,1102,1525,1119
g_18.tif,2592,1944,bottle,1521,1094,1530,1112
nir_18.tif,2592,1944,bottle,1521,1094,1530,1112
r_18.tif,2592,1944,bottle,1521,1094,1530,1112
re_18.tif,2592,1944,bottle,1521,1094,1530,1112
rgb_18.jpg,2592,1944,bottle,1521,1094,1530,1112
g_18.tif,2592,1944,bottle,1483,1082,1500,1093
nir_18.tif,2592,1944,bottle,1483,1082,1500,1093
r_18.tif,2592,1944,bottle,1483,1082,1500,1093
re_18.tif,2592,1944,bottle,1483,1082,1500,1093
rgb_18.jpg,2592,1944,bottle,1483,1082,1500,1093
g_18.tif,2592,1944,bottle,1495,1090,1513,1102
nir_18.tif,2592,1944,bottle,1495,1090,1513,1102
r_18.tif,2592,1944,bottle,1495,1090,1513,1102
re_18.tif,2592,1944,bottle,1495,1090,1513,1102
rgb_18.jpg,2592,1944,bottle,1495,1090,1513,1102
g_18.tif,2592,1944,bottle,1512,1086,1523,1104
nir_18.tif,2592,1944,bottle,1512,1086,1523,1104
r_18.tif,2592,1944,bottle,1512,1086,1523,1104
re_18.tif,2592,1944,bottle,1512,1086,1523,1104
rgb_18.jpg,2592,1944,bottle,1512,1086,1523,1104
g_18.tif,2592,1944,bottle,1449,1029,1461,1045
nir_18.tif,2592,1944,bottle,1449,1029,1461,1045
r_18.tif,2592,1944,bottle,1449,1029,1461,1045
re_18.tif,2592,1944,bottle,1449,1029,1461,1045
rgb_18.jpg,2592,1944,bottle,1449,1029,1461,1045
g_18.tif,2592,1944,bottle,1474,995,1489,1009
nir_18.tif,2592,1944,bottle,1474,995,1489,1009
r_18.tif,2592,1944,bottle,1474,995,1489,1009
re_18.tif,2592,1944,bottle,1474,995,1489,1009
rgb_18.jpg,2592,1944,bottle,1474,995,1489,1009
g_18.tif,2592,1944,bottle,1486,952,1502,966
nir_18.tif,2592,1944,bottle,1486,952,1502,966
r_18.tif,2592,1944,bottle,1486,952,1502,966
re_18.tif,2592,1944,bottle,1486,952,1502,966
rgb_18.jpg,2592,1944,bottle,1486,952,1502,966
g_18.tif,2592,1944,can,1456,1003,1476,1022
nir_18.tif,2592,1944,can,1456,1003,1476,1022
r_18.tif,2592,1944,can,1456,1003,1476,1022
re_18.tif,2592,1944,can,1456,1003,1476,1022
rgb_18.jpg,2592,1944,can,1456,1003,1476,1022
g_18.tif,2592,1944,container,1446,999,1461,1019
nir_18.tif,2592,1944,container,1446,999,1461,1019
r_18.tif,2592,1944,container,1446,999,1461,1019
re_18.tif,2592,1944,container,1446,999,1461,1019
rgb_18.jpg,2592,1944,container,1446,999,1461,1019
g_18.tif,2592,1944,can,1455,986,1475,1006
nir_18.tif,2592,1944,can,1455,986,1475,1006
r_18.tif,2592,1944,can,1455,986,1475,1006
re_18.tif,2592,1944,can,1455,986,1475,1006
rgb_18.jpg,2592,1944,can,1455,986,1475,1006
g_18.tif,2592,1944,bottle,1372,992,1389,1007
nir_18.tif,2592,1944,bottle,1372,992,1389,1007
r_18.tif,2592,1944,bottle,1372,992,1389,1007
re_18.tif,2592,1944,bottle,1372,992,1389,1007
rgb_18.jpg,2592,1944,bottle,1372,992,1389,1007
g_18.tif,2592,1944,bottle,1385,940,1398,957
nir_18.tif,2592,1944,bottle,1385,940,1398,957
r_18.tif,2592,1944,bottle,1385,940,1398,957
re_18.tif,2592,1944,bottle,1385,940,1398,957
rgb_18.jpg,2592,1944,bottle,1385,940,1398,957
g_18.tif,2592,1944,bottle,1441,940,1454,953
nir_18.tif,2592,1944,bottle,1441,940,1454,953
r_18.tif,2592,1944,bottle,1441,940,1454,953
re_18.tif,2592,1944,bottle,1441,940,1454,953
rgb_18.jpg,2592,1944,bottle,1441,940,1454,953
g_18.tif,2592,1944,bottle,1403,898,1414,920
nir_18.tif,2592,1944,bottle,1403,898,1414,920
r_18.tif,2592,1944,bottle,1403,898,1414,920
re_18.tif,2592,1944,bottle,1403,898,1414,920
rgb_18.jpg,2592,1944,bottle,1403,898,1414,920
g_18.tif,2592,1944,bottle,1344,924,1355,943
nir_18.tif,2592,1944,bottle,1344,924,1355,943
r_18.tif,2592,1944,bottle,1344,924,1355,943
re_18.tif,2592,1944,bottle,1344,924,1355,943
rgb_18.jpg,2592,1944,bottle,1344,924,1355,943
g_18.tif,2592,1944,bottle,1284,935,1303,949
nir_18.tif,2592,1944,bottle,1284,935,1303,949
r_18.tif,2592,1944,bottle,1284,935,1303,949
re_18.tif,2592,1944,bottle,1284,935,1303,949
rgb_18.jpg,2592,1944,bottle,1284,935,1303,949
g_18.tif,2592,1944,bottle,1329,907,1343,924
nir_18.tif,2592,1944,bottle,1329,907,1343,924
r_18.tif,2592,1944,bottle,1329,907,1343,924
re_18.tif,2592,1944,bottle,1329,907,1343,924
rgb_18.jpg,2592,1944,bottle,1329,907,1343,924
g_18.tif,2592,1944,bottle,1307,907,1323,919
nir_18.tif,2592,1944,bottle,1307,907,1323,919
r_18.tif,2592,1944,bottle,1307,907,1323,919
re_18.tif,2592,1944,bottle,1307,907,1323,919
rgb_18.jpg,2592,1944,bottle,1307,907,1323,919
g_18.tif,2592,1944,bottle,1306,901,1322,912
nir_18.tif,2592,1944,bottle,1306,901,1322,912
r_18.tif,2592,1944,bottle,1306,901,1322,912
re_18.tif,2592,1944,bottle,1306,901,1322,912
rgb_18.jpg,2592,1944,bottle,1306,901,1322,912
g_18.tif,2592,1944,bottle,1315,893,1325,909
nir_18.tif,2592,1944,bottle,1315,893,1325,909
r_18.tif,2592,1944,bottle,1315,893,1325,909
re_18.tif,2592,1944,bottle,1315,893,1325,909
rgb_18.jpg,2592,1944,bottle,1315,893,1325,909
g_18.tif,2592,1944,bottle,1321,886,1332,909
nir_18.tif,2592,1944,bottle,1321,886,1332,909
r_18.tif,2592,1944,bottle,1321,886,1332,909
re_18.tif,2592,1944,bottle,1321,886,1332,909
rgb_18.jpg,2592,1944,bottle,1321,886,1332,909
g_18.tif,2592,1944,bottle,1248,855,1265,868
nir_18.tif,2592,1944,bottle,1248,855,1265,868
r_18.tif,2592,1944,bottle,1248,855,1265,868
re_18.tif,2592,1944,bottle,1248,855,1265,868
rgb_18.jpg,2592,1944,bottle,1248,855,1265,868
g_18.tif,2592,1944,bottle,1262,850,1277,862
nir_18.tif,2592,1944,bottle,1262,850,1277,862
r_18.tif,2592,1944,bottle,1262,850,1277,862
re_18.tif,2592,1944,bottle,1262,850,1277,862
rgb_18.jpg,2592,1944,bottle,1262,850,1277,862
g_18.tif,2592,1944,bottle,1259,842,1273,855
nir_18.tif,2592,1944,bottle,1259,842,1273,855
r_18.tif,2592,1944,bottle,1259,842,1273,855
re_18.tif,2592,1944,bottle,1259,842,1273,855
rgb_18.jpg,2592,1944,bottle,1259,842,1273,855
g_18.tif,2592,1944,bottle,1003,772,1020,783
nir_18.tif,2592,1944,bottle,1003,772,1020,783
r_18.tif,2592,1944,bottle,1003,772,1020,783
re_18.tif,2592,1944,bottle,1003,772,1020,783
rgb_18.jpg,2592,1944,bottle,1003,772,1020,783
g_19.tif,2592,1944,can,701,746,728,764
nir_19.tif,2592,1944,can,701,746,728,764
r_19.tif,2592,1944,can,701,746,728,764
re_19.tif,2592,1944,can,701,746,728,764
rgb_19.jpg,2592,1944,can,701,746,728,764
g_19.tif,2592,1944,can,698,1241,720,1262
nir_19.tif,2592,1944,can,698,1241,720,1262
r_19.tif,2592,1944,can,698,1241,720,1262
re_19.tif,2592,1944,can,698,1241,720,1262
rgb_19.jpg,2592,1944,can,698,1241,720,1262
g_19.tif,2592,1944,bottle,717,1241,729,1255
nir_19.tif,2592,1944,bottle,717,1241,729,1255
r_19.tif,2592,1944,bottle,717,1241,729,1255
re_19.tif,2592,1944,bottle,717,1241,729,1255
rgb_19.jpg,2592,1944,bottle,717,1241,729,1255
g_19.tif,2592,1944,container,751,1230,764,1241
nir_19.tif,2592,1944,container,751,1230,764,1241
r_19.tif,2592,1944,container,751,1230,764,1241
re_19.tif,2592,1944,container,751,1230,764,1241
rgb_19.jpg,2592,1944,container,751,1230,764,1241
g_19.tif,2592,1944,container,689,1254,701,1269
nir_19.tif,2592,1944,container,689,1254,701,1269
r_19.tif,2592,1944,container,689,1254,701,1269
re_19.tif,2592,1944,container,689,1254,701,1269
rgb_19.jpg,2592,1944,container,689,1254,701,1269
g_19.tif,2592,1944,can,691,1303,716,1327
nir_19.tif,2592,1944,can,691,1303,716,1327
r_19.tif,2592,1944,can,691,1303,716,1327
re_19.tif,2592,1944,can,691,1303,716,1327
rgb_19.jpg,2592,1944,can,691,1303,716,1327
g_19.tif,2592,1944,can,1080,1255,1107,1278
nir_19.tif,2592,1944,can,1080,1255,1107,1278
r_19.tif,2592,1944,can,1080,1255,1107,1278
re_19.tif,2592,1944,can,1080,1255,1107,1278
rgb_19.jpg,2592,1944,can,1080,1255,1107,1278
g_19.tif,2592,1944,can,1095,1275,1113,1293
nir_19.tif,2592,1944,can,1095,1275,1113,1293
r_19.tif,2592,1944,can,1095,1275,1113,1293
re_19.tif,2592,1944,can,1095,1275,1113,1293
rgb_19.jpg,2592,1944,can,1095,1275,1113,1293
g_19.tif,2592,1944,can,1112,1278,1130,1295
nir_19.tif,2592,1944,can,1112,1278,1130,1295
r_19.tif,2592,1944,can,1112,1278,1130,1295
re_19.tif,2592,1944,can,1112,1278,1130,1295
rgb_19.jpg,2592,1944,can,1112,1278,1130,1295
g_19.tif,2592,1944,bottle,1093,1288,1111,1301
nir_19.tif,2592,1944,bottle,1093,1288,1111,1301
r_19.tif,2592,1944,bottle,1093,1288,1111,1301
re_19.tif,2592,1944,bottle,1093,1288,1111,1301
rgb_19.jpg,2592,1944,bottle,1093,1288,1111,1301
g_19.tif,2592,1944,can,1317,1218,1346,1239
nir_19.tif,2592,1944,can,1317,1218,1346,1239
r_19.tif,2592,1944,can,1317,1218,1346,1239
re_19.tif,2592,1944,can,1317,1218,1346,1239
rgb_19.jpg,2592,1944,can,1317,1218,1346,1239
g_19.tif,2592,1944,container,1208,1330,1235,1366
nir_19.tif,2592,1944,container,1208,1330,1235,1366
r_19.tif,2592,1944,container,1208,1330,1235,1366
re_19.tif,2592,1944,container,1208,1330,1235,1366
rgb_19.jpg,2592,1944,container,1208,1330,1235,1366
g_19.tif,2592,1944,container,1213,1361,1239,1389
nir_19.tif,2592,1944,container,1213,1361,1239,1389
r_19.tif,2592,1944,container,1213,1361,1239,1389
re_19.tif,2592,1944,container,1213,1361,1239,1389
rgb_19.jpg,2592,1944,container,1213,1361,1239,1389
g_19.tif,2592,1944,bottle,1227,1357,1241,1374
nir_19.tif,2592,1944,bottle,1227,1357,1241,1374
r_19.tif,2592,1944,bottle,1227,1357,1241,1374
re_19.tif,2592,1944,bottle,1227,1357,1241,1374
rgb_19.jpg,2592,1944,bottle,1227,1357,1241,1374
g_19.tif,2592,1944,bottle,847,925,868,941
nir_19.tif,2592,1944,bottle,847,925,868,941
r_19.tif,2592,1944,bottle,847,925,868,941
re_19.tif,2592,1944,bottle,847,925,868,941
rgb_19.jpg,2592,1944,bottle,847,925,868,941
g_19.tif,2592,1944,bottle,919,724,939,735
nir_19.tif,2592,1944,bottle,919,724,939,735
r_19.tif,2592,1944,bottle,919,724,939,735
re_19.tif,2592,1944,bottle,919,724,939,735
rgb_19.jpg,2592,1944,bottle,919,724,939,735
g_19.tif,2592,1944,bottle,1246,824,1259,836
nir_19.tif,2592,1944,bottle,1246,824,1259,836
r_19.tif,2592,1944,bottle,1246,824,1259,836
re_19.tif,2592,1944,bottle,1246,824,1259,836
rgb_19.jpg,2592,1944,bottle,1246,824,1259,836
g_19.tif,2592,1944,bottle,1226,832,1243,844
nir_19.tif,2592,1944,bottle,1226,832,1243,844
r_19.tif,2592,1944,bottle,1226,832,1243,844
re_19.tif,2592,1944,bottle,1226,832,1243,844
rgb_19.jpg,2592,1944,bottle,1226,832,1243,844
g_19.tif,2592,1944,bottle,1239,813,1259,824
nir_19.tif,2592,1944,bottle,1239,813,1259,824
r_19.tif,2592,1944,bottle,1239,813,1259,824
re_19.tif,2592,1944,bottle,1239,813,1259,824
rgb_19.jpg,2592,1944,bottle,1239,813,1259,824
g_19.tif,2592,1944,bottle,1300,897,1316,905
nir_19.tif,2592,1944,bottle,1300,897,1316,905
r_19.tif,2592,1944,bottle,1300,897,1316,905
re_19.tif,2592,1944,bottle,1300,897,1316,905
rgb_19.jpg,2592,1944,bottle,1300,897,1316,905
g_19.tif,2592,1944,bottle,1299,889,1318,898
nir_19.tif,2592,1944,bottle,1299,889,1318,898
r_19.tif,2592,1944,bottle,1299,889,1318,898
re_19.tif,2592,1944,bottle,1299,889,1318,898
rgb_19.jpg,2592,1944,bottle,1299,889,1318,898
g_19.tif,2592,1944,bottle,1309,877,1323,896
nir_19.tif,2592,1944,bottle,1309,877,1323,896
r_19.tif,2592,1944,bottle,1309,877,1323,896
re_19.tif,2592,1944,bottle,1309,877,1323,896
rgb_19.jpg,2592,1944,bottle,1309,877,1323,896
g_19.tif,2592,1944,bottle,1318,872,1330,893
nir_19.tif,2592,1944,bottle,1318,872,1330,893
r_19.tif,2592,1944,bottle,1318,872,1330,893
re_19.tif,2592,1944,bottle,1318,872,1330,893
rgb_19.jpg,2592,1944,bottle,1318,872,1330,893
g_19.tif,2592,1944,bottle,1421,887,1432,909
nir_19.tif,2592,1944,bottle,1421,887,1432,909
r_19.tif,2592,1944,bottle,1421,887,1432,909
re_19.tif,2592,1944,bottle,1421,887,1432,909
rgb_19.jpg,2592,1944,bottle,1421,887,1432,909
g_19.tif,2592,1944,bottle,1467,941,1484,948
nir_19.tif,2592,1944,bottle,1467,941,1484,948
r_19.tif,2592,1944,bottle,1467,941,1484,948
re_19.tif,2592,1944,bottle,1467,941,1484,948
rgb_19.jpg,2592,1944,bottle,1467,941,1484,948
g_19.tif,2592,1944,bottle,1526,958,1542,965
nir_19.tif,2592,1944,bottle,1526,958,1542,965
r_19.tif,2592,1944,bottle,1526,958,1542,965
re_19.tif,2592,1944,bottle,1526,958,1542,965
rgb_19.jpg,2592,1944,bottle,1526,958,1542,965
g_19.tif,2592,1944,bottle,1399,942,1410,953
nir_19.tif,2592,1944,bottle,1399,942,1410,953
r_19.tif,2592,1944,bottle,1399,942,1410,953
re_19.tif,2592,1944,bottle,1399,942,1410,953
rgb_19.jpg,2592,1944,bottle,1399,942,1410,953
g_19.tif,2592,1944,bottle,1347,920,1357,935
nir_19.tif,2592,1944,bottle,1347,920,1357,935
r_19.tif,2592,1944,bottle,1347,920,1357,935
re_19.tif,2592,1944,bottle,1347,920,1357,935
rgb_19.jpg,2592,1944,bottle,1347,920,1357,935
g_19.tif,2592,1944,bottle,1329,901,1343,914
nir_19.tif,2592,1944,bottle,1329,901,1343,914
r_19.tif,2592,1944,bottle,1329,901,1343,914
re_19.tif,2592,1944,bottle,1329,901,1343,914
rgb_19.jpg,2592,1944,bottle,1329,901,1343,914
g_19.tif,2592,1944,bottle,1270,932,1290,943
nir_19.tif,2592,1944,bottle,1270,932,1290,943
r_19.tif,2592,1944,bottle,1270,932,1290,943
re_19.tif,2592,1944,bottle,1270,932,1290,943
rgb_19.jpg,2592,1944,bottle,1270,932,1290,943
g_19.tif,2592,1944,bottle,1382,1005,1402,1018
nir_19.tif,2592,1944,bottle,1382,1005,1402,1018
r_19.tif,2592,1944,bottle,1382,1005,1402,1018
re_19.tif,2592,1944,bottle,1382,1005,1402,1018
rgb_19.jpg,2592,1944,bottle,1382,1005,1402,1018
g_19.tif,2592,1944,bottle,1480,1048,1495,1068
nir_19.tif,2592,1944,bottle,1480,1048,1495,1068
r_19.tif,2592,1944,bottle,1480,1048,1495,1068
re_19.tif,2592,1944,bottle,1480,1048,1495,1068
rgb_19.jpg,2592,1944,bottle,1480,1048,1495,1068
g_19.tif,2592,1944,bottle,1511,1009,1528,1020
nir_19.tif,2592,1944,bottle,1511,1009,1528,1020
r_19.tif,2592,1944,bottle,1511,1009,1528,1020
re_19.tif,2592,1944,bottle,1511,1009,1528,1020
rgb_19.jpg,2592,1944,bottle,1511,1009,1528,1020
g_19.tif,2592,1944,container,1475,1012,1492,1033
nir_19.tif,2592,1944,container,1475,1012,1492,1033
r_19.tif,2592,1944,container,1475,1012,1492,1033
re_19.tif,2592,1944,container,1475,1012,1492,1033
rgb_19.jpg,2592,1944,container,1475,1012,1492,1033
g_19.tif,2592,1944,can,1487,997,1512,1018
nir_19.tif,2592,1944,can,1487,997,1512,1018
r_19.tif,2592,1944,can,1487,997,1512,1018
re_19.tif,2592,1944,can,1487,997,1512,1018
rgb_19.jpg,2592,1944,can,1487,997,1512,1018
g_19.tif,2592,1944,can,1489,1018,1514,1041
nir_19.tif,2592,1944,can,1489,1018,1514,1041
r_19.tif,2592,1944,can,1489,1018,1514,1041
re_19.tif,2592,1944,can,1489,1018,1514,1041
rgb_19.jpg,2592,1944,can,1489,1018,1514,1041
g_19.tif,2592,1944,bottle,1560,1131,1571,1144
nir_19.tif,2592,1944,bottle,1560,1131,1571,1144
r_19.tif,2592,1944,bottle,1560,1131,1571,1144
re_19.tif,2592,1944,bottle,1560,1131,1571,1144
rgb_19.jpg,2592,1944,bottle,1560,1131,1571,1144
g_19.tif,2592,1944,bottle,1566,1145,1575,1163
nir_19.tif,2592,1944,bottle,1566,1145,1575,1163
r_19.tif,2592,1944,bottle,1566,1145,1575,1163
re_19.tif,2592,1944,bottle,1566,1145,1575,1163
rgb_19.jpg,2592,1944,bottle,1566,1145,1575,1163
g_19.tif,2592,1944,bottle,1570,1132,1582,1152
nir_19.tif,2592,1944,bottle,1570,1132,1582,1152
r_19.tif,2592,1944,bottle,1570,1132,1582,1152
re_19.tif,2592,1944,bottle,1570,1132,1582,1152
rgb_19.jpg,2592,1944,bottle,1570,1132,1582,1152
g_19.tif,2592,1944,bottle,1566,1126,1577,1141
nir_19.tif,2592,1944,bottle,1566,1126,1577,1141
r_19.tif,2592,1944,bottle,1566,1126,1577,1141
re_19.tif,2592,1944,bottle,1566,1126,1577,1141
rgb_19.jpg,2592,1944,bottle,1566,1126,1577,1141
g_19.tif,2592,1944,bottle,1458,1158,1468,1178
nir_19.tif,2592,1944,bottle,1458,1158,1468,1178
r_19.tif,2592,1944,bottle,1458,1158,1468,1178
re_19.tif,2592,1944,bottle,1458,1158,1468,1178
rgb_19.jpg,2592,1944,bottle,1458,1158,1468,1178
g_19.tif,2592,1944,bottle,1465,1159,1478,1178
nir_19.tif,2592,1944,bottle,1465,1159,1478,1178
r_19.tif,2592,1944,bottle,1465,1159,1478,1178
re_19.tif,2592,1944,bottle,1465,1159,1478,1178
rgb_19.jpg,2592,1944,bottle,1465,1159,1478,1178
g_19.tif,2592,1944,bottle,1464,1184,1480,1193
nir_19.tif,2592,1944,bottle,1464,1184,1480,1193
r_19.tif,2592,1944,bottle,1464,1184,1480,1193
re_19.tif,2592,1944,bottle,1464,1184,1480,1193
rgb_19.jpg,2592,1944,bottle,1464,1184,1480,1193
g_19.tif,2592,1944,bottle,1575,1201,1589,1212
nir_19.tif,2592,1944,bottle,1575,1201,1589,1212
r_19.tif,2592,1944,bottle,1575,1201,1589,1212
re_19.tif,2592,1944,bottle,1575,1201,1589,1212
rgb_19.jpg,2592,1944,bottle,1575,1201,1589,1212
g_2.tif,2592,1944,can,724,919,897,1068
nir_2.tif,2592,1944,can,724,919,897,1068
r_2.tif,2592,1944,can,724,919,897,1068
re_2.tif,2592,1944,can,724,919,897,1068
rgb_2.jpg,2592,1944,can,724,919,897,1068
g_2.tif,2592,1944,can,817,1064,950,1176
nir_2.tif,2592,1944,can,817,1064,950,1176
r_2.tif,2592,1944,can,817,1064,950,1176
re_2.tif,2592,1944,can,817,1064,950,1176
rgb_2.jpg,2592,1944,can,817,1064,950,1176
g_2.tif,2592,1944,bottle,793,1149,917,1235
nir_2.tif,2592,1944,bottle,793,1149,917,1235
r_2.tif,2592,1944,bottle,793,1149,917,1235
re_2.tif,2592,1944,bottle,793,1149,917,1235
rgb_2.jpg,2592,1944,bottle,793,1149,917,1235
g_2.tif,2592,1944,can,935,1071,1052,1180
nir_2.tif,2592,1944,can,935,1071,1052,1180
r_2.tif,2592,1944,can,935,1071,1052,1180
re_2.tif,2592,1944,can,935,1071,1052,1180
rgb_2.jpg,2592,1944,can,935,1071,1052,1180
g_2.tif,2592,1944,can,2479,635,2592,762
nir_2.tif,2592,1944,can,2479,635,2592,762
r_2.tif,2592,1944,can,2479,635,2592,762
re_2.tif,2592,1944,can,2479,635,2592,762
rgb_2.jpg,2592,1944,can,2479,635,2592,762
g_2.tif,2592,1944,bottle,1797,1669,1916,1787
nir_2.tif,2592,1944,bottle,1797,1669,1916,1787
r_2.tif,2592,1944,bottle,1797,1669,1916,1787
re_2.tif,2592,1944,bottle,1797,1669,1916,1787
rgb_2.jpg,2592,1944,bottle,1797,1669,1916,1787
g_2.tif,2592,1944,container,1650,1454,1857,1695
nir_2.tif,2592,1944,container,1650,1454,1857,1695
r_2.tif,2592,1944,container,1650,1454,1857,1695
re_2.tif,2592,1944,container,1650,1454,1857,1695
rgb_2.jpg,2592,1944,container,1650,1454,1857,1695
g_2.tif,2592,1944,container,1704,1681,1893,1883
nir_2.tif,2592,1944,container,1704,1681,1893,1883
r_2.tif,2592,1944,container,1704,1681,1893,1883
re_2.tif,2592,1944,container,1704,1681,1893,1883
rgb_2.jpg,2592,1944,container,1704,1681,1893,1883
g_20.tif,2592,1944,can,532,693,567,720
nir_20.tif,2592,1944,can,532,693,567,720
r_20.tif,2592,1944,can,532,693,567,720
re_20.tif,2592,1944,can,532,693,567,720
rgb_20.jpg,2592,1944,can,532,693,567,720
g_20.tif,2592,1944,bottle,811,670,838,681
nir_20.tif,2592,1944,bottle,811,670,838,681
r_20.tif,2592,1944,bottle,811,670,838,681
re_20.tif,2592,1944,bottle,811,670,838,681
rgb_20.jpg,2592,1944,bottle,811,670,838,681
g_20.tif,2592,1944,bottle,722,925,746,946
nir_20.tif,2592,1944,bottle,722,925,746,946
r_20.tif,2592,1944,bottle,722,925,746,946
re_20.tif,2592,1944,bottle,722,925,746,946
rgb_20.jpg,2592,1944,bottle,722,925,746,946
g_20.tif,2592,1944,container,514,1349,532,1368
nir_20.tif,2592,1944,container,514,1349,532,1368
r_20.tif,2592,1944,container,514,1349,532,1368
re_20.tif,2592,1944,container,514,1349,532,1368
rgb_20.jpg,2592,1944,container,514,1349,532,1368
g_20.tif,2592,1944,can,527,1332,555,1360
nir_20.tif,2592,1944,can,527,1332,555,1360
r_20.tif,2592,1944,can,527,1332,555,1360
re_20.tif,2592,1944,can,527,1332,555,1360
rgb_20.jpg,2592,1944,can,527,1332,555,1360
g_20.tif,2592,1944,bottle,551,1330,563,1355
nir_20.tif,2592,1944,bottle,551,1330,563,1355
r_20.tif,2592,1944,bottle,551,1330,563,1355
re_20.tif,2592,1944,bottle,551,1330,563,1355
rgb_20.jpg,2592,1944,bottle,551,1330,563,1355
g_20.tif,2592,1944,container,596,1315,613,1334
nir_20.tif,2592,1944,container,596,1315,613,1334
r_20.tif,2592,1944,container,596,1315,613,1334
re_20.tif,2592,1944,container,596,1315,613,1334
rgb_20.jpg,2592,1944,container,596,1315,613,1334
g_20.tif,2592,1944,can,518,1412,545,1447
nir_20.tif,2592,1944,can,518,1412,545,1447
r_20.tif,2592,1944,can,518,1412,545,1447
re_20.tif,2592,1944,can,518,1412,545,1447
rgb_20.jpg,2592,1944,can,518,1412,545,1447
g_20.tif,2592,1944,can,1020,1356,1049,1383
nir_20.tif,2592,1944,can,1020,1356,1049,1383
r_20.tif,2592,1944,can,1020,1356,1049,1383
re_20.tif,2592,1944,can,1020,1356,1049,1383
rgb_20.jpg,2592,1944,can,1020,1356,1049,1383
g_20.tif,2592,1944,bottle,1034,1395,1054,1414
nir_20.tif,2592,1944,bottle,1034,1395,1054,1414
r_20.tif,2592,1944,bottle,1034,1395,1054,1414
re_20.tif,2592,1944,bottle,1034,1395,1054,1414
rgb_20.jpg,2592,1944,bottle,1034,1395,1054,1414
g_20.tif,2592,1944,can,1039,1381,1061,1405
nir_20.tif,2592,1944,can,1039,1381,1061,1405
r_20.tif,2592,1944,can,1039,1381,1061,1405
re_20.tif,2592,1944,can,1039,1381,1061,1405
rgb_20.jpg,2592,1944,can,1039,1381,1061,1405
g_20.tif,2592,1944,can,1058,1380,1081,1408
nir_20.tif,2592,1944,can,1058,1380,1081,1408
r_20.tif,2592,1944,can,1058,1380,1081,1408
re_20.tif,2592,1944,can,1058,1380,1081,1408
rgb_20.jpg,2592,1944,can,1058,1380,1081,1408
g_20.tif,2592,1944,container,1189,1490,1228,1529
nir_20.tif,2592,1944,container,1189,1490,1228,1529
r_20.tif,2592,1944,container,1189,1490,1228,1529
re_20.tif,2592,1944,container,1189,1490,1228,1529
rgb_20.jpg,2592,1944,container,1189,1490,1228,1529
g_20.tif,2592,1944,container,1183,1450,1220,1495
nir_20.tif,2592,1944,container,1183,1450,1220,1495
r_20.tif,2592,1944,container,1183,1450,1220,1495
re_20.tif,2592,1944,container,1183,1450,1220,1495
rgb_20.jpg,2592,1944,container,1183,1450,1220,1495
g_20.tif,2592,1944,bottle,1207,1485,1228,1510
nir_20.tif,2592,1944,bottle,1207,1485,1228,1510
r_20.tif,2592,1944,bottle,1207,1485,1228,1510
re_20.tif,2592,1944,bottle,1207,1485,1228,1510
rgb_20.jpg,2592,1944,bottle,1207,1485,1228,1510
g_20.tif,2592,1944,can,1327,1306,1361,1333
nir_20.tif,2592,1944,can,1327,1306,1361,1333
r_20.tif,2592,1944,can,1327,1306,1361,1333
re_20.tif,2592,1944,can,1327,1306,1361,1333
rgb_20.jpg,2592,1944,can,1327,1306,1361,1333
g_20.tif,2592,1944,bottle,1515,1261,1537,1275
nir_20.tif,2592,1944,bottle,1515,1261,1537,1275
r_20.tif,2592,1944,bottle,1515,1261,1537,1275
re_20.tif,2592,1944,bottle,1515,1261,1537,1275
rgb_20.jpg,2592,1944,bottle,1515,1261,1537,1275
g_20.tif,2592,1944,bottle,1507,1231,1521,1255
nir_20.tif,2592,1944,bottle,1507,1231,1521,1255
r_20.tif,2592,1944,bottle,1507,1231,1521,1255
re_20.tif,2592,1944,bottle,1507,1231,1521,1255
rgb_20.jpg,2592,1944,bottle,1507,1231,1521,1255
g_20.tif,2592,1944,bottle,1515,1228,1530,1252
nir_20.tif,2592,1944,bottle,1515,1228,1530,1252
r_20.tif,2592,1944,bottle,1515,1228,1530,1252
re_20.tif,2592,1944,bottle,1515,1228,1530,1252
rgb_20.jpg,2592,1944,bottle,1515,1228,1530,1252
g_20.tif,2592,1944,bottle,1664,1279,1679,1302
nir_20.tif,2592,1944,bottle,1664,1279,1679,1302
r_20.tif,2592,1944,bottle,1664,1279,1679,1302
re_20.tif,2592,1944,bottle,1664,1279,1679,1302
rgb_20.jpg,2592,1944,bottle,1664,1279,1679,1302
g_20.tif,2592,1944,bottle,1649,1207,1661,1236
nir_20.tif,2592,1944,bottle,1649,1207,1661,1236
r_20.tif,2592,1944,bottle,1649,1207,1661,1236
re_20.tif,2592,1944,bottle,1649,1207,1661,1236
rgb_20.jpg,2592,1944,bottle,1649,1207,1661,1236
g_20.tif,2592,1944,bottle,1655,1193,1672,1223
nir_20.tif,2592,1944,bottle,1655,1193,1672,1223
r_20.tif,2592,1944,bottle,1655,1193,1672,1223
re_20.tif,2592,1944,bottle,1655,1193,1672,1223
rgb_20.jpg,2592,1944,bottle,1655,1193,1672,1223
g_20.tif,2592,1944,bottle,1641,1189,1666,1212
nir_20.tif,2592,1944,bottle,1641,1189,1666,1212
r_20.tif,2592,1944,bottle,1641,1189,1666,1212
re_20.tif,2592,1944,bottle,1641,1189,1666,1212
rgb_20.jpg,2592,1944,bottle,1641,1189,1666,1212
g_20.tif,2592,1944,bottle,1610,1187,1638,1206
nir_20.tif,2592,1944,bottle,1610,1187,1638,1206
r_20.tif,2592,1944,bottle,1610,1187,1638,1206
re_20.tif,2592,1944,bottle,1610,1187,1638,1206
rgb_20.jpg,2592,1944,bottle,1610,1187,1638,1206
g_20.tif,2592,1944,bottle,1592,1175,1619,1191
nir_20.tif,2592,1944,bottle,1592,1175,1619,1191
r_20.tif,2592,1944,bottle,1592,1175,1619,1191
re_20.tif,2592,1944,bottle,1592,1175,1619,1191
rgb_20.jpg,2592,1944,bottle,1592,1175,1619,1191
g_20.tif,2592,1944,bottle,1535,1088,1555,1112
nir_20.tif,2592,1944,bottle,1535,1088,1555,1112
r_20.tif,2592,1944,bottle,1535,1088,1555,1112
re_20.tif,2592,1944,bottle,1535,1088,1555,1112
rgb_20.jpg,2592,1944,bottle,1535,1088,1555,1112
g_20.tif,2592,1944,can,1548,1045,1580,1073
nir_20.tif,2592,1944,can,1548,1045,1580,1073
r_20.tif,2592,1944,can,1548,1045,1580,1073
re_20.tif,2592,1944,can,1548,1045,1580,1073
rgb_20.jpg,2592,1944,can,1548,1045,1580,1073
g_20.tif,2592,1944,container,1528,1038,1556,1063
nir_20.tif,2592,1944,container,1528,1038,1556,1063
r_20.tif,2592,1944,container,1528,1038,1556,1063
re_20.tif,2592,1944,container,1528,1038,1556,1063
rgb_20.jpg,2592,1944,container,1528,1038,1556,1063
g_20.tif,2592,1944,can,1548,1019,1578,1044
nir_20.tif,2592,1944,can,1548,1019,1578,1044
r_20.tif,2592,1944,can,1548,1019,1578,1044
re_20.tif,2592,1944,can,1548,1019,1578,1044
rgb_20.jpg,2592,1944,can,1548,1019,1578,1044
g_20.tif,2592,1944,bottle,1576,1035,1600,1049
nir_20.tif,2592,1944,bottle,1576,1035,1600,1049
r_20.tif,2592,1944,bottle,1576,1035,1600,1049
re_20.tif,2592,1944,bottle,1576,1035,1600,1049
rgb_20.jpg,2592,1944,bottle,1576,1035,1600,1049
g_20.tif,2592,1944,bottle,1409,1026,1435,1044
nir_20.tif,2592,1944,bottle,1409,1026,1435,1044
r_20.tif,2592,1944,bottle,1409,1026,1435,1044
re_20.tif,2592,1944,bottle,1409,1026,1435,1044
rgb_20.jpg,2592,1944,bottle,1409,1026,1435,1044
g_20.tif,2592,1944,bottle,1521,940,1542,959
nir_20.tif,2592,1944,bottle,1521,940,1542,959
r_20.tif,2592,1944,bottle,1521,940,1542,959
re_20.tif,2592,1944,bottle,1521,940,1542,959
rgb_20.jpg,2592,1944,bottle,1521,940,1542,959
g_20.tif,2592,1944,bottle,1597,963,1619,979
nir_20.tif,2592,1944,bottle,1597,963,1619,979
r_20.tif,2592,1944,bottle,1597,963,1619,979
re_20.tif,2592,1944,bottle,1597,963,1619,979
rgb_20.jpg,2592,1944,bottle,1597,963,1619,979
g_20.tif,2592,1944,bottle,1431,943,1449,965
nir_20.tif,2592,1944,bottle,1431,943,1449,965
r_20.tif,2592,1944,bottle,1431,943,1449,965
re_20.tif,2592,1944,bottle,1431,943,1449,965
rgb_20.jpg,2592,1944,bottle,1431,943,1449,965
g_20.tif,2592,1944,bottle,1363,919,1378,940
nir_20.tif,2592,1944,bottle,1363,919,1378,940
r_20.tif,2592,1944,bottle,1363,919,1378,940
re_20.tif,2592,1944,bottle,1363,919,1378,940
rgb_20.jpg,2592,1944,bottle,1363,919,1378,940
g_20.tif,2592,1944,bottle,1461,876,1475,904
nir_20.tif,2592,1944,bottle,1461,876,1475,904
r_20.tif,2592,1944,bottle,1461,876,1475,904
re_20.tif,2592,1944,bottle,1461,876,1475,904
rgb_20.jpg,2592,1944,bottle,1461,876,1475,904
g_20.tif,2592,1944,bottle,1266,934,1295,950
nir_20.tif,2592,1944,bottle,1266,934,1295,950
r_20.tif,2592,1944,bottle,1266,934,1295,950
re_20.tif,2592,1944,bottle,1266,934,1295,950
rgb_20.jpg,2592,1944,bottle,1266,934,1295,950
g_20.tif,2592,1944,bottle,1339,889,1357,911
nir_20.tif,2592,1944,bottle,1339,889,1357,911
r_20.tif,2592,1944,bottle,1339,889,1357,911
re_20.tif,2592,1944,bottle,1339,889,1357,911
rgb_20.jpg,2592,1944,bottle,1339,889,1357,911
g_20.tif,2592,1944,bottle,1300,886,1325,902
nir_20.tif,2592,1944,bottle,1300,886,1325,902
r_20.tif,2592,1944,bottle,1300,886,1325,902
re_20.tif,2592,1944,bottle,1300,886,1325,902
rgb_20.jpg,2592,1944,bottle,1300,886,1325,902
g_20.tif,2592,1944,bottle,1301,876,1325,891
nir_20.tif,2592,1944,bottle,1301,876,1325,891
r_20.tif,2592,1944,bottle,1301,876,1325,891
re_20.tif,2592,1944,bottle,1301,876,1325,891
rgb_20.jpg,2592,1944,bottle,1301,876,1325,891
g_20.tif,2592,1944,bottle,1315,862,1333,890
nir_20.tif,2592,1944,bottle,1315,862,1333,890
r_20.tif,2592,1944,bottle,1315,862,1333,890
re_20.tif,2592,1944,bottle,1315,862,1333,890
rgb_20.jpg,2592,1944,bottle,1315,862,1333,890
g_20.tif,2592,1944,bottle,1328,857,1339,884
nir_20.tif,2592,1944,bottle,1328,857,1339,884
r_20.tif,2592,1944,bottle,1328,857,1339,884
re_20.tif,2592,1944,bottle,1328,857,1339,884
rgb_20.jpg,2592,1944,bottle,1328,857,1339,884
g_20.tif,2592,1944,bottle,1207,805,1231,818
nir_20.tif,2592,1944,bottle,1207,805,1231,818
r_20.tif,2592,1944,bottle,1207,805,1231,818
re_20.tif,2592,1944,bottle,1207,805,1231,818
rgb_20.jpg,2592,1944,bottle,1207,805,1231,818
g_20.tif,2592,1944,bottle,1230,791,1253,812
nir_20.tif,2592,1944,bottle,1230,791,1253,812
r_20.tif,2592,1944,bottle,1230,791,1253,812
re_20.tif,2592,1944,bottle,1230,791,1253,812
rgb_20.jpg,2592,1944,bottle,1230,791,1253,812
g_20.tif,2592,1944,bottle,1226,782,1245,799
nir_20.tif,2592,1944,bottle,1226,782,1245,799
r_20.tif,2592,1944,bottle,1226,782,1245,799
re_20.tif,2592,1944,bottle,1226,782,1245,799
rgb_20.jpg,2592,1944,bottle,1226,782,1245,799
g_21.tif,2592,1944,can,157,566,207,604
nir_21.tif,2592,1944,can,157,566,207,604
r_21.tif,2592,1944,can,157,566,207,604
re_21.tif,2592,1944,can,157,566,207,604
rgb_21.jpg,2592,1944,can,157,566,207,604
g_21.tif,2592,1944,bottle,434,905,467,937
nir_21.tif,2592,1944,bottle,434,905,467,937
r_21.tif,2592,1944,bottle,434,905,467,937
re_21.tif,2592,1944,bottle,434,905,467,937
rgb_21.jpg,2592,1944,bottle,434,905,467,937
g_21.tif,2592,1944,bottle,569,527,608,547
nir_21.tif,2592,1944,bottle,569,527,608,547
r_21.tif,2592,1944,bottle,569,527,608,547
re_21.tif,2592,1944,bottle,569,527,608,547
rgb_21.jpg,2592,1944,bottle,569,527,608,547
g_21.tif,2592,1944,container,125,1535,154,1562
nir_21.tif,2592,1944,container,125,1535,154,1562
r_21.tif,2592,1944,container,125,1535,154,1562
re_21.tif,2592,1944,container,125,1535,154,1562
rgb_21.jpg,2592,1944,container,125,1535,154,1562
g_21.tif,2592,1944,can,142,1508,185,1553
nir_21.tif,2592,1944,can,142,1508,185,1553
r_21.tif,2592,1944,can,142,1508,185,1553
re_21.tif,2592,1944,can,142,1508,185,1553
rgb_21.jpg,2592,1944,can,142,1508,185,1553
g_21.tif,2592,1944,bottle,177,1503,197,1545
nir_21.tif,2592,1944,bottle,177,1503,197,1545
r_21.tif,2592,1944,bottle,177,1503,197,1545
re_21.tif,2592,1944,bottle,177,1503,197,1545
rgb_21.jpg,2592,1944,bottle,177,1503,197,1545
g_21.tif,2592,1944,container,241,1485,271,1513
nir_21.tif,2592,1944,container,241,1485,271,1513
r_21.tif,2592,1944,container,241,1485,271,1513
re_21.tif,2592,1944,container,241,1485,271,1513
rgb_21.jpg,2592,1944,container,241,1485,271,1513
g_21.tif,2592,1944,can,127,1631,173,1678
nir_21.tif,2592,1944,can,127,1631,173,1678
r_21.tif,2592,1944,can,127,1631,173,1678
re_21.tif,2592,1944,can,127,1631,173,1678
rgb_21.jpg,2592,1944,can,127,1631,173,1678
g_21.tif,2592,1944,can,870,1553,916,1594
nir_21.tif,2592,1944,can,870,1553,916,1594
r_21.tif,2592,1944,can,870,1553,916,1594
re_21.tif,2592,1944,can,870,1553,916,1594
rgb_21.jpg,2592,1944,can,870,1553,916,1594
g_21.tif,2592,1944,can,899,1589,932,1627
nir_21.tif,2592,1944,can,899,1589,932,1627
r_21.tif,2592,1944,can,899,1589,932,1627
re_21.tif,2592,1944,can,899,1589,932,1627
rgb_21.jpg,2592,1944,can,899,1589,932,1627
g_21.tif,2592,1944,bottle,889,1612,924,1642
nir_21.tif,2592,1944,bottle,889,1612,924,1642
r_21.tif,2592,1944,bottle,889,1612,924,1642
re_21.tif,2592,1944,bottle,889,1612,924,1642
rgb_21.jpg,2592,1944,bottle,889,1612,924,1642
g_21.tif,2592,1944,can,925,1592,962,1629
nir_21.tif,2592,1944,can,925,1592,962,1629
r_21.tif,2592,1944,can,925,1592,962,1629
re_21.tif,2592,1944,can,925,1592,962,1629
rgb_21.jpg,2592,1944,can,925,1592,962,1629
g_21.tif,2592,1944,container,1113,1695,1170,1767
nir_21.tif,2592,1944,container,1113,1695,1170,1767
r_21.tif,2592,1944,container,1113,1695,1170,1767
re_21.tif,2592,1944,container,1113,1695,1170,1767
rgb_21.jpg,2592,1944,container,1113,1695,1170,1767
g_21.tif,2592,1944,container,1125,1757,1177,1815
nir_21.tif,2592,1944,container,1125,1757,1177,1815
r_21.tif,2592,1944,container,1125,1757,1177,1815
re_21.tif,2592,1944,container,1125,1757,1177,1815
rgb_21.jpg,2592,1944,container,1125,1757,1177,1815
g_21.tif,2592,1944,bottle,1154,1752,1184,1789
nir_21.tif,2592,1944,bottle,1154,1752,1184,1789
r_21.tif,2592,1944,bottle,1154,1752,1184,1789
re_21.tif,2592,1944,bottle,1154,1752,1184,1789
rgb_21.jpg,2592,1944,bottle,1154,1752,1184,1789
g_21.tif,2592,1944,can,1334,1477,1380,1519
nir_21.tif,2592,1944,can,1334,1477,1380,1519
r_21.tif,2592,1944,can,1334,1477,1380,1519
re_21.tif,2592,1944,can,1334,1477,1380,1519
rgb_21.jpg,2592,1944,can,1334,1477,1380,1519
g_21.tif,2592,1944,bottle,1616,1410,1650,1433
nir_21.tif,2592,1944,bottle,1616,1410,1650,1433
r_21.tif,2592,1944,bottle,1616,1410,1650,1433
re_21.tif,2592,1944,bottle,1616,1410,1650,1433
rgb_21.jpg,2592,1944,bottle,1616,1410,1650,1433
g_21.tif,2592,1944,bottle,1604,1364,1622,1402
nir_21.tif,2592,1944,bottle,1604,1364,1622,1402
r_21.tif,2592,1944,bottle,1604,1364,1622,1402
re_21.tif,2592,1944,bottle,1604,1364,1622,1402
rgb_21.jpg,2592,1944,bottle,1604,1364,1622,1402
g_21.tif,2592,1944,bottle,1613,1360,1641,1396
nir_21.tif,2592,1944,bottle,1613,1360,1641,1396
r_21.tif,2592,1944,bottle,1613,1360,1641,1396
re_21.tif,2592,1944,bottle,1613,1360,1641,1396
rgb_21.jpg,2592,1944,bottle,1613,1360,1641,1396
g_21.tif,2592,1944,bottle,1815,1329,1835,1370
nir_21.tif,2592,1944,bottle,1815,1329,1835,1370
r_21.tif,2592,1944,bottle,1815,1329,1835,1370
re_21.tif,2592,1944,bottle,1815,1329,1835,1370
rgb_21.jpg,2592,1944,bottle,1815,1329,1835,1370
g_21.tif,2592,1944,bottle,1829,1314,1849,1354
nir_21.tif,2592,1944,bottle,1829,1314,1849,1354
r_21.tif,2592,1944,bottle,1829,1314,1849,1354
re_21.tif,2592,1944,bottle,1829,1314,1849,1354
rgb_21.jpg,2592,1944,bottle,1829,1314,1849,1354
g_21.tif,2592,1944,bottle,1732,1281,1773,1303
nir_21.tif,2592,1944,bottle,1732,1281,1773,1303
r_21.tif,2592,1944,bottle,1732,1281,1773,1303
re_21.tif,2592,1944,bottle,1732,1281,1773,1303
rgb_21.jpg,2592,1944,bottle,1732,1281,1773,1303
g_21.tif,2592,1944,bottle,1761,1301,1799,1324
nir_21.tif,2592,1944,bottle,1761,1301,1799,1324
r_21.tif,2592,1944,bottle,1761,1301,1799,1324
re_21.tif,2592,1944,bottle,1761,1301,1799,1324
rgb_21.jpg,2592,1944,bottle,1761,1301,1799,1324
g_21.tif,2592,1944,bottle,1802,1300,1827,1333
nir_21.tif,2592,1944,bottle,1802,1300,1827,1333
r_21.tif,2592,1944,bottle,1802,1300,1827,1333
re_21.tif,2592,1944,bottle,1802,1300,1827,1333
rgb_21.jpg,2592,1944,bottle,1802,1300,1827,1333
g_21.tif,2592,1944,bottle,1808,1305,1839,1333
nir_21.tif,2592,1944,bottle,1808,1305,1839,1333
r_21.tif,2592,1944,bottle,1808,1305,1839,1333
re_21.tif,2592,1944,bottle,1808,1305,1839,1333
rgb_21.jpg,2592,1944,bottle,1808,1305,1839,1333
g_21.tif,2592,1944,bottle,1837,1438,1864,1473
nir_21.tif,2592,1944,bottle,1837,1438,1864,1473
r_21.tif,2592,1944,bottle,1837,1438,1864,1473
re_21.tif,2592,1944,bottle,1837,1438,1864,1473
rgb_21.jpg,2592,1944,bottle,1837,1438,1864,1473
g_21.tif,2592,1944,bottle,1646,1145,1676,1184
nir_21.tif,2592,1944,bottle,1646,1145,1676,1184
r_21.tif,2592,1944,bottle,1646,1145,1676,1184
re_21.tif,2592,1944,bottle,1646,1145,1676,1184
rgb_21.jpg,2592,1944,bottle,1646,1145,1676,1184
g_21.tif,2592,1944,container,1638,1076,1672,1115
nir_21.tif,2592,1944,container,1638,1076,1672,1115
r_21.tif,2592,1944,container,1638,1076,1672,1115
re_21.tif,2592,1944,container,1638,1076,1672,1115
rgb_21.jpg,2592,1944,container,1638,1076,1672,1115
g_21.tif,2592,1944,can,1667,1086,1711,1124
nir_21.tif,2592,1944,can,1667,1086,1711,1124
r_21.tif,2592,1944,can,1667,1086,1711,1124
re_21.tif,2592,1944,can,1667,1086,1711,1124
rgb_21.jpg,2592,1944,can,1667,1086,1711,1124
g_21.tif,2592,1944,can,1666,1043,1708,1081
nir_21.tif,2592,1944,can,1666,1043,1708,1081
r_21.tif,2592,1944,can,1666,1043,1708,1081
re_21.tif,2592,1944,can,1666,1043,1708,1081
rgb_21.jpg,2592,1944,can,1666,1043,1708,1081
g_21.tif,2592,1944,bottle,1705,1065,1744,1091
nir_21.tif,2592,1944,bottle,1705,1065,1744,1091
r_21.tif,2592,1944,bottle,1705,1065,1744,1091
re_21.tif,2592,1944,bottle,1705,1065,1744,1091
rgb_21.jpg,2592,1944,bottle,1705,1065,1744,1091
g_21.tif,2592,1944,bottle,1456,1060,1491,1083
nir_21.tif,2592,1944,bottle,1456,1060,1491,1083
r_21.tif,2592,1944,bottle,1456,1060,1491,1083
re_21.tif,2592,1944,bottle,1456,1060,1491,1083
rgb_21.jpg,2592,1944,bottle,1456,1060,1491,1083
g_21.tif,2592,1944,bottle,1732,962,1771,986
nir_21.tif,2592,1944,bottle,1732,962,1771,986
r_21.tif,2592,1944,bottle,1732,962,1771,986
re_21.tif,2592,1944,bottle,1732,962,1771,986
rgb_21.jpg,2592,1944,bottle,1732,962,1771,986
g_21.tif,2592,1944,bottle,1623,928,1654,955
nir_21.tif,2592,1944,bottle,1623,928,1654,955
r_21.tif,2592,1944,bottle,1623,928,1654,955
re_21.tif,2592,1944,bottle,1623,928,1654,955
rgb_21.jpg,2592,1944,bottle,1623,928,1654,955
g_21.tif,2592,1944,bottle,1485,930,1516,964
nir_21.tif,2592,1944,bottle,1485,930,1516,964
r_21.tif,2592,1944,bottle,1485,930,1516,964
re_21.tif,2592,1944,bottle,1485,930,1516,964
rgb_21.jpg,2592,1944,bottle,1485,930,1516,964
g_21.tif,2592,1944,bottle,1532,833,1551,871
nir_21.tif,2592,1944,bottle,1532,833,1551,871
r_21.tif,2592,1944,bottle,1532,833,1551,871
re_21.tif,2592,1944,bottle,1532,833,1551,871
rgb_21.jpg,2592,1944,bottle,1532,833,1551,871
g_21.tif,2592,1944,bottle,1244,921,1282,940
nir_21.tif,2592,1944,bottle,1244,921,1282,940
r_21.tif,2592,1944,bottle,1244,921,1282,940
re_21.tif,2592,1944,bottle,1244,921,1282,940
rgb_21.jpg,2592,1944,bottle,1244,921,1282,940
g_21.tif,2592,1944,bottle,1385,892,1411,929
nir_21.tif,2592,1944,bottle,1385,892,1411,929
r_21.tif,2592,1944,bottle,1385,892,1411,929
re_21.tif,2592,1944,bottle,1385,892,1411,929
rgb_21.jpg,2592,1944,bottle,1385,892,1411,929
g_21.tif,2592,1944,bottle,1351,854,1380,885
nir_21.tif,2592,1944,bottle,1351,854,1380,885
r_21.tif,2592,1944,bottle,1351,854,1380,885
re_21.tif,2592,1944,bottle,1351,854,1380,885
rgb_21.jpg,2592,1944,bottle,1351,854,1380,885
g_21.tif,2592,1944,bottle,1294,845,1329,870
nir_21.tif,2592,1944,bottle,1294,845,1329,870
r_21.tif,2592,1944,bottle,1294,845,1329,870
re_21.tif,2592,1944,bottle,1294,845,1329,870
rgb_21.jpg,2592,1944,bottle,1294,845,1329,870
g_21.tif,2592,1944,bottle,1292,834,1329,852
nir_21.tif,2592,1944,bottle,1292,834,1329,852
r_21.tif,2592,1944,bottle,1292,834,1329,852
re_21.tif,2592,1944,bottle,1292,834,1329,852
rgb_21.jpg,2592,1944,bottle,1292,834,1329,852
g_21.tif,2592,1944,bottle,1313,814,1341,852
nir_21.tif,2592,1944,bottle,1313,814,1341,852
r_21.tif,2592,1944,bottle,1313,814,1341,852
re_21.tif,2592,1944,bottle,1313,814,1341,852
rgb_21.jpg,2592,1944,bottle,1313,814,1341,852
g_21.tif,2592,1944,bottle,1333,805,1350,842
nir_21.tif,2592,1944,bottle,1333,805,1350,842
r_21.tif,2592,1944,bottle,1333,805,1350,842
re_21.tif,2592,1944,bottle,1333,805,1350,842
rgb_21.jpg,2592,1944,bottle,1333,805,1350,842
g_21.tif,2592,1944,bottle,1151,724,1190,746
nir_21.tif,2592,1944,bottle,1151,724,1190,746
r_21.tif,2592,1944,bottle,1151,724,1190,746
re_21.tif,2592,1944,bottle,1151,724,1190,746
rgb_21.jpg,2592,1944,bottle,1151,724,1190,746
g_21.tif,2592,1944,bottle,1189,707,1222,736
nir_21.tif,2592,1944,bottle,1189,707,1222,736
r_21.tif,2592,1944,bottle,1189,707,1222,736
re_21.tif,2592,1944,bottle,1189,707,1222,736
rgb_21.jpg,2592,1944,bottle,1189,707,1222,736
g_21.tif,2592,1944,bottle,1180,691,1213,716
nir_21.tif,2592,1944,bottle,1180,691,1213,716
r_21.tif,2592,1944,bottle,1180,691,1213,716
re_21.tif,2592,1944,bottle,1180,691,1213,716
rgb_21.jpg,2592,1944,bottle,1180,691,1213,716
g_22.tif,2592,1944,bottle,1043,538,1107,573
nir_22.tif,2592,1944,bottle,1043,538,1107,573
r_22.tif,2592,1944,bottle,1043,538,1107,573
re_22.tif,2592,1944,bottle,1043,538,1107,573
rgb_22.jpg,2592,1944,bottle,1043,538,1107,573
g_22.tif,2592,1944,bottle,1109,506,1167,552
nir_22.tif,2592,1944,bottle,1109,506,1167,552
r_22.tif,2592,1944,bottle,1109,506,1167,552
re_22.tif,2592,1944,bottle,1109,506,1167,552
rgb_22.jpg,2592,1944,bottle,1109,506,1167,552
g_22.tif,2592,1944,bottle,1095,473,1155,521
nir_22.tif,2592,1944,bottle,1095,473,1155,521
r_22.tif,2592,1944,bottle,1095,473,1155,521
re_22.tif,2592,1944,bottle,1095,473,1155,521
rgb_22.jpg,2592,1944,bottle,1095,473,1155,521
g_22.tif,2592,1944,bottle,1302,740,1367,769
nir_22.tif,2592,1944,bottle,1302,740,1367,769
r_22.tif,2592,1944,bottle,1302,740,1367,769
re_22.tif,2592,1944,bottle,1302,740,1367,769
rgb_22.jpg,2592,1944,bottle,1302,740,1367,769
g_22.tif,2592,1944,bottle,1302,759,1371,802
nir_22.tif,2592,1944,bottle,1302,759,1371,802
r_22.tif,2592,1944,bottle,1302,759,1371,802
re_22.tif,2592,1944,bottle,1302,759,1371,802
rgb_22.jpg,2592,1944,bottle,1302,759,1371,802
g_22.tif,2592,1944,bottle,1212,897,1276,935
nir_22.tif,2592,1944,bottle,1212,897,1276,935
r_22.tif,2592,1944,bottle,1212,897,1276,935
re_22.tif,2592,1944,bottle,1212,897,1276,935
rgb_22.jpg,2592,1944,bottle,1212,897,1276,935
g_22.tif,2592,1944,bottle,1348,706,1390,766
nir_22.tif,2592,1944,bottle,1348,706,1390,766
r_22.tif,2592,1944,bottle,1348,706,1390,766
re_22.tif,2592,1944,bottle,1348,706,1390,766
rgb_22.jpg,2592,1944,bottle,1348,706,1390,766
g_22.tif,2592,1944,bottle,1374,685,1414,754
nir_22.tif,2592,1944,bottle,1374,685,1414,754
r_22.tif,2592,1944,bottle,1374,685,1414,754
re_22.tif,2592,1944,bottle,1374,685,1414,754
rgb_22.jpg,2592,1944,bottle,1374,685,1414,754
g_22.tif,2592,1944,bottle,1402,769,1469,833
nir_22.tif,2592,1944,bottle,1402,769,1469,833
r_22.tif,2592,1944,bottle,1402,769,1469,833
re_22.tif,2592,1944,bottle,1402,769,1469,833
rgb_22.jpg,2592,1944,bottle,1402,769,1469,833
g_22.tif,2592,1944,bottle,1474,849,1519,914
nir_22.tif,2592,1944,bottle,1474,849,1519,914
r_22.tif,2592,1944,bottle,1474,849,1519,914
re_22.tif,2592,1944,bottle,1474,849,1519,914
rgb_22.jpg,2592,1944,bottle,1474,849,1519,914
g_22.tif,2592,1944,bottle,1745,733,1790,806
nir_22.tif,2592,1944,bottle,1745,733,1790,806
r_22.tif,2592,1944,bottle,1745,733,1790,806
re_22.tif,2592,1944,bottle,1745,733,1790,806
rgb_22.jpg,2592,1944,bottle,1745,733,1790,806
g_22.tif,2592,1944,bottle,1666,911,1723,976
nir_22.tif,2592,1944,bottle,1666,911,1723,976
r_22.tif,2592,1944,bottle,1666,911,1723,976
re_22.tif,2592,1944,bottle,1666,911,1723,976
rgb_22.jpg,2592,1944,bottle,1666,911,1723,976
g_22.tif,2592,1944,bottle,1919,924,1988,971
nir_22.tif,2592,1944,bottle,1919,924,1988,971
r_22.tif,2592,1944,bottle,1919,924,1988,971
re_22.tif,2592,1944,bottle,1919,924,1988,971
rgb_22.jpg,2592,1944,bottle,1919,924,1988,971
g_22.tif,2592,1944,bottle,2135,980,2204,1023
nir_22.tif,2592,1944,bottle,2135,980,2204,1023
r_22.tif,2592,1944,bottle,2135,980,2204,1023
re_22.tif,2592,1944,bottle,2135,980,2204,1023
rgb_22.jpg,2592,1944,bottle,2135,980,2204,1023
g_22.tif,2592,1944,bottle,1597,1154,1683,1209
nir_22.tif,2592,1944,bottle,1597,1154,1683,1209
r_22.tif,2592,1944,bottle,1597,1154,1683,1209
re_22.tif,2592,1944,bottle,1597,1154,1683,1209
rgb_22.jpg,2592,1944,bottle,1597,1154,1683,1209
g_22.tif,2592,1944,bottle,1,190,62,228
nir_22.tif,2592,1944,bottle,1,190,62,228
r_22.tif,2592,1944,bottle,1,190,62,228
re_22.tif,2592,1944,bottle,1,190,62,228
rgb_22.jpg,2592,1944,bottle,1,190,62,228
g_22.tif,2592,1944,bottle,1654,1737,1695,1816
nir_22.tif,2592,1944,bottle,1654,1737,1695,1816
r_22.tif,2592,1944,bottle,1654,1737,1695,1816
re_22.tif,2592,1944,bottle,1654,1737,1695,1816
rgb_22.jpg,2592,1944,bottle,1654,1737,1695,1816
g_22.tif,2592,1944,bottle,1855,1738,1921,1804
nir_22.tif,2592,1944,bottle,1855,1738,1921,1804
r_22.tif,2592,1944,bottle,1855,1738,1921,1804
re_22.tif,2592,1944,bottle,1855,1738,1921,1804
rgb_22.jpg,2592,1944,bottle,1855,1738,1921,1804
g_22.tif,2592,1944,bottle,1917,1828,1988,1878
nir_22.tif,2592,1944,bottle,1917,1828,1988,1878
r_22.tif,2592,1944,bottle,1917,1828,1988,1878
re_22.tif,2592,1944,bottle,1917,1828,1988,1878
rgb_22.jpg,2592,1944,bottle,1917,1828,1988,1878
g_22.tif,2592,1944,bottle,2338,1876,2424,1924
nir_22.tif,2592,1944,bottle,2338,1876,2424,1924
r_22.tif,2592,1944,bottle,2338,1876,2424,1924
re_22.tif,2592,1944,bottle,2338,1876,2424,1924
rgb_22.jpg,2592,1944,bottle,2338,1876,2424,1924
g_22.tif,2592,1944,bottle,2217,1650,2286,1693
nir_22.tif,2592,1944,bottle,2217,1650,2286,1693
r_22.tif,2592,1944,bottle,2217,1650,2286,1693
re_22.tif,2592,1944,bottle,2217,1650,2286,1693
rgb_22.jpg,2592,1944,bottle,2217,1650,2286,1693
g_22.tif,2592,1944,bottle,2271,1619,2319,1707
nir_22.tif,2592,1944,bottle,2271,1619,2319,1707
r_22.tif,2592,1944,bottle,2271,1619,2319,1707
re_22.tif,2592,1944,bottle,2271,1619,2319,1707
rgb_22.jpg,2592,1944,bottle,2271,1619,2319,1707
g_22.tif,2592,1944,bottle,2281,1633,2343,1700
nir_22.tif,2592,1944,bottle,2281,1633,2343,1700
r_22.tif,2592,1944,bottle,2281,1633,2343,1700
re_22.tif,2592,1944,bottle,2281,1633,2343,1700
rgb_22.jpg,2592,1944,bottle,2281,1633,2343,1700
g_22.tif,2592,1944,bottle,2323,1643,2367,1723
nir_22.tif,2592,1944,bottle,2323,1643,2367,1723
r_22.tif,2592,1944,bottle,2323,1643,2367,1723
re_22.tif,2592,1944,bottle,2323,1643,2367,1723
rgb_22.jpg,2592,1944,bottle,2323,1643,2367,1723
g_22.tif,2592,1944,bottle,2186,1616,2262,1664
nir_22.tif,2592,1944,bottle,2186,1616,2262,1664
r_22.tif,2592,1944,bottle,2186,1616,2262,1664
re_22.tif,2592,1944,bottle,2186,1616,2262,1664
rgb_22.jpg,2592,1944,bottle,2186,1616,2262,1664
g_22.tif,2592,1944,bottle,2136,1590,2216,1624
nir_22.tif,2592,1944,bottle,2136,1590,2216,1624
r_22.tif,2592,1944,bottle,2136,1590,2216,1624
re_22.tif,2592,1944,bottle,2136,1590,2216,1624
rgb_22.jpg,2592,1944,bottle,2136,1590,2216,1624
g_22.tif,2592,1944,bottle,1971,1331,2023,1406
nir_22.tif,2592,1944,bottle,1971,1331,2023,1406
r_22.tif,2592,1944,bottle,1971,1331,2023,1406
re_22.tif,2592,1944,bottle,1971,1331,2023,1406
rgb_22.jpg,2592,1944,bottle,1971,1331,2023,1406
g_22.tif,2592,1944,bottle,2079,1168,2155,1219
nir_22.tif,2592,1944,bottle,2079,1168,2155,1219
r_22.tif,2592,1944,bottle,2079,1168,2155,1219
re_22.tif,2592,1944,bottle,2079,1168,2155,1219
rgb_22.jpg,2592,1944,bottle,2079,1168,2155,1219
g_22.tif,2592,1944,container,1957,1187,2028,1271
nir_22.tif,2592,1944,container,1957,1187,2028,1271
r_22.tif,2592,1944,container,1957,1187,2028,1271
re_22.tif,2592,1944,container,1957,1187,2028,1271
rgb_22.jpg,2592,1944,container,1957,1187,2028,1271
g_22.tif,2592,1944,can,2007,1206,2095,1281
nir_22.tif,2592,1944,can,2007,1206,2095,1281
r_22.tif,2592,1944,can,2007,1206,2095,1281
re_22.tif,2592,1944,can,2007,1206,2095,1281
rgb_22.jpg,2592,1944,can,2007,1206,2095,1281
g_22.tif,2592,1944,can,2009,1128,2093,1207
nir_22.tif,2592,1944,can,2009,1128,2093,1207
r_22.tif,2592,1944,can,2009,1128,2093,1207
re_22.tif,2592,1944,can,2009,1128,2093,1207
rgb_22.jpg,2592,1944,can,2009,1128,2093,1207
g_23.tif,2592,1944,bottle,1117,757,1319,861
nir_23.tif,2592,1944,bottle,1117,757,1319,861
r_23.tif,2592,1944,bottle,1117,757,1319,861
re_23.tif,2592,1944,bottle,1117,757,1319,861
rgb_23.jpg,2592,1944,bottle,1117,757,1319,861
g_23.tif,2592,1944,bottle,1964,607,2078,787
nir_23.tif,2592,1944,bottle,1964,607,2078,787
r_23.tif,2592,1944,bottle,1964,607,2078,787
re_23.tif,2592,1944,bottle,1964,607,2078,787
rgb_23.jpg,2592,1944,bottle,1964,607,2078,787
g_23.tif,2592,1944,bottle,1742,387,1895,531
nir_23.tif,2592,1944,bottle,1742,387,1895,531
r_23.tif,2592,1944,bottle,1742,387,1895,531
re_23.tif,2592,1944,bottle,1742,387,1895,531
rgb_23.jpg,2592,1944,bottle,1742,387,1895,531
g_23.tif,2592,1944,bottle,1417,328,1598,443
nir_23.tif,2592,1944,bottle,1417,328,1598,443
r_23.tif,2592,1944,bottle,1417,328,1598,443
re_23.tif,2592,1944,bottle,1417,328,1598,443
rgb_23.jpg,2592,1944,bottle,1417,328,1598,443
g_23.tif,2592,1944,bottle,1411,264,1598,338
nir_23.tif,2592,1944,bottle,1411,264,1598,338
r_23.tif,2592,1944,bottle,1411,264,1598,338
re_23.tif,2592,1944,bottle,1411,264,1598,338
rgb_23.jpg,2592,1944,bottle,1411,264,1598,338
g_23.tif,2592,1944,bottle,1538,171,1662,350
nir_23.tif,2592,1944,bottle,1538,171,1662,350
r_23.tif,2592,1944,bottle,1538,171,1662,350
re_23.tif,2592,1944,bottle,1538,171,1662,350
rgb_23.jpg,2592,1944,bottle,1538,171,1662,350
g_23.tif,2592,1944,bottle,1643,109,1721,295
nir_23.tif,2592,1944,bottle,1643,109,1721,295
r_23.tif,2592,1944,bottle,1643,109,1721,295
re_23.tif,2592,1944,bottle,1643,109,1721,295
rgb_23.jpg,2592,1944,bottle,1643,109,1721,295
g_23.tif,2592,1944,bottle,2409,1607,2592,1740
nir_23.tif,2592,1944,bottle,2409,1607,2592,1740
r_23.tif,2592,1944,bottle,2409,1607,2592,1740
re_23.tif,2592,1944,bottle,2409,1607,2592,1740
rgb_23.jpg,2592,1944,bottle,2409,1607,2592,1740
g_24.tif,2592,1944,bottle,690,528,779,719
nir_24.tif,2592,1944,bottle,690,528,779,719
r_24.tif,2592,1944,bottle,690,528,779,719
re_24.tif,2592,1944,bottle,690,528,779,719
rgb_24.jpg,2592,1944,bottle,690,528,779,719
g_24.tif,2592,1944,bottle,488,300,635,462
nir_24.tif,2592,1944,bottle,488,300,635,462
r_24.tif,2592,1944,bottle,488,300,635,462
re_24.tif,2592,1944,bottle,488,300,635,462
rgb_24.jpg,2592,1944,bottle,488,300,635,462
g_24.tif,2592,1944,bottle,105,238,312,364
nir_24.tif,2592,1944,bottle,105,238,312,364
r_24.tif,2592,1944,bottle,105,238,312,364
re_24.tif,2592,1944,bottle,105,238,312,364
rgb_24.jpg,2592,1944,bottle,105,238,312,364
g_24.tif,2592,1944,bottle,116,169,317,245
nir_24.tif,2592,1944,bottle,116,169,317,245
r_24.tif,2592,1944,bottle,116,169,317,245
re_24.tif,2592,1944,bottle,116,169,317,245
rgb_24.jpg,2592,1944,bottle,116,169,317,245
g_24.tif,2592,1944,bottle,278,71,390,264
nir_24.tif,2592,1944,bottle,278,71,390,264
r_24.tif,2592,1944,bottle,278,71,390,264
re_24.tif,2592,1944,bottle,278,71,390,264
rgb_24.jpg,2592,1944,bottle,278,71,390,264
g_24.tif,2592,1944,bottle,366,14,473,214
nir_24.tif,2592,1944,bottle,366,14,473,214
r_24.tif,2592,1944,bottle,366,14,473,214
re_24.tif,2592,1944,bottle,366,14,473,214
rgb_24.jpg,2592,1944,bottle,366,14,473,214
g_24.tif,2592,1944,bottle,1624,152,1709,374
nir_24.tif,2592,1944,bottle,1624,152,1709,374
r_24.tif,2592,1944,bottle,1624,152,1709,374
re_24.tif,2592,1944,bottle,1624,152,1709,374
rgb_24.jpg,2592,1944,bottle,1624,152,1709,374
g_24.tif,2592,1944,bottle,1331,780,1490,959
nir_24.tif,2592,1944,bottle,1331,780,1490,959
r_24.tif,2592,1944,bottle,1331,780,1490,959
re_24.tif,2592,1944,bottle,1331,780,1490,959
rgb_24.jpg,2592,1944,bottle,1331,780,1490,959
g_24.tif,2592,1944,bottle,2200,766,2414,897
nir_24.tif,2592,1944,bottle,2200,766,2414,897
r_24.tif,2592,1944,bottle,2200,766,2414,897
re_24.tif,2592,1944,bottle,2200,766,2414,897
rgb_24.jpg,2592,1944,bottle,2200,766,2414,897
g_24.tif,2592,1944,bottle,1123,1647,1338,1750
nir_24.tif,2592,1944,bottle,1123,1647,1338,1750
r_24.tif,2592,1944,bottle,1123,1647,1338,1750
re_24.tif,2592,1944,bottle,1123,1647,1338,1750
rgb_24.jpg,2592,1944,bottle,1123,1647,1338,1750
g_25.tif,2592,1944,can,1283,897,1638,1266
nir_25.tif,2592,1944,can,1283,897,1638,1266
r_25.tif,2592,1944,can,1283,897,1638,1266
re_25.tif,2592,1944,can,1283,897,1638,1266
rgb_25.jpg,2592,1944,can,1283,897,1638,1266
g_26.tif,2592,1944,can,921,311,1278,590
nir_26.tif,2592,1944,can,921,311,1278,590
r_26.tif,2592,1944,can,921,311,1278,590
re_26.tif,2592,1944,can,921,311,1278,590
rgb_26.jpg,2592,1944,can,921,311,1278,590
g_27.tif,2592,1944,can,1019,445,1290,662
nir_27.tif,2592,1944,can,1019,445,1290,662
r_27.tif,2592,1944,can,1019,445,1290,662
re_27.tif,2592,1944,can,1019,445,1290,662
rgb_27.jpg,2592,1944,can,1019,445,1290,662
g_28.tif,2592,1944,can,1129,676,1278,793
nir_28.tif,2592,1944,can,1129,676,1278,793
r_28.tif,2592,1944,can,1129,676,1278,793
re_28.tif,2592,1944,can,1129,676,1278,793
rgb_28.jpg,2592,1944,can,1129,676,1278,793
g_28.tif,2592,1944,container,507,1676,674,1919
nir_28.tif,2592,1944,container,507,1676,674,1919
r_28.tif,2592,1944,container,507,1676,674,1919
re_28.tif,2592,1944,container,507,1676,674,1919
rgb_28.jpg,2592,1944,container,507,1676,674,1919
g_28.tif,2592,1944,bottle,2436,618,2523,733
nir_28.tif,2592,1944,bottle,2436,618,2523,733
r_28.tif,2592,1944,bottle,2436,618,2523,733
re_28.tif,2592,1944,bottle,2436,618,2523,733
rgb_28.jpg,2592,1944,bottle,2436,618,2523,733
g_28.tif,2592,1944,bottle,2486,657,2592,724
nir_28.tif,2592,1944,bottle,2486,657,2592,724
r_28.tif,2592,1944,bottle,2486,657,2592,724
re_28.tif,2592,1944,bottle,2486,657,2592,724
rgb_28.jpg,2592,1944,bottle,2486,657,2592,724
g_28.tif,2592,1944,bottle,576,1869,692,1940
nir_28.tif,2592,1944,bottle,576,1869,692,1940
r_28.tif,2592,1944,bottle,576,1869,692,1940
re_28.tif,2592,1944,bottle,576,1869,692,1940
rgb_28.jpg,2592,1944,bottle,576,1869,692,1940
g_28.tif,2592,1944,container,566,1904,640,1944
nir_28.tif,2592,1944,container,566,1904,640,1944
r_28.tif,2592,1944,container,566,1904,640,1944
re_28.tif,2592,1944,container,566,1904,640,1944
rgb_28.jpg,2592,1944,container,566,1904,640,1944
g_29.tif,2592,1944,can,1186,764,1293,850
nir_29.tif,2592,1944,can,1186,764,1293,850
r_29.tif,2592,1944,can,1186,764,1293,850
re_29.tif,2592,1944,can,1186,764,1293,850
rgb_29.jpg,2592,1944,can,1186,764,1293,850
g_29.tif,2592,1944,can,261,1109,338,1197
nir_29.tif,2592,1944,can,261,1109,338,1197
r_29.tif,2592,1944,can,261,1109,338,1197
re_29.tif,2592,1944,can,261,1109,338,1197
rgb_29.jpg,2592,1944,can,261,1109,338,1197
g_29.tif,2592,1944,can,321,1180,409,1257
nir_29.tif,2592,1944,can,321,1180,409,1257
r_29.tif,2592,1944,can,321,1180,409,1257
re_29.tif,2592,1944,can,321,1180,409,1257
rgb_29.jpg,2592,1944,can,321,1180,409,1257
g_29.tif,2592,1944,can,383,1204,469,1268
nir_29.tif,2592,1944,can,383,1204,469,1268
r_29.tif,2592,1944,can,383,1204,469,1268
re_29.tif,2592,1944,can,383,1204,469,1268
rgb_29.jpg,2592,1944,can,383,1204,469,1268
g_29.tif,2592,1944,bottle,329,1273,366,1343
nir_29.tif,2592,1944,bottle,329,1273,366,1343
r_29.tif,2592,1944,bottle,329,1273,366,1343
re_29.tif,2592,1944,bottle,329,1273,366,1343
rgb_29.jpg,2592,1944,bottle,329,1273,366,1343
g_29.tif,2592,1944,bottle,36,788,97,828
nir_29.tif,2592,1944,bottle,36,788,97,828
r_29.tif,2592,1944,bottle,36,788,97,828
re_29.tif,2592,1944,bottle,36,788,97,828
rgb_29.jpg,2592,1944,bottle,36,788,97,828
g_29.tif,2592,1944,bottle,836,1535,914,1588
nir_29.tif,2592,1944,bottle,836,1535,914,1588
r_29.tif,2592,1944,bottle,836,1535,914,1588
re_29.tif,2592,1944,bottle,836,1535,914,1588
rgb_29.jpg,2592,1944,bottle,836,1535,914,1588
g_29.tif,2592,1944,container,792,1414,900,1562
nir_29.tif,2592,1944,container,792,1414,900,1562
r_29.tif,2592,1944,container,792,1414,900,1562
re_29.tif,2592,1944,container,792,1414,900,1562
rgb_29.jpg,2592,1944,container,792,1414,900,1562
g_29.tif,2592,1944,container,823,1556,928,1673
nir_29.tif,2592,1944,container,823,1556,928,1673
r_29.tif,2592,1944,container,823,1556,928,1673
re_29.tif,2592,1944,container,823,1556,928,1673
rgb_29.jpg,2592,1944,container,823,1556,928,1673
g_29.tif,2592,1944,bottle,2193,761,2243,840
nir_29.tif,2592,1944,bottle,2193,761,2243,840
r_29.tif,2592,1944,bottle,2193,761,2243,840
re_29.tif,2592,1944,bottle,2193,761,2243,840
rgb_29.jpg,2592,1944,bottle,2193,761,2243,840
g_29.tif,2592,1944,bottle,2035,742,2086,807
nir_29.tif,2592,1944,bottle,2035,742,2086,807
r_29.tif,2592,1944,bottle,2035,742,2086,807
re_29.tif,2592,1944,bottle,2035,742,2086,807
rgb_29.jpg,2592,1944,bottle,2035,742,2086,807
g_29.tif,2592,1944,bottle,2061,768,2135,814
nir_29.tif,2592,1944,bottle,2061,768,2135,814
r_29.tif,2592,1944,bottle,2061,768,2135,814
re_29.tif,2592,1944,bottle,2061,768,2135,814
rgb_29.jpg,2592,1944,bottle,2061,768,2135,814
g_29.tif,2592,1944,bottle,2157,535,2247,573
nir_29.tif,2592,1944,bottle,2157,535,2247,573
r_29.tif,2592,1944,bottle,2157,535,2247,573
re_29.tif,2592,1944,bottle,2157,535,2247,573
rgb_29.jpg,2592,1944,bottle,2157,535,2247,573
g_29.tif,2592,1944,bottle,2216,571,2297,621
nir_29.tif,2592,1944,bottle,2216,571,2297,621
r_29.tif,2592,1944,bottle,2216,571,2297,621
re_29.tif,2592,1944,bottle,2216,571,2297,621
rgb_29.jpg,2592,1944,bottle,2216,571,2297,621
g_29.tif,2592,1944,bottle,2295,612,2338,678
nir_29.tif,2592,1944,bottle,2295,612,2338,678
r_29.tif,2592,1944,bottle,2295,612,2338,678
re_29.tif,2592,1944,bottle,2295,612,2338,678
rgb_29.jpg,2592,1944,bottle,2295,612,2338,678
g_29.tif,2592,1944,bottle,2305,559,2352,633
nir_29.tif,2592,1944,bottle,2305,559,2352,633
r_29.tif,2592,1944,bottle,2305,559,2352,633
re_29.tif,2592,1944,bottle,2305,559,2352,633
rgb_29.jpg,2592,1944,bottle,2305,559,2352,633
g_29.tif,2592,1944,bottle,2333,580,2402,640
nir_29.tif,2592,1944,bottle,2333,580,2402,640
r_29.tif,2592,1944,bottle,2333,580,2402,640
re_29.tif,2592,1944,bottle,2333,580,2402,640
rgb_29.jpg,2592,1944,bottle,2333,580,2402,640
g_29.tif,2592,1944,bottle,1969,250,2055,290
nir_29.tif,2592,1944,bottle,1969,250,2055,290
r_29.tif,2592,1944,bottle,1969,250,2055,290
re_29.tif,2592,1944,bottle,1969,250,2055,290
rgb_29.jpg,2592,1944,bottle,1969,250,2055,290
g_29.tif,2592,1944,container,1978,100,2043,187
nir_29.tif,2592,1944,container,1978,100,2043,187
r_29.tif,2592,1944,container,1978,100,2043,187
re_29.tif,2592,1944,container,1978,100,2043,187
rgb_29.jpg,2592,1944,container,1978,100,2043,187
g_29.tif,2592,1944,bottle,2105,76,2178,123
nir_29.tif,2592,1944,bottle,2105,76,2178,123
r_29.tif,2592,1944,bottle,2105,76,2178,123
re_29.tif,2592,1944,bottle,2105,76,2178,123
rgb_29.jpg,2592,1944,bottle,2105,76,2178,123
g_29.tif,2592,1944,can,2061,21,2148,118
nir_29.tif,2592,1944,can,2061,21,2148,118
r_29.tif,2592,1944,can,2061,21,2148,118
re_29.tif,2592,1944,can,2061,21,2148,118
rgb_29.jpg,2592,1944,can,2061,21,2148,118
g_29.tif,2592,1944,can,2024,112,2112,204
nir_29.tif,2592,1944,can,2024,112,2112,204
r_29.tif,2592,1944,can,2024,112,2112,204
re_29.tif,2592,1944,can,2024,112,2112,204
rgb_29.jpg,2592,1944,can,2024,112,2112,204
g_29.tif,2592,1944,bottle,1555,66,1633,114
nir_29.tif,2592,1944,bottle,1555,66,1633,114
r_29.tif,2592,1944,bottle,1555,66,1633,114
re_29.tif,2592,1944,bottle,1555,66,1633,114
rgb_29.jpg,2592,1944,bottle,1555,66,1633,114
g_3.tif,2592,1944,can,1392,583,1586,719
nir_3.tif,2592,1944,can,1392,583,1586,719
r_3.tif,2592,1944,can,1392,583,1586,719
re_3.tif,2592,1944,can,1392,583,1586,719
rgb_3.jpg,2592,1944,can,1392,583,1586,719
g_3.tif,2592,1944,bottle,700,1626,807,1754
nir_3.tif,2592,1944,bottle,700,1626,807,1754
r_3.tif,2592,1944,bottle,700,1626,807,1754
re_3.tif,2592,1944,bottle,700,1626,807,1754
rgb_3.jpg,2592,1944,bottle,700,1626,807,1754
g_3.tif,2592,1944,container,542,1409,759,1662
nir_3.tif,2592,1944,container,542,1409,759,1662
r_3.tif,2592,1944,container,542,1409,759,1662
re_3.tif,2592,1944,container,542,1409,759,1662
rgb_3.jpg,2592,1944,container,542,1409,759,1662
g_3.tif,2592,1944,container,598,1642,793,1862
nir_3.tif,2592,1944,container,598,1642,793,1862
r_3.tif,2592,1944,container,598,1642,793,1862
re_3.tif,2592,1944,container,598,1642,793,1862
rgb_3.jpg,2592,1944,container,598,1642,793,1862
g_3.tif,2592,1944,bottle,2419,159,2500,295
nir_3.tif,2592,1944,bottle,2419,159,2500,295
r_3.tif,2592,1944,bottle,2419,159,2500,295
re_3.tif,2592,1944,bottle,2419,159,2500,295
rgb_3.jpg,2592,1944,bottle,2419,159,2500,295
g_3.tif,2592,1944,bottle,2469,142,2552,269
nir_3.tif,2592,1944,bottle,2469,142,2552,269
r_3.tif,2592,1944,bottle,2469,142,2552,269
re_3.tif,2592,1944,bottle,2469,142,2552,269
rgb_3.jpg,2592,1944,bottle,2469,142,2552,269
g_3.tif,2592,1944,bottle,2461,319,2592,406
nir_3.tif,2592,1944,bottle,2461,319,2592,406
r_3.tif,2592,1944,bottle,2461,319,2592,406
re_3.tif,2592,1944,bottle,2461,319,2592,406
rgb_3.jpg,2592,1944,bottle,2461,319,2592,406
g_30.tif,2592,1944,can,642,1030,688,1104
nir_30.tif,2592,1944,can,642,1030,688,1104
r_30.tif,2592,1944,can,642,1030,688,1104
re_30.tif,2592,1944,can,642,1030,688,1104
rgb_30.jpg,2592,1944,can,642,1030,688,1104
g_30.tif,2592,1944,bottle,500,837,543,881
nir_30.tif,2592,1944,bottle,500,837,543,881
r_30.tif,2592,1944,bottle,500,837,543,881
re_30.tif,2592,1944,bottle,500,837,543,881
rgb_30.jpg,2592,1944,bottle,500,837,543,881
g_30.tif,2592,1944,bottle,392,240,429,295
nir_30.tif,2592,1944,bottle,392,240,429,295
r_30.tif,2592,1944,bottle,392,240,429,295
re_30.tif,2592,1944,bottle,392,240,429,295
rgb_30.jpg,2592,1944,bottle,392,240,429,295
g_30.tif,2592,1944,bottle,679,1140,712,1202
nir_30.tif,2592,1944,bottle,679,1140,712,1202
r_30.tif,2592,1944,bottle,679,1140,712,1202
re_30.tif,2592,1944,bottle,679,1140,712,1202
rgb_30.jpg,2592,1944,bottle,679,1140,712,1202
g_30.tif,2592,1944,can,683,1083,735,1145
nir_30.tif,2592,1944,can,683,1083,735,1145
r_30.tif,2592,1944,can,683,1083,735,1145
re_30.tif,2592,1944,can,683,1083,735,1145
rgb_30.jpg,2592,1944,can,683,1083,735,1145
g_30.tif,2592,1944,can,723,1093,773,1149
nir_30.tif,2592,1944,can,723,1093,773,1149
r_30.tif,2592,1944,can,723,1093,773,1149
re_30.tif,2592,1944,can,723,1093,773,1149
rgb_30.jpg,2592,1944,can,723,1093,773,1149
g_30.tif,2592,1944,container,981,1314,1050,1390
nir_30.tif,2592,1944,container,981,1314,1050,1390
r_30.tif,2592,1944,container,981,1314,1050,1390
re_30.tif,2592,1944,container,981,1314,1050,1390
rgb_30.jpg,2592,1944,container,981,1314,1050,1390
g_30.tif,2592,1944,container,962,1221,1043,1326
nir_30.tif,2592,1944,container,962,1221,1043,1326
r_30.tif,2592,1944,container,962,1221,1043,1326
re_30.tif,2592,1944,container,962,1221,1043,1326
rgb_30.jpg,2592,1944,container,962,1221,1043,1326
g_30.tif,2592,1944,bottle,997,1297,1048,1340
nir_30.tif,2592,1944,bottle,997,1297,1048,1340
r_30.tif,2592,1944,bottle,997,1297,1048,1340
re_30.tif,2592,1944,bottle,997,1297,1048,1340
rgb_30.jpg,2592,1944,bottle,997,1297,1048,1340
g_30.tif,2592,1944,can,1200,830,1271,893
nir_30.tif,2592,1944,can,1200,830,1271,893
r_30.tif,2592,1944,can,1200,830,1271,893
re_30.tif,2592,1944,can,1200,830,1271,893
rgb_30.jpg,2592,1944,can,1200,830,1271,893
g_30.tif,2592,1944,bottle,1811,831,1847,887
nir_30.tif,2592,1944,bottle,1811,831,1847,887
r_30.tif,2592,1944,bottle,1811,831,1847,887
re_30.tif,2592,1944,bottle,1811,831,1847,887
rgb_30.jpg,2592,1944,bottle,1811,831,1847,887
g_30.tif,2592,1944,bottle,1711,812,1750,873
nir_30.tif,2592,1944,bottle,1711,812,1750,873
r_30.tif,2592,1944,bottle,1711,812,1750,873
re_30.tif,2592,1944,bottle,1711,812,1750,873
rgb_30.jpg,2592,1944,bottle,1711,812,1750,873
g_30.tif,2592,1944,bottle,1723,826,1783,880
nir_30.tif,2592,1944,bottle,1723,826,1783,880
r_30.tif,2592,1944,bottle,1723,826,1783,880
re_30.tif,2592,1944,bottle,1723,826,1783,880
rgb_30.jpg,2592,1944,bottle,1723,826,1783,880
g_30.tif,2592,1944,bottle,1785,690,1847,726
nir_30.tif,2592,1944,bottle,1785,690,1847,726
r_30.tif,2592,1944,bottle,1785,690,1847,726
re_30.tif,2592,1944,bottle,1785,690,1847,726
rgb_30.jpg,2592,1944,bottle,1785,690,1847,726
g_30.tif,2592,1944,bottle,1824,721,1879,756
nir_30.tif,2592,1944,bottle,1824,721,1879,756
r_30.tif,2592,1944,bottle,1824,721,1879,756
re_30.tif,2592,1944,bottle,1824,721,1879,756
rgb_30.jpg,2592,1944,bottle,1824,721,1879,756
g_30.tif,2592,1944,bottle,1873,730,1909,790
nir_30.tif,2592,1944,bottle,1873,730,1909,790
r_30.tif,2592,1944,bottle,1873,730,1909,790
re_30.tif,2592,1944,bottle,1873,730,1909,790
rgb_30.jpg,2592,1944,bottle,1873,730,1909,790
g_30.tif,2592,1944,bottle,1871,712,1917,774
nir_30.tif,2592,1944,bottle,1871,712,1917,774
r_30.tif,2592,1944,bottle,1871,712,1917,774
re_30.tif,2592,1944,bottle,1871,712,1917,774
rgb_30.jpg,2592,1944,bottle,1871,712,1917,774
g_30.tif,2592,1944,bottle,1881,723,1940,771
nir_30.tif,2592,1944,bottle,1881,723,1940,771
r_30.tif,2592,1944,bottle,1881,723,1940,771
re_30.tif,2592,1944,bottle,1881,723,1940,771
rgb_30.jpg,2592,1944,bottle,1881,723,1940,771
g_30.tif,2592,1944,bottle,1681,523,1738,550
nir_30.tif,2592,1944,bottle,1681,523,1738,550
r_30.tif,2592,1944,bottle,1681,523,1738,550
re_30.tif,2592,1944,bottle,1681,523,1738,550
rgb_30.jpg,2592,1944,bottle,1681,523,1738,550
g_30.tif,2592,1944,container,1688,431,1728,480
nir_30.tif,2592,1944,container,1688,431,1728,480
r_30.tif,2592,1944,container,1688,431,1728,480
re_30.tif,2592,1944,container,1688,431,1728,480
rgb_30.jpg,2592,1944,container,1688,431,1728,480
g_30.tif,2592,1944,can,1711,437,1773,504
nir_30.tif,2592,1944,can,1711,437,1773,504
r_30.tif,2592,1944,can,1711,437,1773,504
re_30.tif,2592,1944,can,1711,437,1773,504
rgb_30.jpg,2592,1944,can,1711,437,1773,504
g_30.tif,2592,1944,can,1735,385,1792,450
nir_30.tif,2592,1944,can,1735,385,1792,450
r_30.tif,2592,1944,can,1735,385,1792,450
re_30.tif,2592,1944,can,1735,385,1792,450
rgb_30.jpg,2592,1944,can,1735,385,1792,450
g_30.tif,2592,1944,bottle,1762,419,1812,449
nir_30.tif,2592,1944,bottle,1762,419,1812,449
r_30.tif,2592,1944,bottle,1762,419,1812,449
re_30.tif,2592,1944,bottle,1762,419,1812,449
rgb_30.jpg,2592,1944,bottle,1762,419,1812,449
g_30.tif,2592,1944,bottle,1800,264,1855,314
nir_30.tif,2592,1944,bottle,1800,264,1855,314
r_30.tif,2592,1944,bottle,1800,264,1855,314
re_30.tif,2592,1944,bottle,1800,264,1855,314
rgb_30.jpg,2592,1944,bottle,1800,264,1855,314
g_30.tif,2592,1944,bottle,1657,190,1707,235
nir_30.tif,2592,1944,bottle,1657,190,1707,235
r_30.tif,2592,1944,bottle,1657,190,1707,235
re_30.tif,2592,1944,bottle,1657,190,1707,235
rgb_30.jpg,2592,1944,bottle,1657,190,1707,235
g_30.tif,2592,1944,bottle,1476,238,1511,287
nir_30.tif,2592,1944,bottle,1476,238,1511,287
r_30.tif,2592,1944,bottle,1476,238,1511,287
re_30.tif,2592,1944,bottle,1476,238,1511,287
rgb_30.jpg,2592,1944,bottle,1476,238,1511,287
g_30.tif,2592,1944,bottle,1531,107,1567,176
nir_30.tif,2592,1944,bottle,1531,107,1567,176
r_30.tif,2592,1944,bottle,1531,107,1567,176
re_30.tif,2592,1944,bottle,1531,107,1567,176
rgb_30.jpg,2592,1944,bottle,1531,107,1567,176
g_30.tif,2592,1944,bottle,1426,409,1485,443
nir_30.tif,2592,1944,bottle,1426,409,1485,443
r_30.tif,2592,1944,bottle,1426,409,1485,443
re_30.tif,2592,1944,bottle,1426,409,1485,443
rgb_30.jpg,2592,1944,bottle,1426,409,1485,443
g_30.tif,2592,1944,bottle,1157,221,1202,261
nir_30.tif,2592,1944,bottle,1157,221,1202,261
r_30.tif,2592,1944,bottle,1157,221,1202,261
re_30.tif,2592,1944,bottle,1157,221,1202,261
rgb_30.jpg,2592,1944,bottle,1157,221,1202,261
g_30.tif,2592,1944,bottle,1342,192,1374,242
nir_30.tif,2592,1944,bottle,1342,192,1374,242
r_30.tif,2592,1944,bottle,1342,192,1374,242
re_30.tif,2592,1944,bottle,1342,192,1374,242
rgb_30.jpg,2592,1944,bottle,1342,192,1374,242
g_30.tif,2592,1944,bottle,1297,143,1338,192
nir_30.tif,2592,1944,bottle,1297,143,1338,192
r_30.tif,2592,1944,bottle,1297,143,1338,192
re_30.tif,2592,1944,bottle,1297,143,1338,192
rgb_30.jpg,2592,1944,bottle,1297,143,1338,192
g_30.tif,2592,1944,bottle,1219,133,1269,173
nir_30.tif,2592,1944,bottle,1219,133,1269,173
r_30.tif,2592,1944,bottle,1219,133,1269,173
re_30.tif,2592,1944,bottle,1219,133,1269,173
rgb_30.jpg,2592,1944,bottle,1219,133,1269,173
g_30.tif,2592,1944,bottle,1216,118,1271,147
nir_30.tif,2592,1944,bottle,1216,118,1271,147
r_30.tif,2592,1944,bottle,1216,118,1271,147
re_30.tif,2592,1944,bottle,1216,118,1271,147
rgb_30.jpg,2592,1944,bottle,1216,118,1271,147
g_30.tif,2592,1944,bottle,1243,93,1288,150
nir_30.tif,2592,1944,bottle,1243,93,1288,150
r_30.tif,2592,1944,bottle,1243,93,1288,150
re_30.tif,2592,1944,bottle,1243,93,1288,150
rgb_30.jpg,2592,1944,bottle,1243,93,1288,150
g_30.tif,2592,1944,bottle,1273,78,1300,137
nir_30.tif,2592,1944,bottle,1273,78,1300,137
r_30.tif,2592,1944,bottle,1273,78,1300,137
re_30.tif,2592,1944,bottle,1273,78,1300,137
rgb_30.jpg,2592,1944,bottle,1273,78,1300,137
g_31.tif,2592,1944,can,33,1,95,43
nir_31.tif,2592,1944,can,33,1,95,43
r_31.tif,2592,1944,can,33,1,95,43
re_31.tif,2592,1944,can,33,1,95,43
rgb_31.jpg,2592,1944,can,33,1,95,43
g_31.tif,2592,1944,can,1,993,48,1050
nir_31.tif,2592,1944,can,1,993,48,1050
r_31.tif,2592,1944,can,1,993,48,1050
re_31.tif,2592,1944,can,1,993,48,1050
rgb_31.jpg,2592,1944,can,1,993,48,1050
g_31.tif,2592,1944,container,107,971,142,1007
nir_31.tif,2592,1944,container,107,971,142,1007
r_31.tif,2592,1944,container,107,971,142,1007
re_31.tif,2592,1944,container,107,971,142,1007
rgb_31.jpg,2592,1944,container,107,971,142,1007
g_31.tif,2592,1944,bottle,40,993,59,1035
nir_31.tif,2592,1944,bottle,40,993,59,1035
r_31.tif,2592,1944,bottle,40,993,59,1035
re_31.tif,2592,1944,bottle,40,993,59,1035
rgb_31.jpg,2592,1944,bottle,40,993,59,1035
g_31.tif,2592,1944,can,773,1028,814,1081
nir_31.tif,2592,1944,can,773,1028,814,1081
r_31.tif,2592,1944,can,773,1028,814,1081
re_31.tif,2592,1944,can,773,1028,814,1081
rgb_31.jpg,2592,1944,can,773,1028,814,1081
g_31.tif,2592,1944,can,804,1071,845,1112
nir_31.tif,2592,1944,can,804,1071,845,1112
r_31.tif,2592,1944,can,804,1071,845,1112
re_31.tif,2592,1944,can,804,1071,845,1112
rgb_31.jpg,2592,1944,can,804,1071,845,1112
g_31.tif,2592,1944,can,840,1080,879,1116
nir_31.tif,2592,1944,can,840,1080,879,1116
r_31.tif,2592,1944,can,840,1080,879,1116
re_31.tif,2592,1944,can,840,1080,879,1116
rgb_31.jpg,2592,1944,can,840,1080,879,1116
g_31.tif,2592,1944,bottle,805,1114,824,1157
nir_31.tif,2592,1944,bottle,805,1114,824,1157
r_31.tif,2592,1944,bottle,805,1114,824,1157
re_31.tif,2592,1944,bottle,805,1114,824,1157
rgb_31.jpg,2592,1944,bottle,805,1114,824,1157
g_31.tif,2592,1944,container,1052,1256,1107,1314
nir_31.tif,2592,1944,container,1052,1256,1107,1314
r_31.tif,2592,1944,container,1052,1256,1107,1314
re_31.tif,2592,1944,container,1052,1256,1107,1314
rgb_31.jpg,2592,1944,container,1052,1256,1107,1314
g_31.tif,2592,1944,container,1038,1185,1100,1249
nir_31.tif,2592,1944,container,1038,1185,1100,1249
r_31.tif,2592,1944,container,1038,1185,1100,1249
re_31.tif,2592,1944,container,1038,1185,1100,1249
rgb_31.jpg,2592,1944,container,1038,1185,1100,1249
g_31.tif,2592,1944,bottle,1064,1245,1100,1271
nir_31.tif,2592,1944,bottle,1064,1245,1100,1271
r_31.tif,2592,1944,bottle,1064,1245,1100,1271
re_31.tif,2592,1944,bottle,1064,1245,1100,1271
rgb_31.jpg,2592,1944,bottle,1064,1245,1100,1271
g_31.tif,2592,1944,can,1233,866,1290,911
nir_31.tif,2592,1944,can,1233,866,1290,911
r_31.tif,2592,1944,can,1233,866,1290,911
re_31.tif,2592,1944,can,1233,866,1290,911
rgb_31.jpg,2592,1944,can,1233,866,1290,911
g_31.tif,2592,1944,bottle,1654,849,1685,887
nir_31.tif,2592,1944,bottle,1654,849,1685,887
r_31.tif,2592,1944,bottle,1654,849,1685,887
re_31.tif,2592,1944,bottle,1654,849,1685,887
rgb_31.jpg,2592,1944,bottle,1654,849,1685,887
g_31.tif,2592,1944,bottle,1673,864,1702,893
nir_31.tif,2592,1944,bottle,1673,864,1702,893
r_31.tif,2592,1944,bottle,1673,864,1702,893
re_31.tif,2592,1944,bottle,1673,864,1702,893
rgb_31.jpg,2592,1944,bottle,1673,864,1702,893
g_31.tif,2592,1944,bottle,1733,857,1757,902
nir_31.tif,2592,1944,bottle,1733,857,1757,902
r_31.tif,2592,1944,bottle,1733,857,1757,902
re_31.tif,2592,1944,bottle,1733,857,1757,902
rgb_31.jpg,2592,1944,bottle,1733,857,1757,902
g_31.tif,2592,1944,bottle,1719,747,1759,771
nir_31.tif,2592,1944,bottle,1719,747,1759,771
r_31.tif,2592,1944,bottle,1719,747,1759,771
re_31.tif,2592,1944,bottle,1719,747,1759,771
rgb_31.jpg,2592,1944,bottle,1719,747,1759,771
g_31.tif,2592,1944,bottle,1747,769,1786,792
nir_31.tif,2592,1944,bottle,1747,769,1786,792
r_31.tif,2592,1944,bottle,1747,769,1786,792
re_31.tif,2592,1944,bottle,1747,769,1786,792
rgb_31.jpg,2592,1944,bottle,1747,769,1786,792
g_31.tif,2592,1944,bottle,1781,787,1800,818
nir_31.tif,2592,1944,bottle,1781,787,1800,818
r_31.tif,2592,1944,bottle,1781,787,1800,818
re_31.tif,2592,1944,bottle,1781,787,1800,818
rgb_31.jpg,2592,1944,bottle,1781,787,1800,818
g_31.tif,2592,1944,bottle,1792,768,1817,795
nir_31.tif,2592,1944,bottle,1792,768,1817,795
r_31.tif,2592,1944,bottle,1792,768,1817,795
re_31.tif,2592,1944,bottle,1792,768,1817,795
rgb_31.jpg,2592,1944,bottle,1792,768,1817,795
g_31.tif,2592,1944,bottle,1800,769,1831,802
nir_31.tif,2592,1944,bottle,1800,769,1831,802
r_31.tif,2592,1944,bottle,1800,769,1831,802
re_31.tif,2592,1944,bottle,1800,769,1831,802
rgb_31.jpg,2592,1944,bottle,1800,769,1831,802
g_31.tif,2592,1944,bottle,1635,604,1664,628
nir_31.tif,2592,1944,bottle,1635,604,1664,628
r_31.tif,2592,1944,bottle,1635,604,1664,628
re_31.tif,2592,1944,bottle,1635,604,1664,628
rgb_31.jpg,2592,1944,bottle,1635,604,1664,628
g_31.tif,2592,1944,bottle,1726,395,1767,428
nir_31.tif,2592,1944,bottle,1726,395,1767,428
r_31.tif,2592,1944,bottle,1726,395,1767,428
re_31.tif,2592,1944,bottle,1726,395,1767,428
rgb_31.jpg,2592,1944,bottle,1726,395,1767,428
g_31.tif,2592,1944,container,1633,533,1666,568
nir_31.tif,2592,1944,container,1633,533,1666,568
r_31.tif,2592,1944,container,1633,533,1666,568
re_31.tif,2592,1944,container,1633,533,1666,568
rgb_31.jpg,2592,1944,container,1633,533,1666,568
g_31.tif,2592,1944,bottle,1700,521,1733,540
nir_31.tif,2592,1944,bottle,1700,521,1733,540
r_31.tif,2592,1944,bottle,1700,521,1733,540
re_31.tif,2592,1944,bottle,1700,521,1733,540
rgb_31.jpg,2592,1944,bottle,1700,521,1733,540
g_31.tif,2592,1944,can,1650,537,1697,585
nir_31.tif,2592,1944,can,1650,537,1697,585
r_31.tif,2592,1944,can,1650,537,1697,585
re_31.tif,2592,1944,can,1650,537,1697,585
rgb_31.jpg,2592,1944,can,1650,537,1697,585
g_31.tif,2592,1944,can,1671,493,1714,543
nir_31.tif,2592,1944,can,1671,493,1714,543
r_31.tif,2592,1944,can,1671,493,1714,543
re_31.tif,2592,1944,can,1671,493,1714,543
rgb_31.jpg,2592,1944,can,1671,493,1714,543
g_31.tif,2592,1944,bottle,654,864,685,895
nir_31.tif,2592,1944,bottle,654,864,685,895
r_31.tif,2592,1944,bottle,654,864,685,895
re_31.tif,2592,1944,bottle,654,864,685,895
rgb_31.jpg,2592,1944,bottle,654,864,685,895
g_31.tif,2592,1944,bottle,559,366,590,407
nir_31.tif,2592,1944,bottle,559,366,590,407
r_31.tif,2592,1944,bottle,559,366,590,407
re_31.tif,2592,1944,bottle,559,366,590,407
rgb_31.jpg,2592,1944,bottle,559,366,590,407
g_31.tif,2592,1944,can,1,1131,33,1178
nir_31.tif,2592,1944,can,1,1131,33,1178
r_31.tif,2592,1944,can,1,1131,33,1178
re_31.tif,2592,1944,can,1,1131,33,1178
rgb_31.jpg,2592,1944,can,1,1131,33,1178
g_31.tif,2592,1944,bottle,1097,154,1139,176
nir_31.tif,2592,1944,bottle,1097,154,1139,176
r_31.tif,2592,1944,bottle,1097,154,1139,176
re_31.tif,2592,1944,bottle,1097,154,1139,176
rgb_31.jpg,2592,1944,bottle,1097,154,1139,176
g_31.tif,2592,1944,bottle,1140,139,1170,162
nir_31.tif,2592,1944,bottle,1140,139,1170,162
r_31.tif,2592,1944,bottle,1140,139,1170,162
re_31.tif,2592,1944,bottle,1140,139,1170,162
rgb_31.jpg,2592,1944,bottle,1140,139,1170,162
g_31.tif,2592,1944,bottle,1129,117,1156,142
nir_31.tif,2592,1944,bottle,1129,117,1156,142
r_31.tif,2592,1944,bottle,1129,117,1156,142
re_31.tif,2592,1944,bottle,1129,117,1156,142
rgb_31.jpg,2592,1944,bottle,1129,117,1156,142
g_31.tif,2592,1944,bottle,1250,286,1286,307
nir_31.tif,2592,1944,bottle,1250,286,1286,307
r_31.tif,2592,1944,bottle,1250,286,1286,307
re_31.tif,2592,1944,bottle,1250,286,1286,307
rgb_31.jpg,2592,1944,bottle,1250,286,1286,307
g_31.tif,2592,1944,bottle,1251,270,1287,289
nir_31.tif,2592,1944,bottle,1251,270,1287,289
r_31.tif,2592,1944,bottle,1251,270,1287,289
re_31.tif,2592,1944,bottle,1251,270,1287,289
rgb_31.jpg,2592,1944,bottle,1251,270,1287,289
g_31.tif,2592,1944,bottle,1271,255,1297,289
nir_31.tif,2592,1944,bottle,1271,255,1297,289
r_31.tif,2592,1944,bottle,1271,255,1297,289
re_31.tif,2592,1944,bottle,1271,255,1297,289
rgb_31.jpg,2592,1944,bottle,1271,255,1297,289
g_31.tif,2592,1944,bottle,1291,244,1310,282
nir_31.tif,2592,1944,bottle,1291,244,1310,282
r_31.tif,2592,1944,bottle,1291,244,1310,282
re_31.tif,2592,1944,bottle,1291,244,1310,282
rgb_31.jpg,2592,1944,bottle,1291,244,1310,282
g_31.tif,2592,1944,bottle,1312,295,1342,321
nir_31.tif,2592,1944,bottle,1312,295,1342,321
r_31.tif,2592,1944,bottle,1312,295,1342,321
re_31.tif,2592,1944,bottle,1312,295,1342,321
rgb_31.jpg,2592,1944,bottle,1312,295,1342,321
g_31.tif,2592,1944,bottle,1348,335,1370,368
nir_31.tif,2592,1944,bottle,1348,335,1370,368
r_31.tif,2592,1944,bottle,1348,335,1370,368
re_31.tif,2592,1944,bottle,1348,335,1370,368
rgb_31.jpg,2592,1944,bottle,1348,335,1370,368
g_31.tif,2592,1944,bottle,1195,360,1231,379
nir_31.tif,2592,1944,bottle,1195,360,1231,379
r_31.tif,2592,1944,bottle,1195,360,1231,379
re_31.tif,2592,1944,bottle,1195,360,1231,379
rgb_31.jpg,2592,1944,bottle,1195,360,1231,379
g_31.tif,2592,1944,bottle,1458,380,1486,403
nir_31.tif,2592,1944,bottle,1458,380,1486,403
r_31.tif,2592,1944,bottle,1458,380,1486,403
re_31.tif,2592,1944,bottle,1458,380,1486,403
rgb_31.jpg,2592,1944,bottle,1458,380,1486,403
g_31.tif,2592,1944,bottle,1423,514,1460,535
nir_31.tif,2592,1944,bottle,1423,514,1460,535
r_31.tif,2592,1944,bottle,1423,514,1460,535
re_31.tif,2592,1944,bottle,1423,514,1460,535
rgb_31.jpg,2592,1944,bottle,1423,514,1460,535
g_31.tif,2592,1944,bottle,1508,269,1525,307
nir_31.tif,2592,1944,bottle,1508,269,1525,307
r_31.tif,2592,1944,bottle,1508,269,1525,307
re_31.tif,2592,1944,bottle,1508,269,1525,307
rgb_31.jpg,2592,1944,bottle,1508,269,1525,307
g_31.tif,2592,1944,bottle,1611,330,1640,361
nir_31.tif,2592,1944,bottle,1611,330,1640,361
r_31.tif,2592,1944,bottle,1611,330,1640,361
re_31.tif,2592,1944,bottle,1611,330,1640,361
rgb_31.jpg,2592,1944,bottle,1611,330,1640,361
g_32.tif,2592,1944,can,1219,23,1269,68
nir_32.tif,2592,1944,can,1219,23,1269,68
r_32.tif,2592,1944,can,1219,23,1269,68
re_32.tif,2592,1944,can,1219,23,1269,68
rgb_32.jpg,2592,1944,can,1219,23,1269,68
g_32.tif,2592,1944,can,1221,1014,1264,1056
nir_32.tif,2592,1944,can,1221,1014,1264,1056
r_32.tif,2592,1944,can,1221,1014,1264,1056
re_32.tif,2592,1944,can,1221,1014,1264,1056
rgb_32.jpg,2592,1944,can,1221,1014,1264,1056
g_32.tif,2592,1944,container,1197,1042,1221,1071
nir_32.tif,2592,1944,container,1197,1042,1221,1071
r_32.tif,2592,1944,container,1197,1042,1221,1071
re_32.tif,2592,1944,container,1197,1042,1221,1071
rgb_32.jpg,2592,1944,container,1197,1042,1221,1071
g_32.tif,2592,1944,container,1326,985,1354,1016
nir_32.tif,2592,1944,container,1326,985,1354,1016
r_32.tif,2592,1944,container,1326,985,1354,1016
re_32.tif,2592,1944,container,1326,985,1354,1016
rgb_32.jpg,2592,1944,container,1326,985,1354,1016
g_32.tif,2592,1944,can,1207,1143,1245,1193
nir_32.tif,2592,1944,can,1207,1143,1245,1193
r_32.tif,2592,1944,can,1207,1143,1245,1193
re_32.tif,2592,1944,can,1207,1143,1245,1193
rgb_32.jpg,2592,1944,can,1207,1143,1245,1193
g_32.tif,2592,1944,can,2011,1038,2050,1090
nir_32.tif,2592,1944,can,2011,1038,2050,1090
r_32.tif,2592,1944,can,2011,1038,2050,1090
re_32.tif,2592,1944,can,2011,1038,2050,1090
rgb_32.jpg,2592,1944,can,2011,1038,2050,1090
g_32.tif,2592,1944,can,2050,1083,2090,1121
nir_32.tif,2592,1944,can,2050,1083,2090,1121
r_32.tif,2592,1944,can,2050,1083,2090,1121
re_32.tif,2592,1944,can,2050,1083,2090,1121
rgb_32.jpg,2592,1944,can,2050,1083,2090,1121
g_32.tif,2592,1944,can,2085,1092,2116,1128
nir_32.tif,2592,1944,can,2085,1092,2116,1128
r_32.tif,2592,1944,can,2085,1092,2116,1128
re_32.tif,2592,1944,can,2085,1092,2116,1128
rgb_32.jpg,2592,1944,can,2085,1092,2116,1128
g_32.tif,2592,1944,can,2466,878,2521,924
nir_32.tif,2592,1944,can,2466,878,2521,924
r_32.tif,2592,1944,can,2466,878,2521,924
re_32.tif,2592,1944,can,2466,878,2521,924
rgb_32.jpg,2592,1944,can,2466,878,2521,924
g_32.tif,2592,1944,container,2274,1192,2342,1266
nir_32.tif,2592,1944,container,2274,1192,2342,1266
r_32.tif,2592,1944,container,2274,1192,2342,1266
re_32.tif,2592,1944,container,2274,1192,2342,1266
rgb_32.jpg,2592,1944,container,2274,1192,2342,1266
g_32.tif,2592,1944,bottle,2304,1252,2345,1283
nir_32.tif,2592,1944,bottle,2304,1252,2345,1283
r_32.tif,2592,1944,bottle,2304,1252,2345,1283
re_32.tif,2592,1944,bottle,2304,1252,2345,1283
rgb_32.jpg,2592,1944,bottle,2304,1252,2345,1283
g_32.tif,2592,1944,container,2295,1266,2350,1321
nir_32.tif,2592,1944,container,2295,1266,2350,1321
r_32.tif,2592,1944,container,2295,1266,2350,1321
re_32.tif,2592,1944,container,2295,1266,2350,1321
rgb_32.jpg,2592,1944,container,2295,1266,2350,1321
g_32.tif,2592,1944,bottle,1762,402,1793,435
nir_32.tif,2592,1944,bottle,1762,402,1793,435
r_32.tif,2592,1944,bottle,1762,402,1793,435
re_32.tif,2592,1944,bottle,1762,402,1793,435
rgb_32.jpg,2592,1944,bottle,1762,402,1793,435
g_32.tif,2592,1944,bottle,2293,188,2333,212
nir_32.tif,2592,1944,bottle,2293,188,2333,212
r_32.tif,2592,1944,bottle,2293,188,2333,212
re_32.tif,2592,1944,bottle,2293,188,2333,212
rgb_32.jpg,2592,1944,bottle,2293,188,2333,212
g_32.tif,2592,1944,bottle,2328,178,2364,202
nir_32.tif,2592,1944,bottle,2328,178,2364,202
r_32.tif,2592,1944,bottle,2328,178,2364,202
re_32.tif,2592,1944,bottle,2328,178,2364,202
rgb_32.jpg,2592,1944,bottle,2328,178,2364,202
g_32.tif,2592,1944,bottle,2317,156,2366,183
nir_32.tif,2592,1944,bottle,2317,156,2366,183
r_32.tif,2592,1944,bottle,2317,156,2366,183
re_32.tif,2592,1944,bottle,2317,156,2366,183
rgb_32.jpg,2592,1944,bottle,2317,156,2366,183
g_32.tif,2592,1944,bottle,2398,393,2436,416
nir_32.tif,2592,1944,bottle,2398,393,2436,416
r_32.tif,2592,1944,bottle,2398,393,2436,416
re_32.tif,2592,1944,bottle,2398,393,2436,416
rgb_32.jpg,2592,1944,bottle,2398,393,2436,416
g_32.tif,2592,1944,bottle,2545,366,2569,404
nir_32.tif,2592,1944,bottle,2545,366,2569,404
r_32.tif,2592,1944,bottle,2545,366,2569,404
re_32.tif,2592,1944,bottle,2545,366,2569,404
rgb_32.jpg,2592,1944,bottle,2545,366,2569,404
g_32.tif,2592,1944,bottle,2505,326,2536,357
nir_32.tif,2592,1944,bottle,2505,326,2536,357
r_32.tif,2592,1944,bottle,2505,326,2536,357
re_32.tif,2592,1944,bottle,2505,326,2536,357
rgb_32.jpg,2592,1944,bottle,2505,326,2536,357
g_32.tif,2592,1944,bottle,2454,312,2485,338
nir_32.tif,2592,1944,bottle,2454,312,2485,338
r_32.tif,2592,1944,bottle,2454,312,2485,338
re_32.tif,2592,1944,bottle,2454,312,2485,338
rgb_32.jpg,2592,1944,bottle,2454,312,2485,338
g_32.tif,2592,1944,bottle,2450,307,2486,323
nir_32.tif,2592,1944,bottle,2450,307,2486,323
r_32.tif,2592,1944,bottle,2450,307,2486,323
re_32.tif,2592,1944,bottle,2450,307,2486,323
rgb_32.jpg,2592,1944,bottle,2450,307,2486,323
g_32.tif,2592,1944,bottle,2466,292,2493,314
nir_32.tif,2592,1944,bottle,2466,292,2493,314
r_32.tif,2592,1944,bottle,2466,292,2493,314
re_32.tif,2592,1944,bottle,2466,292,2493,314
rgb_32.jpg,2592,1944,bottle,2466,292,2493,314
g_32.tif,2592,1944,bottle,2481,285,2507,312
nir_32.tif,2592,1944,bottle,2481,285,2507,312
r_32.tif,2592,1944,bottle,2481,285,2507,312
re_32.tif,2592,1944,bottle,2481,285,2507,312
rgb_32.jpg,2592,1944,bottle,2481,285,2507,312
g_32.tif,2592,1944,bottle,1881,890,1921,909
nir_32.tif,2592,1944,bottle,1881,890,1921,909
r_32.tif,2592,1944,bottle,1881,890,1921,909
re_32.tif,2592,1944,bottle,1881,890,1921,909
rgb_32.jpg,2592,1944,bottle,1881,890,1921,909
g_33.tif,2592,1944,container,2457,1338,2519,1387
nir_33.tif,2592,1944,container,2457,1338,2519,1387
r_33.tif,2592,1944,container,2457,1338,2519,1387
re_33.tif,2592,1944,container,2457,1338,2519,1387
rgb_33.jpg,2592,1944,container,2457,1338,2519,1387
g_33.tif,2592,1944,container,2438,1247,2511,1328
nir_33.tif,2592,1944,container,2438,1247,2511,1328
r_33.tif,2592,1944,container,2438,1247,2511,1328
re_33.tif,2592,1944,container,2438,1247,2511,1328
rgb_33.jpg,2592,1944,container,2438,1247,2511,1328
g_33.tif,2592,1944,bottle,2467,1314,2504,1338
nir_33.tif,2592,1944,bottle,2467,1314,2504,1338
r_33.tif,2592,1944,bottle,2467,1314,2504,1338
re_33.tif,2592,1944,bottle,2467,1314,2504,1338
rgb_33.jpg,2592,1944,bottle,2467,1314,2504,1338
g_33.tif,2592,1944,bottle,2148,1161,2178,1209
nir_33.tif,2592,1944,bottle,2148,1161,2178,1209
r_33.tif,2592,1944,bottle,2148,1161,2178,1209
re_33.tif,2592,1944,bottle,2148,1161,2178,1209
rgb_33.jpg,2592,1944,bottle,2148,1161,2178,1209
g_33.tif,2592,1944,bottle,1961,874,1998,904
nir_33.tif,2592,1944,bottle,1961,874,1998,904
r_33.tif,2592,1944,bottle,1961,874,1998,904
re_33.tif,2592,1944,bottle,1961,874,1998,904
rgb_33.jpg,2592,1944,bottle,1961,874,1998,904
g_33.tif,2592,1944,bottle,2447,47,2493,73
nir_33.tif,2592,1944,bottle,2447,47,2493,73
r_33.tif,2592,1944,bottle,2447,47,2493,73
re_33.tif,2592,1944,bottle,2447,47,2493,73
rgb_33.jpg,2592,1944,bottle,2447,47,2493,73
g_33.tif,2592,1944,bottle,2486,37,2529,57
nir_33.tif,2592,1944,bottle,2486,37,2529,57
r_33.tif,2592,1944,bottle,2486,37,2529,57
re_33.tif,2592,1944,bottle,2486,37,2529,57
rgb_33.jpg,2592,1944,bottle,2486,37,2529,57
g_33.tif,2592,1944,bottle,2469,9,2514,43
nir_33.tif,2592,1944,bottle,2469,9,2514,43
r_33.tif,2592,1944,bottle,2469,9,2514,43
re_33.tif,2592,1944,bottle,2469,9,2514,43
rgb_33.jpg,2592,1944,bottle,2469,9,2514,43
g_33.tif,2592,1944,bottle,1819,285,1850,345
nir_33.tif,2592,1944,bottle,1819,285,1850,345
r_33.tif,2592,1944,bottle,1819,285,1850,345
re_33.tif,2592,1944,bottle,1819,285,1850,345
rgb_33.jpg,2592,1944,bottle,1819,285,1850,345
g_33.tif,2592,1944,container,1293,988,1328,1024
nir_33.tif,2592,1944,container,1293,988,1328,1024
r_33.tif,2592,1944,container,1293,988,1328,1024
re_33.tif,2592,1944,container,1293,988,1328,1024
rgb_33.jpg,2592,1944,container,1293,988,1328,1024
g_33.tif,2592,1944,container,1140,1057,1171,1090
nir_33.tif,2592,1944,container,1140,1057,1171,1090
r_33.tif,2592,1944,container,1140,1057,1171,1090
re_33.tif,2592,1944,container,1140,1057,1171,1090
rgb_33.jpg,2592,1944,container,1140,1057,1171,1090
g_33.tif,2592,1944,can,1152,1178,1202,1237
nir_33.tif,2592,1944,can,1152,1178,1202,1237
r_33.tif,2592,1944,can,1152,1178,1202,1237
re_33.tif,2592,1944,can,1152,1178,1202,1237
rgb_33.jpg,2592,1944,can,1152,1178,1202,1237
g_33.tif,2592,1944,can,1169,1019,1216,1078
nir_33.tif,2592,1944,can,1169,1019,1216,1078
r_33.tif,2592,1944,can,1169,1019,1216,1078
re_33.tif,2592,1944,can,1169,1019,1216,1078
rgb_33.jpg,2592,1944,can,1169,1019,1216,1078
g_33.tif,2592,1944,bottle,1211,1016,1235,1066
nir_33.tif,2592,1944,bottle,1211,1016,1235,1066
r_33.tif,2592,1944,bottle,1211,1016,1235,1066
re_33.tif,2592,1944,bottle,1211,1016,1235,1066
rgb_33.jpg,2592,1944,bottle,1211,1016,1235,1066
g_33.tif,2592,1944,can,2116,1064,2157,1114
nir_33.tif,2592,1944,can,2116,1064,2157,1114
r_33.tif,2592,1944,can,2116,1064,2157,1114
re_33.tif,2592,1944,can,2116,1064,2157,1114
rgb_33.jpg,2592,1944,can,2116,1064,2157,1114
g_33.tif,2592,1944,can,2154,1111,2202,1156
nir_33.tif,2592,1944,can,2154,1111,2202,1156
r_33.tif,2592,1944,can,2154,1111,2202,1156
re_33.tif,2592,1944,can,2154,1111,2202,1156
rgb_33.jpg,2592,1944,can,2154,1111,2202,1156
g_33.tif,2592,1944,can,2195,1119,2245,1157
nir_33.tif,2592,1944,can,2195,1119,2245,1157
r_33.tif,2592,1944,can,2195,1119,2245,1157
re_33.tif,2592,1944,can,2195,1119,2245,1157
rgb_33.jpg,2592,1944,can,2195,1119,2245,1157
g_34.tif,2592,1944,can,1136,1066,1209,1142
nir_34.tif,2592,1944,can,1136,1066,1209,1142
r_34.tif,2592,1944,can,1136,1066,1209,1142
re_34.tif,2592,1944,can,1136,1066,1209,1142
rgb_34.jpg,2592,1944,can,1136,1066,1209,1142
g_34.tif,2592,1944,bottle,1202,1064,1228,1124
nir_34.tif,2592,1944,bottle,1202,1064,1228,1124
r_34.tif,2592,1944,bottle,1202,1064,1228,1124
re_34.tif,2592,1944,bottle,1202,1064,1228,1124
rgb_34.jpg,2592,1944,bottle,1202,1064,1228,1124
g_34.tif,2592,1944,container,1316,1026,1357,1073
nir_34.tif,2592,1944,container,1316,1026,1357,1073
r_34.tif,2592,1944,container,1316,1026,1357,1073
re_34.tif,2592,1944,container,1316,1026,1357,1073
rgb_34.jpg,2592,1944,container,1316,1026,1357,1073
g_34.tif,2592,1944,container,1098,1114,1143,1157
nir_34.tif,2592,1944,container,1098,1114,1143,1157
r_34.tif,2592,1944,container,1098,1114,1143,1157
re_34.tif,2592,1944,container,1098,1114,1143,1157
rgb_34.jpg,2592,1944,container,1098,1114,1143,1157
g_34.tif,2592,1944,can,1112,1280,1179,1359
nir_34.tif,2592,1944,can,1112,1280,1179,1359
r_34.tif,2592,1944,can,1112,1280,1179,1359
re_34.tif,2592,1944,can,1112,1280,1179,1359
rgb_34.jpg,2592,1944,can,1112,1280,1179,1359
g_34.tif,2592,1944,can,2454,1128,2524,1199
nir_34.tif,2592,1944,can,2454,1128,2524,1199
r_34.tif,2592,1944,can,2454,1128,2524,1199
re_34.tif,2592,1944,can,2454,1128,2524,1199
rgb_34.jpg,2592,1944,can,2454,1128,2524,1199
g_34.tif,2592,1944,can,2517,1190,2583,1250
nir_34.tif,2592,1944,can,2517,1190,2583,1250
r_34.tif,2592,1944,can,2517,1190,2583,1250
re_34.tif,2592,1944,can,2517,1190,2583,1250
rgb_34.jpg,2592,1944,can,2517,1190,2583,1250
g_34.tif,2592,1944,bottle,2502,1259,2540,1323
nir_34.tif,2592,1944,bottle,2502,1259,2540,1323
r_34.tif,2592,1944,bottle,2502,1259,2540,1323
re_34.tif,2592,1944,bottle,2502,1259,2540,1323
rgb_34.jpg,2592,1944,bottle,2502,1259,2540,1323
g_34.tif,2592,1944,bottle,2235,861,2293,904
nir_34.tif,2592,1944,bottle,2235,861,2293,904
r_34.tif,2592,1944,bottle,2235,861,2293,904
re_34.tif,2592,1944,bottle,2235,861,2293,904
rgb_34.jpg,2592,1944,bottle,2235,861,2293,904
g_34.tif,2592,1944,bottle,2033,69,2081,119
nir_34.tif,2592,1944,bottle,2033,69,2081,119
r_34.tif,2592,1944,bottle,2033,69,2081,119
re_34.tif,2592,1944,bottle,2033,69,2081,119
rgb_34.jpg,2592,1944,bottle,2033,69,2081,119
g_35.tif,2592,1944,container,1378,1061,1445,1126
nir_35.tif,2592,1944,container,1378,1061,1445,1126
r_35.tif,2592,1944,container,1378,1061,1445,1126
re_35.tif,2592,1944,container,1378,1061,1445,1126
rgb_35.jpg,2592,1944,container,1378,1061,1445,1126
g_35.tif,2592,1944,can,1104,1111,1205,1237
nir_35.tif,2592,1944,can,1104,1111,1205,1237
r_35.tif,2592,1944,can,1104,1111,1205,1237
re_35.tif,2592,1944,can,1104,1111,1205,1237
rgb_35.jpg,2592,1944,can,1104,1111,1205,1237
g_35.tif,2592,1944,container,1033,1206,1093,1269
nir_35.tif,2592,1944,container,1033,1206,1093,1269
r_35.tif,2592,1944,container,1033,1206,1093,1269
re_35.tif,2592,1944,container,1033,1206,1093,1269
rgb_35.jpg,2592,1944,container,1033,1206,1093,1269
g_35.tif,2592,1944,bottle,1192,1114,1233,1219
nir_35.tif,2592,1944,bottle,1192,1114,1233,1219
r_35.tif,2592,1944,bottle,1192,1114,1233,1219
re_35.tif,2592,1944,bottle,1192,1114,1233,1219
rgb_35.jpg,2592,1944,bottle,1192,1114,1233,1219
g_35.tif,2592,1944,can,1062,1471,1161,1592
nir_35.tif,2592,1944,can,1062,1471,1161,1592
r_35.tif,2592,1944,can,1062,1471,1161,1592
re_35.tif,2592,1944,can,1062,1471,1161,1592
rgb_35.jpg,2592,1944,can,1062,1471,1161,1592
g_36.tif,2592,1944,can,893,1299,1092,1519
nir_36.tif,2592,1944,can,893,1299,1092,1519
r_36.tif,2592,1944,can,893,1299,1092,1519
re_36.tif,2592,1944,can,893,1299,1092,1519
rgb_36.jpg,2592,1944,can,893,1299,1092,1519
g_36.tif,2592,1944,container,1433,1188,1542,1306
nir_36.tif,2592,1944,container,1433,1188,1542,1306
r_36.tif,2592,1944,container,1433,1188,1542,1306
re_36.tif,2592,1944,container,1433,1188,1542,1306
rgb_36.jpg,2592,1944,container,1433,1188,1542,1306
g_36.tif,2592,1944,bottle,1079,1293,1143,1474
nir_36.tif,2592,1944,bottle,1079,1293,1143,1474
r_36.tif,2592,1944,bottle,1079,1293,1143,1474
re_36.tif,2592,1944,bottle,1079,1293,1143,1474
rgb_36.jpg,2592,1944,bottle,1079,1293,1143,1474
g_36.tif,2592,1944,container,776,1445,893,1571
nir_36.tif,2592,1944,container,776,1445,893,1571
r_36.tif,2592,1944,container,776,1445,893,1571
re_36.tif,2592,1944,container,776,1445,893,1571
rgb_36.jpg,2592,1944,container,776,1445,893,1571
g_37.tif,2592,1944,can,1274,1197,1431,1347
nir_37.tif,2592,1944,can,1274,1197,1431,1347
r_37.tif,2592,1944,can,1274,1197,1431,1347
re_37.tif,2592,1944,can,1274,1197,1431,1347
rgb_37.jpg,2592,1944,can,1274,1197,1431,1347
g_37.tif,2592,1944,container,2419,1157,2592,1521
nir_37.tif,2592,1944,container,2419,1157,2592,1521
r_37.tif,2592,1944,container,2419,1157,2592,1521
re_37.tif,2592,1944,container,2419,1157,2592,1521
rgb_37.jpg,2592,1944,container,2419,1157,2592,1521
g_38.tif,2592,1944,can,1238,1242,1426,1442
nir_38.tif,2592,1944,can,1238,1242,1426,1442
r_38.tif,2592,1944,can,1238,1242,1426,1442
re_38.tif,2592,1944,can,1238,1242,1426,1442
rgb_38.jpg,2592,1944,can,1238,1242,1426,1442
g_39.tif,2592,1944,can,1259,1128,1381,1247
nir_39.tif,2592,1944,can,1259,1128,1381,1247
r_39.tif,2592,1944,can,1259,1128,1381,1247
re_39.tif,2592,1944,can,1259,1128,1381,1247
rgb_39.jpg,2592,1944,can,1259,1128,1381,1247
g_39.tif,2592,1944,can,1,1693,97,1887
nir_39.tif,2592,1944,can,1,1693,97,1887
r_39.tif,2592,1944,can,1,1693,97,1887
re_39.tif,2592,1944,can,1,1693,97,1887
rgb_39.jpg,2592,1944,can,1,1693,97,1887
g_39.tif,2592,1944,container,2171,1064,2498,1419
nir_39.tif,2592,1944,container,2171,1064,2498,1419
r_39.tif,2592,1944,container,2171,1064,2498,1419
re_39.tif,2592,1944,container,2171,1064,2498,1419
rgb_39.jpg,2592,1944,container,2171,1064,2498,1419
g_39.tif,2592,1944,bottle,2362,1309,2517,1383
nir_39.tif,2592,1944,bottle,2362,1309,2517,1383
r_39.tif,2592,1944,bottle,2362,1309,2517,1383
re_39.tif,2592,1944,bottle,2362,1309,2517,1383
rgb_39.jpg,2592,1944,bottle,2362,1309,2517,1383
g_39.tif,2592,1944,container,2374,1380,2592,1545
nir_39.tif,2592,1944,container,2374,1380,2592,1545
r_39.tif,2592,1944,container,2374,1380,2592,1545
re_39.tif,2592,1944,container,2374,1380,2592,1545
rgb_39.jpg,2592,1944,container,2374,1380,2592,1545
g_4.tif,2592,1944,bottle,1861,338,2005,437
nir_4.tif,2592,1944,bottle,1861,338,2005,437
r_4.tif,2592,1944,bottle,1861,338,2005,437
re_4.tif,2592,1944,bottle,1861,338,2005,437
rgb_4.jpg,2592,1944,bottle,1861,338,2005,437
g_4.tif,2592,1944,bottle,2426,1464,2505,1595
nir_4.tif,2592,1944,bottle,2426,1464,2505,1595
r_4.tif,2592,1944,bottle,2426,1464,2505,1595
re_4.tif,2592,1944,bottle,2426,1464,2505,1595
rgb_4.jpg,2592,1944,bottle,2426,1464,2505,1595
g_4.tif,2592,1944,bottle,2471,1454,2557,1578
nir_4.tif,2592,1944,bottle,2471,1454,2557,1578
r_4.tif,2592,1944,bottle,2471,1454,2557,1578
re_4.tif,2592,1944,bottle,2471,1454,2557,1578
rgb_4.jpg,2592,1944,bottle,2471,1454,2557,1578
g_4.tif,2592,1944,bottle,2471,1630,2592,1716
nir_4.tif,2592,1944,bottle,2471,1630,2592,1716
r_4.tif,2592,1944,bottle,2471,1630,2592,1716
re_4.tif,2592,1944,bottle,2471,1630,2592,1716
rgb_4.jpg,2592,1944,bottle,2471,1630,2592,1716
g_40.tif,2592,1944,can,133,1156,238,1226
nir_40.tif,2592,1944,can,133,1156,238,1226
r_40.tif,2592,1944,can,133,1156,238,1226
re_40.tif,2592,1944,can,133,1156,238,1226
rgb_40.jpg,2592,1944,can,133,1156,238,1226
g_40.tif,2592,1944,bottle,350,1385,423,1442
nir_40.tif,2592,1944,bottle,350,1385,423,1442
r_40.tif,2592,1944,bottle,350,1385,423,1442
re_40.tif,2592,1944,bottle,350,1385,423,1442
rgb_40.jpg,2592,1944,bottle,350,1385,423,1442
g_40.tif,2592,1944,can,600,1333,669,1431
nir_40.tif,2592,1944,can,600,1333,669,1431
r_40.tif,2592,1944,can,600,1333,669,1431
re_40.tif,2592,1944,can,600,1333,669,1431
rgb_40.jpg,2592,1944,can,600,1333,669,1431
g_40.tif,2592,1944,can,1274,1031,1331,1092
nir_40.tif,2592,1944,can,1274,1031,1331,1092
r_40.tif,2592,1944,can,1274,1031,1331,1092
re_40.tif,2592,1944,can,1274,1031,1331,1092
rgb_40.jpg,2592,1944,can,1274,1031,1331,1092
g_40.tif,2592,1944,can,1793,262,1898,364
nir_40.tif,2592,1944,can,1793,262,1898,364
r_40.tif,2592,1944,can,1793,262,1898,364
re_40.tif,2592,1944,can,1793,262,1898,364
rgb_40.jpg,2592,1944,can,1793,262,1898,364
g_40.tif,2592,1944,container,1728,1012,1878,1176
nir_40.tif,2592,1944,container,1728,1012,1878,1176
r_40.tif,2592,1944,container,1728,1012,1878,1176
re_40.tif,2592,1944,container,1728,1012,1878,1176
rgb_40.jpg,2592,1944,container,1728,1012,1878,1176
g_40.tif,2592,1944,bottle,1814,1126,1902,1161
nir_40.tif,2592,1944,bottle,1814,1126,1902,1161
r_40.tif,2592,1944,bottle,1814,1126,1902,1161
re_40.tif,2592,1944,bottle,1814,1126,1902,1161
rgb_40.jpg,2592,1944,bottle,1814,1126,1902,1161
g_40.tif,2592,1944,container,1824,1161,1942,1240
nir_40.tif,2592,1944,container,1824,1161,1942,1240
r_40.tif,2592,1944,container,1824,1161,1942,1240
re_40.tif,2592,1944,container,1824,1161,1942,1240
rgb_40.jpg,2592,1944,container,1824,1161,1942,1240
g_40.tif,2592,1944,bottle,474,723,528,804
nir_40.tif,2592,1944,bottle,474,723,528,804
r_40.tif,2592,1944,bottle,474,723,528,804
re_40.tif,2592,1944,bottle,474,723,528,804
rgb_40.jpg,2592,1944,bottle,474,723,528,804
g_40.tif,2592,1944,bottle,1,921,42,959
nir_40.tif,2592,1944,bottle,1,921,42,959
r_40.tif,2592,1944,bottle,1,921,42,959
re_40.tif,2592,1944,bottle,1,921,42,959
rgb_40.jpg,2592,1944,bottle,1,921,42,959
g_41.tif,2592,1944,bottle,221,961,273,1033
nir_41.tif,2592,1944,bottle,221,961,273,1033
r_41.tif,2592,1944,bottle,221,961,273,1033
re_41.tif,2592,1944,bottle,221,961,273,1033
rgb_41.jpg,2592,1944,bottle,221,961,273,1033
g_41.tif,2592,1944,bottle,517,933,564,961
nir_41.tif,2592,1944,bottle,517,933,564,961
r_41.tif,2592,1944,bottle,517,933,564,961
re_41.tif,2592,1944,bottle,517,933,564,961
rgb_41.jpg,2592,1944,bottle,517,933,564,961
g_41.tif,2592,1944,can,624,1066,686,1119
nir_41.tif,2592,1944,can,624,1066,686,1119
r_41.tif,2592,1944,can,624,1066,686,1119
re_41.tif,2592,1944,can,624,1066,686,1119
rgb_41.jpg,2592,1944,can,624,1066,686,1119
g_41.tif,2592,1944,bottle,823,807,854,869
nir_41.tif,2592,1944,bottle,823,807,854,869
r_41.tif,2592,1944,bottle,823,807,854,869
re_41.tif,2592,1944,bottle,823,807,854,869
rgb_41.jpg,2592,1944,bottle,823,807,854,869
g_41.tif,2592,1944,container,474,1278,516,1309
nir_41.tif,2592,1944,container,474,1278,516,1309
r_41.tif,2592,1944,container,474,1278,516,1309
re_41.tif,2592,1944,container,474,1278,516,1309
rgb_41.jpg,2592,1944,container,474,1278,516,1309
g_41.tif,2592,1944,can,433,1740,497,1788
nir_41.tif,2592,1944,can,433,1740,497,1788
r_41.tif,2592,1944,can,433,1740,497,1788
re_41.tif,2592,1944,can,433,1740,497,1788
rgb_41.jpg,2592,1944,can,433,1740,497,1788
g_41.tif,2592,1944,can,892,1168,945,1242
nir_41.tif,2592,1944,can,892,1168,945,1242
r_41.tif,2592,1944,can,892,1168,945,1242
re_41.tif,2592,1944,can,892,1168,945,1242
rgb_41.jpg,2592,1944,can,892,1168,945,1242
g_41.tif,2592,1944,bottle,750,1207,790,1242
nir_41.tif,2592,1944,bottle,750,1207,790,1242
r_41.tif,2592,1944,bottle,750,1207,790,1242
re_41.tif,2592,1944,bottle,750,1207,790,1242
rgb_41.jpg,2592,1944,bottle,750,1207,790,1242
g_41.tif,2592,1944,can,1286,993,1324,1038
nir_41.tif,2592,1944,can,1286,993,1324,1038
r_41.tif,2592,1944,can,1286,993,1324,1038
re_41.tif,2592,1944,can,1286,993,1324,1038
rgb_41.jpg,2592,1944,can,1286,993,1324,1038
g_41.tif,2592,1944,can,1588,566,1648,626
nir_41.tif,2592,1944,can,1588,566,1648,626
r_41.tif,2592,1944,can,1588,566,1648,626
re_41.tif,2592,1944,can,1588,566,1648,626
rgb_41.jpg,2592,1944,can,1588,566,1648,626
g_41.tif,2592,1944,bottle,2011,345,2036,395
nir_41.tif,2592,1944,bottle,2011,345,2036,395
r_41.tif,2592,1944,bottle,2011,345,2036,395
re_41.tif,2592,1944,bottle,2011,345,2036,395
rgb_41.jpg,2592,1944,bottle,2011,345,2036,395
g_41.tif,2592,1944,bottle,2029,342,2059,388
nir_41.tif,2592,1944,bottle,2029,342,2059,388
r_41.tif,2592,1944,bottle,2029,342,2059,388
re_41.tif,2592,1944,bottle,2029,342,2059,388
rgb_41.jpg,2592,1944,bottle,2029,342,2059,388
g_41.tif,2592,1944,bottle,2226,252,2259,314
nir_41.tif,2592,1944,bottle,2226,252,2259,314
r_41.tif,2592,1944,bottle,2226,252,2259,314
re_41.tif,2592,1944,bottle,2226,252,2259,314
rgb_41.jpg,2592,1944,bottle,2226,252,2259,314
g_41.tif,2592,1944,bottle,2014,200,2061,240
nir_41.tif,2592,1944,bottle,2014,200,2061,240
r_41.tif,2592,1944,bottle,2014,200,2061,240
re_41.tif,2592,1944,bottle,2014,200,2061,240
rgb_41.jpg,2592,1944,bottle,2014,200,2061,240
g_41.tif,2592,1944,bottle,2052,212,2100,240
nir_41.tif,2592,1944,bottle,2052,212,2100,240
r_41.tif,2592,1944,bottle,2052,212,2100,240
re_41.tif,2592,1944,bottle,2052,212,2100,240
rgb_41.jpg,2592,1944,bottle,2052,212,2100,240
g_41.tif,2592,1944,bottle,2102,218,2126,257
nir_41.tif,2592,1944,bottle,2102,218,2126,257
r_41.tif,2592,1944,bottle,2102,218,2126,257
re_41.tif,2592,1944,bottle,2102,218,2126,257
rgb_41.jpg,2592,1944,bottle,2102,218,2126,257
g_41.tif,2592,1944,bottle,2092,202,2133,224
nir_41.tif,2592,1944,bottle,2092,202,2133,224
r_41.tif,2592,1944,bottle,2092,202,2133,224
re_41.tif,2592,1944,bottle,2092,202,2133,224
rgb_41.jpg,2592,1944,bottle,2092,202,2133,224
g_41.tif,2592,1944,bottle,2124,180,2152,226
nir_41.tif,2592,1944,bottle,2124,180,2152,226
r_41.tif,2592,1944,bottle,2124,180,2152,226
re_41.tif,2592,1944,bottle,2124,180,2152,226
rgb_41.jpg,2592,1944,bottle,2124,180,2152,226
g_41.tif,2592,1944,bottle,1840,107,1897,142
nir_41.tif,2592,1944,bottle,1840,107,1897,142
r_41.tif,2592,1944,bottle,1840,107,1897,142
re_41.tif,2592,1944,bottle,1840,107,1897,142
rgb_41.jpg,2592,1944,bottle,1840,107,1897,142
g_41.tif,2592,1944,container,1816,35,1848,87
nir_41.tif,2592,1944,container,1816,35,1848,87
r_41.tif,2592,1944,container,1816,35,1848,87
re_41.tif,2592,1944,container,1816,35,1848,87
rgb_41.jpg,2592,1944,container,1816,35,1848,87
g_41.tif,2592,1944,can,1840,26,1888,80
nir_41.tif,2592,1944,can,1840,26,1888,80
r_41.tif,2592,1944,can,1840,26,1888,80
re_41.tif,2592,1944,can,1840,26,1888,80
rgb_41.jpg,2592,1944,can,1840,26,1888,80
g_41.tif,2592,1944,can,1842,1,1893,35
nir_41.tif,2592,1944,can,1842,1,1893,35
r_41.tif,2592,1944,can,1842,1,1893,35
re_41.tif,2592,1944,can,1842,1,1893,35
rgb_41.jpg,2592,1944,can,1842,1,1893,35
g_41.tif,2592,1944,container,1602,1074,1671,1128
nir_41.tif,2592,1944,container,1602,1074,1671,1128
r_41.tif,2592,1944,container,1602,1074,1671,1128
re_41.tif,2592,1944,container,1602,1074,1671,1128
rgb_41.jpg,2592,1944,container,1602,1074,1671,1128
g_41.tif,2592,1944,container,1547,988,1628,1080
nir_41.tif,2592,1944,container,1547,988,1628,1080
r_41.tif,2592,1944,container,1547,988,1628,1080
re_41.tif,2592,1944,container,1547,988,1628,1080
rgb_41.jpg,2592,1944,container,1547,988,1628,1080
g_41.tif,2592,1944,bottle,1593,1059,1655,1085
nir_41.tif,2592,1944,bottle,1593,1059,1655,1085
r_41.tif,2592,1944,bottle,1593,1059,1655,1085
re_41.tif,2592,1944,bottle,1593,1059,1655,1085
rgb_41.jpg,2592,1944,bottle,1593,1059,1655,1085
g_41.tif,2592,1944,bottle,545,547,579,595
nir_41.tif,2592,1944,bottle,545,547,579,595
r_41.tif,2592,1944,bottle,545,547,579,595
re_41.tif,2592,1944,bottle,545,547,579,595
rgb_41.jpg,2592,1944,bottle,545,547,579,595
g_42.tif,2592,1944,can,1202,856,1312,954
nir_42.tif,2592,1944,can,1202,856,1312,954
r_42.tif,2592,1944,can,1202,856,1312,954
re_42.tif,2592,1944,can,1202,856,1312,954
rgb_42.jpg,2592,1944,can,1202,856,1312,954
g_42.tif,2592,1944,container,1943,1045,2176,1295
nir_42.tif,2592,1944,container,1943,1045,2176,1295
r_42.tif,2592,1944,container,1943,1045,2176,1295
re_42.tif,2592,1944,container,1943,1045,2176,1295
rgb_42.jpg,2592,1944,container,1943,1045,2176,1295
g_42.tif,2592,1944,container,2054,1288,2250,1457
nir_42.tif,2592,1944,container,2054,1288,2250,1457
r_42.tif,2592,1944,container,2054,1288,2250,1457
re_42.tif,2592,1944,container,2054,1288,2250,1457
rgb_42.jpg,2592,1944,container,2054,1288,2250,1457
g_42.tif,2592,1944,bottle,2064,1238,2197,1300
nir_42.tif,2592,1944,bottle,2064,1238,2197,1300
r_42.tif,2592,1944,bottle,2064,1238,2197,1300
re_42.tif,2592,1944,bottle,2064,1238,2197,1300
rgb_42.jpg,2592,1944,bottle,2064,1238,2197,1300
g_42.tif,2592,1944,can,1,1068,102,1223
nir_42.tif,2592,1944,can,1,1068,102,1223
r_42.tif,2592,1944,can,1,1068,102,1223
re_42.tif,2592,1944,can,1,1068,102,1223
rgb_42.jpg,2592,1944,can,1,1068,102,1223
g_42.tif,2592,1944,container,16,133,102,221
nir_42.tif,2592,1944,container,16,133,102,221
r_42.tif,2592,1944,container,16,133,102,221
re_42.tif,2592,1944,container,16,133,102,221
rgb_42.jpg,2592,1944,container,16,133,102,221
g_42.tif,2592,1944,can,1,42,100,159
nir_42.tif,2592,1944,can,1,42,100,159
r_42.tif,2592,1944,can,1,42,100,159
re_42.tif,2592,1944,can,1,42,100,159
rgb_42.jpg,2592,1944,can,1,42,100,159
g_43.tif,2592,1944,can,688,930,800,1019
nir_43.tif,2592,1944,can,688,930,800,1019
r_43.tif,2592,1944,can,688,930,800,1019
re_43.tif,2592,1944,can,688,930,800,1019
rgb_43.jpg,2592,1944,can,688,930,800,1019
g_43.tif,2592,1944,container,1243,749,1438,918
nir_43.tif,2592,1944,container,1243,749,1438,918
r_43.tif,2592,1944,container,1243,749,1438,918
re_43.tif,2592,1944,container,1243,749,1438,918
rgb_43.jpg,2592,1944,container,1243,749,1438,918
g_43.tif,2592,1944,container,1461,950,1623,1045
nir_43.tif,2592,1944,container,1461,950,1623,1045
r_43.tif,2592,1944,container,1461,950,1623,1045
re_43.tif,2592,1944,container,1461,950,1623,1045
rgb_43.jpg,2592,1944,container,1461,950,1623,1045
g_44.tif,2592,1944,bottle,511,762,600,885
nir_44.tif,2592,1944,bottle,511,762,600,885
r_44.tif,2592,1944,bottle,511,762,600,885
re_44.tif,2592,1944,bottle,511,762,600,885
rgb_44.jpg,2592,1944,bottle,511,762,600,885
g_44.tif,2592,1944,bottle,911,656,978,785
nir_44.tif,2592,1944,bottle,911,656,978,785
r_44.tif,2592,1944,bottle,911,656,978,785
re_44.tif,2592,1944,bottle,911,656,978,785
rgb_44.jpg,2592,1944,bottle,911,656,978,785
g_44.tif,2592,1944,bottle,1359,556,1436,683
nir_44.tif,2592,1944,bottle,1359,556,1436,683
r_44.tif,2592,1944,bottle,1359,556,1436,683
re_44.tif,2592,1944,bottle,1359,556,1436,683
rgb_44.jpg,2592,1944,bottle,1359,556,1436,683
g_44.tif,2592,1944,bottle,1536,962,1635,1031
nir_44.tif,2592,1944,bottle,1536,962,1635,1031
r_44.tif,2592,1944,bottle,1536,962,1635,1031
re_44.tif,2592,1944,bottle,1536,962,1635,1031
rgb_44.jpg,2592,1944,bottle,1536,962,1635,1031
g_44.tif,2592,1944,can,1436,943,1562,1104
nir_44.tif,2592,1944,can,1436,943,1562,1104
r_44.tif,2592,1944,can,1436,943,1562,1104
re_44.tif,2592,1944,can,1436,943,1562,1104
rgb_44.jpg,2592,1944,can,1436,943,1562,1104
g_44.tif,2592,1944,can,1509,1083,1602,1247
nir_44.tif,2592,1944,can,1509,1083,1602,1247
r_44.tif,2592,1944,can,1509,1083,1602,1247
re_44.tif,2592,1944,can,1509,1083,1602,1247
rgb_44.jpg,2592,1944,can,1509,1083,1602,1247
g_44.tif,2592,1944,container,1431,1154,1498,1274
nir_44.tif,2592,1944,container,1431,1154,1498,1274
r_44.tif,2592,1944,container,1431,1154,1498,1274
re_44.tif,2592,1944,container,1431,1154,1498,1274
rgb_44.jpg,2592,1944,container,1431,1154,1498,1274
g_44.tif,2592,1944,bottle,1552,1335,1683,1412
nir_44.tif,2592,1944,bottle,1552,1335,1683,1412
r_44.tif,2592,1944,bottle,1552,1335,1683,1412
re_44.tif,2592,1944,bottle,1552,1335,1683,1412
rgb_44.jpg,2592,1944,bottle,1552,1335,1683,1412
g_44.tif,2592,1944,bottle,86,1243,188,1312
nir_44.tif,2592,1944,bottle,86,1243,188,1312
r_44.tif,2592,1944,bottle,86,1243,188,1312
re_44.tif,2592,1944,bottle,86,1243,188,1312
rgb_44.jpg,2592,1944,bottle,86,1243,188,1312
g_44.tif,2592,1944,bottle,252,1276,343,1368
nir_44.tif,2592,1944,bottle,252,1276,343,1368
r_44.tif,2592,1944,bottle,252,1276,343,1368
re_44.tif,2592,1944,bottle,252,1276,343,1368
rgb_44.jpg,2592,1944,bottle,252,1276,343,1368
g_44.tif,2592,1944,bottle,602,1143,712,1207
nir_44.tif,2592,1944,bottle,602,1143,712,1207
r_44.tif,2592,1944,bottle,602,1143,712,1207
re_44.tif,2592,1944,bottle,602,1143,712,1207
rgb_44.jpg,2592,1944,bottle,602,1143,712,1207
g_44.tif,2592,1944,bottle,831,1535,926,1650
nir_44.tif,2592,1944,bottle,831,1535,926,1650
r_44.tif,2592,1944,bottle,831,1535,926,1650
re_44.tif,2592,1944,bottle,831,1535,926,1650
rgb_44.jpg,2592,1944,bottle,831,1535,926,1650
g_44.tif,2592,1944,bottle,2128,1473,2242,1581
nir_44.tif,2592,1944,bottle,2128,1473,2242,1581
r_44.tif,2592,1944,bottle,2128,1473,2242,1581
re_44.tif,2592,1944,bottle,2128,1473,2242,1581
rgb_44.jpg,2592,1944,bottle,2128,1473,2242,1581
g_44.tif,2592,1944,bottle,2250,1487,2374,1562
nir_44.tif,2592,1944,bottle,2250,1487,2374,1562
r_44.tif,2592,1944,bottle,2250,1487,2374,1562
re_44.tif,2592,1944,bottle,2250,1487,2374,1562
rgb_44.jpg,2592,1944,bottle,2250,1487,2374,1562
g_44.tif,2592,1944,bottle,2376,1493,2488,1557
nir_44.tif,2592,1944,bottle,2376,1493,2488,1557
r_44.tif,2592,1944,bottle,2376,1493,2488,1557
re_44.tif,2592,1944,bottle,2376,1493,2488,1557
rgb_44.jpg,2592,1944,bottle,2376,1493,2488,1557
g_44.tif,2592,1944,bottle,2354,1421,2473,1485
nir_44.tif,2592,1944,bottle,2354,1421,2473,1485
r_44.tif,2592,1944,bottle,2354,1421,2473,1485
re_44.tif,2592,1944,bottle,2354,1421,2473,1485
rgb_44.jpg,2592,1944,bottle,2354,1421,2473,1485
g_44.tif,2592,1944,bottle,2447,1364,2519,1506
nir_44.tif,2592,1944,bottle,2447,1364,2519,1506
r_44.tif,2592,1944,bottle,2447,1364,2519,1506
re_44.tif,2592,1944,bottle,2447,1364,2519,1506
rgb_44.jpg,2592,1944,bottle,2447,1364,2519,1506
g_45.tif,2592,1944,bottle,1,1092,67,1150
nir_45.tif,2592,1944,bottle,1,1092,67,1150
r_45.tif,2592,1944,bottle,1,1092,67,1150
re_45.tif,2592,1944,bottle,1,1092,67,1150
rgb_45.jpg,2592,1944,bottle,1,1092,67,1150
g_45.tif,2592,1944,bottle,31,1116,111,1173
nir_45.tif,2592,1944,bottle,31,1116,111,1173
r_45.tif,2592,1944,bottle,31,1116,111,1173
re_45.tif,2592,1944,bottle,31,1116,111,1173
rgb_45.jpg,2592,1944,bottle,31,1116,111,1173
g_45.tif,2592,1944,bottle,1,1183,67,1250
nir_45.tif,2592,1944,bottle,1,1183,67,1250
r_45.tif,2592,1944,bottle,1,1183,67,1250
re_45.tif,2592,1944,bottle,1,1183,67,1250
rgb_45.jpg,2592,1944,bottle,1,1183,67,1250
g_45.tif,2592,1944,bottle,404,1124,471,1181
nir_45.tif,2592,1944,bottle,404,1124,471,1181
r_45.tif,2592,1944,bottle,404,1124,471,1181
re_45.tif,2592,1944,bottle,404,1124,471,1181
rgb_45.jpg,2592,1944,bottle,404,1124,471,1181
g_45.tif,2592,1944,bottle,421,1087,474,1154
nir_45.tif,2592,1944,bottle,421,1087,474,1154
r_45.tif,2592,1944,bottle,421,1087,474,1154
re_45.tif,2592,1944,bottle,421,1087,474,1154
rgb_45.jpg,2592,1944,bottle,421,1087,474,1154
g_45.tif,2592,1944,bottle,381,1156,459,1226
nir_45.tif,2592,1944,bottle,381,1156,459,1226
r_45.tif,2592,1944,bottle,381,1156,459,1226
re_45.tif,2592,1944,bottle,381,1156,459,1226
rgb_45.jpg,2592,1944,bottle,381,1156,459,1226
g_45.tif,2592,1944,bottle,393,1190,474,1245
nir_45.tif,2592,1944,bottle,393,1190,474,1245
r_45.tif,2592,1944,bottle,393,1190,474,1245
re_45.tif,2592,1944,bottle,393,1190,474,1245
rgb_45.jpg,2592,1944,bottle,393,1190,474,1245
g_45.tif,2592,1944,bottle,435,1383,492,1461
nir_45.tif,2592,1944,bottle,435,1383,492,1461
r_45.tif,2592,1944,bottle,435,1383,492,1461
re_45.tif,2592,1944,bottle,435,1383,492,1461
rgb_45.jpg,2592,1944,bottle,435,1383,492,1461
g_45.tif,2592,1944,bottle,623,1157,698,1206
nir_45.tif,2592,1944,bottle,623,1157,698,1206
r_45.tif,2592,1944,bottle,623,1157,698,1206
re_45.tif,2592,1944,bottle,623,1157,698,1206
rgb_45.jpg,2592,1944,bottle,623,1157,698,1206
g_45.tif,2592,1944,bottle,516,1140,585,1176
nir_45.tif,2592,1944,bottle,516,1140,585,1176
r_45.tif,2592,1944,bottle,516,1140,585,1176
re_45.tif,2592,1944,bottle,516,1140,585,1176
rgb_45.jpg,2592,1944,bottle,516,1140,585,1176
g_45.tif,2592,1944,bottle,795,818,857,888
nir_45.tif,2592,1944,bottle,795,818,857,888
r_45.tif,2592,1944,bottle,795,818,857,888
re_45.tif,2592,1944,bottle,795,818,857,888
rgb_45.jpg,2592,1944,bottle,795,818,857,888
g_45.tif,2592,1944,bottle,861,1062,942,1099
nir_45.tif,2592,1944,bottle,861,1062,942,1099
r_45.tif,2592,1944,bottle,861,1062,942,1099
re_45.tif,2592,1944,bottle,861,1062,942,1099
rgb_45.jpg,2592,1944,bottle,861,1062,942,1099
g_45.tif,2592,1944,bottle,1017,1318,1081,1392
nir_45.tif,2592,1944,bottle,1017,1318,1081,1392
r_45.tif,2592,1944,bottle,1017,1318,1081,1392
re_45.tif,2592,1944,bottle,1017,1318,1081,1392
rgb_45.jpg,2592,1944,bottle,1017,1318,1081,1392
g_45.tif,2592,1944,bottle,1483,1185,1559,1252
nir_45.tif,2592,1944,bottle,1483,1185,1559,1252
r_45.tif,2592,1944,bottle,1483,1185,1559,1252
re_45.tif,2592,1944,bottle,1483,1185,1559,1252
rgb_45.jpg,2592,1944,bottle,1483,1185,1559,1252
g_45.tif,2592,1944,container,1404,1069,1450,1143
nir_45.tif,2592,1944,container,1404,1069,1450,1143
r_45.tif,2592,1944,container,1404,1069,1450,1143
re_45.tif,2592,1944,container,1404,1069,1450,1143
rgb_45.jpg,2592,1944,container,1404,1069,1450,1143
g_45.tif,2592,1944,can,1405,935,1486,1054
nir_45.tif,2592,1944,can,1405,935,1486,1054
r_45.tif,2592,1944,can,1405,935,1486,1054
re_45.tif,2592,1944,can,1405,935,1486,1054
rgb_45.jpg,2592,1944,can,1405,935,1486,1054
g_45.tif,2592,1944,can,1448,1037,1521,1133
nir_45.tif,2592,1944,can,1448,1037,1521,1133
r_45.tif,2592,1944,can,1448,1037,1521,1133
re_45.tif,2592,1944,can,1448,1037,1521,1133
rgb_45.jpg,2592,1944,can,1448,1037,1521,1133
g_45.tif,2592,1944,bottle,1467,938,1540,997
nir_45.tif,2592,1944,bottle,1467,938,1540,997
r_45.tif,2592,1944,bottle,1467,938,1540,997
re_45.tif,2592,1944,bottle,1467,938,1540,997
rgb_45.jpg,2592,1944,bottle,1467,938,1540,997
g_45.tif,2592,1944,bottle,1073,752,1104,833
nir_45.tif,2592,1944,bottle,1073,752,1104,833
r_45.tif,2592,1944,bottle,1073,752,1104,833
re_45.tif,2592,1944,bottle,1073,752,1104,833
rgb_45.jpg,2592,1944,bottle,1073,752,1104,833
g_45.tif,2592,1944,bottle,1359,681,1402,764
nir_45.tif,2592,1944,bottle,1359,681,1402,764
r_45.tif,2592,1944,bottle,1359,681,1402,764
re_45.tif,2592,1944,bottle,1359,681,1402,764
rgb_45.jpg,2592,1944,bottle,1359,681,1402,764
g_45.tif,2592,1944,bottle,1909,1571,1955,1649
nir_45.tif,2592,1944,bottle,1909,1571,1955,1649
r_45.tif,2592,1944,bottle,1909,1571,1955,1649
re_45.tif,2592,1944,bottle,1909,1571,1955,1649
rgb_45.jpg,2592,1944,bottle,1909,1571,1955,1649
g_45.tif,2592,1944,bottle,1945,1559,1998,1621
nir_45.tif,2592,1944,bottle,1945,1559,1998,1621
r_45.tif,2592,1944,bottle,1945,1559,1998,1621
re_45.tif,2592,1944,bottle,1945,1559,1998,1621
rgb_45.jpg,2592,1944,bottle,1945,1559,1998,1621
g_45.tif,2592,1944,bottle,2273,1307,2338,1381
nir_45.tif,2592,1944,bottle,2273,1307,2338,1381
r_45.tif,2592,1944,bottle,2273,1307,2338,1381
re_45.tif,2592,1944,bottle,2273,1307,2338,1381
rgb_45.jpg,2592,1944,bottle,2273,1307,2338,1381
g_45.tif,2592,1944,bottle,2009,1281,2073,1338
nir_45.tif,2592,1944,bottle,2009,1281,2073,1338
r_45.tif,2592,1944,bottle,2009,1281,2073,1338
re_45.tif,2592,1944,bottle,2009,1281,2073,1338
rgb_45.jpg,2592,1944,bottle,2009,1281,2073,1338
g_45.tif,2592,1944,bottle,1917,1293,2005,1342
nir_45.tif,2592,1944,bottle,1917,1293,2005,1342
r_45.tif,2592,1944,bottle,1917,1293,2005,1342
re_45.tif,2592,1944,bottle,1917,1293,2005,1342
rgb_45.jpg,2592,1944,bottle,1917,1293,2005,1342
g_45.tif,2592,1944,bottle,1843,1280,1926,1352
nir_45.tif,2592,1944,bottle,1843,1280,1926,1352
r_45.tif,2592,1944,bottle,1843,1280,1926,1352
re_45.tif,2592,1944,bottle,1843,1280,1926,1352
rgb_45.jpg,2592,1944,bottle,1843,1280,1926,1352
g_45.tif,2592,1944,bottle,1988,1252,2069,1287
nir_45.tif,2592,1944,bottle,1988,1252,2069,1287
r_45.tif,2592,1944,bottle,1988,1252,2069,1287
re_45.tif,2592,1944,bottle,1988,1252,2069,1287
rgb_45.jpg,2592,1944,bottle,1988,1252,2069,1287
g_45.tif,2592,1944,bottle,2055,1218,2097,1287
nir_45.tif,2592,1944,bottle,2055,1218,2097,1287
r_45.tif,2592,1944,bottle,2055,1218,2097,1287
re_45.tif,2592,1944,bottle,2055,1218,2097,1287
rgb_45.jpg,2592,1944,bottle,2055,1218,2097,1287
g_46.tif,2592,1944,can,912,711,1029,833
nir_46.tif,2592,1944,can,912,711,1029,833
r_46.tif,2592,1944,can,912,711,1029,833
re_46.tif,2592,1944,can,912,711,1029,833
rgb_46.jpg,2592,1944,can,912,711,1029,833
g_46.tif,2592,1944,bottle,907,464,974,533
nir_46.tif,2592,1944,bottle,907,464,974,533
r_46.tif,2592,1944,bottle,907,464,974,533
re_46.tif,2592,1944,bottle,907,464,974,533
rgb_46.jpg,2592,1944,bottle,907,464,974,533
g_47.tif,2592,1944,bottle,1647,454,1747,626
nir_47.tif,2592,1944,bottle,1647,454,1747,626
r_47.tif,2592,1944,bottle,1647,454,1747,626
re_47.tif,2592,1944,bottle,1647,454,1747,626
rgb_47.jpg,2592,1944,bottle,1647,454,1747,626
g_47.tif,2592,1944,can,1704,521,1883,690
nir_47.tif,2592,1944,can,1704,521,1883,690
r_47.tif,2592,1944,can,1704,521,1883,690
re_47.tif,2592,1944,can,1704,521,1883,690
rgb_47.jpg,2592,1944,can,1704,521,1883,690
g_47.tif,2592,1944,container,1809,631,1947,757
nir_47.tif,2592,1944,container,1809,631,1947,757
r_47.tif,2592,1944,container,1809,631,1947,757
re_47.tif,2592,1944,container,1809,631,1947,757
rgb_47.jpg,2592,1944,container,1809,631,1947,757
g_47.tif,2592,1944,can,1173,1704,1385,1862
nir_47.tif,2592,1944,can,1173,1704,1385,1862
r_47.tif,2592,1944,can,1173,1704,1385,1862
re_47.tif,2592,1944,can,1173,1704,1385,1862
rgb_47.jpg,2592,1944,can,1173,1704,1385,1862
g_47.tif,2592,1944,can,2490,1874,2592,1944
nir_47.tif,2592,1944,can,2490,1874,2592,1944
r_47.tif,2592,1944,can,2490,1874,2592,1944
re_47.tif,2592,1944,can,2490,1874,2592,1944
rgb_47.jpg,2592,1944,can,2490,1874,2592,1944
g_48.tif,2592,1944,bottle,654,171,745,259
nir_48.tif,2592,1944,bottle,654,171,745,259
r_48.tif,2592,1944,bottle,654,171,745,259
re_48.tif,2592,1944,bottle,654,171,745,259
rgb_48.jpg,2592,1944,bottle,654,171,745,259
g_48.tif,2592,1944,can,1033,1185,1207,1352
nir_48.tif,2592,1944,can,1033,1185,1207,1352
r_48.tif,2592,1944,can,1033,1185,1207,1352
re_48.tif,2592,1944,can,1033,1185,1207,1352
rgb_48.jpg,2592,1944,can,1033,1185,1207,1352
g_48.tif,2592,1944,bottle,2167,242,2266,366
nir_48.tif,2592,1944,bottle,2167,242,2266,366
r_48.tif,2592,1944,bottle,2167,242,2266,366
re_48.tif,2592,1944,bottle,2167,242,2266,366
rgb_48.jpg,2592,1944,bottle,2167,242,2266,366
g_49.tif,2592,1944,container,574,287,642,402
nir_49.tif,2592,1944,container,574,287,642,402
r_49.tif,2592,1944,container,574,287,642,402
re_49.tif,2592,1944,container,574,287,642,402
rgb_49.jpg,2592,1944,container,574,287,642,402
g_49.tif,2592,1944,can,624,230,728,380
nir_49.tif,2592,1944,can,624,230,728,380
r_49.tif,2592,1944,can,624,230,728,380
re_49.tif,2592,1944,can,624,230,728,380
rgb_49.jpg,2592,1944,can,624,230,728,380
g_49.tif,2592,1944,can,578,100,690,243
nir_49.tif,2592,1944,can,578,100,690,243
r_49.tif,2592,1944,can,578,100,690,243
re_49.tif,2592,1944,can,578,100,690,243
rgb_49.jpg,2592,1944,can,578,100,690,243
g_49.tif,2592,1944,bottle,681,119,762,195
nir_49.tif,2592,1944,bottle,681,119,762,195
r_49.tif,2592,1944,bottle,681,119,762,195
re_49.tif,2592,1944,bottle,681,119,762,195
rgb_49.jpg,2592,1944,bottle,681,119,762,195
g_49.tif,2592,1944,bottle,679,464,792,535
nir_49.tif,2592,1944,bottle,679,464,792,535
r_49.tif,2592,1944,bottle,679,464,792,535
re_49.tif,2592,1944,bottle,679,464,792,535
rgb_49.jpg,2592,1944,bottle,679,464,792,535
g_49.tif,2592,1944,can,321,1831,502,1944
nir_49.tif,2592,1944,can,321,1831,502,1944
r_49.tif,2592,1944,can,321,1831,502,1944
re_49.tif,2592,1944,can,321,1831,502,1944
rgb_49.jpg,2592,1944,can,321,1831,502,1944
g_49.tif,2592,1944,bottle,1311,974,1388,1061
nir_49.tif,2592,1944,bottle,1311,974,1388,1061
r_49.tif,2592,1944,bottle,1311,974,1388,1061
re_49.tif,2592,1944,bottle,1311,974,1388,1061
rgb_49.jpg,2592,1944,bottle,1311,974,1388,1061
g_49.tif,2592,1944,bottle,1181,581,1286,685
nir_49.tif,2592,1944,bottle,1181,581,1286,685
r_49.tif,2592,1944,bottle,1181,581,1286,685
re_49.tif,2592,1944,bottle,1181,581,1286,685
rgb_49.jpg,2592,1944,bottle,1181,581,1286,685
g_49.tif,2592,1944,bottle,1295,587,1405,664
nir_49.tif,2592,1944,bottle,1295,587,1405,664
r_49.tif,2592,1944,bottle,1295,587,1405,664
re_49.tif,2592,1944,bottle,1295,587,1405,664
rgb_49.jpg,2592,1944,bottle,1295,587,1405,664
g_49.tif,2592,1944,bottle,1414,578,1495,668
nir_49.tif,2592,1944,bottle,1414,578,1495,668
r_49.tif,2592,1944,bottle,1414,578,1495,668
re_49.tif,2592,1944,bottle,1414,578,1495,668
rgb_49.jpg,2592,1944,bottle,1414,578,1495,668
g_49.tif,2592,1944,bottle,1392,528,1490,588
nir_49.tif,2592,1944,bottle,1392,528,1490,588
r_49.tif,2592,1944,bottle,1392,528,1490,588
re_49.tif,2592,1944,bottle,1392,528,1490,588
rgb_49.jpg,2592,1944,bottle,1392,528,1490,588
g_49.tif,2592,1944,bottle,1466,471,1531,583
nir_49.tif,2592,1944,bottle,1466,471,1531,583
r_49.tif,2592,1944,bottle,1466,471,1531,583
re_49.tif,2592,1944,bottle,1466,471,1531,583
rgb_49.jpg,2592,1944,bottle,1466,471,1531,583
g_49.tif,2592,1944,bottle,1579,545,1717,597
nir_49.tif,2592,1944,bottle,1579,545,1717,597
r_49.tif,2592,1944,bottle,1579,545,1717,597
re_49.tif,2592,1944,bottle,1579,545,1717,597
rgb_49.jpg,2592,1944,bottle,1579,545,1717,597
g_49.tif,2592,1944,bottle,1876,445,1935,568
nir_49.tif,2592,1944,bottle,1876,445,1935,568
r_49.tif,2592,1944,bottle,1876,445,1935,568
re_49.tif,2592,1944,bottle,1876,445,1935,568
rgb_49.jpg,2592,1944,bottle,1876,445,1935,568
g_49.tif,2592,1944,bottle,47,650,133,759
nir_49.tif,2592,1944,bottle,47,650,133,759
r_49.tif,2592,1944,bottle,47,650,133,759
re_49.tif,2592,1944,bottle,47,650,133,759
rgb_49.jpg,2592,1944,bottle,47,650,133,759
g_5.tif,2592,1944,bottle,747,587,878,656
nir_5.tif,2592,1944,bottle,747,587,878,656
r_5.tif,2592,1944,bottle,747,587,878,656
re_5.tif,2592,1944,bottle,747,587,878,656
rgb_5.jpg,2592,1944,bottle,747,587,878,656
g_5.tif,2592,1944,bottle,848,459,952,530
nir_5.tif,2592,1944,bottle,848,459,952,530
r_5.tif,2592,1944,bottle,848,459,952,530
re_5.tif,2592,1944,bottle,848,459,952,530
rgb_5.jpg,2592,1944,bottle,848,459,952,530
g_5.tif,2592,1944,bottle,886,528,990,606
nir_5.tif,2592,1944,bottle,886,528,990,606
r_5.tif,2592,1944,bottle,886,528,990,606
re_5.tif,2592,1944,bottle,886,528,990,606
rgb_5.jpg,2592,1944,bottle,886,528,990,606
g_5.tif,2592,1944,bottle,1381,874,1454,1002
nir_5.tif,2592,1944,bottle,1381,874,1454,1002
r_5.tif,2592,1944,bottle,1381,874,1454,1002
re_5.tif,2592,1944,bottle,1381,874,1454,1002
rgb_5.jpg,2592,1944,bottle,1381,874,1454,1002
g_5.tif,2592,1944,bottle,1324,900,1414,1030
nir_5.tif,2592,1944,bottle,1324,900,1414,1030
r_5.tif,2592,1944,bottle,1324,900,1414,1030
re_5.tif,2592,1944,bottle,1324,900,1414,1030
rgb_5.jpg,2592,1944,bottle,1324,900,1414,1030
g_5.tif,2592,1944,bottle,1248,969,1374,1037
nir_5.tif,2592,1944,bottle,1248,969,1374,1037
r_5.tif,2592,1944,bottle,1248,969,1374,1037
re_5.tif,2592,1944,bottle,1248,969,1374,1037
rgb_5.jpg,2592,1944,bottle,1248,969,1374,1037
g_5.tif,2592,1944,bottle,1236,1019,1374,1095
nir_5.tif,2592,1944,bottle,1236,1019,1374,1095
r_5.tif,2592,1944,bottle,1236,1019,1374,1095
re_5.tif,2592,1944,bottle,1236,1019,1374,1095
rgb_5.jpg,2592,1944,bottle,1236,1019,1374,1095
g_5.tif,2592,1944,bottle,1447,1043,1554,1154
nir_5.tif,2592,1944,bottle,1447,1043,1554,1154
r_5.tif,2592,1944,bottle,1447,1043,1554,1154
re_5.tif,2592,1944,bottle,1447,1043,1554,1154
rgb_5.jpg,2592,1944,bottle,1447,1043,1554,1154
g_5.tif,2592,1944,bottle,2097,1050,2228,1157
nir_5.tif,2592,1944,bottle,2097,1050,2228,1157
r_5.tif,2592,1944,bottle,2097,1050,2228,1157
re_5.tif,2592,1944,bottle,2097,1050,2228,1157
rgb_5.jpg,2592,1944,bottle,2097,1050,2228,1157
g_5.tif,2592,1944,bottle,1581,1185,1661,1307
nir_5.tif,2592,1944,bottle,1581,1185,1661,1307
r_5.tif,2592,1944,bottle,1581,1185,1661,1307
re_5.tif,2592,1944,bottle,1581,1185,1661,1307
rgb_5.jpg,2592,1944,bottle,1581,1185,1661,1307
g_5.tif,2592,1944,bottle,1071,1274,1214,1359
nir_5.tif,2592,1944,bottle,1071,1274,1214,1359
r_5.tif,2592,1944,bottle,1071,1274,1214,1359
re_5.tif,2592,1944,bottle,1071,1274,1214,1359
rgb_5.jpg,2592,1944,bottle,1071,1274,1214,1359
g_5.tif,2592,1944,bottle,1945,1330,2061,1449
nir_5.tif,2592,1944,bottle,1945,1330,2061,1449
r_5.tif,2592,1944,bottle,1945,1330,2061,1449
re_5.tif,2592,1944,bottle,1945,1330,2061,1449
rgb_5.jpg,2592,1944,bottle,1945,1330,2061,1449
g_5.tif,2592,1944,bottle,2407,1354,2505,1469
nir_5.tif,2592,1944,bottle,2407,1354,2505,1469
r_5.tif,2592,1944,bottle,2407,1354,2505,1469
re_5.tif,2592,1944,bottle,2407,1354,2505,1469
rgb_5.jpg,2592,1944,bottle,2407,1354,2505,1469
g_5.tif,2592,1944,bottle,1838,1814,1978,1892
nir_5.tif,2592,1944,bottle,1838,1814,1978,1892
r_5.tif,2592,1944,bottle,1838,1814,1978,1892
re_5.tif,2592,1944,bottle,1838,1814,1978,1892
rgb_5.jpg,2592,1944,bottle,1838,1814,1978,1892
g_50.tif,2592,1944,bottle,1559,1478,1626,1568
nir_50.tif,2592,1944,bottle,1559,1478,1626,1568
r_50.tif,2592,1944,bottle,1559,1478,1626,1568
re_50.tif,2592,1944,bottle,1559,1478,1626,1568
rgb_50.jpg,2592,1944,bottle,1559,1478,1626,1568
g_50.tif,2592,1944,bottle,2223,1306,2328,1368
nir_50.tif,2592,1944,bottle,2223,1306,2328,1368
r_50.tif,2592,1944,bottle,2223,1306,2328,1368
re_50.tif,2592,1944,bottle,2223,1306,2328,1368
rgb_50.jpg,2592,1944,bottle,2223,1306,2328,1368
g_50.tif,2592,1944,container,2176,1150,2233,1233
nir_50.tif,2592,1944,container,2176,1150,2233,1233
r_50.tif,2592,1944,container,2176,1150,2233,1233
re_50.tif,2592,1944,container,2176,1150,2233,1233
rgb_50.jpg,2592,1944,container,2176,1150,2233,1233
g_50.tif,2592,1944,bottle,2290,1043,2364,1085
nir_50.tif,2592,1944,bottle,2290,1043,2364,1085
r_50.tif,2592,1944,bottle,2290,1043,2364,1085
re_50.tif,2592,1944,bottle,2290,1043,2364,1085
rgb_50.jpg,2592,1944,bottle,2290,1043,2364,1085
g_50.tif,2592,1944,can,2209,1007,2302,1124
nir_50.tif,2592,1944,can,2209,1007,2302,1124
r_50.tif,2592,1944,can,2209,1007,2302,1124
re_50.tif,2592,1944,can,2209,1007,2302,1124
rgb_50.jpg,2592,1944,can,2209,1007,2302,1124
g_50.tif,2592,1944,can,2219,1116,2311,1240
nir_50.tif,2592,1944,can,2219,1116,2311,1240
r_50.tif,2592,1944,can,2219,1116,2311,1240
re_50.tif,2592,1944,can,2219,1116,2311,1240
rgb_50.jpg,2592,1944,can,2219,1116,2311,1240
g_50.tif,2592,1944,bottle,2212,731,2278,823
nir_50.tif,2592,1944,bottle,2212,731,2278,823
r_50.tif,2592,1944,bottle,2212,731,2278,823
re_50.tif,2592,1944,bottle,2212,731,2278,823
rgb_50.jpg,2592,1944,bottle,2212,731,2278,823
g_50.tif,2592,1944,bottle,1091,872,1141,957
nir_50.tif,2592,1944,bottle,1091,872,1141,957
r_50.tif,2592,1944,bottle,1091,872,1141,957
re_50.tif,2592,1944,bottle,1091,872,1141,957
rgb_50.jpg,2592,1944,bottle,1091,872,1141,957
g_50.tif,2592,1944,bottle,1137,878,1170,962
nir_50.tif,2592,1944,bottle,1137,878,1170,962
r_50.tif,2592,1944,bottle,1137,878,1170,962
re_50.tif,2592,1944,bottle,1137,878,1170,962
rgb_50.jpg,2592,1944,bottle,1137,878,1170,962
g_50.tif,2592,1944,bottle,1058,922,1134,985
nir_50.tif,2592,1944,bottle,1058,922,1134,985
r_50.tif,2592,1944,bottle,1058,922,1134,985
re_50.tif,2592,1944,bottle,1058,922,1134,985
rgb_50.jpg,2592,1944,bottle,1058,922,1134,985
g_50.tif,2592,1944,bottle,1027,965,1107,1018
nir_50.tif,2592,1944,bottle,1027,965,1107,1018
r_50.tif,2592,1944,bottle,1027,965,1107,1018
re_50.tif,2592,1944,bottle,1027,965,1107,1018
rgb_50.jpg,2592,1944,bottle,1027,965,1107,1018
g_50.tif,2592,1944,bottle,1056,972,1131,1022
nir_50.tif,2592,1944,bottle,1056,972,1131,1022
r_50.tif,2592,1944,bottle,1056,972,1131,1022
re_50.tif,2592,1944,bottle,1056,972,1131,1022
rgb_50.jpg,2592,1944,bottle,1056,972,1131,1022
g_50.tif,2592,1944,bottle,1038,1009,1124,1043
nir_50.tif,2592,1944,bottle,1038,1009,1124,1043
r_50.tif,2592,1944,bottle,1038,1009,1124,1043
re_50.tif,2592,1944,bottle,1038,1009,1124,1043
rgb_50.jpg,2592,1944,bottle,1038,1009,1124,1043
g_50.tif,2592,1944,bottle,1037,1034,1123,1067
nir_50.tif,2592,1944,bottle,1037,1034,1123,1067
r_50.tif,2592,1944,bottle,1037,1034,1123,1067
re_50.tif,2592,1944,bottle,1037,1034,1123,1067
rgb_50.jpg,2592,1944,bottle,1037,1034,1123,1067
g_50.tif,2592,1944,bottle,1033,1049,1108,1096
nir_50.tif,2592,1944,bottle,1033,1049,1108,1096
r_50.tif,2592,1944,bottle,1033,1049,1108,1096
re_50.tif,2592,1944,bottle,1033,1049,1108,1096
rgb_50.jpg,2592,1944,bottle,1033,1049,1108,1096
g_50.tif,2592,1944,bottle,1119,1048,1168,1127
nir_50.tif,2592,1944,bottle,1119,1048,1168,1127
r_50.tif,2592,1944,bottle,1119,1048,1168,1127
re_50.tif,2592,1944,bottle,1119,1048,1168,1127
rgb_50.jpg,2592,1944,bottle,1119,1048,1168,1127
g_50.tif,2592,1944,bottle,1151,1041,1234,1085
nir_50.tif,2592,1944,bottle,1151,1041,1234,1085
r_50.tif,2592,1944,bottle,1151,1041,1234,1085
re_50.tif,2592,1944,bottle,1151,1041,1234,1085
rgb_50.jpg,2592,1944,bottle,1151,1041,1234,1085
g_50.tif,2592,1944,bottle,1207,992,1262,1066
nir_50.tif,2592,1944,bottle,1207,992,1262,1066
r_50.tif,2592,1944,bottle,1207,992,1262,1066
re_50.tif,2592,1944,bottle,1207,992,1262,1066
rgb_50.jpg,2592,1944,bottle,1207,992,1262,1066
g_50.tif,2592,1944,bottle,1244,999,1320,1048
nir_50.tif,2592,1944,bottle,1244,999,1320,1048
r_50.tif,2592,1944,bottle,1244,999,1320,1048
re_50.tif,2592,1944,bottle,1244,999,1320,1048
rgb_50.jpg,2592,1944,bottle,1244,999,1320,1048
g_50.tif,2592,1944,bottle,1187,965,1266,1002
nir_50.tif,2592,1944,bottle,1187,965,1266,1002
r_50.tif,2592,1944,bottle,1187,965,1266,1002
re_50.tif,2592,1944,bottle,1187,965,1266,1002
rgb_50.jpg,2592,1944,bottle,1187,965,1266,1002
g_50.tif,2592,1944,bottle,1261,970,1327,1016
nir_50.tif,2592,1944,bottle,1261,970,1327,1016
r_50.tif,2592,1944,bottle,1261,970,1327,1016
re_50.tif,2592,1944,bottle,1261,970,1327,1016
rgb_50.jpg,2592,1944,bottle,1261,970,1327,1016
g_50.tif,2592,1944,bottle,1242,890,1284,964
nir_50.tif,2592,1944,bottle,1242,890,1284,964
r_50.tif,2592,1944,bottle,1242,890,1284,964
re_50.tif,2592,1944,bottle,1242,890,1284,964
rgb_50.jpg,2592,1944,bottle,1242,890,1284,964
g_50.tif,2592,1944,can,1179,898,1249,968
nir_50.tif,2592,1944,can,1179,898,1249,968
r_50.tif,2592,1944,can,1179,898,1249,968
re_50.tif,2592,1944,can,1179,898,1249,968
rgb_50.jpg,2592,1944,can,1179,898,1249,968
g_50.tif,2592,1944,can,1124,952,1218,1059
nir_50.tif,2592,1944,can,1124,952,1218,1059
r_50.tif,2592,1944,can,1124,952,1218,1059
re_50.tif,2592,1944,can,1124,952,1218,1059
rgb_50.jpg,2592,1944,can,1124,952,1218,1059
g_50.tif,2592,1944,bottle,1674,1308,1751,1373
nir_50.tif,2592,1944,bottle,1674,1308,1751,1373
r_50.tif,2592,1944,bottle,1674,1308,1751,1373
re_50.tif,2592,1944,bottle,1674,1308,1751,1373
rgb_50.jpg,2592,1944,bottle,1674,1308,1751,1373
g_51.tif,2592,1944,bottle,1671,1697,1762,1814
nir_51.tif,2592,1944,bottle,1671,1697,1762,1814
r_51.tif,2592,1944,bottle,1671,1697,1762,1814
re_51.tif,2592,1944,bottle,1671,1697,1762,1814
rgb_51.jpg,2592,1944,bottle,1671,1697,1762,1814
g_51.tif,2592,1944,bottle,1833,1457,1954,1557
nir_51.tif,2592,1944,bottle,1833,1457,1954,1557
r_51.tif,2592,1944,bottle,1833,1457,1954,1557
re_51.tif,2592,1944,bottle,1833,1457,1954,1557
rgb_51.jpg,2592,1944,bottle,1833,1457,1954,1557
g_51.tif,2592,1944,bottle,1023,1078,1109,1181
nir_51.tif,2592,1944,bottle,1023,1078,1109,1181
r_51.tif,2592,1944,bottle,1023,1078,1109,1181
re_51.tif,2592,1944,bottle,1023,1078,1109,1181
rgb_51.jpg,2592,1944,bottle,1023,1078,1109,1181
g_51.tif,2592,1944,bottle,912,1076,1011,1140
nir_51.tif,2592,1944,bottle,912,1076,1011,1140
r_51.tif,2592,1944,bottle,912,1076,1011,1140
re_51.tif,2592,1944,bottle,912,1076,1011,1140
rgb_51.jpg,2592,1944,bottle,912,1076,1011,1140
g_51.tif,2592,1944,bottle,919,1043,1026,1097
nir_51.tif,2592,1944,bottle,919,1043,1026,1097
r_51.tif,2592,1944,bottle,919,1043,1026,1097
re_51.tif,2592,1944,bottle,919,1043,1026,1097
rgb_51.jpg,2592,1944,bottle,919,1043,1026,1097
g_51.tif,2592,1944,bottle,905,1011,1035,1062
nir_51.tif,2592,1944,bottle,905,1011,1035,1062
r_51.tif,2592,1944,bottle,905,1011,1035,1062
re_51.tif,2592,1944,bottle,905,1011,1035,1062
rgb_51.jpg,2592,1944,bottle,905,1011,1035,1062
g_51.tif,2592,1944,bottle,898,950,1007,1031
nir_51.tif,2592,1944,bottle,898,950,1007,1031
r_51.tif,2592,1944,bottle,898,950,1007,1031
re_51.tif,2592,1944,bottle,898,950,1007,1031
rgb_51.jpg,2592,1944,bottle,898,950,1007,1031
g_51.tif,2592,1944,bottle,962,973,1050,1037
nir_51.tif,2592,1944,bottle,962,973,1050,1037
r_51.tif,2592,1944,bottle,962,973,1050,1037
re_51.tif,2592,1944,bottle,962,973,1050,1037
rgb_51.jpg,2592,1944,bottle,962,973,1050,1037
g_51.tif,2592,1944,bottle,955,876,1031,968
nir_51.tif,2592,1944,bottle,955,876,1031,968
r_51.tif,2592,1944,bottle,955,876,1031,968
re_51.tif,2592,1944,bottle,955,876,1031,968
rgb_51.jpg,2592,1944,bottle,955,876,1031,968
g_51.tif,2592,1944,bottle,1012,823,1057,945
nir_51.tif,2592,1944,bottle,1012,823,1057,945
r_51.tif,2592,1944,bottle,1012,823,1057,945
re_51.tif,2592,1944,bottle,1012,823,1057,945
rgb_51.jpg,2592,1944,bottle,1012,823,1057,945
g_51.tif,2592,1944,bottle,1047,831,1111,940
nir_51.tif,2592,1944,bottle,1047,831,1111,940
r_51.tif,2592,1944,bottle,1047,831,1111,940
re_51.tif,2592,1944,bottle,1047,831,1111,940
rgb_51.jpg,2592,1944,bottle,1047,831,1111,940
g_51.tif,2592,1944,bottle,1138,952,1240,1006
nir_51.tif,2592,1944,bottle,1138,952,1240,1006
r_51.tif,2592,1944,bottle,1138,952,1240,1006
re_51.tif,2592,1944,bottle,1138,952,1240,1006
rgb_51.jpg,2592,1944,bottle,1138,952,1240,1006
g_51.tif,2592,1944,bottle,1164,985,1231,1102
nir_51.tif,2592,1944,bottle,1164,985,1231,1102
r_51.tif,2592,1944,bottle,1164,985,1231,1102
re_51.tif,2592,1944,bottle,1164,985,1231,1102
rgb_51.jpg,2592,1944,bottle,1164,985,1231,1102
g_51.tif,2592,1944,bottle,1073,1061,1193,1121
nir_51.tif,2592,1944,bottle,1073,1061,1193,1121
r_51.tif,2592,1944,bottle,1073,1061,1193,1121
re_51.tif,2592,1944,bottle,1073,1061,1193,1121
rgb_51.jpg,2592,1944,bottle,1073,1061,1193,1121
g_51.tif,2592,1944,bottle,1209,993,1321,1080
nir_51.tif,2592,1944,bottle,1209,993,1321,1080
r_51.tif,2592,1944,bottle,1209,993,1321,1080
re_51.tif,2592,1944,bottle,1209,993,1321,1080
rgb_51.jpg,2592,1944,bottle,1209,993,1321,1080
g_51.tif,2592,1944,bottle,1233,950,1326,1030
nir_51.tif,2592,1944,bottle,1233,950,1326,1030
r_51.tif,2592,1944,bottle,1233,950,1326,1030
re_51.tif,2592,1944,bottle,1233,950,1326,1030
rgb_51.jpg,2592,1944,bottle,1233,950,1326,1030
g_51.tif,2592,1944,bottle,1205,842,1269,952
nir_51.tif,2592,1944,bottle,1205,842,1269,952
r_51.tif,2592,1944,bottle,1205,842,1269,952
re_51.tif,2592,1944,bottle,1205,842,1269,952
rgb_51.jpg,2592,1944,bottle,1205,842,1269,952
g_51.tif,2592,1944,can,1123,849,1219,957
nir_51.tif,2592,1944,can,1123,849,1219,957
r_51.tif,2592,1944,can,1123,849,1219,957
re_51.tif,2592,1944,can,1123,849,1219,957
rgb_51.jpg,2592,1944,can,1123,849,1219,957
g_51.tif,2592,1944,can,1035,935,1167,1085
nir_51.tif,2592,1944,can,1035,935,1167,1085
r_51.tif,2592,1944,can,1035,935,1167,1085
re_51.tif,2592,1944,can,1035,935,1167,1085
rgb_51.jpg,2592,1944,can,1035,935,1167,1085
g_52.tif,2592,1944,container,2029,1109,2076,1190
nir_52.tif,2592,1944,container,2029,1109,2076,1190
r_52.tif,2592,1944,container,2029,1109,2076,1190
re_52.tif,2592,1944,container,2029,1109,2076,1190
rgb_52.jpg,2592,1944,container,2029,1109,2076,1190
g_52.tif,2592,1944,can,2073,1083,2150,1183
nir_52.tif,2592,1944,can,2073,1083,2150,1183
r_52.tif,2592,1944,can,2073,1083,2150,1183
re_52.tif,2592,1944,can,2073,1083,2150,1183
rgb_52.jpg,2592,1944,can,2073,1083,2150,1183
g_52.tif,2592,1944,can,2064,1002,2136,1093
nir_52.tif,2592,1944,can,2064,1002,2136,1093
r_52.tif,2592,1944,can,2064,1002,2136,1093
re_52.tif,2592,1944,can,2064,1002,2136,1093
rgb_52.jpg,2592,1944,can,2064,1002,2136,1093
g_52.tif,2592,1944,bottle,2123,1028,2183,1059
nir_52.tif,2592,1944,bottle,2123,1028,2183,1059
r_52.tif,2592,1944,bottle,2123,1028,2183,1059
re_52.tif,2592,1944,bottle,2123,1028,2183,1059
rgb_52.jpg,2592,1944,bottle,2123,1028,2183,1059
g_52.tif,2592,1944,bottle,2061,750,2123,826
nir_52.tif,2592,1944,bottle,2061,750,2123,826
r_52.tif,2592,1944,bottle,2061,750,2123,826
re_52.tif,2592,1944,bottle,2061,750,2123,826
rgb_52.jpg,2592,1944,bottle,2061,750,2123,826
g_52.tif,2592,1944,bottle,1509,1385,1573,1449
nir_52.tif,2592,1944,bottle,1509,1385,1573,1449
r_52.tif,2592,1944,bottle,1509,1385,1573,1449
re_52.tif,2592,1944,bottle,1509,1385,1573,1449
rgb_52.jpg,2592,1944,bottle,1509,1385,1573,1449
g_52.tif,2592,1944,bottle,1607,1240,1674,1307
nir_52.tif,2592,1944,bottle,1607,1240,1674,1307
r_52.tif,2592,1944,bottle,1607,1240,1674,1307
re_52.tif,2592,1944,bottle,1607,1240,1674,1307
rgb_52.jpg,2592,1944,bottle,1607,1240,1674,1307
g_52.tif,2592,1944,bottle,2076,1231,2150,1278
nir_52.tif,2592,1944,bottle,2076,1231,2150,1278
r_52.tif,2592,1944,bottle,2076,1231,2150,1278
re_52.tif,2592,1944,bottle,2076,1231,2150,1278
rgb_52.jpg,2592,1944,bottle,2076,1231,2150,1278
g_52.tif,2592,1944,bottle,2369,1409,2455,1462
nir_52.tif,2592,1944,bottle,2369,1409,2455,1462
r_52.tif,2592,1944,bottle,2369,1409,2455,1462
re_52.tif,2592,1944,bottle,2369,1409,2455,1462
rgb_52.jpg,2592,1944,bottle,2369,1409,2455,1462
g_52.tif,2592,1944,bottle,2426,1435,2526,1474
nir_52.tif,2592,1944,bottle,2426,1435,2526,1474
r_52.tif,2592,1944,bottle,2426,1435,2526,1474
re_52.tif,2592,1944,bottle,2426,1435,2526,1474
rgb_52.jpg,2592,1944,bottle,2426,1435,2526,1474
g_52.tif,2592,1944,bottle,2390,1673,2454,1735
nir_52.tif,2592,1944,bottle,2390,1673,2454,1735
r_52.tif,2592,1944,bottle,2390,1673,2454,1735
re_52.tif,2592,1944,bottle,2390,1673,2454,1735
rgb_52.jpg,2592,1944,bottle,2390,1673,2454,1735
g_52.tif,2592,1944,bottle,2519,1431,2574,1512
nir_52.tif,2592,1944,bottle,2519,1431,2574,1512
r_52.tif,2592,1944,bottle,2519,1431,2574,1512
re_52.tif,2592,1944,bottle,2519,1431,2574,1512
rgb_52.jpg,2592,1944,bottle,2519,1431,2574,1512
g_52.tif,2592,1944,bottle,2519,1409,2592,1456
nir_52.tif,2592,1944,bottle,2519,1409,2592,1456
r_52.tif,2592,1944,bottle,2519,1409,2592,1456
re_52.tif,2592,1944,bottle,2519,1409,2592,1456
rgb_52.jpg,2592,1944,bottle,2519,1409,2592,1456
g_52.tif,2592,1944,bottle,1095,914,1150,964
nir_52.tif,2592,1944,bottle,1095,914,1150,964
r_52.tif,2592,1944,bottle,1095,914,1150,964
re_52.tif,2592,1944,bottle,1095,914,1150,964
rgb_52.jpg,2592,1944,bottle,1095,914,1150,964
g_52.tif,2592,1944,bottle,1126,873,1164,950
nir_52.tif,2592,1944,bottle,1126,873,1164,950
r_52.tif,2592,1944,bottle,1126,873,1164,950
re_52.tif,2592,1944,bottle,1126,873,1164,950
rgb_52.jpg,2592,1944,bottle,1126,873,1164,950
g_52.tif,2592,1944,bottle,1155,883,1197,949
nir_52.tif,2592,1944,bottle,1155,883,1197,949
r_52.tif,2592,1944,bottle,1155,883,1197,949
re_52.tif,2592,1944,bottle,1155,883,1197,949
rgb_52.jpg,2592,1944,bottle,1155,883,1197,949
g_52.tif,2592,1944,bottle,1247,892,1288,947
nir_52.tif,2592,1944,bottle,1247,892,1288,947
r_52.tif,2592,1944,bottle,1247,892,1288,947
re_52.tif,2592,1944,bottle,1247,892,1288,947
rgb_52.jpg,2592,1944,bottle,1247,892,1288,947
g_52.tif,2592,1944,bottle,1259,945,1323,1004
nir_52.tif,2592,1944,bottle,1259,945,1323,1004
r_52.tif,2592,1944,bottle,1259,945,1323,1004
re_52.tif,2592,1944,bottle,1259,945,1323,1004
rgb_52.jpg,2592,1944,bottle,1259,945,1323,1004
g_52.tif,2592,1944,bottle,1252,974,1314,1028
nir_52.tif,2592,1944,bottle,1252,974,1314,1028
r_52.tif,2592,1944,bottle,1252,974,1314,1028
re_52.tif,2592,1944,bottle,1252,974,1314,1028
rgb_52.jpg,2592,1944,bottle,1252,974,1314,1028
g_52.tif,2592,1944,bottle,1214,976,1257,1042
nir_52.tif,2592,1944,bottle,1214,976,1257,1042
r_52.tif,2592,1944,bottle,1214,976,1257,1042
re_52.tif,2592,1944,bottle,1214,976,1257,1042
rgb_52.jpg,2592,1944,bottle,1214,976,1257,1042
g_52.tif,2592,1944,bottle,1204,952,1267,988
nir_52.tif,2592,1944,bottle,1204,952,1267,988
r_52.tif,2592,1944,bottle,1204,952,1267,988
re_52.tif,2592,1944,bottle,1204,952,1267,988
rgb_52.jpg,2592,1944,bottle,1204,952,1267,988
g_52.tif,2592,1944,bottle,1167,1012,1247,1050
nir_52.tif,2592,1944,bottle,1167,1012,1247,1050
r_52.tif,2592,1944,bottle,1167,1012,1247,1050
re_52.tif,2592,1944,bottle,1167,1012,1247,1050
rgb_52.jpg,2592,1944,bottle,1167,1012,1247,1050
g_52.tif,2592,1944,bottle,1143,1019,1195,1090
nir_52.tif,2592,1944,bottle,1143,1019,1195,1090
r_52.tif,2592,1944,bottle,1143,1019,1195,1090
re_52.tif,2592,1944,bottle,1143,1019,1195,1090
rgb_52.jpg,2592,1944,bottle,1143,1019,1195,1090
g_52.tif,2592,1944,bottle,1073,1030,1133,1066
nir_52.tif,2592,1944,bottle,1073,1030,1133,1066
r_52.tif,2592,1944,bottle,1073,1030,1133,1066
re_52.tif,2592,1944,bottle,1073,1030,1133,1066
rgb_52.jpg,2592,1944,bottle,1073,1030,1133,1066
g_52.tif,2592,1944,bottle,1074,1014,1133,1040
nir_52.tif,2592,1944,bottle,1074,1014,1133,1040
r_52.tif,2592,1944,bottle,1074,1014,1133,1040
re_52.tif,2592,1944,bottle,1074,1014,1133,1040
rgb_52.jpg,2592,1944,bottle,1074,1014,1133,1040
g_52.tif,2592,1944,bottle,1061,992,1150,1018
nir_52.tif,2592,1944,bottle,1061,992,1150,1018
r_52.tif,2592,1944,bottle,1061,992,1150,1018
re_52.tif,2592,1944,bottle,1061,992,1150,1018
rgb_52.jpg,2592,1944,bottle,1061,992,1150,1018
g_52.tif,2592,1944,bottle,1071,956,1138,1002
nir_52.tif,2592,1944,bottle,1071,956,1138,1002
r_52.tif,2592,1944,bottle,1071,956,1138,1002
re_52.tif,2592,1944,bottle,1071,956,1138,1002
rgb_52.jpg,2592,1944,bottle,1071,956,1138,1002
g_52.tif,2592,1944,bottle,1092,971,1152,1002
nir_52.tif,2592,1944,bottle,1092,971,1152,1002
r_52.tif,2592,1944,bottle,1092,971,1152,1002
re_52.tif,2592,1944,bottle,1092,971,1152,1002
rgb_52.jpg,2592,1944,bottle,1092,971,1152,1002
g_52.tif,2592,1944,can,1145,938,1226,1050
nir_52.tif,2592,1944,can,1145,938,1226,1050
r_52.tif,2592,1944,can,1145,938,1226,1050
re_52.tif,2592,1944,can,1145,938,1226,1050
rgb_52.jpg,2592,1944,can,1145,938,1226,1050
g_53.tif,2592,1944,bottle,2405,1847,2493,1902
nir_53.tif,2592,1944,bottle,2405,1847,2493,1902
r_53.tif,2592,1944,bottle,2405,1847,2493,1902
re_53.tif,2592,1944,bottle,2405,1847,2493,1902
rgb_53.jpg,2592,1944,bottle,2405,1847,2493,1902
g_53.tif,2592,1944,bottle,2447,1592,2538,1631
nir_53.tif,2592,1944,bottle,2447,1592,2538,1631
r_53.tif,2592,1944,bottle,2447,1592,2538,1631
re_53.tif,2592,1944,bottle,2447,1592,2538,1631
rgb_53.jpg,2592,1944,bottle,2447,1592,2538,1631
g_53.tif,2592,1944,bottle,2519,1616,2592,1661
nir_53.tif,2592,1944,bottle,2519,1616,2592,1661
r_53.tif,2592,1944,bottle,2519,1616,2592,1661
re_53.tif,2592,1944,bottle,2519,1616,2592,1661
rgb_53.jpg,2592,1944,bottle,2519,1616,2592,1661
g_53.tif,2592,1944,bottle,2178,1350,2278,1392
nir_53.tif,2592,1944,bottle,2178,1350,2278,1392
r_53.tif,2592,1944,bottle,2178,1350,2278,1392
re_53.tif,2592,1944,bottle,2178,1350,2278,1392
rgb_53.jpg,2592,1944,bottle,2178,1350,2278,1392
g_53.tif,2592,1944,container,2174,1204,2219,1285
nir_53.tif,2592,1944,container,2174,1204,2219,1285
r_53.tif,2592,1944,container,2174,1204,2219,1285
re_53.tif,2592,1944,container,2174,1204,2219,1285
rgb_53.jpg,2592,1944,container,2174,1204,2219,1285
g_53.tif,2592,1944,bottle,2286,1135,2343,1185
nir_53.tif,2592,1944,bottle,2286,1135,2343,1185
r_53.tif,2592,1944,bottle,2286,1135,2343,1185
re_53.tif,2592,1944,bottle,2286,1135,2343,1185
rgb_53.jpg,2592,1944,bottle,2286,1135,2343,1185
g_53.tif,2592,1944,bottle,2276,873,2329,933
nir_53.tif,2592,1944,bottle,2276,873,2329,933
r_53.tif,2592,1944,bottle,2276,873,2329,933
re_53.tif,2592,1944,bottle,2276,873,2329,933
rgb_53.jpg,2592,1944,bottle,2276,873,2329,933
g_53.tif,2592,1944,bottle,1602,1373,1662,1450
nir_53.tif,2592,1944,bottle,1602,1373,1662,1450
r_53.tif,2592,1944,bottle,1602,1373,1662,1450
re_53.tif,2592,1944,bottle,1602,1373,1662,1450
rgb_53.jpg,2592,1944,bottle,1602,1373,1662,1450
g_53.tif,2592,1944,can,2207,1190,2298,1293
nir_53.tif,2592,1944,can,2207,1190,2298,1293
r_53.tif,2592,1944,can,2207,1190,2298,1293
re_53.tif,2592,1944,can,2207,1190,2298,1293
rgb_53.jpg,2592,1944,can,2207,1190,2298,1293
g_53.tif,2592,1944,can,2217,1100,2305,1212
nir_53.tif,2592,1944,can,2217,1100,2305,1212
r_53.tif,2592,1944,can,2217,1100,2305,1212
re_53.tif,2592,1944,can,2217,1100,2305,1212
rgb_53.jpg,2592,1944,can,2217,1100,2305,1212
g_53.tif,2592,1944,can,1283,724,1386,799
nir_53.tif,2592,1944,can,1283,724,1386,799
r_53.tif,2592,1944,can,1283,724,1386,799
re_53.tif,2592,1944,can,1283,724,1386,799
rgb_53.jpg,2592,1944,can,1283,724,1386,799
g_53.tif,2592,1944,can,1378,818,1445,883
nir_53.tif,2592,1944,can,1378,818,1445,883
r_53.tif,2592,1944,can,1378,818,1445,883
re_53.tif,2592,1944,can,1378,818,1445,883
rgb_53.jpg,2592,1944,can,1378,818,1445,883
g_53.tif,2592,1944,bottle,1350,792,1381,873
nir_53.tif,2592,1944,bottle,1350,792,1381,873
r_53.tif,2592,1944,bottle,1350,792,1381,873
re_53.tif,2592,1944,bottle,1350,792,1381,873
rgb_53.jpg,2592,1944,bottle,1350,792,1381,873
g_53.tif,2592,1944,bottle,1328,785,1359,868
nir_53.tif,2592,1944,bottle,1328,785,1359,868
r_53.tif,2592,1944,bottle,1328,785,1359,868
re_53.tif,2592,1944,bottle,1328,785,1359,868
rgb_53.jpg,2592,1944,bottle,1328,785,1359,868
g_53.tif,2592,1944,bottle,1286,816,1333,874
nir_53.tif,2592,1944,bottle,1286,816,1333,874
r_53.tif,2592,1944,bottle,1286,816,1333,874
re_53.tif,2592,1944,bottle,1286,816,1333,874
rgb_53.jpg,2592,1944,bottle,1286,816,1333,874
g_53.tif,2592,1944,bottle,1219,826,1314,871
nir_53.tif,2592,1944,bottle,1219,826,1314,871
r_53.tif,2592,1944,bottle,1219,826,1314,871
re_53.tif,2592,1944,bottle,1219,826,1314,871
rgb_53.jpg,2592,1944,bottle,1219,826,1314,871
g_53.tif,2592,1944,bottle,1240,852,1329,902
nir_53.tif,2592,1944,bottle,1240,852,1329,902
r_53.tif,2592,1944,bottle,1240,852,1329,902
re_53.tif,2592,1944,bottle,1240,852,1329,902
rgb_53.jpg,2592,1944,bottle,1240,852,1329,902
g_53.tif,2592,1944,bottle,1248,897,1324,924
nir_53.tif,2592,1944,bottle,1248,897,1324,924
r_53.tif,2592,1944,bottle,1248,897,1324,924
re_53.tif,2592,1944,bottle,1248,897,1324,924
rgb_53.jpg,2592,1944,bottle,1248,897,1324,924
g_53.tif,2592,1944,bottle,1243,902,1317,945
nir_53.tif,2592,1944,bottle,1243,902,1317,945
r_53.tif,2592,1944,bottle,1243,902,1317,945
re_53.tif,2592,1944,bottle,1243,902,1317,945
rgb_53.jpg,2592,1944,bottle,1243,902,1317,945
g_53.tif,2592,1944,bottle,1233,919,1290,964
nir_53.tif,2592,1944,bottle,1233,919,1290,964
r_53.tif,2592,1944,bottle,1233,919,1290,964
re_53.tif,2592,1944,bottle,1233,919,1290,964
rgb_53.jpg,2592,1944,bottle,1233,919,1290,964
g_53.tif,2592,1944,bottle,1305,930,1347,1012
nir_53.tif,2592,1944,bottle,1305,930,1347,1012
r_53.tif,2592,1944,bottle,1305,930,1347,1012
re_53.tif,2592,1944,bottle,1305,930,1347,1012
rgb_53.jpg,2592,1944,bottle,1305,930,1347,1012
g_53.tif,2592,1944,bottle,1338,937,1409,968
nir_53.tif,2592,1944,bottle,1338,937,1409,968
r_53.tif,2592,1944,bottle,1338,937,1409,968
re_53.tif,2592,1944,bottle,1338,937,1409,968
rgb_53.jpg,2592,1944,bottle,1338,937,1409,968
g_53.tif,2592,1944,bottle,1385,874,1457,940
nir_53.tif,2592,1944,bottle,1385,874,1457,940
r_53.tif,2592,1944,bottle,1385,874,1457,940
re_53.tif,2592,1944,bottle,1385,874,1457,940
rgb_53.jpg,2592,1944,bottle,1385,874,1457,940
g_53.tif,2592,1944,bottle,1442,826,1474,892
nir_53.tif,2592,1944,bottle,1442,826,1474,892
r_53.tif,2592,1944,bottle,1442,826,1474,892
re_53.tif,2592,1944,bottle,1442,826,1474,892
rgb_53.jpg,2592,1944,bottle,1442,826,1474,892
g_53.tif,2592,1944,bottle,1423,919,1478,962
nir_53.tif,2592,1944,bottle,1423,919,1478,962
r_53.tif,2592,1944,bottle,1423,919,1478,962
re_53.tif,2592,1944,bottle,1423,919,1478,962
rgb_53.jpg,2592,1944,bottle,1423,919,1478,962
g_53.tif,2592,1944,bottle,1333,940,1404,971
nir_53.tif,2592,1944,bottle,1333,940,1404,971
r_53.tif,2592,1944,bottle,1333,940,1404,971
re_53.tif,2592,1944,bottle,1333,940,1404,971
rgb_53.jpg,2592,1944,bottle,1333,940,1404,971
g_53.tif,2592,1944,can,1329,854,1405,959
nir_53.tif,2592,1944,can,1329,854,1405,959
r_53.tif,2592,1944,can,1329,854,1405,959
re_53.tif,2592,1944,can,1329,854,1405,959
rgb_53.jpg,2592,1944,can,1329,854,1405,959
g_54.tif,2592,1944,bottle,1662,1418,1716,1502
nir_54.tif,2592,1944,bottle,1662,1418,1716,1502
r_54.tif,2592,1944,bottle,1662,1418,1716,1502
re_54.tif,2592,1944,bottle,1662,1418,1716,1502
rgb_54.jpg,2592,1944,bottle,1662,1418,1716,1502
g_54.tif,2592,1944,bottle,2298,1397,2397,1437
nir_54.tif,2592,1944,bottle,2298,1397,2397,1437
r_54.tif,2592,1944,bottle,2298,1397,2397,1437
re_54.tif,2592,1944,bottle,2298,1397,2397,1437
rgb_54.jpg,2592,1944,bottle,2298,1397,2397,1437
g_54.tif,2592,1944,bottle,2412,1174,2478,1204
nir_54.tif,2592,1944,bottle,2412,1174,2478,1204
r_54.tif,2592,1944,bottle,2412,1174,2478,1204
re_54.tif,2592,1944,bottle,2412,1174,2478,1204
rgb_54.jpg,2592,1944,bottle,2412,1174,2478,1204
g_54.tif,2592,1944,bottle,2392,856,2471,943
nir_54.tif,2592,1944,bottle,2392,856,2471,943
r_54.tif,2592,1944,bottle,2392,856,2471,943
re_54.tif,2592,1944,bottle,2392,856,2471,943
rgb_54.jpg,2592,1944,bottle,2392,856,2471,943
g_54.tif,2592,1944,can,2342,1133,2421,1235
nir_54.tif,2592,1944,can,2342,1133,2421,1235
r_54.tif,2592,1944,can,2342,1133,2421,1235
re_54.tif,2592,1944,can,2342,1133,2421,1235
rgb_54.jpg,2592,1944,can,2342,1133,2421,1235
g_54.tif,2592,1944,can,2324,1231,2417,1335
nir_54.tif,2592,1944,can,2324,1231,2417,1335
r_54.tif,2592,1944,can,2324,1231,2417,1335
re_54.tif,2592,1944,can,2324,1231,2417,1335
rgb_54.jpg,2592,1944,can,2324,1231,2417,1335
g_54.tif,2592,1944,container,2279,1245,2345,1324
nir_54.tif,2592,1944,container,2279,1245,2345,1324
r_54.tif,2592,1944,container,2279,1245,2345,1324
re_54.tif,2592,1944,container,2279,1245,2345,1324
rgb_54.jpg,2592,1944,container,2279,1245,2345,1324
g_54.tif,2592,1944,bottle,1388,1009,1461,1056
nir_54.tif,2592,1944,bottle,1388,1009,1461,1056
r_54.tif,2592,1944,bottle,1388,1009,1461,1056
re_54.tif,2592,1944,bottle,1388,1009,1461,1056
rgb_54.jpg,2592,1944,bottle,1388,1009,1461,1056
g_54.tif,2592,1944,bottle,1338,949,1379,1024
nir_54.tif,2592,1944,bottle,1338,949,1379,1024
r_54.tif,2592,1944,bottle,1338,949,1379,1024
re_54.tif,2592,1944,bottle,1338,949,1379,1024
rgb_54.jpg,2592,1944,bottle,1338,949,1379,1024
g_54.tif,2592,1944,bottle,1374,956,1441,977
nir_54.tif,2592,1944,bottle,1374,956,1441,977
r_54.tif,2592,1944,bottle,1374,956,1441,977
re_54.tif,2592,1944,bottle,1374,956,1441,977
rgb_54.jpg,2592,1944,bottle,1374,956,1441,977
g_54.tif,2592,1944,bottle,1440,914,1471,992
nir_54.tif,2592,1944,bottle,1440,914,1471,992
r_54.tif,2592,1944,bottle,1440,914,1471,992
re_54.tif,2592,1944,bottle,1440,914,1471,992
rgb_54.jpg,2592,1944,bottle,1440,914,1471,992
g_54.tif,2592,1944,bottle,1433,881,1492,928
nir_54.tif,2592,1944,bottle,1433,881,1492,928
r_54.tif,2592,1944,bottle,1433,881,1492,928
re_54.tif,2592,1944,bottle,1433,881,1492,928
rgb_54.jpg,2592,1944,bottle,1433,881,1492,928
g_54.tif,2592,1944,bottle,1478,928,1528,993
nir_54.tif,2592,1944,bottle,1478,928,1528,993
r_54.tif,2592,1944,bottle,1478,928,1528,993
re_54.tif,2592,1944,bottle,1478,928,1528,993
rgb_54.jpg,2592,1944,bottle,1478,928,1528,993
g_54.tif,2592,1944,bottle,1486,899,1547,954
nir_54.tif,2592,1944,bottle,1486,899,1547,954
r_54.tif,2592,1944,bottle,1486,899,1547,954
re_54.tif,2592,1944,bottle,1486,899,1547,954
rgb_54.jpg,2592,1944,bottle,1486,899,1547,954
g_54.tif,2592,1944,bottle,1479,824,1526,904
nir_54.tif,2592,1944,bottle,1479,824,1526,904
r_54.tif,2592,1944,bottle,1479,824,1526,904
re_54.tif,2592,1944,bottle,1479,824,1526,904
rgb_54.jpg,2592,1944,bottle,1479,824,1526,904
g_54.tif,2592,1944,bottle,1378,799,1423,874
nir_54.tif,2592,1944,bottle,1378,799,1423,874
r_54.tif,2592,1944,bottle,1378,799,1423,874
re_54.tif,2592,1944,bottle,1378,799,1423,874
rgb_54.jpg,2592,1944,bottle,1378,799,1423,874
g_54.tif,2592,1944,bottle,1354,812,1379,866
nir_54.tif,2592,1944,bottle,1354,812,1379,866
r_54.tif,2592,1944,bottle,1354,812,1379,866
re_54.tif,2592,1944,bottle,1354,812,1379,866
rgb_54.jpg,2592,1944,bottle,1354,812,1379,866
g_54.tif,2592,1944,bottle,1312,821,1366,868
nir_54.tif,2592,1944,bottle,1312,821,1366,868
r_54.tif,2592,1944,bottle,1312,821,1366,868
re_54.tif,2592,1944,bottle,1312,821,1366,868
rgb_54.jpg,2592,1944,bottle,1312,821,1366,868
g_54.tif,2592,1944,bottle,1261,843,1348,878
nir_54.tif,2592,1944,bottle,1261,843,1348,878
r_54.tif,2592,1944,bottle,1261,843,1348,878
re_54.tif,2592,1944,bottle,1261,843,1348,878
rgb_54.jpg,2592,1944,bottle,1261,843,1348,878
g_54.tif,2592,1944,bottle,1264,864,1348,911
nir_54.tif,2592,1944,bottle,1264,864,1348,911
r_54.tif,2592,1944,bottle,1264,864,1348,911
re_54.tif,2592,1944,bottle,1264,864,1348,911
rgb_54.jpg,2592,1944,bottle,1264,864,1348,911
g_54.tif,2592,1944,bottle,1300,873,1364,907
nir_54.tif,2592,1944,bottle,1300,873,1364,907
r_54.tif,2592,1944,bottle,1300,873,1364,907
re_54.tif,2592,1944,bottle,1300,873,1364,907
rgb_54.jpg,2592,1944,bottle,1300,873,1364,907
g_54.tif,2592,1944,bottle,1279,904,1362,933
nir_54.tif,2592,1944,bottle,1279,904,1362,933
r_54.tif,2592,1944,bottle,1279,904,1362,933
re_54.tif,2592,1944,bottle,1279,904,1362,933
rgb_54.jpg,2592,1944,bottle,1279,904,1362,933
g_54.tif,2592,1944,bottle,1271,916,1350,957
nir_54.tif,2592,1944,bottle,1271,916,1350,957
r_54.tif,2592,1944,bottle,1271,916,1350,957
re_54.tif,2592,1944,bottle,1271,916,1350,957
rgb_54.jpg,2592,1944,bottle,1271,916,1350,957
g_54.tif,2592,1944,bottle,1269,935,1340,974
nir_54.tif,2592,1944,bottle,1269,935,1340,974
r_54.tif,2592,1944,bottle,1269,935,1340,974
re_54.tif,2592,1944,bottle,1269,935,1340,974
rgb_54.jpg,2592,1944,bottle,1269,935,1340,974
g_54.tif,2592,1944,can,1324,711,1423,793
nir_54.tif,2592,1944,can,1324,711,1423,793
r_54.tif,2592,1944,can,1324,711,1423,793
re_54.tif,2592,1944,can,1324,711,1423,793
rgb_54.jpg,2592,1944,can,1324,711,1423,793
g_54.tif,2592,1944,can,1366,868,1440,973
nir_54.tif,2592,1944,can,1366,868,1440,973
r_54.tif,2592,1944,can,1366,868,1440,973
re_54.tif,2592,1944,can,1366,868,1440,973
rgb_54.jpg,2592,1944,can,1366,868,1440,973
g_54.tif,2592,1944,can,1421,816,1497,893
nir_54.tif,2592,1944,can,1421,816,1497,893
r_54.tif,2592,1944,can,1421,816,1497,893
re_54.tif,2592,1944,can,1421,816,1497,893
rgb_54.jpg,2592,1944,can,1421,816,1497,893
g_55.tif,2592,1944,can,1564,859,1733,976
nir_55.tif,2592,1944,can,1564,859,1733,976
r_55.tif,2592,1944,can,1564,859,1733,976
re_55.tif,2592,1944,can,1564,859,1733,976
rgb_55.jpg,2592,1944,can,1564,859,1733,976
g_55.tif,2592,1944,bottle,1442,1009,1555,1064
nir_55.tif,2592,1944,bottle,1442,1009,1555,1064
r_55.tif,2592,1944,bottle,1442,1009,1555,1064
re_55.tif,2592,1944,bottle,1442,1009,1555,1064
rgb_55.jpg,2592,1944,bottle,1442,1009,1555,1064
g_55.tif,2592,1944,bottle,1538,976,1597,1118
nir_55.tif,2592,1944,bottle,1538,976,1597,1118
r_55.tif,2592,1944,bottle,1538,976,1597,1118
re_55.tif,2592,1944,bottle,1538,976,1597,1118
rgb_55.jpg,2592,1944,bottle,1538,976,1597,1118
g_55.tif,2592,1944,bottle,1585,957,1643,1090
nir_55.tif,2592,1944,bottle,1585,957,1643,1090
r_55.tif,2592,1944,bottle,1585,957,1643,1090
re_55.tif,2592,1944,bottle,1585,957,1643,1090
rgb_55.jpg,2592,1944,bottle,1585,957,1643,1090
g_55.tif,2592,1944,bottle,1621,999,1712,1099
nir_55.tif,2592,1944,bottle,1621,999,1712,1099
r_55.tif,2592,1944,bottle,1621,999,1712,1099
re_55.tif,2592,1944,bottle,1621,999,1712,1099
rgb_55.jpg,2592,1944,bottle,1621,999,1712,1099
g_55.tif,2592,1944,bottle,1762,1076,1854,1162
nir_55.tif,2592,1944,bottle,1762,1076,1854,1162
r_55.tif,2592,1944,bottle,1762,1076,1854,1162
re_55.tif,2592,1944,bottle,1762,1076,1854,1162
rgb_55.jpg,2592,1944,bottle,1762,1076,1854,1162
g_55.tif,2592,1944,bottle,1678,1149,1773,1204
nir_55.tif,2592,1944,bottle,1678,1149,1773,1204
r_55.tif,2592,1944,bottle,1678,1149,1773,1204
re_55.tif,2592,1944,bottle,1678,1149,1773,1204
rgb_55.jpg,2592,1944,bottle,1678,1149,1773,1204
g_55.tif,2592,1944,bottle,1764,1180,1845,1281
nir_55.tif,2592,1944,bottle,1764,1180,1845,1281
r_55.tif,2592,1944,bottle,1764,1180,1845,1281
re_55.tif,2592,1944,bottle,1764,1180,1845,1281
rgb_55.jpg,2592,1944,bottle,1764,1180,1845,1281
g_55.tif,2592,1944,bottle,1733,1214,1814,1311
nir_55.tif,2592,1944,bottle,1733,1214,1814,1311
r_55.tif,2592,1944,bottle,1733,1214,1814,1311
re_55.tif,2592,1944,bottle,1733,1214,1814,1311
rgb_55.jpg,2592,1944,bottle,1733,1214,1814,1311
g_55.tif,2592,1944,bottle,1678,1171,1729,1292
nir_55.tif,2592,1944,bottle,1678,1171,1729,1292
r_55.tif,2592,1944,bottle,1678,1171,1729,1292
re_55.tif,2592,1944,bottle,1678,1171,1729,1292
rgb_55.jpg,2592,1944,bottle,1678,1171,1729,1292
g_55.tif,2592,1944,bottle,1678,1143,1781,1223
nir_55.tif,2592,1944,bottle,1678,1143,1781,1223
r_55.tif,2592,1944,bottle,1678,1143,1781,1223
re_55.tif,2592,1944,bottle,1678,1143,1781,1223
rgb_55.jpg,2592,1944,bottle,1678,1143,1781,1223
g_55.tif,2592,1944,bottle,1707,1295,1785,1385
nir_55.tif,2592,1944,bottle,1707,1295,1785,1385
r_55.tif,2592,1944,bottle,1707,1295,1785,1385
re_55.tif,2592,1944,bottle,1707,1295,1785,1385
rgb_55.jpg,2592,1944,bottle,1707,1295,1785,1385
g_55.tif,2592,1944,bottle,1559,1302,1669,1388
nir_55.tif,2592,1944,bottle,1559,1302,1669,1388
r_55.tif,2592,1944,bottle,1559,1302,1669,1388
re_55.tif,2592,1944,bottle,1559,1302,1669,1388
rgb_55.jpg,2592,1944,bottle,1559,1302,1669,1388
g_55.tif,2592,1944,bottle,1592,1273,1712,1335
nir_55.tif,2592,1944,bottle,1592,1273,1712,1335
r_55.tif,2592,1944,bottle,1592,1273,1712,1335
re_55.tif,2592,1944,bottle,1592,1273,1712,1335
rgb_55.jpg,2592,1944,bottle,1592,1273,1712,1335
g_55.tif,2592,1944,bottle,1583,1224,1700,1273
nir_55.tif,2592,1944,bottle,1583,1224,1700,1273
r_55.tif,2592,1944,bottle,1583,1224,1700,1273
re_55.tif,2592,1944,bottle,1583,1224,1700,1273
rgb_55.jpg,2592,1944,bottle,1583,1224,1700,1273
g_55.tif,2592,1944,bottle,1531,1193,1581,1318
nir_55.tif,2592,1944,bottle,1531,1193,1581,1318
r_55.tif,2592,1944,bottle,1531,1193,1581,1318
re_55.tif,2592,1944,bottle,1531,1193,1581,1318
rgb_55.jpg,2592,1944,bottle,1531,1193,1581,1318
g_55.tif,2592,1944,bottle,1426,1131,1505,1235
nir_55.tif,2592,1944,bottle,1426,1131,1505,1235
r_55.tif,2592,1944,bottle,1426,1131,1505,1235
re_55.tif,2592,1944,bottle,1426,1131,1505,1235
rgb_55.jpg,2592,1944,bottle,1426,1131,1505,1235
g_55.tif,2592,1944,bottle,1442,1116,1529,1204
nir_55.tif,2592,1944,bottle,1442,1116,1529,1204
r_55.tif,2592,1944,bottle,1442,1116,1529,1204
re_55.tif,2592,1944,bottle,1442,1116,1529,1204
rgb_55.jpg,2592,1944,bottle,1442,1116,1529,1204
g_55.tif,2592,1944,bottle,1461,1106,1561,1168
nir_55.tif,2592,1944,bottle,1461,1106,1561,1168
r_55.tif,2592,1944,bottle,1461,1106,1561,1168
re_55.tif,2592,1944,bottle,1461,1106,1561,1168
rgb_55.jpg,2592,1944,bottle,1461,1106,1561,1168
g_55.tif,2592,1944,bottle,1447,1050,1567,1112
nir_55.tif,2592,1944,bottle,1447,1050,1567,1112
r_55.tif,2592,1944,bottle,1447,1050,1567,1112
re_55.tif,2592,1944,bottle,1447,1050,1567,1112
rgb_55.jpg,2592,1944,bottle,1447,1050,1567,1112
g_55.tif,2592,1944,bottle,1521,1069,1595,1159
nir_55.tif,2592,1944,bottle,1521,1069,1595,1159
r_55.tif,2592,1944,bottle,1521,1069,1595,1159
re_55.tif,2592,1944,bottle,1521,1069,1595,1159
rgb_55.jpg,2592,1944,bottle,1521,1069,1595,1159
g_55.tif,2592,1944,can,1578,1085,1690,1264
nir_55.tif,2592,1944,can,1578,1085,1690,1264
r_55.tif,2592,1944,can,1578,1085,1690,1264
re_55.tif,2592,1944,can,1578,1085,1690,1264
rgb_55.jpg,2592,1944,can,1578,1085,1690,1264
g_55.tif,2592,1944,can,1685,1054,1807,1159
nir_55.tif,2592,1944,can,1685,1054,1807,1159
r_55.tif,2592,1944,can,1685,1054,1807,1159
re_55.tif,2592,1944,can,1685,1054,1807,1159
rgb_55.jpg,2592,1944,can,1685,1054,1807,1159
g_56.tif,2592,1944,can,1576,861,1729,971
nir_56.tif,2592,1944,can,1576,861,1729,971
r_56.tif,2592,1944,can,1576,861,1729,971
re_56.tif,2592,1944,can,1576,861,1729,971
rgb_56.jpg,2592,1944,can,1576,861,1729,971
g_56.tif,2592,1944,container,1681,931,1867,1080
nir_56.tif,2592,1944,container,1681,931,1867,1080
r_56.tif,2592,1944,container,1681,931,1867,1080
re_56.tif,2592,1944,container,1681,931,1867,1080
rgb_56.jpg,2592,1944,container,1681,931,1867,1080
g_56.tif,2592,1944,can,1692,1049,1805,1166
nir_56.tif,2592,1944,can,1692,1049,1805,1166
r_56.tif,2592,1944,can,1692,1049,1805,1166
re_56.tif,2592,1944,can,1692,1049,1805,1166
rgb_56.jpg,2592,1944,can,1692,1049,1805,1166
g_56.tif,2592,1944,bottle,1683,1150,1774,1216
nir_56.tif,2592,1944,bottle,1683,1150,1774,1216
r_56.tif,2592,1944,bottle,1683,1150,1774,1216
re_56.tif,2592,1944,bottle,1683,1150,1774,1216
rgb_56.jpg,2592,1944,bottle,1683,1150,1774,1216
g_56.tif,2592,1944,bottle,1779,1083,1852,1185
nir_56.tif,2592,1944,bottle,1779,1083,1852,1185
r_56.tif,2592,1944,bottle,1779,1083,1852,1185
re_56.tif,2592,1944,bottle,1779,1083,1852,1185
rgb_56.jpg,2592,1944,bottle,1779,1083,1852,1185
g_56.tif,2592,1944,bottle,1743,1211,1809,1307
nir_56.tif,2592,1944,bottle,1743,1211,1809,1307
r_56.tif,2592,1944,bottle,1743,1211,1809,1307
re_56.tif,2592,1944,bottle,1743,1211,1809,1307
rgb_56.jpg,2592,1944,bottle,1743,1211,1809,1307
g_56.tif,2592,1944,bottle,1759,1187,1843,1283
nir_56.tif,2592,1944,bottle,1759,1187,1843,1283
r_56.tif,2592,1944,bottle,1759,1187,1843,1283
re_56.tif,2592,1944,bottle,1759,1187,1843,1283
rgb_56.jpg,2592,1944,bottle,1759,1187,1843,1283
g_56.tif,2592,1944,bottle,1683,1147,1785,1216
nir_56.tif,2592,1944,bottle,1683,1147,1785,1216
r_56.tif,2592,1944,bottle,1683,1147,1785,1216
re_56.tif,2592,1944,bottle,1683,1147,1785,1216
rgb_56.jpg,2592,1944,bottle,1683,1147,1785,1216
g_56.tif,2592,1944,bottle,1679,1178,1731,1292
nir_56.tif,2592,1944,bottle,1679,1178,1731,1292
r_56.tif,2592,1944,bottle,1679,1178,1731,1292
re_56.tif,2592,1944,bottle,1679,1178,1731,1292
rgb_56.jpg,2592,1944,bottle,1679,1178,1731,1292
g_56.tif,2592,1944,bottle,1707,1285,1795,1393
nir_56.tif,2592,1944,bottle,1707,1285,1795,1393
r_56.tif,2592,1944,bottle,1707,1285,1795,1393
re_56.tif,2592,1944,bottle,1707,1285,1795,1393
rgb_56.jpg,2592,1944,bottle,1707,1285,1795,1393
g_56.tif,2592,1944,bottle,1548,1309,1673,1371
nir_56.tif,2592,1944,bottle,1548,1309,1673,1371
r_56.tif,2592,1944,bottle,1548,1309,1673,1371
re_56.tif,2592,1944,bottle,1548,1309,1673,1371
rgb_56.jpg,2592,1944,bottle,1548,1309,1673,1371
g_56.tif,2592,1944,bottle,1605,1278,1711,1342
nir_56.tif,2592,1944,bottle,1605,1278,1711,1342
r_56.tif,2592,1944,bottle,1605,1278,1711,1342
re_56.tif,2592,1944,bottle,1605,1278,1711,1342
rgb_56.jpg,2592,1944,bottle,1605,1278,1711,1342
g_56.tif,2592,1944,bottle,1583,1223,1695,1281
nir_56.tif,2592,1944,bottle,1583,1223,1695,1281
r_56.tif,2592,1944,bottle,1583,1223,1695,1281
re_56.tif,2592,1944,bottle,1583,1223,1695,1281
rgb_56.jpg,2592,1944,bottle,1583,1223,1695,1281
g_56.tif,2592,1944,bottle,1531,1195,1590,1316
nir_56.tif,2592,1944,bottle,1531,1195,1590,1316
r_56.tif,2592,1944,bottle,1531,1195,1590,1316
re_56.tif,2592,1944,bottle,1531,1195,1590,1316
rgb_56.jpg,2592,1944,bottle,1531,1195,1590,1316
g_56.tif,2592,1944,bottle,1424,1142,1512,1237
nir_56.tif,2592,1944,bottle,1424,1142,1512,1237
r_56.tif,2592,1944,bottle,1424,1142,1512,1237
re_56.tif,2592,1944,bottle,1424,1142,1512,1237
rgb_56.jpg,2592,1944,bottle,1424,1142,1512,1237
g_56.tif,2592,1944,bottle,1464,1130,1548,1207
nir_56.tif,2592,1944,bottle,1464,1130,1548,1207
r_56.tif,2592,1944,bottle,1464,1130,1548,1207
re_56.tif,2592,1944,bottle,1464,1130,1548,1207
rgb_56.jpg,2592,1944,bottle,1464,1130,1548,1207
g_56.tif,2592,1944,bottle,1448,1107,1567,1174
nir_56.tif,2592,1944,bottle,1448,1107,1567,1174
r_56.tif,2592,1944,bottle,1448,1107,1567,1174
re_56.tif,2592,1944,bottle,1448,1107,1567,1174
rgb_56.jpg,2592,1944,bottle,1448,1107,1567,1174
g_56.tif,2592,1944,bottle,1448,1057,1569,1121
nir_56.tif,2592,1944,bottle,1448,1057,1569,1121
r_56.tif,2592,1944,bottle,1448,1057,1569,1121
re_56.tif,2592,1944,bottle,1448,1057,1569,1121
rgb_56.jpg,2592,1944,bottle,1448,1057,1569,1121
g_56.tif,2592,1944,bottle,1529,1085,1597,1162
nir_56.tif,2592,1944,bottle,1529,1085,1597,1162
r_56.tif,2592,1944,bottle,1529,1085,1597,1162
re_56.tif,2592,1944,bottle,1529,1085,1597,1162
rgb_56.jpg,2592,1944,bottle,1529,1085,1597,1162
g_56.tif,2592,1944,bottle,1450,1009,1574,1066
nir_56.tif,2592,1944,bottle,1450,1009,1574,1066
r_56.tif,2592,1944,bottle,1450,1009,1574,1066
re_56.tif,2592,1944,bottle,1450,1009,1574,1066
rgb_56.jpg,2592,1944,bottle,1450,1009,1574,1066
g_56.tif,2592,1944,bottle,1531,988,1602,1083
nir_56.tif,2592,1944,bottle,1531,988,1602,1083
r_56.tif,2592,1944,bottle,1531,988,1602,1083
re_56.tif,2592,1944,bottle,1531,988,1602,1083
rgb_56.jpg,2592,1944,bottle,1531,988,1602,1083
g_56.tif,2592,1944,bottle,1600,961,1655,1074
nir_56.tif,2592,1944,bottle,1600,961,1655,1074
r_56.tif,2592,1944,bottle,1600,961,1655,1074
re_56.tif,2592,1944,bottle,1600,961,1655,1074
rgb_56.jpg,2592,1944,bottle,1600,961,1655,1074
g_56.tif,2592,1944,bottle,1624,997,1717,1107
nir_56.tif,2592,1944,bottle,1624,997,1717,1107
r_56.tif,2592,1944,bottle,1624,997,1717,1107
re_56.tif,2592,1944,bottle,1624,997,1717,1107
rgb_56.jpg,2592,1944,bottle,1624,997,1717,1107
g_56.tif,2592,1944,can,1595,1095,1693,1245
nir_56.tif,2592,1944,can,1595,1095,1693,1245
r_56.tif,2592,1944,can,1595,1095,1693,1245
re_56.tif,2592,1944,can,1595,1095,1693,1245
rgb_56.jpg,2592,1944,can,1595,1095,1693,1245
g_57.tif,2592,1944,bottle,1041,863,1117,938
nir_57.tif,2592,1944,bottle,1041,863,1117,938
r_57.tif,2592,1944,bottle,1041,863,1117,938
re_57.tif,2592,1944,bottle,1041,863,1117,938
rgb_57.jpg,2592,1944,bottle,1041,863,1117,938
g_57.tif,2592,1944,bottle,1075,852,1137,921
nir_57.tif,2592,1944,bottle,1075,852,1137,921
r_57.tif,2592,1944,bottle,1075,852,1137,921
re_57.tif,2592,1944,bottle,1075,852,1137,921
rgb_57.jpg,2592,1944,bottle,1075,852,1137,921
g_57.tif,2592,1944,bottle,1115,885,1189,969
nir_57.tif,2592,1944,bottle,1115,885,1189,969
r_57.tif,2592,1944,bottle,1115,885,1189,969
re_57.tif,2592,1944,bottle,1115,885,1189,969
rgb_57.jpg,2592,1944,bottle,1115,885,1189,969
g_57.tif,2592,1944,bottle,1138,882,1209,970
nir_57.tif,2592,1944,bottle,1138,882,1209,970
r_57.tif,2592,1944,bottle,1138,882,1209,970
re_57.tif,2592,1944,bottle,1138,882,1209,970
rgb_57.jpg,2592,1944,bottle,1138,882,1209,970
g_57.tif,2592,1944,bottle,1120,937,1174,1008
nir_57.tif,2592,1944,bottle,1120,937,1174,1008
r_57.tif,2592,1944,bottle,1120,937,1174,1008
re_57.tif,2592,1944,bottle,1120,937,1174,1008
rgb_57.jpg,2592,1944,bottle,1120,937,1174,1008
g_57.tif,2592,1944,bottle,1154,915,1218,1012
nir_57.tif,2592,1944,bottle,1154,915,1218,1012
r_57.tif,2592,1944,bottle,1154,915,1218,1012
re_57.tif,2592,1944,bottle,1154,915,1218,1012
rgb_57.jpg,2592,1944,bottle,1154,915,1218,1012
g_57.tif,2592,1944,bottle,1174,971,1248,1013
nir_57.tif,2592,1944,bottle,1174,971,1248,1013
r_57.tif,2592,1944,bottle,1174,971,1248,1013
re_57.tif,2592,1944,bottle,1174,971,1248,1013
rgb_57.jpg,2592,1944,bottle,1174,971,1248,1013
g_57.tif,2592,1944,bottle,1241,951,1288,1050
nir_57.tif,2592,1944,bottle,1241,951,1288,1050
r_57.tif,2592,1944,bottle,1241,951,1288,1050
re_57.tif,2592,1944,bottle,1241,951,1288,1050
rgb_57.jpg,2592,1944,bottle,1241,951,1288,1050
g_57.tif,2592,1944,bottle,1275,959,1312,1020
nir_57.tif,2592,1944,bottle,1275,959,1312,1020
r_57.tif,2592,1944,bottle,1275,959,1312,1020
re_57.tif,2592,1944,bottle,1275,959,1312,1020
rgb_57.jpg,2592,1944,bottle,1275,959,1312,1020
g_57.tif,2592,1944,bottle,1296,970,1334,1047
nir_57.tif,2592,1944,bottle,1296,970,1334,1047
r_57.tif,2592,1944,bottle,1296,970,1334,1047
re_57.tif,2592,1944,bottle,1296,970,1334,1047
rgb_57.jpg,2592,1944,bottle,1296,970,1334,1047
g_57.tif,2592,1944,bottle,1425,1022,1464,1110
nir_57.tif,2592,1944,bottle,1425,1022,1464,1110
r_57.tif,2592,1944,bottle,1425,1022,1464,1110
re_57.tif,2592,1944,bottle,1425,1022,1464,1110
rgb_57.jpg,2592,1944,bottle,1425,1022,1464,1110
g_57.tif,2592,1944,bottle,1466,1150,1518,1242
nir_57.tif,2592,1944,bottle,1466,1150,1518,1242
r_57.tif,2592,1944,bottle,1466,1150,1518,1242
re_57.tif,2592,1944,bottle,1466,1150,1518,1242
rgb_57.jpg,2592,1944,bottle,1466,1150,1518,1242
g_57.tif,2592,1944,bottle,1465,1199,1509,1294
nir_57.tif,2592,1944,bottle,1465,1199,1509,1294
r_57.tif,2592,1944,bottle,1465,1199,1509,1294
re_57.tif,2592,1944,bottle,1465,1199,1509,1294
rgb_57.jpg,2592,1944,bottle,1465,1199,1509,1294
g_57.tif,2592,1944,bottle,1541,1352,1571,1445
nir_57.tif,2592,1944,bottle,1541,1352,1571,1445
r_57.tif,2592,1944,bottle,1541,1352,1571,1445
re_57.tif,2592,1944,bottle,1541,1352,1571,1445
rgb_57.jpg,2592,1944,bottle,1541,1352,1571,1445
g_57.tif,2592,1944,bottle,1566,1306,1647,1353
nir_57.tif,2592,1944,bottle,1566,1306,1647,1353
r_57.tif,2592,1944,bottle,1566,1306,1647,1353
re_57.tif,2592,1944,bottle,1566,1306,1647,1353
rgb_57.jpg,2592,1944,bottle,1566,1306,1647,1353
g_57.tif,2592,1944,bottle,1609,1416,1693,1466
nir_57.tif,2592,1944,bottle,1609,1416,1693,1466
r_57.tif,2592,1944,bottle,1609,1416,1693,1466
re_57.tif,2592,1944,bottle,1609,1416,1693,1466
rgb_57.jpg,2592,1944,bottle,1609,1416,1693,1466
g_57.tif,2592,1944,bottle,1590,1322,1666,1395
nir_57.tif,2592,1944,bottle,1590,1322,1666,1395
r_57.tif,2592,1944,bottle,1590,1322,1666,1395
re_57.tif,2592,1944,bottle,1590,1322,1666,1395
rgb_57.jpg,2592,1944,bottle,1590,1322,1666,1395
g_57.tif,2592,1944,bottle,1332,1193,1388,1274
nir_57.tif,2592,1944,bottle,1332,1193,1388,1274
r_57.tif,2592,1944,bottle,1332,1193,1388,1274
re_57.tif,2592,1944,bottle,1332,1193,1388,1274
rgb_57.jpg,2592,1944,bottle,1332,1193,1388,1274
g_57.tif,2592,1944,bottle,1280,1175,1351,1237
nir_57.tif,2592,1944,bottle,1280,1175,1351,1237
r_57.tif,2592,1944,bottle,1280,1175,1351,1237
re_57.tif,2592,1944,bottle,1280,1175,1351,1237
rgb_57.jpg,2592,1944,bottle,1280,1175,1351,1237
g_57.tif,2592,1944,bottle,1250,1196,1312,1268
nir_57.tif,2592,1944,bottle,1250,1196,1312,1268
r_57.tif,2592,1944,bottle,1250,1196,1312,1268
re_57.tif,2592,1944,bottle,1250,1196,1312,1268
rgb_57.jpg,2592,1944,bottle,1250,1196,1312,1268
g_57.tif,2592,1944,bottle,1128,1067,1199,1142
nir_57.tif,2592,1944,bottle,1128,1067,1199,1142
r_57.tif,2592,1944,bottle,1128,1067,1199,1142
re_57.tif,2592,1944,bottle,1128,1067,1199,1142
rgb_57.jpg,2592,1944,bottle,1128,1067,1199,1142
g_57.tif,2592,1944,bottle,1156,1054,1224,1121
nir_57.tif,2592,1944,bottle,1156,1054,1224,1121
r_57.tif,2592,1944,bottle,1156,1054,1224,1121
re_57.tif,2592,1944,bottle,1156,1054,1224,1121
rgb_57.jpg,2592,1944,bottle,1156,1054,1224,1121
g_57.tif,2592,1944,bottle,1171,1038,1243,1096
nir_57.tif,2592,1944,bottle,1171,1038,1243,1096
r_57.tif,2592,1944,bottle,1171,1038,1243,1096
re_57.tif,2592,1944,bottle,1171,1038,1243,1096
rgb_57.jpg,2592,1944,bottle,1171,1038,1243,1096
g_57.tif,2592,1944,bottle,1200,1022,1271,1076
nir_57.tif,2592,1944,bottle,1200,1022,1271,1076
r_57.tif,2592,1944,bottle,1200,1022,1271,1076
re_57.tif,2592,1944,bottle,1200,1022,1271,1076
rgb_57.jpg,2592,1944,bottle,1200,1022,1271,1076
g_57.tif,2592,1944,bottle,1260,1134,1336,1175
nir_57.tif,2592,1944,bottle,1260,1134,1336,1175
r_57.tif,2592,1944,bottle,1260,1134,1336,1175
re_57.tif,2592,1944,bottle,1260,1134,1336,1175
rgb_57.jpg,2592,1944,bottle,1260,1134,1336,1175
g_57.tif,2592,1944,bottle,1324,1119,1414,1176
nir_57.tif,2592,1944,bottle,1324,1119,1414,1176
r_57.tif,2592,1944,bottle,1324,1119,1414,1176
re_57.tif,2592,1944,bottle,1324,1119,1414,1176
rgb_57.jpg,2592,1944,bottle,1324,1119,1414,1176
g_57.tif,2592,1944,bottle,1352,1147,1427,1212
nir_57.tif,2592,1944,bottle,1352,1147,1427,1212
r_57.tif,2592,1944,bottle,1352,1147,1427,1212
re_57.tif,2592,1944,bottle,1352,1147,1427,1212
rgb_57.jpg,2592,1944,bottle,1352,1147,1427,1212
g_57.tif,2592,1944,bottle,1403,1112,1463,1185
nir_57.tif,2592,1944,bottle,1403,1112,1463,1185
r_57.tif,2592,1944,bottle,1403,1112,1463,1185
re_57.tif,2592,1944,bottle,1403,1112,1463,1185
rgb_57.jpg,2592,1944,bottle,1403,1112,1463,1185
g_57.tif,2592,1944,bottle,1373,1129,1436,1203
nir_57.tif,2592,1944,bottle,1373,1129,1436,1203
r_57.tif,2592,1944,bottle,1373,1129,1436,1203
re_57.tif,2592,1944,bottle,1373,1129,1436,1203
rgb_57.jpg,2592,1944,bottle,1373,1129,1436,1203
g_57.tif,2592,1944,bottle,1219,1110,1254,1215
nir_57.tif,2592,1944,bottle,1219,1110,1254,1215
r_57.tif,2592,1944,bottle,1219,1110,1254,1215
re_57.tif,2592,1944,bottle,1219,1110,1254,1215
rgb_57.jpg,2592,1944,bottle,1219,1110,1254,1215
g_57.tif,2592,1944,container,1148,1201,1216,1276
nir_57.tif,2592,1944,container,1148,1201,1216,1276
r_57.tif,2592,1944,container,1148,1201,1216,1276
re_57.tif,2592,1944,container,1148,1201,1216,1276
rgb_57.jpg,2592,1944,container,1148,1201,1216,1276
g_57.tif,2592,1944,container,1205,1251,1415,1442
nir_57.tif,2592,1944,container,1205,1251,1415,1442
r_57.tif,2592,1944,container,1205,1251,1415,1442
re_57.tif,2592,1944,container,1205,1251,1415,1442
rgb_57.jpg,2592,1944,container,1205,1251,1415,1442
g_57.tif,2592,1944,can,1391,1215,1478,1337
nir_57.tif,2592,1944,can,1391,1215,1478,1337
r_57.tif,2592,1944,can,1391,1215,1478,1337
re_57.tif,2592,1944,can,1391,1215,1478,1337
rgb_57.jpg,2592,1944,can,1391,1215,1478,1337
g_57.tif,2592,1944,container,1534,1196,1595,1255
nir_57.tif,2592,1944,container,1534,1196,1595,1255
r_57.tif,2592,1944,container,1534,1196,1595,1255
re_57.tif,2592,1944,container,1534,1196,1595,1255
rgb_57.jpg,2592,1944,container,1534,1196,1595,1255
g_57.tif,2592,1944,container,1493,1085,1562,1192
nir_57.tif,2592,1944,container,1493,1085,1562,1192
r_57.tif,2592,1944,container,1493,1085,1562,1192
re_57.tif,2592,1944,container,1493,1085,1562,1192
rgb_57.jpg,2592,1944,container,1493,1085,1562,1192
g_57.tif,2592,1944,container,1355,907,1498,1018
nir_57.tif,2592,1944,container,1355,907,1498,1018
r_57.tif,2592,1944,container,1355,907,1498,1018
re_57.tif,2592,1944,container,1355,907,1498,1018
rgb_57.jpg,2592,1944,container,1355,907,1498,1018
g_57.tif,2592,1944,can,1206,868,1327,985
nir_57.tif,2592,1944,can,1206,868,1327,985
r_57.tif,2592,1944,can,1206,868,1327,985
re_57.tif,2592,1944,can,1206,868,1327,985
rgb_57.jpg,2592,1944,can,1206,868,1327,985
g_57.tif,2592,1944,can,1269,841,1382,932
nir_57.tif,2592,1944,can,1269,841,1382,932
r_57.tif,2592,1944,can,1269,841,1382,932
re_57.tif,2592,1944,can,1269,841,1382,932
rgb_57.jpg,2592,1944,can,1269,841,1382,932
g_57.tif,2592,1944,can,1467,979,1585,1073
nir_57.tif,2592,1944,can,1467,979,1585,1073
r_57.tif,2592,1944,can,1467,979,1585,1073
re_57.tif,2592,1944,can,1467,979,1585,1073
rgb_57.jpg,2592,1944,can,1467,979,1585,1073
g_57.tif,2592,1944,can,1544,1076,1620,1201
nir_57.tif,2592,1944,can,1544,1076,1620,1201
r_57.tif,2592,1944,can,1544,1076,1620,1201
re_57.tif,2592,1944,can,1544,1076,1620,1201
rgb_57.jpg,2592,1944,can,1544,1076,1620,1201
g_57.tif,2592,1944,can,1437,1051,1528,1162
nir_57.tif,2592,1944,can,1437,1051,1528,1162
r_57.tif,2592,1944,can,1437,1051,1528,1162
re_57.tif,2592,1944,can,1437,1051,1528,1162
rgb_57.jpg,2592,1944,can,1437,1051,1528,1162
g_57.tif,2592,1944,can,1332,1026,1438,1135
nir_57.tif,2592,1944,can,1332,1026,1438,1135
r_57.tif,2592,1944,can,1332,1026,1438,1135
re_57.tif,2592,1944,can,1332,1026,1438,1135
rgb_57.jpg,2592,1944,can,1332,1026,1438,1135
g_57.tif,2592,1944,can,1258,1039,1342,1169
nir_57.tif,2592,1944,can,1258,1039,1342,1169
r_57.tif,2592,1944,can,1258,1039,1342,1169
re_57.tif,2592,1944,can,1258,1039,1342,1169
rgb_57.jpg,2592,1944,can,1258,1039,1342,1169
g_57.tif,2592,1944,can,1389,1220,1480,1340
nir_57.tif,2592,1944,can,1389,1220,1480,1340
r_57.tif,2592,1944,can,1389,1220,1480,1340
re_57.tif,2592,1944,can,1389,1220,1480,1340
rgb_57.jpg,2592,1944,can,1389,1220,1480,1340
g_57.tif,2592,1944,can,1321,933,1399,1045
nir_57.tif,2592,1944,can,1321,933,1399,1045
r_57.tif,2592,1944,can,1321,933,1399,1045
re_57.tif,2592,1944,can,1321,933,1399,1045
rgb_57.jpg,2592,1944,can,1321,933,1399,1045
g_58.tif,2592,1944,bottle,754,692,851,805
nir_58.tif,2592,1944,bottle,754,692,851,805
r_58.tif,2592,1944,bottle,754,692,851,805
re_58.tif,2592,1944,bottle,754,692,851,805
rgb_58.jpg,2592,1944,bottle,754,692,851,805
g_58.tif,2592,1944,bottle,794,679,894,794
nir_58.tif,2592,1944,bottle,794,679,894,794
r_58.tif,2592,1944,bottle,794,679,894,794
re_58.tif,2592,1944,bottle,794,679,894,794
rgb_58.jpg,2592,1944,bottle,794,679,894,794
g_58.tif,2592,1944,bottle,890,725,989,839
nir_58.tif,2592,1944,bottle,890,725,989,839
r_58.tif,2592,1944,bottle,890,725,989,839
re_58.tif,2592,1944,bottle,890,725,989,839
rgb_58.jpg,2592,1944,bottle,890,725,989,839
g_58.tif,2592,1944,bottle,843,747,944,844
nir_58.tif,2592,1944,bottle,843,747,944,844
r_58.tif,2592,1944,bottle,843,747,944,844
re_58.tif,2592,1944,bottle,843,747,944,844
rgb_58.jpg,2592,1944,bottle,843,747,944,844
g_58.tif,2592,1944,bottle,839,802,932,919
nir_58.tif,2592,1944,bottle,839,802,932,919
r_58.tif,2592,1944,bottle,839,802,932,919
re_58.tif,2592,1944,bottle,839,802,932,919
rgb_58.jpg,2592,1944,bottle,839,802,932,919
g_58.tif,2592,1944,bottle,894,782,996,901
nir_58.tif,2592,1944,bottle,894,782,996,901
r_58.tif,2592,1944,bottle,894,782,996,901
re_58.tif,2592,1944,bottle,894,782,996,901
rgb_58.jpg,2592,1944,bottle,894,782,996,901
g_58.tif,2592,1944,bottle,915,868,1034,927
nir_58.tif,2592,1944,bottle,915,868,1034,927
r_58.tif,2592,1944,bottle,915,868,1034,927
re_58.tif,2592,1944,bottle,915,868,1034,927
rgb_58.jpg,2592,1944,bottle,915,868,1034,927
g_58.tif,2592,1944,bottle,1016,848,1080,982
nir_58.tif,2592,1944,bottle,1016,848,1080,982
r_58.tif,2592,1944,bottle,1016,848,1080,982
re_58.tif,2592,1944,bottle,1016,848,1080,982
rgb_58.jpg,2592,1944,bottle,1016,848,1080,982
g_58.tif,2592,1944,bottle,1068,857,1125,946
nir_58.tif,2592,1944,bottle,1068,857,1125,946
r_58.tif,2592,1944,bottle,1068,857,1125,946
re_58.tif,2592,1944,bottle,1068,857,1125,946
rgb_58.jpg,2592,1944,bottle,1068,857,1125,946
g_58.tif,2592,1944,bottle,1100,862,1156,979
nir_58.tif,2592,1944,bottle,1100,862,1156,979
r_58.tif,2592,1944,bottle,1100,862,1156,979
re_58.tif,2592,1944,bottle,1100,862,1156,979
rgb_58.jpg,2592,1944,bottle,1100,862,1156,979
g_58.tif,2592,1944,bottle,901,915,1038,965
nir_58.tif,2592,1944,bottle,901,915,1038,965
r_58.tif,2592,1944,bottle,901,915,1038,965
re_58.tif,2592,1944,bottle,901,915,1038,965
rgb_58.jpg,2592,1944,bottle,901,915,1038,965
g_58.tif,2592,1944,bottle,958,919,1049,1026
nir_58.tif,2592,1944,bottle,958,919,1049,1026
r_58.tif,2592,1944,bottle,958,919,1049,1026
re_58.tif,2592,1944,bottle,958,919,1049,1026
rgb_58.jpg,2592,1944,bottle,958,919,1049,1026
g_58.tif,2592,1944,bottle,904,941,1022,1047
nir_58.tif,2592,1944,bottle,904,941,1022,1047
r_58.tif,2592,1944,bottle,904,941,1022,1047
re_58.tif,2592,1944,bottle,904,941,1022,1047
rgb_58.jpg,2592,1944,bottle,904,941,1022,1047
g_58.tif,2592,1944,bottle,872,977,976,1082
nir_58.tif,2592,1944,bottle,872,977,976,1082
r_58.tif,2592,1944,bottle,872,977,976,1082
re_58.tif,2592,1944,bottle,872,977,976,1082
rgb_58.jpg,2592,1944,bottle,872,977,976,1082
g_58.tif,2592,1944,bottle,844,989,955,1110
nir_58.tif,2592,1944,bottle,844,989,955,1110
r_58.tif,2592,1944,bottle,844,989,955,1110
re_58.tif,2592,1944,bottle,844,989,955,1110
rgb_58.jpg,2592,1944,bottle,844,989,955,1110
g_58.tif,2592,1944,bottle,968,1066,1023,1208
nir_58.tif,2592,1944,bottle,968,1066,1023,1208
r_58.tif,2592,1944,bottle,968,1066,1023,1208
re_58.tif,2592,1944,bottle,968,1066,1023,1208
rgb_58.jpg,2592,1944,bottle,968,1066,1023,1208
g_58.tif,2592,1944,bottle,1015,1104,1143,1174
nir_58.tif,2592,1944,bottle,1015,1104,1143,1174
r_58.tif,2592,1944,bottle,1015,1104,1143,1174
re_58.tif,2592,1944,bottle,1015,1104,1143,1174
rgb_58.jpg,2592,1944,bottle,1015,1104,1143,1174
g_58.tif,2592,1944,bottle,998,1183,1101,1297
nir_58.tif,2592,1944,bottle,998,1183,1101,1297
r_58.tif,2592,1944,bottle,998,1183,1101,1297
re_58.tif,2592,1944,bottle,998,1183,1101,1297
rgb_58.jpg,2592,1944,bottle,998,1183,1101,1297
g_58.tif,2592,1944,bottle,1041,1165,1155,1259
nir_58.tif,2592,1944,bottle,1041,1165,1155,1259
r_58.tif,2592,1944,bottle,1041,1165,1155,1259
re_58.tif,2592,1944,bottle,1041,1165,1155,1259
rgb_58.jpg,2592,1944,bottle,1041,1165,1155,1259
g_58.tif,2592,1944,bottle,1102,1202,1218,1317
nir_58.tif,2592,1944,bottle,1102,1202,1218,1317
r_58.tif,2592,1944,bottle,1102,1202,1218,1317
re_58.tif,2592,1944,bottle,1102,1202,1218,1317
rgb_58.jpg,2592,1944,bottle,1102,1202,1218,1317
g_58.tif,2592,1944,bottle,1154,1134,1272,1226
nir_58.tif,2592,1944,bottle,1154,1134,1272,1226
r_58.tif,2592,1944,bottle,1154,1134,1272,1226
re_58.tif,2592,1944,bottle,1154,1134,1272,1226
rgb_58.jpg,2592,1944,bottle,1154,1134,1272,1226
g_58.tif,2592,1944,bottle,1119,1092,1248,1167
nir_58.tif,2592,1944,bottle,1119,1092,1248,1167
r_58.tif,2592,1944,bottle,1119,1092,1248,1167
re_58.tif,2592,1944,bottle,1119,1092,1248,1167
rgb_58.jpg,2592,1944,bottle,1119,1092,1248,1167
g_58.tif,2592,1944,bottle,1243,1084,1313,1200
nir_58.tif,2592,1944,bottle,1243,1084,1313,1200
r_58.tif,2592,1944,bottle,1243,1084,1313,1200
re_58.tif,2592,1944,bottle,1243,1084,1313,1200
rgb_58.jpg,2592,1944,bottle,1243,1084,1313,1200
g_58.tif,2592,1944,bottle,1263,966,1334,1090
nir_58.tif,2592,1944,bottle,1263,966,1334,1090
r_58.tif,2592,1944,bottle,1263,966,1334,1090
re_58.tif,2592,1944,bottle,1263,966,1334,1090
rgb_58.jpg,2592,1944,bottle,1263,966,1334,1090
g_58.tif,2592,1944,bottle,1202,1189,1334,1276
nir_58.tif,2592,1944,bottle,1202,1189,1334,1276
r_58.tif,2592,1944,bottle,1202,1189,1334,1276
re_58.tif,2592,1944,bottle,1202,1189,1334,1276
rgb_58.jpg,2592,1944,bottle,1202,1189,1334,1276
g_58.tif,2592,1944,bottle,1309,1139,1410,1272
nir_58.tif,2592,1944,bottle,1309,1139,1410,1272
r_58.tif,2592,1944,bottle,1309,1139,1410,1272
re_58.tif,2592,1944,bottle,1309,1139,1410,1272
rgb_58.jpg,2592,1944,bottle,1309,1139,1410,1272
g_58.tif,2592,1944,bottle,1307,1215,1354,1349
nir_58.tif,2592,1944,bottle,1307,1215,1354,1349
r_58.tif,2592,1944,bottle,1307,1215,1354,1349
re_58.tif,2592,1944,bottle,1307,1215,1354,1349
rgb_58.jpg,2592,1944,bottle,1307,1215,1354,1349
g_58.tif,2592,1944,bottle,1130,1360,1188,1510
nir_58.tif,2592,1944,bottle,1130,1360,1188,1510
r_58.tif,2592,1944,bottle,1130,1360,1188,1510
re_58.tif,2592,1944,bottle,1130,1360,1188,1510
rgb_58.jpg,2592,1944,bottle,1130,1360,1188,1510
g_58.tif,2592,1944,bottle,1147,1410,1255,1546
nir_58.tif,2592,1944,bottle,1147,1410,1255,1546
r_58.tif,2592,1944,bottle,1147,1410,1255,1546
re_58.tif,2592,1944,bottle,1147,1410,1255,1546
rgb_58.jpg,2592,1944,bottle,1147,1410,1255,1546
g_58.tif,2592,1944,bottle,1187,1535,1329,1612
nir_58.tif,2592,1944,bottle,1187,1535,1329,1612
r_58.tif,2592,1944,bottle,1187,1535,1329,1612
re_58.tif,2592,1944,bottle,1187,1535,1329,1612
rgb_58.jpg,2592,1944,bottle,1187,1535,1329,1612
g_58.tif,2592,1944,bottle,1264,1605,1410,1669
nir_58.tif,2592,1944,bottle,1264,1605,1410,1669
r_58.tif,2592,1944,bottle,1264,1605,1410,1669
re_58.tif,2592,1944,bottle,1264,1605,1410,1669
rgb_58.jpg,2592,1944,bottle,1264,1605,1410,1669
g_58.tif,2592,1944,bottle,1309,1566,1464,1657
nir_58.tif,2592,1944,bottle,1309,1566,1464,1657
r_58.tif,2592,1944,bottle,1309,1566,1464,1657
re_58.tif,2592,1944,bottle,1309,1566,1464,1657
rgb_58.jpg,2592,1944,bottle,1309,1566,1464,1657
g_58.tif,2592,1944,bottle,1621,1525,1748,1627
nir_58.tif,2592,1944,bottle,1621,1525,1748,1627
r_58.tif,2592,1944,bottle,1621,1525,1748,1627
re_58.tif,2592,1944,bottle,1621,1525,1748,1627
rgb_58.jpg,2592,1944,bottle,1621,1525,1748,1627
g_58.tif,2592,1944,bottle,1547,1501,1630,1639
nir_58.tif,2592,1944,bottle,1547,1501,1630,1639
r_58.tif,2592,1944,bottle,1547,1501,1630,1639
re_58.tif,2592,1944,bottle,1547,1501,1630,1639
rgb_58.jpg,2592,1944,bottle,1547,1501,1630,1639
g_58.tif,2592,1944,bottle,1463,1543,1580,1647
nir_58.tif,2592,1944,bottle,1463,1543,1580,1647
r_58.tif,2592,1944,bottle,1463,1543,1580,1647
re_58.tif,2592,1944,bottle,1463,1543,1580,1647
rgb_58.jpg,2592,1944,bottle,1463,1543,1580,1647
g_58.tif,2592,1944,bottle,1687,1297,1810,1407
nir_58.tif,2592,1944,bottle,1687,1297,1810,1407
r_58.tif,2592,1944,bottle,1687,1297,1810,1407
re_58.tif,2592,1944,bottle,1687,1297,1810,1407
rgb_58.jpg,2592,1944,bottle,1687,1297,1810,1407
g_58.tif,2592,1944,bottle,1367,1552,1489,1618
nir_58.tif,2592,1944,bottle,1367,1552,1489,1618
r_58.tif,2592,1944,bottle,1367,1552,1489,1618
re_58.tif,2592,1944,bottle,1367,1552,1489,1618
rgb_58.jpg,2592,1944,bottle,1367,1552,1489,1618
g_58.tif,2592,1944,bottle,1247,1513,1385,1560
nir_58.tif,2592,1944,bottle,1247,1513,1385,1560
r_58.tif,2592,1944,bottle,1247,1513,1385,1560
re_58.tif,2592,1944,bottle,1247,1513,1385,1560
rgb_58.jpg,2592,1944,bottle,1247,1513,1385,1560
g_58.tif,2592,1944,bottle,1246,1457,1369,1542
nir_58.tif,2592,1944,bottle,1246,1457,1369,1542
r_58.tif,2592,1944,bottle,1246,1457,1369,1542
re_58.tif,2592,1944,bottle,1246,1457,1369,1542
rgb_58.jpg,2592,1944,bottle,1246,1457,1369,1542
g_58.tif,2592,1944,bottle,1287,1441,1407,1516
nir_58.tif,2592,1944,bottle,1287,1441,1407,1516
r_58.tif,2592,1944,bottle,1287,1441,1407,1516
re_58.tif,2592,1944,bottle,1287,1441,1407,1516
rgb_58.jpg,2592,1944,bottle,1287,1441,1407,1516
g_58.tif,2592,1944,bottle,1275,1322,1379,1450
nir_58.tif,2592,1944,bottle,1275,1322,1379,1450
r_58.tif,2592,1944,bottle,1275,1322,1379,1450
re_58.tif,2592,1944,bottle,1275,1322,1379,1450
rgb_58.jpg,2592,1944,bottle,1275,1322,1379,1450
g_58.tif,2592,1944,bottle,1354,1387,1475,1455
nir_58.tif,2592,1944,bottle,1354,1387,1475,1455
r_58.tif,2592,1944,bottle,1354,1387,1475,1455
re_58.tif,2592,1944,bottle,1354,1387,1475,1455
rgb_58.jpg,2592,1944,bottle,1354,1387,1475,1455
g_58.tif,2592,1944,bottle,1365,1258,1419,1397
nir_58.tif,2592,1944,bottle,1365,1258,1419,1397
r_58.tif,2592,1944,bottle,1365,1258,1419,1397
re_58.tif,2592,1944,bottle,1365,1258,1419,1397
rgb_58.jpg,2592,1944,bottle,1365,1258,1419,1397
g_58.tif,2592,1944,bottle,1410,1288,1472,1412
nir_58.tif,2592,1944,bottle,1410,1288,1472,1412
r_58.tif,2592,1944,bottle,1410,1288,1472,1412
re_58.tif,2592,1944,bottle,1410,1288,1472,1412
rgb_58.jpg,2592,1944,bottle,1410,1288,1472,1412
g_58.tif,2592,1944,bottle,1449,1330,1521,1430
nir_58.tif,2592,1944,bottle,1449,1330,1521,1430
r_58.tif,2592,1944,bottle,1449,1330,1521,1430
re_58.tif,2592,1944,bottle,1449,1330,1521,1430
rgb_58.jpg,2592,1944,bottle,1449,1330,1521,1430
g_58.tif,2592,1944,bottle,1472,1272,1543,1359
nir_58.tif,2592,1944,bottle,1472,1272,1543,1359
r_58.tif,2592,1944,bottle,1472,1272,1543,1359
re_58.tif,2592,1944,bottle,1472,1272,1543,1359
rgb_58.jpg,2592,1944,bottle,1472,1272,1543,1359
g_58.tif,2592,1944,bottle,1496,1150,1593,1279
nir_58.tif,2592,1944,bottle,1496,1150,1593,1279
r_58.tif,2592,1944,bottle,1496,1150,1593,1279
re_58.tif,2592,1944,bottle,1496,1150,1593,1279
rgb_58.jpg,2592,1944,bottle,1496,1150,1593,1279
g_58.tif,2592,1944,bottle,1623,1179,1716,1308
nir_58.tif,2592,1944,bottle,1623,1179,1716,1308
r_58.tif,2592,1944,bottle,1623,1179,1716,1308
re_58.tif,2592,1944,bottle,1623,1179,1716,1308
rgb_58.jpg,2592,1944,bottle,1623,1179,1716,1308
g_58.tif,2592,1944,bottle,1560,1297,1683,1390
nir_58.tif,2592,1944,bottle,1560,1297,1683,1390
r_58.tif,2592,1944,bottle,1560,1297,1683,1390
re_58.tif,2592,1944,bottle,1560,1297,1683,1390
rgb_58.jpg,2592,1944,bottle,1560,1297,1683,1390
g_58.tif,2592,1944,bottle,1609,1341,1706,1469
nir_58.tif,2592,1944,bottle,1609,1341,1706,1469
r_58.tif,2592,1944,bottle,1609,1341,1706,1469
re_58.tif,2592,1944,bottle,1609,1341,1706,1469
rgb_58.jpg,2592,1944,bottle,1609,1341,1706,1469
g_58.tif,2592,1944,bottle,1540,1444,1689,1525
nir_58.tif,2592,1944,bottle,1540,1444,1689,1525
r_58.tif,2592,1944,bottle,1540,1444,1689,1525
re_58.tif,2592,1944,bottle,1540,1444,1689,1525
rgb_58.jpg,2592,1944,bottle,1540,1444,1689,1525
g_58.tif,2592,1944,bottle,1500,1390,1627,1476
nir_58.tif,2592,1944,bottle,1500,1390,1627,1476
r_58.tif,2592,1944,bottle,1500,1390,1627,1476
re_58.tif,2592,1944,bottle,1500,1390,1627,1476
rgb_58.jpg,2592,1944,bottle,1500,1390,1627,1476
g_58.tif,2592,1944,bottle,1498,1355,1605,1441
nir_58.tif,2592,1944,bottle,1498,1355,1605,1441
r_58.tif,2592,1944,bottle,1498,1355,1605,1441
re_58.tif,2592,1944,bottle,1498,1355,1605,1441
rgb_58.jpg,2592,1944,bottle,1498,1355,1605,1441
g_58.tif,2592,1944,bottle,1501,1292,1610,1400
nir_58.tif,2592,1944,bottle,1501,1292,1610,1400
r_58.tif,2592,1944,bottle,1501,1292,1610,1400
re_58.tif,2592,1944,bottle,1501,1292,1610,1400
rgb_58.jpg,2592,1944,bottle,1501,1292,1610,1400
g_58.tif,2592,1944,bottle,1575,1292,1689,1390
nir_58.tif,2592,1944,bottle,1575,1292,1689,1390
r_58.tif,2592,1944,bottle,1575,1292,1689,1390
re_58.tif,2592,1944,bottle,1575,1292,1689,1390
rgb_58.jpg,2592,1944,bottle,1575,1292,1689,1390
g_58.tif,2592,1944,bottle,1460,1227,1585,1315
nir_58.tif,2592,1944,bottle,1460,1227,1585,1315
r_58.tif,2592,1944,bottle,1460,1227,1585,1315
re_58.tif,2592,1944,bottle,1460,1227,1585,1315
rgb_58.jpg,2592,1944,bottle,1460,1227,1585,1315
g_58.tif,2592,1944,bottle,1475,1433,1544,1568
nir_58.tif,2592,1944,bottle,1475,1433,1544,1568
r_58.tif,2592,1944,bottle,1475,1433,1544,1568
re_58.tif,2592,1944,bottle,1475,1433,1544,1568
rgb_58.jpg,2592,1944,bottle,1475,1433,1544,1568
g_58.tif,2592,1944,bottle,1384,1442,1475,1569
nir_58.tif,2592,1944,bottle,1384,1442,1475,1569
r_58.tif,2592,1944,bottle,1384,1442,1475,1569
re_58.tif,2592,1944,bottle,1384,1442,1475,1569
rgb_58.jpg,2592,1944,bottle,1384,1442,1475,1569
g_58.tif,2592,1944,container,1193,791,1373,969
nir_58.tif,2592,1944,container,1193,791,1373,969
r_58.tif,2592,1944,container,1193,791,1373,969
re_58.tif,2592,1944,container,1193,791,1373,969
rgb_58.jpg,2592,1944,container,1193,791,1373,969
g_58.tif,2592,1944,container,929,1273,1217,1546
nir_58.tif,2592,1944,container,929,1273,1217,1546
r_58.tif,2592,1944,container,929,1273,1217,1546
re_58.tif,2592,1944,container,929,1273,1217,1546
rgb_58.jpg,2592,1944,container,929,1273,1217,1546
g_58.tif,2592,1944,container,858,1194,951,1289
nir_58.tif,2592,1944,container,858,1194,951,1289
r_58.tif,2592,1944,container,858,1194,951,1289
re_58.tif,2592,1944,container,858,1194,951,1289
rgb_58.jpg,2592,1944,container,858,1194,951,1289
g_58.tif,2592,1944,container,1354,1066,1458,1204
nir_58.tif,2592,1944,container,1354,1066,1458,1204
r_58.tif,2592,1944,container,1354,1066,1458,1204
re_58.tif,2592,1944,container,1354,1066,1458,1204
rgb_58.jpg,2592,1944,container,1354,1066,1458,1204
g_58.tif,2592,1944,can,972,721,1142,887
nir_58.tif,2592,1944,can,972,721,1142,887
r_58.tif,2592,1944,can,972,721,1142,887
re_58.tif,2592,1944,can,972,721,1142,887
rgb_58.jpg,2592,1944,can,972,721,1142,887
g_58.tif,2592,1944,can,1068,687,1233,834
nir_58.tif,2592,1944,can,1068,687,1233,834
r_58.tif,2592,1944,can,1068,687,1233,834
re_58.tif,2592,1944,can,1068,687,1233,834
rgb_58.jpg,2592,1944,can,1068,687,1233,834
g_58.tif,2592,1944,can,1022,973,1150,1154
nir_58.tif,2592,1944,can,1022,973,1150,1154
r_58.tif,2592,1944,can,1022,973,1150,1154
re_58.tif,2592,1944,can,1022,973,1150,1154
rgb_58.jpg,2592,1944,can,1022,973,1150,1154
g_58.tif,2592,1944,can,1125,965,1291,1113
nir_58.tif,2592,1944,can,1125,965,1291,1113
r_58.tif,2592,1944,can,1125,965,1291,1113
re_58.tif,2592,1944,can,1125,965,1291,1113
rgb_58.jpg,2592,1944,can,1125,965,1291,1113
g_58.tif,2592,1944,can,1280,993,1423,1160
nir_58.tif,2592,1944,can,1280,993,1423,1160
r_58.tif,2592,1944,can,1280,993,1423,1160
re_58.tif,2592,1944,can,1280,993,1423,1160
rgb_58.jpg,2592,1944,can,1280,993,1423,1160
g_58.tif,2592,1944,can,1176,1244,1316,1412
nir_58.tif,2592,1944,can,1176,1244,1316,1412
r_58.tif,2592,1944,can,1176,1244,1316,1412
re_58.tif,2592,1944,can,1176,1244,1316,1412
rgb_58.jpg,2592,1944,can,1176,1244,1316,1412
g_58.tif,2592,1944,can,1433,1049,1560,1239
nir_58.tif,2592,1944,can,1433,1049,1560,1239
r_58.tif,2592,1944,can,1433,1049,1560,1239
re_58.tif,2592,1944,can,1433,1049,1560,1239
rgb_58.jpg,2592,1944,can,1433,1049,1560,1239
g_58.tif,2592,1944,can,1334,905,1514,1038
nir_58.tif,2592,1944,can,1334,905,1514,1038
r_58.tif,2592,1944,can,1334,905,1514,1038
re_58.tif,2592,1944,can,1334,905,1514,1038
rgb_58.jpg,2592,1944,can,1334,905,1514,1038
g_58.tif,2592,1944,can,1273,992,1424,1172
nir_58.tif,2592,1944,can,1273,992,1424,1172
r_58.tif,2592,1944,can,1273,992,1424,1172
re_58.tif,2592,1944,can,1273,992,1424,1172
rgb_58.jpg,2592,1944,can,1273,992,1424,1172
g_58.tif,2592,1944,can,1134,806,1256,991
nir_58.tif,2592,1944,can,1134,806,1256,991
r_58.tif,2592,1944,can,1134,806,1256,991
re_58.tif,2592,1944,can,1134,806,1256,991
rgb_58.jpg,2592,1944,can,1134,806,1256,991
g_59.tif,2592,1944,bottle,880,746,956,823
nir_59.tif,2592,1944,bottle,880,746,956,823
r_59.tif,2592,1944,bottle,880,746,956,823
re_59.tif,2592,1944,bottle,880,746,956,823
rgb_59.jpg,2592,1944,bottle,880,746,956,823
g_59.tif,2592,1944,bottle,916,720,973,823
nir_59.tif,2592,1944,bottle,916,720,973,823
r_59.tif,2592,1944,bottle,916,720,973,823
re_59.tif,2592,1944,bottle,916,720,973,823
rgb_59.jpg,2592,1944,bottle,916,720,973,823
g_59.tif,2592,1944,bottle,968,772,1049,847
nir_59.tif,2592,1944,bottle,968,772,1049,847
r_59.tif,2592,1944,bottle,968,772,1049,847
re_59.tif,2592,1944,bottle,968,772,1049,847
rgb_59.jpg,2592,1944,bottle,968,772,1049,847
g_59.tif,2592,1944,bottle,899,814,989,865
nir_59.tif,2592,1944,bottle,899,814,989,865
r_59.tif,2592,1944,bottle,899,814,989,865
re_59.tif,2592,1944,bottle,899,814,989,865
rgb_59.jpg,2592,1944,bottle,899,814,989,865
g_59.tif,2592,1944,bottle,956,809,1049,887
nir_59.tif,2592,1944,bottle,956,809,1049,887
r_59.tif,2592,1944,bottle,956,809,1049,887
re_59.tif,2592,1944,bottle,956,809,1049,887
rgb_59.jpg,2592,1944,bottle,956,809,1049,887
g_59.tif,2592,1944,bottle,991,874,1082,920
nir_59.tif,2592,1944,bottle,991,874,1082,920
r_59.tif,2592,1944,bottle,991,874,1082,920
re_59.tif,2592,1944,bottle,991,874,1082,920
rgb_59.jpg,2592,1944,bottle,991,874,1082,920
g_59.tif,2592,1944,bottle,1066,865,1112,961
nir_59.tif,2592,1944,bottle,1066,865,1112,961
r_59.tif,2592,1944,bottle,1066,865,1112,961
re_59.tif,2592,1944,bottle,1066,865,1112,961
rgb_59.jpg,2592,1944,bottle,1066,865,1112,961
g_59.tif,2592,1944,bottle,1105,874,1154,937
nir_59.tif,2592,1944,bottle,1105,874,1154,937
r_59.tif,2592,1944,bottle,1105,874,1154,937
re_59.tif,2592,1944,bottle,1105,874,1154,937
rgb_59.jpg,2592,1944,bottle,1105,874,1154,937
g_59.tif,2592,1944,bottle,1126,875,1170,955
nir_59.tif,2592,1944,bottle,1126,875,1170,955
r_59.tif,2592,1944,bottle,1126,875,1170,955
re_59.tif,2592,1944,bottle,1126,875,1170,955
rgb_59.jpg,2592,1944,bottle,1126,875,1170,955
g_59.tif,2592,1944,bottle,1030,921,1093,989
nir_59.tif,2592,1944,bottle,1030,921,1093,989
r_59.tif,2592,1944,bottle,1030,921,1093,989
re_59.tif,2592,1944,bottle,1030,921,1093,989
rgb_59.jpg,2592,1944,bottle,1030,921,1093,989
g_59.tif,2592,1944,bottle,987,907,1082,955
nir_59.tif,2592,1944,bottle,987,907,1082,955
r_59.tif,2592,1944,bottle,987,907,1082,955
re_59.tif,2592,1944,bottle,987,907,1082,955
rgb_59.jpg,2592,1944,bottle,987,907,1082,955
g_59.tif,2592,1944,bottle,983,940,1072,1014
nir_59.tif,2592,1944,bottle,983,940,1072,1014
r_59.tif,2592,1944,bottle,983,940,1072,1014
re_59.tif,2592,1944,bottle,983,940,1072,1014
rgb_59.jpg,2592,1944,bottle,983,940,1072,1014
g_59.tif,2592,1944,bottle,969,955,1042,1032
nir_59.tif,2592,1944,bottle,969,955,1042,1032
r_59.tif,2592,1944,bottle,969,955,1042,1032
re_59.tif,2592,1944,bottle,969,955,1042,1032
rgb_59.jpg,2592,1944,bottle,969,955,1042,1032
g_59.tif,2592,1944,bottle,948,972,1019,1050
nir_59.tif,2592,1944,bottle,948,972,1019,1050
r_59.tif,2592,1944,bottle,948,972,1019,1050
re_59.tif,2592,1944,bottle,948,972,1019,1050
rgb_59.jpg,2592,1944,bottle,948,972,1019,1050
g_59.tif,2592,1944,bottle,1033,1020,1074,1124
nir_59.tif,2592,1944,bottle,1033,1020,1074,1124
r_59.tif,2592,1944,bottle,1033,1020,1074,1124
re_59.tif,2592,1944,bottle,1033,1020,1074,1124
rgb_59.jpg,2592,1944,bottle,1033,1020,1074,1124
g_59.tif,2592,1944,bottle,1059,1105,1126,1181
nir_59.tif,2592,1944,bottle,1059,1105,1126,1181
r_59.tif,2592,1944,bottle,1059,1105,1126,1181
re_59.tif,2592,1944,bottle,1059,1105,1126,1181
rgb_59.jpg,2592,1944,bottle,1059,1105,1126,1181
g_59.tif,2592,1944,bottle,1067,1056,1159,1091
nir_59.tif,2592,1944,bottle,1067,1056,1159,1091
r_59.tif,2592,1944,bottle,1067,1056,1159,1091
re_59.tif,2592,1944,bottle,1067,1056,1159,1091
rgb_59.jpg,2592,1944,bottle,1067,1056,1159,1091
g_59.tif,2592,1944,bottle,1087,1089,1170,1161
nir_59.tif,2592,1944,bottle,1087,1089,1170,1161
r_59.tif,2592,1944,bottle,1087,1089,1170,1161
re_59.tif,2592,1944,bottle,1087,1089,1170,1161
rgb_59.jpg,2592,1944,bottle,1087,1089,1170,1161
g_59.tif,2592,1944,bottle,1142,1119,1211,1201
nir_59.tif,2592,1944,bottle,1142,1119,1211,1201
r_59.tif,2592,1944,bottle,1142,1119,1211,1201
re_59.tif,2592,1944,bottle,1142,1119,1211,1201
rgb_59.jpg,2592,1944,bottle,1142,1119,1211,1201
g_59.tif,2592,1944,bottle,1201,1108,1298,1165
nir_59.tif,2592,1944,bottle,1201,1108,1298,1165
r_59.tif,2592,1944,bottle,1201,1108,1298,1165
re_59.tif,2592,1944,bottle,1201,1108,1298,1165
rgb_59.jpg,2592,1944,bottle,1201,1108,1298,1165
g_59.tif,2592,1944,bottle,1165,1069,1252,1141
nir_59.tif,2592,1944,bottle,1165,1069,1252,1141
r_59.tif,2592,1944,bottle,1165,1069,1252,1141
re_59.tif,2592,1944,bottle,1165,1069,1252,1141
rgb_59.jpg,2592,1944,bottle,1165,1069,1252,1141
g_59.tif,2592,1944,bottle,1229,1028,1278,1117
nir_59.tif,2592,1944,bottle,1229,1028,1278,1117
r_59.tif,2592,1944,bottle,1229,1028,1278,1117
re_59.tif,2592,1944,bottle,1229,1028,1278,1117
rgb_59.jpg,2592,1944,bottle,1229,1028,1278,1117
g_59.tif,2592,1944,bottle,1141,1037,1233,1091
nir_59.tif,2592,1944,bottle,1141,1037,1233,1091
r_59.tif,2592,1944,bottle,1141,1037,1233,1091
re_59.tif,2592,1944,bottle,1141,1037,1233,1091
rgb_59.jpg,2592,1944,bottle,1141,1037,1233,1091
g_59.tif,2592,1944,bottle,1248,941,1297,1040
nir_59.tif,2592,1944,bottle,1248,941,1297,1040
r_59.tif,2592,1944,bottle,1248,941,1297,1040
re_59.tif,2592,1944,bottle,1248,941,1297,1040
rgb_59.jpg,2592,1944,bottle,1248,941,1297,1040
g_59.tif,2592,1944,bottle,1280,1075,1351,1158
nir_59.tif,2592,1944,bottle,1280,1075,1351,1158
r_59.tif,2592,1944,bottle,1280,1075,1351,1158
re_59.tif,2592,1944,bottle,1280,1075,1351,1158
rgb_59.jpg,2592,1944,bottle,1280,1075,1351,1158
g_59.tif,2592,1944,bottle,1189,1041,1249,1132
nir_59.tif,2592,1944,bottle,1189,1041,1249,1132
r_59.tif,2592,1944,bottle,1189,1041,1249,1132
re_59.tif,2592,1944,bottle,1189,1041,1249,1132
rgb_59.jpg,2592,1944,bottle,1189,1041,1249,1132
g_59.tif,2592,1944,bottle,1277,1123,1306,1216
nir_59.tif,2592,1944,bottle,1277,1123,1306,1216
r_59.tif,2592,1944,bottle,1277,1123,1306,1216
re_59.tif,2592,1944,bottle,1277,1123,1306,1216
rgb_59.jpg,2592,1944,bottle,1277,1123,1306,1216
g_59.tif,2592,1944,bottle,1282,1128,1347,1193
nir_59.tif,2592,1944,bottle,1282,1128,1347,1193
r_59.tif,2592,1944,bottle,1282,1128,1347,1193
re_59.tif,2592,1944,bottle,1282,1128,1347,1193
rgb_59.jpg,2592,1944,bottle,1282,1128,1347,1193
g_59.tif,2592,1944,bottle,1311,1132,1416,1168
nir_59.tif,2592,1944,bottle,1311,1132,1416,1168
r_59.tif,2592,1944,bottle,1311,1132,1416,1168
re_59.tif,2592,1944,bottle,1311,1132,1416,1168
rgb_59.jpg,2592,1944,bottle,1311,1132,1416,1168
g_59.tif,2592,1944,bottle,1419,1077,1493,1170
nir_59.tif,2592,1944,bottle,1419,1077,1493,1170
r_59.tif,2592,1944,bottle,1419,1077,1493,1170
re_59.tif,2592,1944,bottle,1419,1077,1493,1170
rgb_59.jpg,2592,1944,bottle,1419,1077,1493,1170
g_59.tif,2592,1944,bottle,1499,1094,1567,1196
nir_59.tif,2592,1944,bottle,1499,1094,1567,1196
r_59.tif,2592,1944,bottle,1499,1094,1567,1196
re_59.tif,2592,1944,bottle,1499,1094,1567,1196
rgb_59.jpg,2592,1944,bottle,1499,1094,1567,1196
g_59.tif,2592,1944,bottle,1550,1192,1643,1269
nir_59.tif,2592,1944,bottle,1550,1192,1643,1269
r_59.tif,2592,1944,bottle,1550,1192,1643,1269
re_59.tif,2592,1944,bottle,1550,1192,1643,1269
rgb_59.jpg,2592,1944,bottle,1550,1192,1643,1269
g_59.tif,2592,1944,bottle,1497,1211,1557,1309
nir_59.tif,2592,1944,bottle,1497,1211,1557,1309
r_59.tif,2592,1944,bottle,1497,1211,1557,1309
re_59.tif,2592,1944,bottle,1497,1211,1557,1309
rgb_59.jpg,2592,1944,bottle,1497,1211,1557,1309
g_59.tif,2592,1944,bottle,1449,1289,1548,1347
nir_59.tif,2592,1944,bottle,1449,1289,1548,1347
r_59.tif,2592,1944,bottle,1449,1289,1548,1347
re_59.tif,2592,1944,bottle,1449,1289,1548,1347
rgb_59.jpg,2592,1944,bottle,1449,1289,1548,1347
g_59.tif,2592,1944,bottle,1449,1334,1499,1431
nir_59.tif,2592,1944,bottle,1449,1334,1499,1431
r_59.tif,2592,1944,bottle,1449,1334,1499,1431
re_59.tif,2592,1944,bottle,1449,1334,1499,1431
rgb_59.jpg,2592,1944,bottle,1449,1334,1499,1431
g_59.tif,2592,1944,bottle,1503,1336,1597,1418
nir_59.tif,2592,1944,bottle,1503,1336,1597,1418
r_59.tif,2592,1944,bottle,1503,1336,1597,1418
re_59.tif,2592,1944,bottle,1503,1336,1597,1418
rgb_59.jpg,2592,1944,bottle,1503,1336,1597,1418
g_59.tif,2592,1944,bottle,1390,1359,1466,1435
nir_59.tif,2592,1944,bottle,1390,1359,1466,1435
r_59.tif,2592,1944,bottle,1390,1359,1466,1435
re_59.tif,2592,1944,bottle,1390,1359,1466,1435
rgb_59.jpg,2592,1944,bottle,1390,1359,1466,1435
g_59.tif,2592,1944,bottle,1250,1398,1351,1445
nir_59.tif,2592,1944,bottle,1250,1398,1351,1445
r_59.tif,2592,1944,bottle,1250,1398,1351,1445
re_59.tif,2592,1944,bottle,1250,1398,1351,1445
rgb_59.jpg,2592,1944,bottle,1250,1398,1351,1445
g_59.tif,2592,1944,bottle,1200,1350,1291,1401
nir_59.tif,2592,1944,bottle,1200,1350,1291,1401
r_59.tif,2592,1944,bottle,1200,1350,1291,1401
re_59.tif,2592,1944,bottle,1200,1350,1291,1401
rgb_59.jpg,2592,1944,bottle,1200,1350,1291,1401
g_59.tif,2592,1944,bottle,1167,1271,1228,1362
nir_59.tif,2592,1944,bottle,1167,1271,1228,1362
r_59.tif,2592,1944,bottle,1167,1271,1228,1362
re_59.tif,2592,1944,bottle,1167,1271,1228,1362
rgb_59.jpg,2592,1944,bottle,1167,1271,1228,1362
g_59.tif,2592,1944,bottle,1170,1236,1263,1308
nir_59.tif,2592,1944,bottle,1170,1236,1263,1308
r_59.tif,2592,1944,bottle,1170,1236,1263,1308
re_59.tif,2592,1944,bottle,1170,1236,1263,1308
rgb_59.jpg,2592,1944,bottle,1170,1236,1263,1308
g_59.tif,2592,1944,bottle,1252,1207,1322,1286
nir_59.tif,2592,1944,bottle,1252,1207,1322,1286
r_59.tif,2592,1944,bottle,1252,1207,1322,1286
re_59.tif,2592,1944,bottle,1252,1207,1322,1286
rgb_59.jpg,2592,1944,bottle,1252,1207,1322,1286
g_59.tif,2592,1944,bottle,1320,1180,1354,1252
nir_59.tif,2592,1944,bottle,1320,1180,1354,1252
r_59.tif,2592,1944,bottle,1320,1180,1354,1252
re_59.tif,2592,1944,bottle,1320,1180,1354,1252
rgb_59.jpg,2592,1944,bottle,1320,1180,1354,1252
g_59.tif,2592,1944,bottle,1272,1272,1369,1320
nir_59.tif,2592,1944,bottle,1272,1272,1369,1320
r_59.tif,2592,1944,bottle,1272,1272,1369,1320
re_59.tif,2592,1944,bottle,1272,1272,1369,1320
rgb_59.jpg,2592,1944,bottle,1272,1272,1369,1320
g_59.tif,2592,1944,bottle,1284,1370,1387,1441
nir_59.tif,2592,1944,bottle,1284,1370,1387,1441
r_59.tif,2592,1944,bottle,1284,1370,1387,1441
re_59.tif,2592,1944,bottle,1284,1370,1387,1441
rgb_59.jpg,2592,1944,bottle,1284,1370,1387,1441
g_59.tif,2592,1944,bottle,1228,1328,1330,1389
nir_59.tif,2592,1944,bottle,1228,1328,1330,1389
r_59.tif,2592,1944,bottle,1228,1328,1330,1389
re_59.tif,2592,1944,bottle,1228,1328,1330,1389
rgb_59.jpg,2592,1944,bottle,1228,1328,1330,1389
g_59.tif,2592,1944,bottle,1232,1297,1322,1356
nir_59.tif,2592,1944,bottle,1232,1297,1322,1356
r_59.tif,2592,1944,bottle,1232,1297,1322,1356
re_59.tif,2592,1944,bottle,1232,1297,1322,1356
rgb_59.jpg,2592,1944,bottle,1232,1297,1322,1356
g_59.tif,2592,1944,bottle,1418,1245,1504,1313
nir_59.tif,2592,1944,bottle,1418,1245,1504,1313
r_59.tif,2592,1944,bottle,1418,1245,1504,1313
re_59.tif,2592,1944,bottle,1418,1245,1504,1313
rgb_59.jpg,2592,1944,bottle,1418,1245,1504,1313
g_59.tif,2592,1944,bottle,1391,1278,1454,1374
nir_59.tif,2592,1944,bottle,1391,1278,1454,1374
r_59.tif,2592,1944,bottle,1391,1278,1454,1374
re_59.tif,2592,1944,bottle,1391,1278,1454,1374
rgb_59.jpg,2592,1944,bottle,1391,1278,1454,1374
g_59.tif,2592,1944,bottle,1314,1355,1405,1417
nir_59.tif,2592,1944,bottle,1314,1355,1405,1417
r_59.tif,2592,1944,bottle,1314,1355,1405,1417
re_59.tif,2592,1944,bottle,1314,1355,1405,1417
rgb_59.jpg,2592,1944,bottle,1314,1355,1405,1417
g_59.tif,2592,1944,bottle,1337,1301,1390,1383
nir_59.tif,2592,1944,bottle,1337,1301,1390,1383
r_59.tif,2592,1944,bottle,1337,1301,1390,1383
re_59.tif,2592,1944,bottle,1337,1301,1390,1383
rgb_59.jpg,2592,1944,bottle,1337,1301,1390,1383
g_59.tif,2592,1944,bottle,1376,1207,1429,1278
nir_59.tif,2592,1944,bottle,1376,1207,1429,1278
r_59.tif,2592,1944,bottle,1376,1207,1429,1278
re_59.tif,2592,1944,bottle,1376,1207,1429,1278
rgb_59.jpg,2592,1944,bottle,1376,1207,1429,1278
g_59.tif,2592,1944,bottle,1315,1243,1404,1298
nir_59.tif,2592,1944,bottle,1315,1243,1404,1298
r_59.tif,2592,1944,bottle,1315,1243,1404,1298
re_59.tif,2592,1944,bottle,1315,1243,1404,1298
rgb_59.jpg,2592,1944,bottle,1315,1243,1404,1298
g_59.tif,2592,1944,bottle,1355,1172,1385,1266
nir_59.tif,2592,1944,bottle,1355,1172,1385,1266
r_59.tif,2592,1944,bottle,1355,1172,1385,1266
re_59.tif,2592,1944,bottle,1355,1172,1385,1266
rgb_59.jpg,2592,1944,bottle,1355,1172,1385,1266
g_59.tif,2592,1944,bottle,1393,1166,1456,1245
nir_59.tif,2592,1944,bottle,1393,1166,1456,1245
r_59.tif,2592,1944,bottle,1393,1166,1456,1245
re_59.tif,2592,1944,bottle,1393,1166,1456,1245
rgb_59.jpg,2592,1944,bottle,1393,1166,1456,1245
g_59.tif,2592,1944,bottle,1393,1139,1482,1201
nir_59.tif,2592,1944,bottle,1393,1139,1482,1201
r_59.tif,2592,1944,bottle,1393,1139,1482,1201
re_59.tif,2592,1944,bottle,1393,1139,1482,1201
rgb_59.jpg,2592,1944,bottle,1393,1139,1482,1201
g_59.tif,2592,1944,bottle,1424,1179,1498,1256
nir_59.tif,2592,1944,bottle,1424,1179,1498,1256
r_59.tif,2592,1944,bottle,1424,1179,1498,1256
re_59.tif,2592,1944,bottle,1424,1179,1498,1256
rgb_59.jpg,2592,1944,bottle,1424,1179,1498,1256
g_59.tif,2592,1944,bottle,1449,1180,1549,1259
nir_59.tif,2592,1944,bottle,1449,1180,1549,1259
r_59.tif,2592,1944,bottle,1449,1180,1549,1259
re_59.tif,2592,1944,bottle,1449,1180,1549,1259
rgb_59.jpg,2592,1944,bottle,1449,1180,1549,1259
g_59.tif,2592,1944,can,1362,1013,1455,1141
nir_59.tif,2592,1944,can,1362,1013,1455,1141
r_59.tif,2592,1944,can,1362,1013,1455,1141
re_59.tif,2592,1944,can,1362,1013,1455,1141
rgb_59.jpg,2592,1944,can,1362,1013,1455,1141
g_59.tif,2592,1944,container,1312,1016,1397,1128
nir_59.tif,2592,1944,container,1312,1016,1397,1128
r_59.tif,2592,1944,container,1312,1016,1397,1128
re_59.tif,2592,1944,container,1312,1016,1397,1128
rgb_59.jpg,2592,1944,container,1312,1016,1397,1128
g_59.tif,2592,1944,can,1256,967,1361,1095
nir_59.tif,2592,1944,can,1256,967,1361,1095
r_59.tif,2592,1944,can,1256,967,1361,1095
re_59.tif,2592,1944,can,1256,967,1361,1095
rgb_59.jpg,2592,1944,can,1256,967,1361,1095
g_59.tif,2592,1944,can,1144,945,1264,1051
nir_59.tif,2592,1944,can,1144,945,1264,1051
r_59.tif,2592,1944,can,1144,945,1264,1051
re_59.tif,2592,1944,can,1144,945,1264,1051
rgb_59.jpg,2592,1944,can,1144,945,1264,1051
g_59.tif,2592,1944,can,1078,950,1168,1097
nir_59.tif,2592,1944,can,1078,950,1168,1097
r_59.tif,2592,1944,can,1078,950,1168,1097
re_59.tif,2592,1944,can,1078,950,1168,1097
rgb_59.jpg,2592,1944,can,1078,950,1168,1097
g_59.tif,2592,1944,container,947,1114,1020,1186
nir_59.tif,2592,1944,container,947,1114,1020,1186
r_59.tif,2592,1944,container,947,1114,1020,1186
re_59.tif,2592,1944,container,947,1114,1020,1186
rgb_59.jpg,2592,1944,container,947,1114,1020,1186
g_59.tif,2592,1944,container,1004,1167,1199,1361
nir_59.tif,2592,1944,container,1004,1167,1199,1361
r_59.tif,2592,1944,container,1004,1167,1199,1361
re_59.tif,2592,1944,container,1004,1167,1199,1361
rgb_59.jpg,2592,1944,container,1004,1167,1199,1361
g_59.tif,2592,1944,container,1196,812,1329,947
nir_59.tif,2592,1944,container,1196,812,1329,947
r_59.tif,2592,1944,container,1196,812,1329,947
re_59.tif,2592,1944,container,1196,812,1329,947
rgb_59.jpg,2592,1944,container,1196,812,1329,947
g_59.tif,2592,1944,can,1291,905,1426,1003
nir_59.tif,2592,1944,can,1291,905,1426,1003
r_59.tif,2592,1944,can,1291,905,1426,1003
re_59.tif,2592,1944,can,1291,905,1426,1003
rgb_59.jpg,2592,1944,can,1291,905,1426,1003
g_59.tif,2592,1944,can,1149,836,1235,958
nir_59.tif,2592,1944,can,1149,836,1235,958
r_59.tif,2592,1944,can,1149,836,1235,958
re_59.tif,2592,1944,can,1149,836,1235,958
rgb_59.jpg,2592,1944,can,1149,836,1235,958
g_59.tif,2592,1944,can,1033,771,1156,892
nir_59.tif,2592,1944,can,1033,771,1156,892
r_59.tif,2592,1944,can,1033,771,1156,892
re_59.tif,2592,1944,can,1033,771,1156,892
rgb_59.jpg,2592,1944,can,1033,771,1156,892
g_59.tif,2592,1944,can,1095,750,1221,852
nir_59.tif,2592,1944,can,1095,750,1221,852
r_59.tif,2592,1944,can,1095,750,1221,852
re_59.tif,2592,1944,can,1095,750,1221,852
rgb_59.jpg,2592,1944,can,1095,750,1221,852
g_59.tif,2592,1944,can,1183,1150,1294,1267
nir_59.tif,2592,1944,can,1183,1150,1294,1267
r_59.tif,2592,1944,can,1183,1150,1294,1267
re_59.tif,2592,1944,can,1183,1150,1294,1267
rgb_59.jpg,2592,1944,can,1183,1150,1294,1267
g_6.tif,2592,1944,bottle,355,830,486,928
nir_6.tif,2592,1944,bottle,355,830,486,928
r_6.tif,2592,1944,bottle,355,830,486,928
re_6.tif,2592,1944,bottle,355,830,486,928
rgb_6.jpg,2592,1944,bottle,355,830,486,928
g_6.tif,2592,1944,bottle,190,1093,274,1224
nir_6.tif,2592,1944,bottle,190,1093,274,1224
r_6.tif,2592,1944,bottle,190,1093,274,1224
re_6.tif,2592,1944,bottle,190,1093,274,1224
rgb_6.jpg,2592,1944,bottle,190,1093,274,1224
g_6.tif,2592,1944,bottle,638,1116,733,1235
nir_6.tif,2592,1944,bottle,638,1116,733,1235
r_6.tif,2592,1944,bottle,638,1116,733,1235
re_6.tif,2592,1944,bottle,638,1116,733,1235
rgb_6.jpg,2592,1944,bottle,638,1116,733,1235
g_6.tif,2592,1944,bottle,1090,1231,1221,1309
nir_6.tif,2592,1944,bottle,1090,1231,1221,1309
r_6.tif,2592,1944,bottle,1090,1231,1221,1309
re_6.tif,2592,1944,bottle,1090,1231,1221,1309
rgb_6.jpg,2592,1944,bottle,1090,1231,1221,1309
g_6.tif,2592,1944,bottle,978,1609,1092,1718
nir_6.tif,2592,1944,bottle,978,1609,1092,1718
r_6.tif,2592,1944,bottle,978,1609,1092,1718
re_6.tif,2592,1944,bottle,978,1609,1092,1718
rgb_6.jpg,2592,1944,bottle,978,1609,1092,1718
g_6.tif,2592,1944,can,797,1530,962,1688
nir_6.tif,2592,1944,can,797,1530,962,1688
r_6.tif,2592,1944,can,797,1530,962,1688
re_6.tif,2592,1944,can,797,1530,962,1688
rgb_6.jpg,2592,1944,can,797,1530,962,1688
g_6.tif,2592,1944,can,798,1706,971,1854
nir_6.tif,2592,1944,can,798,1706,971,1854
r_6.tif,2592,1944,can,798,1706,971,1854
re_6.tif,2592,1944,can,798,1706,971,1854
rgb_6.jpg,2592,1944,can,798,1706,971,1854
g_6.tif,2592,1944,container,690,1654,831,1802
nir_6.tif,2592,1944,container,690,1654,831,1802
r_6.tif,2592,1944,container,690,1654,831,1802
re_6.tif,2592,1944,container,690,1654,831,1802
rgb_6.jpg,2592,1944,container,690,1654,831,1802
g_6.tif,2592,1944,bottle,45,1578,179,1669
nir_6.tif,2592,1944,bottle,45,1578,179,1669
r_6.tif,2592,1944,bottle,45,1578,179,1669
re_6.tif,2592,1944,bottle,45,1578,179,1669
rgb_6.jpg,2592,1944,bottle,45,1578,179,1669
g_60.tif,2592,1944,bottle,977,802,1036,863
nir_60.tif,2592,1944,bottle,977,802,1036,863
r_60.tif,2592,1944,bottle,977,802,1036,863
re_60.tif,2592,1944,bottle,977,802,1036,863
rgb_60.jpg,2592,1944,bottle,977,802,1036,863
g_60.tif,2592,1944,bottle,1011,779,1049,848
nir_60.tif,2592,1944,bottle,1011,779,1049,848
r_60.tif,2592,1944,bottle,1011,779,1049,848
re_60.tif,2592,1944,bottle,1011,779,1049,848
rgb_60.jpg,2592,1944,bottle,1011,779,1049,848
g_60.tif,2592,1944,bottle,999,849,1075,892
nir_60.tif,2592,1944,bottle,999,849,1075,892
r_60.tif,2592,1944,bottle,999,849,1075,892
re_60.tif,2592,1944,bottle,999,849,1075,892
rgb_60.jpg,2592,1944,bottle,999,849,1075,892
g_60.tif,2592,1944,bottle,1046,820,1111,877
nir_60.tif,2592,1944,bottle,1046,820,1111,877
r_60.tif,2592,1944,bottle,1046,820,1111,877
re_60.tif,2592,1944,bottle,1046,820,1111,877
rgb_60.jpg,2592,1944,bottle,1046,820,1111,877
g_60.tif,2592,1944,bottle,1042,849,1108,904
nir_60.tif,2592,1944,bottle,1042,849,1108,904
r_60.tif,2592,1944,bottle,1042,849,1108,904
re_60.tif,2592,1944,bottle,1042,849,1108,904
rgb_60.jpg,2592,1944,bottle,1042,849,1108,904
g_60.tif,2592,1944,bottle,1019,821,1085,861
nir_60.tif,2592,1944,bottle,1019,821,1085,861
r_60.tif,2592,1944,bottle,1019,821,1085,861
re_60.tif,2592,1944,bottle,1019,821,1085,861
rgb_60.jpg,2592,1944,bottle,1019,821,1085,861
g_60.tif,2592,1944,bottle,1061,899,1130,936
nir_60.tif,2592,1944,bottle,1061,899,1130,936
r_60.tif,2592,1944,bottle,1061,899,1130,936
re_60.tif,2592,1944,bottle,1061,899,1130,936
rgb_60.jpg,2592,1944,bottle,1061,899,1130,936
g_60.tif,2592,1944,bottle,1058,923,1134,959
nir_60.tif,2592,1944,bottle,1058,923,1134,959
r_60.tif,2592,1944,bottle,1058,923,1134,959
re_60.tif,2592,1944,bottle,1058,923,1134,959
rgb_60.jpg,2592,1944,bottle,1058,923,1134,959
g_60.tif,2592,1944,bottle,1121,894,1160,966
nir_60.tif,2592,1944,bottle,1121,894,1160,966
r_60.tif,2592,1944,bottle,1121,894,1160,966
re_60.tif,2592,1944,bottle,1121,894,1160,966
rgb_60.jpg,2592,1944,bottle,1121,894,1160,966
g_60.tif,2592,1944,bottle,1149,886,1191,946
nir_60.tif,2592,1944,bottle,1149,886,1191,946
r_60.tif,2592,1944,bottle,1149,886,1191,946
re_60.tif,2592,1944,bottle,1149,886,1191,946
rgb_60.jpg,2592,1944,bottle,1149,886,1191,946
g_60.tif,2592,1944,bottle,1167,895,1206,965
nir_60.tif,2592,1944,bottle,1167,895,1206,965
r_60.tif,2592,1944,bottle,1167,895,1206,965
re_60.tif,2592,1944,bottle,1167,895,1206,965
rgb_60.jpg,2592,1944,bottle,1167,895,1206,965
g_60.tif,2592,1944,bottle,1086,930,1139,989
nir_60.tif,2592,1944,bottle,1086,930,1139,989
r_60.tif,2592,1944,bottle,1086,930,1139,989
re_60.tif,2592,1944,bottle,1086,930,1139,989
rgb_60.jpg,2592,1944,bottle,1086,930,1139,989
g_60.tif,2592,1944,bottle,1059,944,1127,1005
nir_60.tif,2592,1944,bottle,1059,944,1127,1005
r_60.tif,2592,1944,bottle,1059,944,1127,1005
re_60.tif,2592,1944,bottle,1059,944,1127,1005
rgb_60.jpg,2592,1944,bottle,1059,944,1127,1005
g_60.tif,2592,1944,bottle,1044,956,1104,1021
nir_60.tif,2592,1944,bottle,1044,956,1104,1021
r_60.tif,2592,1944,bottle,1044,956,1104,1021
re_60.tif,2592,1944,bottle,1044,956,1104,1021
rgb_60.jpg,2592,1944,bottle,1044,956,1104,1021
g_60.tif,2592,1944,bottle,1026,970,1087,1035
nir_60.tif,2592,1944,bottle,1026,970,1087,1035
r_60.tif,2592,1944,bottle,1026,970,1087,1035
re_60.tif,2592,1944,bottle,1026,970,1087,1035
rgb_60.jpg,2592,1944,bottle,1026,970,1087,1035
g_60.tif,2592,1944,bottle,1099,1013,1130,1089
nir_60.tif,2592,1944,bottle,1099,1013,1130,1089
r_60.tif,2592,1944,bottle,1099,1013,1130,1089
re_60.tif,2592,1944,bottle,1099,1013,1130,1089
rgb_60.jpg,2592,1944,bottle,1099,1013,1130,1089
g_60.tif,2592,1944,bottle,1121,1028,1196,1076
nir_60.tif,2592,1944,bottle,1121,1028,1196,1076
r_60.tif,2592,1944,bottle,1121,1028,1196,1076
re_60.tif,2592,1944,bottle,1121,1028,1196,1076
rgb_60.jpg,2592,1944,bottle,1121,1028,1196,1076
g_60.tif,2592,1944,bottle,1133,1065,1203,1118
nir_60.tif,2592,1944,bottle,1133,1065,1203,1118
r_60.tif,2592,1944,bottle,1133,1065,1203,1118
re_60.tif,2592,1944,bottle,1133,1065,1203,1118
rgb_60.jpg,2592,1944,bottle,1133,1065,1203,1118
g_60.tif,2592,1944,bottle,1110,1078,1175,1140
nir_60.tif,2592,1944,bottle,1110,1078,1175,1140
r_60.tif,2592,1944,bottle,1110,1078,1175,1140
re_60.tif,2592,1944,bottle,1110,1078,1175,1140
rgb_60.jpg,2592,1944,bottle,1110,1078,1175,1140
g_60.tif,2592,1944,container,1037,1082,1086,1142
nir_60.tif,2592,1944,container,1037,1082,1086,1142
r_60.tif,2592,1944,container,1037,1082,1086,1142
re_60.tif,2592,1944,container,1037,1082,1086,1142
rgb_60.jpg,2592,1944,container,1037,1082,1086,1142
g_60.tif,2592,1944,can,1096,823,1197,912
nir_60.tif,2592,1944,can,1096,823,1197,912
r_60.tif,2592,1944,can,1096,823,1197,912
re_60.tif,2592,1944,can,1096,823,1197,912
rgb_60.jpg,2592,1944,can,1096,823,1197,912
g_60.tif,2592,1944,can,1147,800,1244,883
nir_60.tif,2592,1944,can,1147,800,1244,883
r_60.tif,2592,1944,can,1147,800,1244,883
re_60.tif,2592,1944,can,1147,800,1244,883
rgb_60.jpg,2592,1944,can,1147,800,1244,883
g_60.tif,2592,1944,container,1219,852,1330,960
nir_60.tif,2592,1944,container,1219,852,1330,960
r_60.tif,2592,1944,container,1219,852,1330,960
re_60.tif,2592,1944,container,1219,852,1330,960
rgb_60.jpg,2592,1944,container,1219,852,1330,960
g_60.tif,2592,1944,can,1186,867,1259,963
nir_60.tif,2592,1944,can,1186,867,1259,963
r_60.tif,2592,1944,can,1186,867,1259,963
re_60.tif,2592,1944,can,1186,867,1259,963
rgb_60.jpg,2592,1944,can,1186,867,1259,963
g_60.tif,2592,1944,can,1129,957,1196,1070
nir_60.tif,2592,1944,can,1129,957,1196,1070
r_60.tif,2592,1944,can,1129,957,1196,1070
re_60.tif,2592,1944,can,1129,957,1196,1070
rgb_60.jpg,2592,1944,can,1129,957,1196,1070
g_60.tif,2592,1944,can,1186,953,1277,1032
nir_60.tif,2592,1944,can,1186,953,1277,1032
r_60.tif,2592,1944,can,1186,953,1277,1032
re_60.tif,2592,1944,can,1186,953,1277,1032
rgb_60.jpg,2592,1944,can,1186,953,1277,1032
g_60.tif,2592,1944,can,1300,918,1399,999
nir_60.tif,2592,1944,can,1300,918,1399,999
r_60.tif,2592,1944,can,1300,918,1399,999
re_60.tif,2592,1944,can,1300,918,1399,999
rgb_60.jpg,2592,1944,can,1300,918,1399,999
g_60.tif,2592,1944,can,1271,970,1350,1070
nir_60.tif,2592,1944,can,1271,970,1350,1070
r_60.tif,2592,1944,can,1271,970,1350,1070
re_60.tif,2592,1944,can,1271,970,1350,1070
rgb_60.jpg,2592,1944,can,1271,970,1350,1070
g_60.tif,2592,1944,container,1310,1008,1374,1088
nir_60.tif,2592,1944,container,1310,1008,1374,1088
r_60.tif,2592,1944,container,1310,1008,1374,1088
re_60.tif,2592,1944,container,1310,1008,1374,1088
rgb_60.jpg,2592,1944,container,1310,1008,1374,1088
g_60.tif,2592,1944,can,1353,1005,1426,1104
nir_60.tif,2592,1944,can,1353,1005,1426,1104
r_60.tif,2592,1944,can,1353,1005,1426,1104
re_60.tif,2592,1944,can,1353,1005,1426,1104
rgb_60.jpg,2592,1944,can,1353,1005,1426,1104
g_60.tif,2592,1944,can,1214,1110,1293,1201
nir_60.tif,2592,1944,can,1214,1110,1293,1201
r_60.tif,2592,1944,can,1214,1110,1293,1201
re_60.tif,2592,1944,can,1214,1110,1293,1201
rgb_60.jpg,2592,1944,can,1214,1110,1293,1201
g_60.tif,2592,1944,container,1072,1120,1236,1276
nir_60.tif,2592,1944,container,1072,1120,1236,1276
r_60.tif,2592,1944,container,1072,1120,1236,1276
re_60.tif,2592,1944,container,1072,1120,1236,1276
rgb_60.jpg,2592,1944,container,1072,1120,1236,1276
g_60.tif,2592,1944,bottle,1179,1023,1255,1067
nir_60.tif,2592,1944,bottle,1179,1023,1255,1067
r_60.tif,2592,1944,bottle,1179,1023,1255,1067
re_60.tif,2592,1944,bottle,1179,1023,1255,1067
rgb_60.jpg,2592,1944,bottle,1179,1023,1255,1067
g_60.tif,2592,1944,bottle,1121,1029,1196,1077
nir_60.tif,2592,1944,bottle,1121,1029,1196,1077
r_60.tif,2592,1944,bottle,1121,1029,1196,1077
re_60.tif,2592,1944,bottle,1121,1029,1196,1077
rgb_60.jpg,2592,1944,bottle,1121,1029,1196,1077
g_60.tif,2592,1944,bottle,1198,1049,1265,1102
nir_60.tif,2592,1944,bottle,1198,1049,1265,1102
r_60.tif,2592,1944,bottle,1198,1049,1265,1102
re_60.tif,2592,1944,bottle,1198,1049,1265,1102
rgb_60.jpg,2592,1944,bottle,1198,1049,1265,1102
g_60.tif,2592,1944,bottle,1245,1016,1288,1086
nir_60.tif,2592,1944,bottle,1245,1016,1288,1086
r_60.tif,2592,1944,bottle,1245,1016,1288,1086
re_60.tif,2592,1944,bottle,1245,1016,1288,1086
rgb_60.jpg,2592,1944,bottle,1245,1016,1288,1086
g_60.tif,2592,1944,bottle,1259,949,1305,1026
nir_60.tif,2592,1944,bottle,1259,949,1305,1026
r_60.tif,2592,1944,bottle,1259,949,1305,1026
re_60.tif,2592,1944,bottle,1259,949,1305,1026
rgb_60.jpg,2592,1944,bottle,1259,949,1305,1026
g_60.tif,2592,1944,bottle,1225,1080,1295,1124
nir_60.tif,2592,1944,bottle,1225,1080,1295,1124
r_60.tif,2592,1944,bottle,1225,1080,1295,1124
re_60.tif,2592,1944,bottle,1225,1080,1295,1124
rgb_60.jpg,2592,1944,bottle,1225,1080,1295,1124
g_60.tif,2592,1944,bottle,1178,1095,1231,1156
nir_60.tif,2592,1944,bottle,1178,1095,1231,1156
r_60.tif,2592,1944,bottle,1178,1095,1231,1156
re_60.tif,2592,1944,bottle,1178,1095,1231,1156
rgb_60.jpg,2592,1944,bottle,1178,1095,1231,1156
g_60.tif,2592,1944,bottle,1283,1054,1340,1112
nir_60.tif,2592,1944,bottle,1283,1054,1340,1112
r_60.tif,2592,1944,bottle,1283,1054,1340,1112
re_60.tif,2592,1944,bottle,1283,1054,1340,1112
rgb_60.jpg,2592,1944,bottle,1283,1054,1340,1112
g_60.tif,2592,1944,bottle,1284,1096,1315,1161
nir_60.tif,2592,1944,bottle,1284,1096,1315,1161
r_60.tif,2592,1944,bottle,1284,1096,1315,1161
re_60.tif,2592,1944,bottle,1284,1096,1315,1161
rgb_60.jpg,2592,1944,bottle,1284,1096,1315,1161
g_60.tif,2592,1944,bottle,1297,1091,1347,1143
nir_60.tif,2592,1944,bottle,1297,1091,1347,1143
r_60.tif,2592,1944,bottle,1297,1091,1347,1143
re_60.tif,2592,1944,bottle,1297,1091,1347,1143
rgb_60.jpg,2592,1944,bottle,1297,1091,1347,1143
g_60.tif,2592,1944,bottle,1314,1092,1400,1130
nir_60.tif,2592,1944,bottle,1314,1092,1400,1130
r_60.tif,2592,1944,bottle,1314,1092,1400,1130
re_60.tif,2592,1944,bottle,1314,1092,1400,1130
rgb_60.jpg,2592,1944,bottle,1314,1092,1400,1130
g_60.tif,2592,1944,bottle,1395,1057,1450,1127
nir_60.tif,2592,1944,bottle,1395,1057,1450,1127
r_60.tif,2592,1944,bottle,1395,1057,1450,1127
re_60.tif,2592,1944,bottle,1395,1057,1450,1127
rgb_60.jpg,2592,1944,bottle,1395,1057,1450,1127
g_60.tif,2592,1944,bottle,1459,1070,1511,1146
nir_60.tif,2592,1944,bottle,1459,1070,1511,1146
r_60.tif,2592,1944,bottle,1459,1070,1511,1146
re_60.tif,2592,1944,bottle,1459,1070,1511,1146
rgb_60.jpg,2592,1944,bottle,1459,1070,1511,1146
g_60.tif,2592,1944,bottle,1372,1103,1443,1149
nir_60.tif,2592,1944,bottle,1372,1103,1443,1149
r_60.tif,2592,1944,bottle,1372,1103,1443,1149
re_60.tif,2592,1944,bottle,1372,1103,1443,1149
rgb_60.jpg,2592,1944,bottle,1372,1103,1443,1149
g_60.tif,2592,1944,bottle,1394,1137,1451,1197
nir_60.tif,2592,1944,bottle,1394,1137,1451,1197
r_60.tif,2592,1944,bottle,1394,1137,1451,1197
re_60.tif,2592,1944,bottle,1394,1137,1451,1197
rgb_60.jpg,2592,1944,bottle,1394,1137,1451,1197
g_60.tif,2592,1944,bottle,1343,1130,1371,1200
nir_60.tif,2592,1944,bottle,1343,1130,1371,1200
r_60.tif,2592,1944,bottle,1343,1130,1371,1200
re_60.tif,2592,1944,bottle,1343,1130,1371,1200
rgb_60.jpg,2592,1944,bottle,1343,1130,1371,1200
g_60.tif,2592,1944,bottle,1319,1133,1345,1204
nir_60.tif,2592,1944,bottle,1319,1133,1345,1204
r_60.tif,2592,1944,bottle,1319,1133,1345,1204
re_60.tif,2592,1944,bottle,1319,1133,1345,1204
rgb_60.jpg,2592,1944,bottle,1319,1133,1345,1204
g_60.tif,2592,1944,bottle,1381,1102,1447,1148
nir_60.tif,2592,1944,bottle,1381,1102,1447,1148
r_60.tif,2592,1944,bottle,1381,1102,1447,1148
re_60.tif,2592,1944,bottle,1381,1102,1447,1148
rgb_60.jpg,2592,1944,bottle,1381,1102,1447,1148
g_60.tif,2592,1944,bottle,1456,1162,1499,1227
nir_60.tif,2592,1944,bottle,1456,1162,1499,1227
r_60.tif,2592,1944,bottle,1456,1162,1499,1227
re_60.tif,2592,1944,bottle,1456,1162,1499,1227
rgb_60.jpg,2592,1944,bottle,1456,1162,1499,1227
g_60.tif,2592,1944,bottle,1414,1222,1493,1266
nir_60.tif,2592,1944,bottle,1414,1222,1493,1266
r_60.tif,2592,1944,bottle,1414,1222,1493,1266
re_60.tif,2592,1944,bottle,1414,1222,1493,1266
rgb_60.jpg,2592,1944,bottle,1414,1222,1493,1266
g_60.tif,2592,1944,bottle,1361,1158,1400,1218
nir_60.tif,2592,1944,bottle,1361,1158,1400,1218
r_60.tif,2592,1944,bottle,1361,1158,1400,1218
re_60.tif,2592,1944,bottle,1361,1158,1400,1218
rgb_60.jpg,2592,1944,bottle,1361,1158,1400,1218
g_60.tif,2592,1944,bottle,1312,1178,1379,1230
nir_60.tif,2592,1944,bottle,1312,1178,1379,1230
r_60.tif,2592,1944,bottle,1312,1178,1379,1230
re_60.tif,2592,1944,bottle,1312,1178,1379,1230
rgb_60.jpg,2592,1944,bottle,1312,1178,1379,1230
g_60.tif,2592,1944,bottle,1420,1138,1496,1198
nir_60.tif,2592,1944,bottle,1420,1138,1496,1198
r_60.tif,2592,1944,bottle,1420,1138,1496,1198
re_60.tif,2592,1944,bottle,1420,1138,1496,1198
rgb_60.jpg,2592,1944,bottle,1420,1138,1496,1198
g_60.tif,2592,1944,bottle,1210,1178,1272,1228
nir_60.tif,2592,1944,bottle,1210,1178,1272,1228
r_60.tif,2592,1944,bottle,1210,1178,1272,1228
re_60.tif,2592,1944,bottle,1210,1178,1272,1228
rgb_60.jpg,2592,1944,bottle,1210,1178,1272,1228
g_60.tif,2592,1944,bottle,1196,1202,1254,1283
nir_60.tif,2592,1944,bottle,1196,1202,1254,1283
r_60.tif,2592,1944,bottle,1196,1202,1254,1283
re_60.tif,2592,1944,bottle,1196,1202,1254,1283
rgb_60.jpg,2592,1944,bottle,1196,1202,1254,1283
g_60.tif,2592,1944,bottle,1222,1270,1304,1312
nir_60.tif,2592,1944,bottle,1222,1270,1304,1312
r_60.tif,2592,1944,bottle,1222,1270,1304,1312
re_60.tif,2592,1944,bottle,1222,1270,1304,1312
rgb_60.jpg,2592,1944,bottle,1222,1270,1304,1312
g_60.tif,2592,1944,bottle,1249,1248,1323,1289
nir_60.tif,2592,1944,bottle,1249,1248,1323,1289
r_60.tif,2592,1944,bottle,1249,1248,1323,1289
re_60.tif,2592,1944,bottle,1249,1248,1323,1289
rgb_60.jpg,2592,1944,bottle,1249,1248,1323,1289
g_60.tif,2592,1944,bottle,1261,1310,1342,1341
nir_60.tif,2592,1944,bottle,1261,1310,1342,1341
r_60.tif,2592,1944,bottle,1261,1310,1342,1341
re_60.tif,2592,1944,bottle,1261,1310,1342,1341
rgb_60.jpg,2592,1944,bottle,1261,1310,1342,1341
g_60.tif,2592,1944,bottle,1497,1146,1567,1203
nir_60.tif,2592,1944,bottle,1497,1146,1567,1203
r_60.tif,2592,1944,bottle,1497,1146,1567,1203
re_60.tif,2592,1944,bottle,1497,1146,1567,1203
rgb_60.jpg,2592,1944,bottle,1497,1146,1567,1203
g_60.tif,2592,1944,bottle,1459,1261,1535,1321
nir_60.tif,2592,1944,bottle,1459,1261,1535,1321
r_60.tif,2592,1944,bottle,1459,1261,1535,1321
re_60.tif,2592,1944,bottle,1459,1261,1535,1321
rgb_60.jpg,2592,1944,bottle,1459,1261,1535,1321
g_60.tif,2592,1944,bottle,1416,1251,1459,1328
nir_60.tif,2592,1944,bottle,1416,1251,1459,1328
r_60.tif,2592,1944,bottle,1416,1251,1459,1328
re_60.tif,2592,1944,bottle,1416,1251,1459,1328
rgb_60.jpg,2592,1944,bottle,1416,1251,1459,1328
g_60.tif,2592,1944,bottle,1368,1273,1434,1332
nir_60.tif,2592,1944,bottle,1368,1273,1434,1332
r_60.tif,2592,1944,bottle,1368,1273,1434,1332
re_60.tif,2592,1944,bottle,1368,1273,1434,1332
rgb_60.jpg,2592,1944,bottle,1368,1273,1434,1332
g_60.tif,2592,1944,bottle,1294,1287,1370,1338
nir_60.tif,2592,1944,bottle,1294,1287,1370,1338
r_60.tif,2592,1944,bottle,1294,1287,1370,1338
re_60.tif,2592,1944,bottle,1294,1287,1370,1338
rgb_60.jpg,2592,1944,bottle,1294,1287,1370,1338
g_60.tif,2592,1944,bottle,1306,1275,1385,1317
nir_60.tif,2592,1944,bottle,1306,1275,1385,1317
r_60.tif,2592,1944,bottle,1306,1275,1385,1317
re_60.tif,2592,1944,bottle,1306,1275,1385,1317
rgb_60.jpg,2592,1944,bottle,1306,1275,1385,1317
g_60.tif,2592,1944,bottle,1333,1218,1376,1288
nir_60.tif,2592,1944,bottle,1333,1218,1376,1288
r_60.tif,2592,1944,bottle,1333,1218,1376,1288
re_60.tif,2592,1944,bottle,1333,1218,1376,1288
rgb_60.jpg,2592,1944,bottle,1333,1218,1376,1288
g_60.tif,2592,1944,bottle,1337,1233,1389,1300
nir_60.tif,2592,1944,bottle,1337,1233,1389,1300
r_60.tif,2592,1944,bottle,1337,1233,1389,1300
re_60.tif,2592,1944,bottle,1337,1233,1389,1300
rgb_60.jpg,2592,1944,bottle,1337,1233,1389,1300
g_60.tif,2592,1944,bottle,1369,1208,1417,1283
nir_60.tif,2592,1944,bottle,1369,1208,1417,1283
r_60.tif,2592,1944,bottle,1369,1208,1417,1283
re_60.tif,2592,1944,bottle,1369,1208,1417,1283
rgb_60.jpg,2592,1944,bottle,1369,1208,1417,1283
g_60.tif,2592,1944,bottle,1410,1189,1467,1250
nir_60.tif,2592,1944,bottle,1410,1189,1467,1250
r_60.tif,2592,1944,bottle,1410,1189,1467,1250
re_60.tif,2592,1944,bottle,1410,1189,1467,1250
rgb_60.jpg,2592,1944,bottle,1410,1189,1467,1250
g_60.tif,2592,1944,bottle,1387,1190,1441,1238
nir_60.tif,2592,1944,bottle,1387,1190,1441,1238
r_60.tif,2592,1944,bottle,1387,1190,1441,1238
re_60.tif,2592,1944,bottle,1387,1190,1441,1238
rgb_60.jpg,2592,1944,bottle,1387,1190,1441,1238
g_60.tif,2592,1944,bottle,1273,1218,1343,1262
nir_60.tif,2592,1944,bottle,1273,1218,1343,1262
r_60.tif,2592,1944,bottle,1273,1218,1343,1262
re_60.tif,2592,1944,bottle,1273,1218,1343,1262
rgb_60.jpg,2592,1944,bottle,1273,1218,1343,1262
g_60.tif,2592,1944,bottle,1521,1423,1595,1509
nir_60.tif,2592,1944,bottle,1521,1423,1595,1509
r_60.tif,2592,1944,bottle,1521,1423,1595,1509
re_60.tif,2592,1944,bottle,1521,1423,1595,1509
rgb_60.jpg,2592,1944,bottle,1521,1423,1595,1509
g_61.tif,2592,1944,bottle,1047,836,1099,888
nir_61.tif,2592,1944,bottle,1047,836,1099,888
r_61.tif,2592,1944,bottle,1047,836,1099,888
re_61.tif,2592,1944,bottle,1047,836,1099,888
rgb_61.jpg,2592,1944,bottle,1047,836,1099,888
g_61.tif,2592,1944,bottle,1075,821,1107,883
nir_61.tif,2592,1944,bottle,1075,821,1107,883
r_61.tif,2592,1944,bottle,1075,821,1107,883
re_61.tif,2592,1944,bottle,1075,821,1107,883
rgb_61.jpg,2592,1944,bottle,1075,821,1107,883
g_61.tif,2592,1944,bottle,1063,877,1119,911
nir_61.tif,2592,1944,bottle,1063,877,1119,911
r_61.tif,2592,1944,bottle,1063,877,1119,911
re_61.tif,2592,1944,bottle,1063,877,1119,911
rgb_61.jpg,2592,1944,bottle,1063,877,1119,911
g_61.tif,2592,1944,bottle,1104,855,1156,896
nir_61.tif,2592,1944,bottle,1104,855,1156,896
r_61.tif,2592,1944,bottle,1104,855,1156,896
re_61.tif,2592,1944,bottle,1104,855,1156,896
rgb_61.jpg,2592,1944,bottle,1104,855,1156,896
g_61.tif,2592,1944,bottle,1098,875,1150,921
nir_61.tif,2592,1944,bottle,1098,875,1150,921
r_61.tif,2592,1944,bottle,1098,875,1150,921
re_61.tif,2592,1944,bottle,1098,875,1150,921
rgb_61.jpg,2592,1944,bottle,1098,875,1150,921
g_61.tif,2592,1944,bottle,1115,913,1171,942
nir_61.tif,2592,1944,bottle,1115,913,1171,942
r_61.tif,2592,1944,bottle,1115,913,1171,942
re_61.tif,2592,1944,bottle,1115,913,1171,942
rgb_61.jpg,2592,1944,bottle,1115,913,1171,942
g_61.tif,2592,1944,bottle,1163,908,1190,968
nir_61.tif,2592,1944,bottle,1163,908,1190,968
r_61.tif,2592,1944,bottle,1163,908,1190,968
re_61.tif,2592,1944,bottle,1163,908,1190,968
rgb_61.jpg,2592,1944,bottle,1163,908,1190,968
g_61.tif,2592,1944,bottle,1183,915,1218,955
nir_61.tif,2592,1944,bottle,1183,915,1218,955
r_61.tif,2592,1944,bottle,1183,915,1218,955
re_61.tif,2592,1944,bottle,1183,915,1218,955
rgb_61.jpg,2592,1944,bottle,1183,915,1218,955
g_61.tif,2592,1944,bottle,1194,911,1225,964
nir_61.tif,2592,1944,bottle,1194,911,1225,964
r_61.tif,2592,1944,bottle,1194,911,1225,964
re_61.tif,2592,1944,bottle,1194,911,1225,964
rgb_61.jpg,2592,1944,bottle,1194,911,1225,964
g_61.tif,2592,1944,bottle,1135,938,1178,984
nir_61.tif,2592,1944,bottle,1135,938,1178,984
r_61.tif,2592,1944,bottle,1135,938,1178,984
re_61.tif,2592,1944,bottle,1135,938,1178,984
rgb_61.jpg,2592,1944,bottle,1135,938,1178,984
g_61.tif,2592,1944,bottle,1109,936,1176,964
nir_61.tif,2592,1944,bottle,1109,936,1176,964
r_61.tif,2592,1944,bottle,1109,936,1176,964
re_61.tif,2592,1944,bottle,1109,936,1176,964
rgb_61.jpg,2592,1944,bottle,1109,936,1176,964
g_61.tif,2592,1944,bottle,1115,951,1166,998
nir_61.tif,2592,1944,bottle,1115,951,1166,998
r_61.tif,2592,1944,bottle,1115,951,1166,998
re_61.tif,2592,1944,bottle,1115,951,1166,998
rgb_61.jpg,2592,1944,bottle,1115,951,1166,998
g_61.tif,2592,1944,bottle,1099,960,1151,1011
nir_61.tif,2592,1944,bottle,1099,960,1151,1011
r_61.tif,2592,1944,bottle,1099,960,1151,1011
re_61.tif,2592,1944,bottle,1099,960,1151,1011
rgb_61.jpg,2592,1944,bottle,1099,960,1151,1011
g_61.tif,2592,1944,bottle,1084,971,1132,1024
nir_61.tif,2592,1944,bottle,1084,971,1132,1024
r_61.tif,2592,1944,bottle,1084,971,1132,1024
re_61.tif,2592,1944,bottle,1084,971,1132,1024
rgb_61.jpg,2592,1944,bottle,1084,971,1132,1024
g_61.tif,2592,1944,bottle,1142,999,1163,1066
nir_61.tif,2592,1944,bottle,1142,999,1163,1066
r_61.tif,2592,1944,bottle,1142,999,1163,1066
re_61.tif,2592,1944,bottle,1142,999,1163,1066
rgb_61.jpg,2592,1944,bottle,1142,999,1163,1066
g_61.tif,2592,1944,bottle,1160,1012,1220,1055
nir_61.tif,2592,1944,bottle,1160,1012,1220,1055
r_61.tif,2592,1944,bottle,1160,1012,1220,1055
re_61.tif,2592,1944,bottle,1160,1012,1220,1055
rgb_61.jpg,2592,1944,bottle,1160,1012,1220,1055
g_61.tif,2592,1944,bottle,1171,1043,1228,1085
nir_61.tif,2592,1944,bottle,1171,1043,1228,1085
r_61.tif,2592,1944,bottle,1171,1043,1228,1085
re_61.tif,2592,1944,bottle,1171,1043,1228,1085
rgb_61.jpg,2592,1944,bottle,1171,1043,1228,1085
g_61.tif,2592,1944,bottle,1153,1055,1204,1103
nir_61.tif,2592,1944,bottle,1153,1055,1204,1103
r_61.tif,2592,1944,bottle,1153,1055,1204,1103
re_61.tif,2592,1944,bottle,1153,1055,1204,1103
rgb_61.jpg,2592,1944,bottle,1153,1055,1204,1103
g_61.tif,2592,1944,bottle,1204,1066,1246,1113
nir_61.tif,2592,1944,bottle,1204,1066,1246,1113
r_61.tif,2592,1944,bottle,1204,1066,1246,1113
re_61.tif,2592,1944,bottle,1204,1066,1246,1113
rgb_61.jpg,2592,1944,bottle,1204,1066,1246,1113
g_61.tif,2592,1944,bottle,1220,1031,1277,1073
nir_61.tif,2592,1944,bottle,1220,1031,1277,1073
r_61.tif,2592,1944,bottle,1220,1031,1277,1073
re_61.tif,2592,1944,bottle,1220,1031,1277,1073
rgb_61.jpg,2592,1944,bottle,1220,1031,1277,1073
g_61.tif,2592,1944,bottle,1207,1011,1268,1045
nir_61.tif,2592,1944,bottle,1207,1011,1268,1045
r_61.tif,2592,1944,bottle,1207,1011,1268,1045
re_61.tif,2592,1944,bottle,1207,1011,1268,1045
rgb_61.jpg,2592,1944,bottle,1207,1011,1268,1045
g_61.tif,2592,1944,bottle,1267,956,1299,1011
nir_61.tif,2592,1944,bottle,1267,956,1299,1011
r_61.tif,2592,1944,bottle,1267,956,1299,1011
re_61.tif,2592,1944,bottle,1267,956,1299,1011
rgb_61.jpg,2592,1944,bottle,1267,956,1299,1011
g_61.tif,2592,1944,bottle,1248,1056,1300,1093
nir_61.tif,2592,1944,bottle,1248,1056,1300,1093
r_61.tif,2592,1944,bottle,1248,1056,1300,1093
re_61.tif,2592,1944,bottle,1248,1056,1300,1093
rgb_61.jpg,2592,1944,bottle,1248,1056,1300,1093
g_61.tif,2592,1944,bottle,1206,1061,1245,1110
nir_61.tif,2592,1944,bottle,1206,1061,1245,1110
r_61.tif,2592,1944,bottle,1206,1061,1245,1110
re_61.tif,2592,1944,bottle,1206,1061,1245,1110
rgb_61.jpg,2592,1944,bottle,1206,1061,1245,1110
g_61.tif,2592,1944,bottle,1262,1006,1287,1062
nir_61.tif,2592,1944,bottle,1262,1006,1287,1062
r_61.tif,2592,1944,bottle,1262,1006,1287,1062
re_61.tif,2592,1944,bottle,1262,1006,1287,1062
rgb_61.jpg,2592,1944,bottle,1262,1006,1287,1062
g_61.tif,2592,1944,bottle,1224,1151,1266,1204
nir_61.tif,2592,1944,bottle,1224,1151,1266,1204
r_61.tif,2592,1944,bottle,1224,1151,1266,1204
re_61.tif,2592,1944,bottle,1224,1151,1266,1204
rgb_61.jpg,2592,1944,bottle,1224,1151,1266,1204
g_61.tif,2592,1944,bottle,1230,1128,1283,1171
nir_61.tif,2592,1944,bottle,1230,1128,1283,1171
r_61.tif,2592,1944,bottle,1230,1128,1283,1171
re_61.tif,2592,1944,bottle,1230,1128,1283,1171
rgb_61.jpg,2592,1944,bottle,1230,1128,1283,1171
g_61.tif,2592,1944,bottle,1232,1198,1300,1236
nir_61.tif,2592,1944,bottle,1232,1198,1300,1236
r_61.tif,2592,1944,bottle,1232,1198,1300,1236
re_61.tif,2592,1944,bottle,1232,1198,1300,1236
rgb_61.jpg,2592,1944,bottle,1232,1198,1300,1236
g_61.tif,2592,1944,bottle,1263,1196,1314,1213
nir_61.tif,2592,1944,bottle,1263,1196,1314,1213
r_61.tif,2592,1944,bottle,1263,1196,1314,1213
re_61.tif,2592,1944,bottle,1263,1196,1314,1213
rgb_61.jpg,2592,1944,bottle,1263,1196,1314,1213
g_61.tif,2592,1944,bottle,1271,1233,1337,1264
nir_61.tif,2592,1944,bottle,1271,1233,1337,1264
r_61.tif,2592,1944,bottle,1271,1233,1337,1264
re_61.tif,2592,1944,bottle,1271,1233,1337,1264
rgb_61.jpg,2592,1944,bottle,1271,1233,1337,1264
g_61.tif,2592,1944,bottle,1288,1217,1357,1256
nir_61.tif,2592,1944,bottle,1288,1217,1357,1256
r_61.tif,2592,1944,bottle,1288,1217,1357,1256
re_61.tif,2592,1944,bottle,1288,1217,1357,1256
rgb_61.jpg,2592,1944,bottle,1288,1217,1357,1256
g_61.tif,2592,1944,bottle,1305,1206,1357,1238
nir_61.tif,2592,1944,bottle,1305,1206,1357,1238
r_61.tif,2592,1944,bottle,1305,1206,1357,1238
re_61.tif,2592,1944,bottle,1305,1206,1357,1238
rgb_61.jpg,2592,1944,bottle,1305,1206,1357,1238
g_61.tif,2592,1944,bottle,1349,1203,1400,1254
nir_61.tif,2592,1944,bottle,1349,1203,1400,1254
r_61.tif,2592,1944,bottle,1349,1203,1400,1254
re_61.tif,2592,1944,bottle,1349,1203,1400,1254
rgb_61.jpg,2592,1944,bottle,1349,1203,1400,1254
g_61.tif,2592,1944,bottle,1393,1194,1424,1251
nir_61.tif,2592,1944,bottle,1393,1194,1424,1251
r_61.tif,2592,1944,bottle,1393,1194,1424,1251
re_61.tif,2592,1944,bottle,1393,1194,1424,1251
rgb_61.jpg,2592,1944,bottle,1393,1194,1424,1251
g_61.tif,2592,1944,bottle,1425,1200,1482,1242
nir_61.tif,2592,1944,bottle,1425,1200,1482,1242
r_61.tif,2592,1944,bottle,1425,1200,1482,1242
re_61.tif,2592,1944,bottle,1425,1200,1482,1242
rgb_61.jpg,2592,1944,bottle,1425,1200,1482,1242
g_61.tif,2592,1944,bottle,1400,1166,1452,1195
nir_61.tif,2592,1944,bottle,1400,1166,1452,1195
r_61.tif,2592,1944,bottle,1400,1166,1452,1195
re_61.tif,2592,1944,bottle,1400,1166,1452,1195
rgb_61.jpg,2592,1944,bottle,1400,1166,1452,1195
g_61.tif,2592,1944,bottle,1454,1107,1504,1150
nir_61.tif,2592,1944,bottle,1454,1107,1504,1150
r_61.tif,2592,1944,bottle,1454,1107,1504,1150
re_61.tif,2592,1944,bottle,1454,1107,1504,1150
rgb_61.jpg,2592,1944,bottle,1454,1107,1504,1150
g_61.tif,2592,1944,bottle,1428,1052,1467,1113
nir_61.tif,2592,1944,bottle,1428,1052,1467,1113
r_61.tif,2592,1944,bottle,1428,1052,1467,1113
re_61.tif,2592,1944,bottle,1428,1052,1467,1113
rgb_61.jpg,2592,1944,bottle,1428,1052,1467,1113
g_61.tif,2592,1944,bottle,1374,1041,1419,1090
nir_61.tif,2592,1944,bottle,1374,1041,1419,1090
r_61.tif,2592,1944,bottle,1374,1041,1419,1090
re_61.tif,2592,1944,bottle,1374,1041,1419,1090
rgb_61.jpg,2592,1944,bottle,1374,1041,1419,1090
g_61.tif,2592,1944,bottle,1293,1038,1331,1083
nir_61.tif,2592,1944,bottle,1293,1038,1331,1083
r_61.tif,2592,1944,bottle,1293,1038,1331,1083
re_61.tif,2592,1944,bottle,1293,1038,1331,1083
rgb_61.jpg,2592,1944,bottle,1293,1038,1331,1083
g_61.tif,2592,1944,bottle,1311,1082,1341,1146
nir_61.tif,2592,1944,bottle,1311,1082,1341,1146
r_61.tif,2592,1944,bottle,1311,1082,1341,1146
re_61.tif,2592,1944,bottle,1311,1082,1341,1146
rgb_61.jpg,2592,1944,bottle,1311,1082,1341,1146
g_61.tif,2592,1944,bottle,1285,1065,1309,1127
nir_61.tif,2592,1944,bottle,1285,1065,1309,1127
r_61.tif,2592,1944,bottle,1285,1065,1309,1127
re_61.tif,2592,1944,bottle,1285,1065,1309,1127
rgb_61.jpg,2592,1944,bottle,1285,1065,1309,1127
g_61.tif,2592,1944,bottle,1351,1076,1414,1115
nir_61.tif,2592,1944,bottle,1351,1076,1414,1115
r_61.tif,2592,1944,bottle,1351,1076,1414,1115
re_61.tif,2592,1944,bottle,1351,1076,1414,1115
rgb_61.jpg,2592,1944,bottle,1351,1076,1414,1115
g_61.tif,2592,1944,bottle,1355,1087,1391,1126
nir_61.tif,2592,1944,bottle,1355,1087,1391,1126
r_61.tif,2592,1944,bottle,1355,1087,1391,1126
re_61.tif,2592,1944,bottle,1355,1087,1391,1126
rgb_61.jpg,2592,1944,bottle,1355,1087,1391,1126
g_61.tif,2592,1944,bottle,1390,1098,1415,1138
nir_61.tif,2592,1944,bottle,1390,1098,1415,1138
r_61.tif,2592,1944,bottle,1390,1098,1415,1138
re_61.tif,2592,1944,bottle,1390,1098,1415,1138
rgb_61.jpg,2592,1944,bottle,1390,1098,1415,1138
g_61.tif,2592,1944,bottle,1389,1107,1447,1151
nir_61.tif,2592,1944,bottle,1389,1107,1447,1151
r_61.tif,2592,1944,bottle,1389,1107,1447,1151
re_61.tif,2592,1944,bottle,1389,1107,1447,1151
rgb_61.jpg,2592,1944,bottle,1389,1107,1447,1151
g_61.tif,2592,1944,bottle,1418,1117,1458,1177
nir_61.tif,2592,1944,bottle,1418,1117,1458,1177
r_61.tif,2592,1944,bottle,1418,1117,1458,1177
re_61.tif,2592,1944,bottle,1418,1117,1458,1177
rgb_61.jpg,2592,1944,bottle,1418,1117,1458,1177
g_61.tif,2592,1944,bottle,1357,1155,1392,1216
nir_61.tif,2592,1944,bottle,1357,1155,1392,1216
r_61.tif,2592,1944,bottle,1357,1155,1392,1216
re_61.tif,2592,1944,bottle,1357,1155,1392,1216
rgb_61.jpg,2592,1944,bottle,1357,1155,1392,1216
g_61.tif,2592,1944,bottle,1311,1134,1362,1172
nir_61.tif,2592,1944,bottle,1311,1134,1362,1172
r_61.tif,2592,1944,bottle,1311,1134,1362,1172
re_61.tif,2592,1944,bottle,1311,1134,1362,1172
rgb_61.jpg,2592,1944,bottle,1311,1134,1362,1172
g_61.tif,2592,1944,bottle,1276,1157,1340,1197
nir_61.tif,2592,1944,bottle,1276,1157,1340,1197
r_61.tif,2592,1944,bottle,1276,1157,1340,1197
re_61.tif,2592,1944,bottle,1276,1157,1340,1197
rgb_61.jpg,2592,1944,bottle,1276,1157,1340,1197
g_61.tif,2592,1944,bottle,1341,1165,1382,1218
nir_61.tif,2592,1944,bottle,1341,1165,1382,1218
r_61.tif,2592,1944,bottle,1341,1165,1382,1218
re_61.tif,2592,1944,bottle,1341,1165,1382,1218
rgb_61.jpg,2592,1944,bottle,1341,1165,1382,1218
g_61.tif,2592,1944,bottle,1355,1156,1393,1215
nir_61.tif,2592,1944,bottle,1355,1156,1393,1215
r_61.tif,2592,1944,bottle,1355,1156,1393,1215
re_61.tif,2592,1944,bottle,1355,1156,1393,1215
rgb_61.jpg,2592,1944,bottle,1355,1156,1393,1215
g_61.tif,2592,1944,bottle,1353,1120,1379,1161
nir_61.tif,2592,1944,bottle,1353,1120,1379,1161
r_61.tif,2592,1944,bottle,1353,1120,1379,1161
re_61.tif,2592,1944,bottle,1353,1120,1379,1161
rgb_61.jpg,2592,1944,bottle,1353,1120,1379,1161
g_61.tif,2592,1944,bottle,1278,1121,1317,1156
nir_61.tif,2592,1944,bottle,1278,1121,1317,1156
r_61.tif,2592,1944,bottle,1278,1121,1317,1156
re_61.tif,2592,1944,bottle,1278,1121,1317,1156
rgb_61.jpg,2592,1944,bottle,1278,1121,1317,1156
g_61.tif,2592,1944,container,1328,1067,1375,1105
nir_61.tif,2592,1944,container,1328,1067,1375,1105
r_61.tif,2592,1944,container,1328,1067,1375,1105
re_61.tif,2592,1944,container,1328,1067,1375,1105
rgb_61.jpg,2592,1944,container,1328,1067,1375,1105
g_61.tif,2592,1944,can,1339,1002,1399,1077
nir_61.tif,2592,1944,can,1339,1002,1399,1077
r_61.tif,2592,1944,can,1339,1002,1399,1077
re_61.tif,2592,1944,can,1339,1002,1399,1077
rgb_61.jpg,2592,1944,can,1339,1002,1399,1077
g_61.tif,2592,1944,can,1299,934,1376,993
nir_61.tif,2592,1944,can,1299,934,1376,993
r_61.tif,2592,1944,can,1299,934,1376,993
re_61.tif,2592,1944,can,1299,934,1376,993
rgb_61.jpg,2592,1944,can,1299,934,1376,993
g_61.tif,2592,1944,can,1274,976,1342,1047
nir_61.tif,2592,1944,can,1274,976,1342,1047
r_61.tif,2592,1944,can,1274,976,1342,1047
re_61.tif,2592,1944,can,1274,976,1342,1047
rgb_61.jpg,2592,1944,can,1274,976,1342,1047
g_61.tif,2592,1944,container,1313,1002,1356,1071
nir_61.tif,2592,1944,container,1313,1002,1356,1071
r_61.tif,2592,1944,container,1313,1002,1356,1071
re_61.tif,2592,1944,container,1313,1002,1356,1071
rgb_61.jpg,2592,1944,container,1313,1002,1356,1071
g_61.tif,2592,1944,container,1241,878,1324,961
nir_61.tif,2592,1944,container,1241,878,1324,961
r_61.tif,2592,1944,container,1241,878,1324,961
re_61.tif,2592,1944,container,1241,878,1324,961
rgb_61.jpg,2592,1944,container,1241,878,1324,961
g_61.tif,2592,1944,can,1186,836,1257,903
nir_61.tif,2592,1944,can,1186,836,1257,903
r_61.tif,2592,1944,can,1186,836,1257,903
re_61.tif,2592,1944,can,1186,836,1257,903
rgb_61.jpg,2592,1944,can,1186,836,1257,903
g_61.tif,2592,1944,can,1214,895,1267,969
nir_61.tif,2592,1944,can,1214,895,1267,969
r_61.tif,2592,1944,can,1214,895,1267,969
re_61.tif,2592,1944,can,1214,895,1267,969
rgb_61.jpg,2592,1944,can,1214,895,1267,969
g_61.tif,2592,1944,can,1144,854,1219,931
nir_61.tif,2592,1944,can,1144,854,1219,931
r_61.tif,2592,1944,can,1144,854,1219,931
re_61.tif,2592,1944,can,1144,854,1219,931
rgb_61.jpg,2592,1944,can,1144,854,1219,931
g_61.tif,2592,1944,can,1169,960,1222,1046
nir_61.tif,2592,1944,can,1169,960,1222,1046
r_61.tif,2592,1944,can,1169,960,1222,1046
re_61.tif,2592,1944,can,1169,960,1222,1046
rgb_61.jpg,2592,1944,can,1169,960,1222,1046
g_61.tif,2592,1944,can,1211,957,1281,1021
nir_61.tif,2592,1944,can,1211,957,1281,1021
r_61.tif,2592,1944,can,1211,957,1281,1021
re_61.tif,2592,1944,can,1211,957,1281,1021
rgb_61.jpg,2592,1944,can,1211,957,1281,1021
g_61.tif,2592,1944,can,1236,1076,1298,1151
nir_61.tif,2592,1944,can,1236,1076,1298,1151
r_61.tif,2592,1944,can,1236,1076,1298,1151
re_61.tif,2592,1944,can,1236,1076,1298,1151
rgb_61.jpg,2592,1944,can,1236,1076,1298,1151
g_61.tif,2592,1944,container,1126,1098,1249,1206
nir_61.tif,2592,1944,container,1126,1098,1249,1206
r_61.tif,2592,1944,container,1126,1098,1249,1206
re_61.tif,2592,1944,container,1126,1098,1249,1206
rgb_61.jpg,2592,1944,container,1126,1098,1249,1206
g_61.tif,2592,1944,container,1093,1056,1135,1102
nir_61.tif,2592,1944,container,1093,1056,1135,1102
r_61.tif,2592,1944,container,1093,1056,1135,1102
re_61.tif,2592,1944,container,1093,1056,1135,1102
rgb_61.jpg,2592,1944,container,1093,1056,1135,1102
g_61.tif,2592,1944,bottle,1335,1093,1356,1150
nir_61.tif,2592,1944,bottle,1335,1093,1356,1150
r_61.tif,2592,1944,bottle,1335,1093,1356,1150
re_61.tif,2592,1944,bottle,1335,1093,1356,1150
rgb_61.jpg,2592,1944,bottle,1335,1093,1356,1150
g_61.tif,2592,1944,bottle,1466,1328,1531,1382
nir_61.tif,2592,1944,bottle,1466,1328,1531,1382
r_61.tif,2592,1944,bottle,1466,1328,1531,1382
re_61.tif,2592,1944,bottle,1466,1328,1531,1382
rgb_61.jpg,2592,1944,bottle,1466,1328,1531,1382
g_61.tif,2592,1944,bottle,1607,1508,1650,1563
nir_61.tif,2592,1944,bottle,1607,1508,1650,1563
r_61.tif,2592,1944,bottle,1607,1508,1650,1563
re_61.tif,2592,1944,bottle,1607,1508,1650,1563
rgb_61.jpg,2592,1944,bottle,1607,1508,1650,1563
g_62.tif,2592,1944,bottle,1131,871,1166,909
nir_62.tif,2592,1944,bottle,1131,871,1166,909
r_62.tif,2592,1944,bottle,1131,871,1166,909
re_62.tif,2592,1944,bottle,1131,871,1166,909
rgb_62.jpg,2592,1944,bottle,1131,871,1166,909
g_62.tif,2592,1944,bottle,1150,862,1174,905
nir_62.tif,2592,1944,bottle,1150,862,1174,905
r_62.tif,2592,1944,bottle,1150,862,1174,905
re_62.tif,2592,1944,bottle,1150,862,1174,905
rgb_62.jpg,2592,1944,bottle,1150,862,1174,905
g_62.tif,2592,1944,bottle,1171,884,1205,915
nir_62.tif,2592,1944,bottle,1171,884,1205,915
r_62.tif,2592,1944,bottle,1171,884,1205,915
re_62.tif,2592,1944,bottle,1171,884,1205,915
rgb_62.jpg,2592,1944,bottle,1171,884,1205,915
g_62.tif,2592,1944,bottle,1142,898,1182,923
nir_62.tif,2592,1944,bottle,1142,898,1182,923
r_62.tif,2592,1944,bottle,1142,898,1182,923
re_62.tif,2592,1944,bottle,1142,898,1182,923
rgb_62.jpg,2592,1944,bottle,1142,898,1182,923
g_62.tif,2592,1944,bottle,1168,897,1201,930
nir_62.tif,2592,1944,bottle,1168,897,1201,930
r_62.tif,2592,1944,bottle,1168,897,1201,930
re_62.tif,2592,1944,bottle,1168,897,1201,930
rgb_62.jpg,2592,1944,bottle,1168,897,1201,930
g_62.tif,2592,1944,bottle,1176,925,1218,947
nir_62.tif,2592,1944,bottle,1176,925,1218,947
r_62.tif,2592,1944,bottle,1176,925,1218,947
re_62.tif,2592,1944,bottle,1176,925,1218,947
rgb_62.jpg,2592,1944,bottle,1176,925,1218,947
g_62.tif,2592,1944,bottle,1209,919,1231,964
nir_62.tif,2592,1944,bottle,1209,919,1231,964
r_62.tif,2592,1944,bottle,1209,919,1231,964
re_62.tif,2592,1944,bottle,1209,919,1231,964
rgb_62.jpg,2592,1944,bottle,1209,919,1231,964
g_62.tif,2592,1944,bottle,1237,924,1254,963
nir_62.tif,2592,1944,bottle,1237,924,1254,963
r_62.tif,2592,1944,bottle,1237,924,1254,963
re_62.tif,2592,1944,bottle,1237,924,1254,963
rgb_62.jpg,2592,1944,bottle,1237,924,1254,963
g_62.tif,2592,1944,bottle,1177,949,1215,983
nir_62.tif,2592,1944,bottle,1177,949,1215,983
r_62.tif,2592,1944,bottle,1177,949,1215,983
re_62.tif,2592,1944,bottle,1177,949,1215,983
rgb_62.jpg,2592,1944,bottle,1177,949,1215,983
g_62.tif,2592,1944,bottle,1169,956,1202,992
nir_62.tif,2592,1944,bottle,1169,956,1202,992
r_62.tif,2592,1944,bottle,1169,956,1202,992
re_62.tif,2592,1944,bottle,1169,956,1202,992
rgb_62.jpg,2592,1944,bottle,1169,956,1202,992
g_62.tif,2592,1944,bottle,1159,965,1194,1000
nir_62.tif,2592,1944,bottle,1159,965,1194,1000
r_62.tif,2592,1944,bottle,1159,965,1194,1000
re_62.tif,2592,1944,bottle,1159,965,1194,1000
rgb_62.jpg,2592,1944,bottle,1159,965,1194,1000
g_62.tif,2592,1944,bottle,1197,986,1214,1031
nir_62.tif,2592,1944,bottle,1197,986,1214,1031
r_62.tif,2592,1944,bottle,1197,986,1214,1031
re_62.tif,2592,1944,bottle,1197,986,1214,1031
rgb_62.jpg,2592,1944,bottle,1197,986,1214,1031
g_62.tif,2592,1944,bottle,1210,994,1252,1021
nir_62.tif,2592,1944,bottle,1210,994,1252,1021
r_62.tif,2592,1944,bottle,1210,994,1252,1021
re_62.tif,2592,1944,bottle,1210,994,1252,1021
rgb_62.jpg,2592,1944,bottle,1210,994,1252,1021
g_62.tif,2592,1944,bottle,1285,956,1305,996
nir_62.tif,2592,1944,bottle,1285,956,1305,996
r_62.tif,2592,1944,bottle,1285,956,1305,996
re_62.tif,2592,1944,bottle,1285,956,1305,996
rgb_62.jpg,2592,1944,bottle,1285,956,1305,996
g_62.tif,2592,1944,container,1264,899,1322,958
nir_62.tif,2592,1944,container,1264,899,1322,958
r_62.tif,2592,1944,container,1264,899,1322,958
re_62.tif,2592,1944,container,1264,899,1322,958
rgb_62.jpg,2592,1944,container,1264,899,1322,958
g_62.tif,2592,1944,container,1165,1024,1193,1054
nir_62.tif,2592,1944,container,1165,1024,1193,1054
r_62.tif,2592,1944,container,1165,1024,1193,1054
re_62.tif,2592,1944,container,1165,1024,1193,1054
rgb_62.jpg,2592,1944,container,1165,1024,1193,1054
g_62.tif,2592,1944,container,1187,1046,1274,1127
nir_62.tif,2592,1944,container,1187,1046,1274,1127
r_62.tif,2592,1944,container,1187,1046,1274,1127
re_62.tif,2592,1944,container,1187,1046,1274,1127
rgb_62.jpg,2592,1944,container,1187,1046,1274,1127
g_62.tif,2592,1944,bottle,1254,1088,1280,1129
nir_62.tif,2592,1944,bottle,1254,1088,1280,1129
r_62.tif,2592,1944,bottle,1254,1088,1280,1129
re_62.tif,2592,1944,bottle,1254,1088,1280,1129
rgb_62.jpg,2592,1944,bottle,1254,1088,1280,1129
g_62.tif,2592,1944,bottle,1253,1074,1292,1102
nir_62.tif,2592,1944,bottle,1253,1074,1292,1102
r_62.tif,2592,1944,bottle,1253,1074,1292,1102
re_62.tif,2592,1944,bottle,1253,1074,1292,1102
rgb_62.jpg,2592,1944,bottle,1253,1074,1292,1102
g_62.tif,2592,1944,bottle,1265,1126,1300,1144
nir_62.tif,2592,1944,bottle,1265,1126,1300,1144
r_62.tif,2592,1944,bottle,1265,1126,1300,1144
re_62.tif,2592,1944,bottle,1265,1126,1300,1144
rgb_62.jpg,2592,1944,bottle,1265,1126,1300,1144
g_62.tif,2592,1944,bottle,1240,1026,1273,1060
nir_62.tif,2592,1944,bottle,1240,1026,1273,1060
r_62.tif,2592,1944,bottle,1240,1026,1273,1060
re_62.tif,2592,1944,bottle,1240,1026,1273,1060
rgb_62.jpg,2592,1944,bottle,1240,1026,1273,1060
g_62.tif,2592,1944,bottle,1204,1023,1242,1056
nir_62.tif,2592,1944,bottle,1204,1023,1242,1056
r_62.tif,2592,1944,bottle,1204,1023,1242,1056
re_62.tif,2592,1944,bottle,1204,1023,1242,1056
rgb_62.jpg,2592,1944,bottle,1204,1023,1242,1056
g_62.tif,2592,1944,bottle,1214,1011,1257,1044
nir_62.tif,2592,1944,bottle,1214,1011,1257,1044
r_62.tif,2592,1944,bottle,1214,1011,1257,1044
re_62.tif,2592,1944,bottle,1214,1011,1257,1044
rgb_62.jpg,2592,1944,bottle,1214,1011,1257,1044
g_62.tif,2592,1944,bottle,1267,1022,1308,1048
nir_62.tif,2592,1944,bottle,1267,1022,1308,1048
r_62.tif,2592,1944,bottle,1267,1022,1308,1048
re_62.tif,2592,1944,bottle,1267,1022,1308,1048
rgb_62.jpg,2592,1944,bottle,1267,1022,1308,1048
g_62.tif,2592,1944,bottle,1251,1006,1289,1035
nir_62.tif,2592,1944,bottle,1251,1006,1289,1035
r_62.tif,2592,1944,bottle,1251,1006,1289,1035
re_62.tif,2592,1944,bottle,1251,1006,1289,1035
rgb_62.jpg,2592,1944,bottle,1251,1006,1289,1035
g_62.tif,2592,1944,bottle,1299,1007,1327,1044
nir_62.tif,2592,1944,bottle,1299,1007,1327,1044
r_62.tif,2592,1944,bottle,1299,1007,1327,1044
re_62.tif,2592,1944,bottle,1299,1007,1327,1044
rgb_62.jpg,2592,1944,bottle,1299,1007,1327,1044
g_62.tif,2592,1944,container,1311,983,1348,1027
nir_62.tif,2592,1944,container,1311,983,1348,1027
r_62.tif,2592,1944,container,1311,983,1348,1027
re_62.tif,2592,1944,container,1311,983,1348,1027
rgb_62.jpg,2592,1944,container,1311,983,1348,1027
g_62.tif,2592,1944,bottle,1356,1008,1386,1049
nir_62.tif,2592,1944,bottle,1356,1008,1386,1049
r_62.tif,2592,1944,bottle,1356,1008,1386,1049
re_62.tif,2592,1944,bottle,1356,1008,1386,1049
rgb_62.jpg,2592,1944,bottle,1356,1008,1386,1049
g_62.tif,2592,1944,bottle,1391,1019,1417,1062
nir_62.tif,2592,1944,bottle,1391,1019,1417,1062
r_62.tif,2592,1944,bottle,1391,1019,1417,1062
re_62.tif,2592,1944,bottle,1391,1019,1417,1062
rgb_62.jpg,2592,1944,bottle,1391,1019,1417,1062
g_62.tif,2592,1944,bottle,1410,1057,1448,1090
nir_62.tif,2592,1944,bottle,1410,1057,1448,1090
r_62.tif,2592,1944,bottle,1410,1057,1448,1090
re_62.tif,2592,1944,bottle,1410,1057,1448,1090
rgb_62.jpg,2592,1944,bottle,1410,1057,1448,1090
g_62.tif,2592,1944,bottle,1388,1064,1412,1107
nir_62.tif,2592,1944,bottle,1388,1064,1412,1107
r_62.tif,2592,1944,bottle,1388,1064,1412,1107
re_62.tif,2592,1944,bottle,1388,1064,1412,1107
rgb_62.jpg,2592,1944,bottle,1388,1064,1412,1107
g_62.tif,2592,1944,bottle,1366,1054,1409,1085
nir_62.tif,2592,1944,bottle,1366,1054,1409,1085
r_62.tif,2592,1944,bottle,1366,1054,1409,1085
re_62.tif,2592,1944,bottle,1366,1054,1409,1085
rgb_62.jpg,2592,1944,bottle,1366,1054,1409,1085
g_62.tif,2592,1944,bottle,1325,1047,1345,1092
nir_62.tif,2592,1944,bottle,1325,1047,1345,1092
r_62.tif,2592,1944,bottle,1325,1047,1345,1092
re_62.tif,2592,1944,bottle,1325,1047,1345,1092
rgb_62.jpg,2592,1944,bottle,1325,1047,1345,1092
g_62.tif,2592,1944,bottle,1343,1036,1384,1062
nir_62.tif,2592,1944,bottle,1343,1036,1384,1062
r_62.tif,2592,1944,bottle,1343,1036,1384,1062
re_62.tif,2592,1944,bottle,1343,1036,1384,1062
rgb_62.jpg,2592,1944,bottle,1343,1036,1384,1062
g_62.tif,2592,1944,bottle,1288,1142,1327,1164
nir_62.tif,2592,1944,bottle,1288,1142,1327,1164
r_62.tif,2592,1944,bottle,1288,1142,1327,1164
re_62.tif,2592,1944,bottle,1288,1142,1327,1164
rgb_62.jpg,2592,1944,bottle,1288,1142,1327,1164
g_62.tif,2592,1944,bottle,1301,1133,1347,1163
nir_62.tif,2592,1944,bottle,1301,1133,1347,1163
r_62.tif,2592,1944,bottle,1301,1133,1347,1163
re_62.tif,2592,1944,bottle,1301,1133,1347,1163
rgb_62.jpg,2592,1944,bottle,1301,1133,1347,1163
g_62.tif,2592,1944,bottle,1390,1118,1428,1148
nir_62.tif,2592,1944,bottle,1390,1118,1428,1148
r_62.tif,2592,1944,bottle,1390,1118,1428,1148
re_62.tif,2592,1944,bottle,1390,1118,1428,1148
rgb_62.jpg,2592,1944,bottle,1390,1118,1428,1148
g_62.tif,2592,1944,bottle,1421,1214,1459,1242
nir_62.tif,2592,1944,bottle,1421,1214,1459,1242
r_62.tif,2592,1944,bottle,1421,1214,1459,1242
re_62.tif,2592,1944,bottle,1421,1214,1459,1242
rgb_62.jpg,2592,1944,bottle,1421,1214,1459,1242
g_62.tif,2592,1944,bottle,1367,1108,1389,1157
nir_62.tif,2592,1944,bottle,1367,1108,1389,1157
r_62.tif,2592,1944,bottle,1367,1108,1389,1157
re_62.tif,2592,1944,bottle,1367,1108,1389,1157
rgb_62.jpg,2592,1944,bottle,1367,1108,1389,1157
g_62.tif,2592,1944,bottle,1344,1127,1377,1159
nir_62.tif,2592,1944,bottle,1344,1127,1377,1159
r_62.tif,2592,1944,bottle,1344,1127,1377,1159
re_62.tif,2592,1944,bottle,1344,1127,1377,1159
rgb_62.jpg,2592,1944,bottle,1344,1127,1377,1159
g_62.tif,2592,1944,bottle,1317,1102,1341,1140
nir_62.tif,2592,1944,bottle,1317,1102,1341,1140
r_62.tif,2592,1944,bottle,1317,1102,1341,1140
re_62.tif,2592,1944,bottle,1317,1102,1341,1140
rgb_62.jpg,2592,1944,bottle,1317,1102,1341,1140
g_62.tif,2592,1944,bottle,1345,1093,1370,1130
nir_62.tif,2592,1944,bottle,1345,1093,1370,1130
r_62.tif,2592,1944,bottle,1345,1093,1370,1130
re_62.tif,2592,1944,bottle,1345,1093,1370,1130
rgb_62.jpg,2592,1944,bottle,1345,1093,1370,1130
g_62.tif,2592,1944,bottle,1332,1097,1362,1133
nir_62.tif,2592,1944,bottle,1332,1097,1362,1133
r_62.tif,2592,1944,bottle,1332,1097,1362,1133
re_62.tif,2592,1944,bottle,1332,1097,1362,1133
rgb_62.jpg,2592,1944,bottle,1332,1097,1362,1133
g_62.tif,2592,1944,bottle,1371,1099,1411,1121
nir_62.tif,2592,1944,bottle,1371,1099,1411,1121
r_62.tif,2592,1944,bottle,1371,1099,1411,1121
re_62.tif,2592,1944,bottle,1371,1099,1411,1121
rgb_62.jpg,2592,1944,bottle,1371,1099,1411,1121
g_62.tif,2592,1944,bottle,1342,1060,1360,1103
nir_62.tif,2592,1944,bottle,1342,1060,1360,1103
r_62.tif,2592,1944,bottle,1342,1060,1360,1103
re_62.tif,2592,1944,bottle,1342,1060,1360,1103
rgb_62.jpg,2592,1944,bottle,1342,1060,1360,1103
g_62.tif,2592,1944,bottle,1298,1093,1319,1131
nir_62.tif,2592,1944,bottle,1298,1093,1319,1131
r_62.tif,2592,1944,bottle,1298,1093,1319,1131
re_62.tif,2592,1944,bottle,1298,1093,1319,1131
rgb_62.jpg,2592,1944,bottle,1298,1093,1319,1131
g_62.tif,2592,1944,bottle,1279,1098,1317,1126
nir_62.tif,2592,1944,bottle,1279,1098,1317,1126
r_62.tif,2592,1944,bottle,1279,1098,1317,1126
re_62.tif,2592,1944,bottle,1279,1098,1317,1126
rgb_62.jpg,2592,1944,bottle,1279,1098,1317,1126
g_62.tif,2592,1944,bottle,1293,1060,1320,1094
nir_62.tif,2592,1944,bottle,1293,1060,1320,1094
r_62.tif,2592,1944,bottle,1293,1060,1320,1094
re_62.tif,2592,1944,bottle,1293,1060,1320,1094
rgb_62.jpg,2592,1944,bottle,1293,1060,1320,1094
g_62.tif,2592,1944,bottle,1308,1071,1337,1097
nir_62.tif,2592,1944,bottle,1308,1071,1337,1097
r_62.tif,2592,1944,bottle,1308,1071,1337,1097
re_62.tif,2592,1944,bottle,1308,1071,1337,1097
rgb_62.jpg,2592,1944,bottle,1308,1071,1337,1097
g_62.tif,2592,1944,can,1260,1037,1304,1090
nir_62.tif,2592,1944,can,1260,1037,1304,1090
r_62.tif,2592,1944,can,1260,1037,1304,1090
re_62.tif,2592,1944,can,1260,1037,1304,1090
rgb_62.jpg,2592,1944,can,1260,1037,1304,1090
g_62.tif,2592,1944,can,1334,982,1374,1037
nir_62.tif,2592,1944,can,1334,982,1374,1037
r_62.tif,2592,1944,can,1334,982,1374,1037
re_62.tif,2592,1944,can,1334,982,1374,1037
rgb_62.jpg,2592,1944,can,1334,982,1374,1037
g_62.tif,2592,1944,can,1305,937,1359,979
nir_62.tif,2592,1944,can,1305,937,1359,979
r_62.tif,2592,1944,can,1305,937,1359,979
re_62.tif,2592,1944,can,1305,937,1359,979
rgb_62.jpg,2592,1944,can,1305,937,1359,979
g_62.tif,2592,1944,can,1216,955,1254,1015
nir_62.tif,2592,1944,can,1216,955,1254,1015
r_62.tif,2592,1944,can,1216,955,1254,1015
re_62.tif,2592,1944,can,1216,955,1254,1015
rgb_62.jpg,2592,1944,can,1216,955,1254,1015
g_62.tif,2592,1944,can,1246,956,1295,1001
nir_62.tif,2592,1944,can,1246,956,1295,1001
r_62.tif,2592,1944,can,1246,956,1295,1001
re_62.tif,2592,1944,can,1246,956,1295,1001
rgb_62.jpg,2592,1944,can,1246,956,1295,1001
g_62.tif,2592,1944,can,1244,908,1284,961
nir_62.tif,2592,1944,can,1244,908,1284,961
r_62.tif,2592,1944,can,1244,908,1284,961
re_62.tif,2592,1944,can,1244,908,1284,961
rgb_62.jpg,2592,1944,can,1244,908,1284,961
g_62.tif,2592,1944,can,1199,883,1251,937
nir_62.tif,2592,1944,can,1199,883,1251,937
r_62.tif,2592,1944,can,1199,883,1251,937
re_62.tif,2592,1944,can,1199,883,1251,937
rgb_62.jpg,2592,1944,can,1199,883,1251,937
g_62.tif,2592,1944,can,1224,869,1278,917
nir_62.tif,2592,1944,can,1224,869,1278,917
r_62.tif,2592,1944,can,1224,869,1278,917
re_62.tif,2592,1944,can,1224,869,1278,917
rgb_62.jpg,2592,1944,can,1224,869,1278,917
g_62.tif,2592,1944,container,1326,1028,1356,1058
nir_62.tif,2592,1944,container,1326,1028,1356,1058
r_62.tif,2592,1944,container,1326,1028,1356,1058
re_62.tif,2592,1944,container,1326,1028,1356,1058
rgb_62.jpg,2592,1944,container,1326,1028,1356,1058
g_62.tif,2592,1944,bottle,1512,1321,1547,1371
nir_62.tif,2592,1944,bottle,1512,1321,1547,1371
r_62.tif,2592,1944,bottle,1512,1321,1547,1371
re_62.tif,2592,1944,bottle,1512,1321,1547,1371
rgb_62.jpg,2592,1944,bottle,1512,1321,1547,1371
g_63.tif,2592,1944,bottle,1163,887,1189,914
nir_63.tif,2592,1944,bottle,1163,887,1189,914
r_63.tif,2592,1944,bottle,1163,887,1189,914
re_63.tif,2592,1944,bottle,1163,887,1189,914
rgb_63.jpg,2592,1944,bottle,1163,887,1189,914
g_63.tif,2592,1944,bottle,1177,879,1195,914
nir_63.tif,2592,1944,bottle,1177,879,1195,914
r_63.tif,2592,1944,bottle,1177,879,1195,914
re_63.tif,2592,1944,bottle,1177,879,1195,914
rgb_63.jpg,2592,1944,bottle,1177,879,1195,914
g_63.tif,2592,1944,bottle,1183,899,1208,916
nir_63.tif,2592,1944,bottle,1183,899,1208,916
r_63.tif,2592,1944,bottle,1183,899,1208,916
re_63.tif,2592,1944,bottle,1183,899,1208,916
rgb_63.jpg,2592,1944,bottle,1183,899,1208,916
g_63.tif,2592,1944,bottle,1191,896,1220,920
nir_63.tif,2592,1944,bottle,1191,896,1220,920
r_63.tif,2592,1944,bottle,1191,896,1220,920
re_63.tif,2592,1944,bottle,1191,896,1220,920
rgb_63.jpg,2592,1944,bottle,1191,896,1220,920
g_63.tif,2592,1944,bottle,1171,909,1202,928
nir_63.tif,2592,1944,bottle,1171,909,1202,928
r_63.tif,2592,1944,bottle,1171,909,1202,928
re_63.tif,2592,1944,bottle,1171,909,1202,928
rgb_63.jpg,2592,1944,bottle,1171,909,1202,928
g_63.tif,2592,1944,bottle,1190,909,1218,934
nir_63.tif,2592,1944,bottle,1190,909,1218,934
r_63.tif,2592,1944,bottle,1190,909,1218,934
re_63.tif,2592,1944,bottle,1190,909,1218,934
rgb_63.jpg,2592,1944,bottle,1190,909,1218,934
g_63.tif,2592,1944,bottle,1185,963,1212,992
nir_63.tif,2592,1944,bottle,1185,963,1212,992
r_63.tif,2592,1944,bottle,1185,963,1212,992
re_63.tif,2592,1944,bottle,1185,963,1212,992
rgb_63.jpg,2592,1944,bottle,1185,963,1212,992
g_63.tif,2592,1944,bottle,1192,954,1217,981
nir_63.tif,2592,1944,bottle,1192,954,1217,981
r_63.tif,2592,1944,bottle,1192,954,1217,981
re_63.tif,2592,1944,bottle,1192,954,1217,981
rgb_63.jpg,2592,1944,bottle,1192,954,1217,981
g_63.tif,2592,1944,bottle,1200,949,1227,976
nir_63.tif,2592,1944,bottle,1200,949,1227,976
r_63.tif,2592,1944,bottle,1200,949,1227,976
re_63.tif,2592,1944,bottle,1200,949,1227,976
rgb_63.jpg,2592,1944,bottle,1200,949,1227,976
g_63.tif,2592,1944,bottle,1198,940,1227,955
nir_63.tif,2592,1944,bottle,1198,940,1227,955
r_63.tif,2592,1944,bottle,1198,940,1227,955
re_63.tif,2592,1944,bottle,1198,940,1227,955
rgb_63.jpg,2592,1944,bottle,1198,940,1227,955
g_63.tif,2592,1944,bottle,1213,946,1232,968
nir_63.tif,2592,1944,bottle,1213,946,1232,968
r_63.tif,2592,1944,bottle,1213,946,1232,968
re_63.tif,2592,1944,bottle,1213,946,1232,968
rgb_63.jpg,2592,1944,bottle,1213,946,1232,968
g_63.tif,2592,1944,bottle,1199,930,1231,947
nir_63.tif,2592,1944,bottle,1199,930,1231,947
r_63.tif,2592,1944,bottle,1199,930,1231,947
re_63.tif,2592,1944,bottle,1199,930,1231,947
rgb_63.jpg,2592,1944,bottle,1199,930,1231,947
g_63.tif,2592,1944,bottle,1225,924,1243,962
nir_63.tif,2592,1944,bottle,1225,924,1243,962
r_63.tif,2592,1944,bottle,1225,924,1243,962
re_63.tif,2592,1944,bottle,1225,924,1243,962
rgb_63.jpg,2592,1944,bottle,1225,924,1243,962
g_63.tif,2592,1944,bottle,1244,930,1258,957
nir_63.tif,2592,1944,bottle,1244,930,1258,957
r_63.tif,2592,1944,bottle,1244,930,1258,957
re_63.tif,2592,1944,bottle,1244,930,1258,957
rgb_63.jpg,2592,1944,bottle,1244,930,1258,957
g_63.tif,2592,1944,bottle,1217,975,1228,1013
nir_63.tif,2592,1944,bottle,1217,975,1228,1013
r_63.tif,2592,1944,bottle,1217,975,1228,1013
re_63.tif,2592,1944,bottle,1217,975,1228,1013
rgb_63.jpg,2592,1944,bottle,1217,975,1228,1013
g_63.tif,2592,1944,bottle,1223,1009,1250,1032
nir_63.tif,2592,1944,bottle,1223,1009,1250,1032
r_63.tif,2592,1944,bottle,1223,1009,1250,1032
re_63.tif,2592,1944,bottle,1223,1009,1250,1032
rgb_63.jpg,2592,1944,bottle,1223,1009,1250,1032
g_63.tif,2592,1944,bottle,1231,1000,1261,1021
nir_63.tif,2592,1944,bottle,1231,1000,1261,1021
r_63.tif,2592,1944,bottle,1231,1000,1261,1021
re_63.tif,2592,1944,bottle,1231,1000,1261,1021
rgb_63.jpg,2592,1944,bottle,1231,1000,1261,1021
g_63.tif,2592,1944,bottle,1226,985,1255,1003
nir_63.tif,2592,1944,bottle,1226,985,1255,1003
r_63.tif,2592,1944,bottle,1226,985,1255,1003
re_63.tif,2592,1944,bottle,1226,985,1255,1003
rgb_63.jpg,2592,1944,bottle,1226,985,1255,1003
g_63.tif,2592,1944,bottle,1248,983,1281,1003
nir_63.tif,2592,1944,bottle,1248,983,1281,1003
r_63.tif,2592,1944,bottle,1248,983,1281,1003
re_63.tif,2592,1944,bottle,1248,983,1281,1003
rgb_63.jpg,2592,1944,bottle,1248,983,1281,1003
g_63.tif,2592,1944,can,1214,895,1255,938
nir_63.tif,2592,1944,can,1214,895,1255,938
r_63.tif,2592,1944,can,1214,895,1255,938
re_63.tif,2592,1944,can,1214,895,1255,938
rgb_63.jpg,2592,1944,can,1214,895,1255,938
g_63.tif,2592,1944,can,1237,888,1278,924
nir_63.tif,2592,1944,can,1237,888,1278,924
r_63.tif,2592,1944,can,1237,888,1278,924
re_63.tif,2592,1944,can,1237,888,1278,924
rgb_63.jpg,2592,1944,can,1237,888,1278,924
g_63.tif,2592,1944,can,1253,922,1284,959
nir_63.tif,2592,1944,can,1253,922,1284,959
r_63.tif,2592,1944,can,1253,922,1284,959
re_63.tif,2592,1944,can,1253,922,1284,959
rgb_63.jpg,2592,1944,can,1253,922,1284,959
g_63.tif,2592,1944,can,1229,952,1261,1003
nir_63.tif,2592,1944,can,1229,952,1261,1003
r_63.tif,2592,1944,can,1229,952,1261,1003
re_63.tif,2592,1944,can,1229,952,1261,1003
rgb_63.jpg,2592,1944,can,1229,952,1261,1003
g_63.tif,2592,1944,can,1253,955,1291,988
nir_63.tif,2592,1944,can,1253,955,1291,988
r_63.tif,2592,1944,can,1253,955,1291,988
re_63.tif,2592,1944,can,1253,955,1291,988
rgb_63.jpg,2592,1944,can,1253,955,1291,988
g_63.tif,2592,1944,bottle,1284,953,1301,984
nir_63.tif,2592,1944,bottle,1284,953,1301,984
r_63.tif,2592,1944,bottle,1284,953,1301,984
re_63.tif,2592,1944,bottle,1284,953,1301,984
rgb_63.jpg,2592,1944,bottle,1284,953,1301,984
g_63.tif,2592,1944,container,1305,978,1331,1005
nir_63.tif,2592,1944,container,1305,978,1331,1005
r_63.tif,2592,1944,container,1305,978,1331,1005
re_63.tif,2592,1944,container,1305,978,1331,1005
rgb_63.jpg,2592,1944,container,1305,978,1331,1005
g_63.tif,2592,1944,can,1300,938,1342,973
nir_63.tif,2592,1944,can,1300,938,1342,973
r_63.tif,2592,1944,can,1300,938,1342,973
re_63.tif,2592,1944,can,1300,938,1342,973
rgb_63.jpg,2592,1944,can,1300,938,1342,973
g_63.tif,2592,1944,container,1266,909,1313,958
nir_63.tif,2592,1944,container,1266,909,1313,958
r_63.tif,2592,1944,container,1266,909,1313,958
re_63.tif,2592,1944,container,1266,909,1313,958
rgb_63.jpg,2592,1944,container,1266,909,1313,958
g_63.tif,2592,1944,bottle,1259,986,1292,1018
nir_63.tif,2592,1944,bottle,1259,986,1292,1018
r_63.tif,2592,1944,bottle,1259,986,1292,1018
re_63.tif,2592,1944,bottle,1259,986,1292,1018
rgb_63.jpg,2592,1944,bottle,1259,986,1292,1018
g_63.tif,2592,1944,bottle,1230,999,1263,1024
nir_63.tif,2592,1944,bottle,1230,999,1263,1024
r_63.tif,2592,1944,bottle,1230,999,1263,1024
re_63.tif,2592,1944,bottle,1230,999,1263,1024
rgb_63.jpg,2592,1944,bottle,1230,999,1263,1024
g_63.tif,2592,1944,bottle,1248,1011,1271,1037
nir_63.tif,2592,1944,bottle,1248,1011,1271,1037
r_63.tif,2592,1944,bottle,1248,1011,1271,1037
re_63.tif,2592,1944,bottle,1248,1011,1271,1037
rgb_63.jpg,2592,1944,bottle,1248,1011,1271,1037
g_63.tif,2592,1944,bottle,1270,1006,1303,1027
nir_63.tif,2592,1944,bottle,1270,1006,1303,1027
r_63.tif,2592,1944,bottle,1270,1006,1303,1027
re_63.tif,2592,1944,bottle,1270,1006,1303,1027
rgb_63.jpg,2592,1944,bottle,1270,1006,1303,1027
g_63.tif,2592,1944,container,1185,1006,1213,1033
nir_63.tif,2592,1944,container,1185,1006,1213,1033
r_63.tif,2592,1944,container,1185,1006,1213,1033
re_63.tif,2592,1944,container,1185,1006,1213,1033
rgb_63.jpg,2592,1944,container,1185,1006,1213,1033
g_63.tif,2592,1944,container,1205,1026,1271,1087
nir_63.tif,2592,1944,container,1205,1026,1271,1087
r_63.tif,2592,1944,container,1205,1026,1271,1087
re_63.tif,2592,1944,container,1205,1026,1271,1087
rgb_63.jpg,2592,1944,container,1205,1026,1271,1087
g_63.tif,2592,1944,bottle,1258,1058,1280,1089
nir_63.tif,2592,1944,bottle,1258,1058,1280,1089
r_63.tif,2592,1944,bottle,1258,1058,1280,1089
re_63.tif,2592,1944,bottle,1258,1058,1280,1089
rgb_63.jpg,2592,1944,bottle,1258,1058,1280,1089
g_63.tif,2592,1944,bottle,1264,1052,1289,1069
nir_63.tif,2592,1944,bottle,1264,1052,1289,1069
r_63.tif,2592,1944,bottle,1264,1052,1289,1069
re_63.tif,2592,1944,bottle,1264,1052,1289,1069
rgb_63.jpg,2592,1944,bottle,1264,1052,1289,1069
g_63.tif,2592,1944,can,1263,1017,1299,1059
nir_63.tif,2592,1944,can,1263,1017,1299,1059
r_63.tif,2592,1944,can,1263,1017,1299,1059
re_63.tif,2592,1944,can,1263,1017,1299,1059
rgb_63.jpg,2592,1944,can,1263,1017,1299,1059
g_63.tif,2592,1944,can,1288,961,1322,1001
nir_63.tif,2592,1944,can,1288,961,1322,1001
r_63.tif,2592,1944,can,1288,961,1322,1001
re_63.tif,2592,1944,can,1288,961,1322,1001
rgb_63.jpg,2592,1944,can,1288,961,1322,1001
g_63.tif,2592,1944,can,1322,974,1353,1019
nir_63.tif,2592,1944,can,1322,974,1353,1019
r_63.tif,2592,1944,can,1322,974,1353,1019
re_63.tif,2592,1944,can,1322,974,1353,1019
rgb_63.jpg,2592,1944,can,1322,974,1353,1019
g_63.tif,2592,1944,can,1294,997,1320,1026
nir_63.tif,2592,1944,can,1294,997,1320,1026
r_63.tif,2592,1944,can,1294,997,1320,1026
re_63.tif,2592,1944,can,1294,997,1320,1026
rgb_63.jpg,2592,1944,can,1294,997,1320,1026
g_63.tif,2592,1944,container,1320,1011,1340,1035
nir_63.tif,2592,1944,container,1320,1011,1340,1035
r_63.tif,2592,1944,container,1320,1011,1340,1035
re_63.tif,2592,1944,container,1320,1011,1340,1035
rgb_63.jpg,2592,1944,container,1320,1011,1340,1035
g_63.tif,2592,1944,bottle,1330,1017,1360,1037
nir_63.tif,2592,1944,bottle,1330,1017,1360,1037
r_63.tif,2592,1944,bottle,1330,1017,1360,1037
re_63.tif,2592,1944,bottle,1330,1017,1360,1037
rgb_63.jpg,2592,1944,bottle,1330,1017,1360,1037
g_63.tif,2592,1944,bottle,1369,1003,1389,1035
nir_63.tif,2592,1944,bottle,1369,1003,1389,1035
r_63.tif,2592,1944,bottle,1369,1003,1389,1035
re_63.tif,2592,1944,bottle,1369,1003,1389,1035
rgb_63.jpg,2592,1944,bottle,1369,1003,1389,1035
g_63.tif,2592,1944,bottle,1381,1034,1411,1060
nir_63.tif,2592,1944,bottle,1381,1034,1411,1060
r_63.tif,2592,1944,bottle,1381,1034,1411,1060
re_63.tif,2592,1944,bottle,1381,1034,1411,1060
rgb_63.jpg,2592,1944,bottle,1381,1034,1411,1060
g_63.tif,2592,1944,bottle,1365,1040,1385,1073
nir_63.tif,2592,1944,bottle,1365,1040,1385,1073
r_63.tif,2592,1944,bottle,1365,1040,1385,1073
re_63.tif,2592,1944,bottle,1365,1040,1385,1073
rgb_63.jpg,2592,1944,bottle,1365,1040,1385,1073
g_63.tif,2592,1944,bottle,1349,1066,1384,1085
nir_63.tif,2592,1944,bottle,1349,1066,1384,1085
r_63.tif,2592,1944,bottle,1349,1066,1384,1085
re_63.tif,2592,1944,bottle,1349,1066,1384,1085
rgb_63.jpg,2592,1944,bottle,1349,1066,1384,1085
g_63.tif,2592,1944,bottle,1366,1082,1396,1108
nir_63.tif,2592,1944,bottle,1366,1082,1396,1108
r_63.tif,2592,1944,bottle,1366,1082,1396,1108
re_63.tif,2592,1944,bottle,1366,1082,1396,1108
rgb_63.jpg,2592,1944,bottle,1366,1082,1396,1108
g_63.tif,2592,1944,bottle,1388,1156,1421,1179
nir_63.tif,2592,1944,bottle,1388,1156,1421,1179
r_63.tif,2592,1944,bottle,1388,1156,1421,1179
re_63.tif,2592,1944,bottle,1388,1156,1421,1179
rgb_63.jpg,2592,1944,bottle,1388,1156,1421,1179
g_63.tif,2592,1944,bottle,1348,1077,1367,1112
nir_63.tif,2592,1944,bottle,1348,1077,1367,1112
r_63.tif,2592,1944,bottle,1348,1077,1367,1112
re_63.tif,2592,1944,bottle,1348,1077,1367,1112
rgb_63.jpg,2592,1944,bottle,1348,1077,1367,1112
g_63.tif,2592,1944,bottle,1328,1086,1357,1113
nir_63.tif,2592,1944,bottle,1328,1086,1357,1113
r_63.tif,2592,1944,bottle,1328,1086,1357,1113
re_63.tif,2592,1944,bottle,1328,1086,1357,1113
rgb_63.jpg,2592,1944,bottle,1328,1086,1357,1113
g_63.tif,2592,1944,bottle,1332,1064,1349,1092
nir_63.tif,2592,1944,bottle,1332,1064,1349,1092
r_63.tif,2592,1944,bottle,1332,1064,1349,1092
re_63.tif,2592,1944,bottle,1332,1064,1349,1092
rgb_63.jpg,2592,1944,bottle,1332,1064,1349,1092
g_63.tif,2592,1944,bottle,1466,1249,1485,1277
nir_63.tif,2592,1944,bottle,1466,1249,1485,1277
r_63.tif,2592,1944,bottle,1466,1249,1485,1277
re_63.tif,2592,1944,bottle,1466,1249,1485,1277
rgb_63.jpg,2592,1944,bottle,1466,1249,1485,1277
g_63.tif,2592,1944,bottle,1285,1102,1318,1117
nir_63.tif,2592,1944,bottle,1285,1102,1318,1117
r_63.tif,2592,1944,bottle,1285,1102,1318,1117
re_63.tif,2592,1944,bottle,1285,1102,1318,1117
rgb_63.jpg,2592,1944,bottle,1285,1102,1318,1117
g_63.tif,2592,1944,bottle,1298,1094,1330,1115
nir_63.tif,2592,1944,bottle,1298,1094,1330,1115
r_63.tif,2592,1944,bottle,1298,1094,1330,1115
re_63.tif,2592,1944,bottle,1298,1094,1330,1115
rgb_63.jpg,2592,1944,bottle,1298,1094,1330,1115
g_63.tif,2592,1944,bottle,1267,1090,1296,1104
nir_63.tif,2592,1944,bottle,1267,1090,1296,1104
r_63.tif,2592,1944,bottle,1267,1090,1296,1104
re_63.tif,2592,1944,bottle,1267,1090,1296,1104
rgb_63.jpg,2592,1944,bottle,1267,1090,1296,1104
g_63.tif,2592,1944,bottle,1280,1068,1310,1087
nir_63.tif,2592,1944,bottle,1280,1068,1310,1087
r_63.tif,2592,1944,bottle,1280,1068,1310,1087
re_63.tif,2592,1944,bottle,1280,1068,1310,1087
rgb_63.jpg,2592,1944,bottle,1280,1068,1310,1087
g_63.tif,2592,1944,bottle,1280,1079,1306,1095
nir_63.tif,2592,1944,bottle,1280,1079,1306,1095
r_63.tif,2592,1944,bottle,1280,1079,1306,1095
re_63.tif,2592,1944,bottle,1280,1079,1306,1095
rgb_63.jpg,2592,1944,bottle,1280,1079,1306,1095
g_63.tif,2592,1944,bottle,1306,1087,1337,1109
nir_63.tif,2592,1944,bottle,1306,1087,1337,1109
r_63.tif,2592,1944,bottle,1306,1087,1337,1109
re_63.tif,2592,1944,bottle,1306,1087,1337,1109
rgb_63.jpg,2592,1944,bottle,1306,1087,1337,1109
g_63.tif,2592,1944,bottle,1314,1065,1331,1092
nir_63.tif,2592,1944,bottle,1314,1065,1331,1092
r_63.tif,2592,1944,bottle,1314,1065,1331,1092
re_63.tif,2592,1944,bottle,1314,1065,1331,1092
rgb_63.jpg,2592,1944,bottle,1314,1065,1331,1092
g_63.tif,2592,1944,bottle,1288,1063,1318,1083
nir_63.tif,2592,1944,bottle,1288,1063,1318,1083
r_63.tif,2592,1944,bottle,1288,1063,1318,1083
re_63.tif,2592,1944,bottle,1288,1063,1318,1083
rgb_63.jpg,2592,1944,bottle,1288,1063,1318,1083
g_63.tif,2592,1944,bottle,1300,1048,1330,1068
nir_63.tif,2592,1944,bottle,1300,1048,1330,1068
r_63.tif,2592,1944,bottle,1300,1048,1330,1068
re_63.tif,2592,1944,bottle,1300,1048,1330,1068
rgb_63.jpg,2592,1944,bottle,1300,1048,1330,1068
g_63.tif,2592,1944,bottle,1291,1030,1321,1046
nir_63.tif,2592,1944,bottle,1291,1030,1321,1046
r_63.tif,2592,1944,bottle,1291,1030,1321,1046
re_63.tif,2592,1944,bottle,1291,1030,1321,1046
rgb_63.jpg,2592,1944,bottle,1291,1030,1321,1046
g_63.tif,2592,1944,bottle,1351,1033,1377,1055
nir_63.tif,2592,1944,bottle,1351,1033,1377,1055
r_63.tif,2592,1944,bottle,1351,1033,1377,1055
re_63.tif,2592,1944,bottle,1351,1033,1377,1055
rgb_63.jpg,2592,1944,bottle,1351,1033,1377,1055
g_63.tif,2592,1944,bottle,1335,1042,1368,1064
nir_63.tif,2592,1944,bottle,1335,1042,1368,1064
r_63.tif,2592,1944,bottle,1335,1042,1368,1064
re_63.tif,2592,1944,bottle,1335,1042,1368,1064
rgb_63.jpg,2592,1944,bottle,1335,1042,1368,1064
g_63.tif,2592,1944,bottle,1288,1038,1309,1060
nir_63.tif,2592,1944,bottle,1288,1038,1309,1060
r_63.tif,2592,1944,bottle,1288,1038,1309,1060
re_63.tif,2592,1944,bottle,1288,1038,1309,1060
rgb_63.jpg,2592,1944,bottle,1288,1038,1309,1060
g_64.tif,2592,1944,bottle,1197,905,1220,930
nir_64.tif,2592,1944,bottle,1197,905,1220,930
r_64.tif,2592,1944,bottle,1197,905,1220,930
re_64.tif,2592,1944,bottle,1197,905,1220,930
rgb_64.jpg,2592,1944,bottle,1197,905,1220,930
g_64.tif,2592,1944,bottle,1205,925,1231,939
nir_64.tif,2592,1944,bottle,1205,925,1231,939
r_64.tif,2592,1944,bottle,1205,925,1231,939
re_64.tif,2592,1944,bottle,1205,925,1231,939
rgb_64.jpg,2592,1944,bottle,1205,925,1231,939
g_64.tif,2592,1944,bottle,1221,914,1245,934
nir_64.tif,2592,1944,bottle,1221,914,1245,934
r_64.tif,2592,1944,bottle,1221,914,1245,934
re_64.tif,2592,1944,bottle,1221,914,1245,934
rgb_64.jpg,2592,1944,bottle,1221,914,1245,934
g_64.tif,2592,1944,bottle,1220,924,1243,945
nir_64.tif,2592,1944,bottle,1220,924,1243,945
r_64.tif,2592,1944,bottle,1220,924,1243,945
re_64.tif,2592,1944,bottle,1220,924,1243,945
rgb_64.jpg,2592,1944,bottle,1220,924,1243,945
g_64.tif,2592,1944,bottle,1211,901,1224,926
nir_64.tif,2592,1944,bottle,1211,901,1224,926
r_64.tif,2592,1944,bottle,1211,901,1224,926
re_64.tif,2592,1944,bottle,1211,901,1224,926
rgb_64.jpg,2592,1944,bottle,1211,901,1224,926
g_64.tif,2592,1944,bottle,1214,916,1235,929
nir_64.tif,2592,1944,bottle,1214,916,1235,929
r_64.tif,2592,1944,bottle,1214,916,1235,929
re_64.tif,2592,1944,bottle,1214,916,1235,929
rgb_64.jpg,2592,1944,bottle,1214,916,1235,929
g_64.tif,2592,1944,bottle,1226,940,1251,953
nir_64.tif,2592,1944,bottle,1226,940,1251,953
r_64.tif,2592,1944,bottle,1226,940,1251,953
re_64.tif,2592,1944,bottle,1226,940,1251,953
rgb_64.jpg,2592,1944,bottle,1226,940,1251,953
g_64.tif,2592,1944,bottle,1246,938,1261,965
nir_64.tif,2592,1944,bottle,1246,938,1261,965
r_64.tif,2592,1944,bottle,1246,938,1261,965
re_64.tif,2592,1944,bottle,1246,938,1261,965
rgb_64.jpg,2592,1944,bottle,1246,938,1261,965
g_64.tif,2592,1944,bottle,1262,944,1273,962
nir_64.tif,2592,1944,bottle,1262,944,1273,962
r_64.tif,2592,1944,bottle,1262,944,1273,962
re_64.tif,2592,1944,bottle,1262,944,1273,962
rgb_64.jpg,2592,1944,bottle,1262,944,1273,962
g_64.tif,2592,1944,bottle,1237,951,1254,970
nir_64.tif,2592,1944,bottle,1237,951,1254,970
r_64.tif,2592,1944,bottle,1237,951,1254,970
re_64.tif,2592,1944,bottle,1237,951,1254,970
rgb_64.jpg,2592,1944,bottle,1237,951,1254,970
g_64.tif,2592,1944,bottle,1224,948,1253,961
nir_64.tif,2592,1944,bottle,1224,948,1253,961
r_64.tif,2592,1944,bottle,1224,948,1253,961
re_64.tif,2592,1944,bottle,1224,948,1253,961
rgb_64.jpg,2592,1944,bottle,1224,948,1253,961
g_64.tif,2592,1944,bottle,1225,955,1250,976
nir_64.tif,2592,1944,bottle,1225,955,1250,976
r_64.tif,2592,1944,bottle,1225,955,1250,976
re_64.tif,2592,1944,bottle,1225,955,1250,976
rgb_64.jpg,2592,1944,bottle,1225,955,1250,976
g_64.tif,2592,1944,bottle,1222,960,1241,983
nir_64.tif,2592,1944,bottle,1222,960,1241,983
r_64.tif,2592,1944,bottle,1222,960,1241,983
re_64.tif,2592,1944,bottle,1222,960,1241,983
rgb_64.jpg,2592,1944,bottle,1222,960,1241,983
g_64.tif,2592,1944,bottle,1216,963,1236,987
nir_64.tif,2592,1944,bottle,1216,963,1236,987
r_64.tif,2592,1944,bottle,1216,963,1236,987
re_64.tif,2592,1944,bottle,1216,963,1236,987
rgb_64.jpg,2592,1944,bottle,1216,963,1236,987
g_64.tif,2592,1944,bottle,1239,977,1251,1005
nir_64.tif,2592,1944,bottle,1239,977,1251,1005
r_64.tif,2592,1944,bottle,1239,977,1251,1005
re_64.tif,2592,1944,bottle,1239,977,1251,1005
rgb_64.jpg,2592,1944,bottle,1239,977,1251,1005
g_64.tif,2592,1944,bottle,1245,1002,1265,1020
nir_64.tif,2592,1944,bottle,1245,1002,1265,1020
r_64.tif,2592,1944,bottle,1245,1002,1265,1020
re_64.tif,2592,1944,bottle,1245,1002,1265,1020
rgb_64.jpg,2592,1944,bottle,1245,1002,1265,1020
g_64.tif,2592,1944,bottle,1251,995,1275,1013
nir_64.tif,2592,1944,bottle,1251,995,1275,1013
r_64.tif,2592,1944,bottle,1251,995,1275,1013
re_64.tif,2592,1944,bottle,1251,995,1275,1013
rgb_64.jpg,2592,1944,bottle,1251,995,1275,1013
g_64.tif,2592,1944,bottle,1248,984,1273,1000
nir_64.tif,2592,1944,bottle,1248,984,1273,1000
r_64.tif,2592,1944,bottle,1248,984,1273,1000
re_64.tif,2592,1944,bottle,1248,984,1273,1000
rgb_64.jpg,2592,1944,bottle,1248,984,1273,1000
g_64.tif,2592,1944,bottle,1265,982,1291,999
nir_64.tif,2592,1944,bottle,1265,982,1291,999
r_64.tif,2592,1944,bottle,1265,982,1291,999
re_64.tif,2592,1944,bottle,1265,982,1291,999
rgb_64.jpg,2592,1944,bottle,1265,982,1291,999
g_64.tif,2592,1944,bottle,1273,984,1299,1008
nir_64.tif,2592,1944,bottle,1273,984,1299,1008
r_64.tif,2592,1944,bottle,1273,984,1299,1008
re_64.tif,2592,1944,bottle,1273,984,1299,1008
rgb_64.jpg,2592,1944,bottle,1273,984,1299,1008
g_64.tif,2592,1944,bottle,1293,957,1306,985
nir_64.tif,2592,1944,bottle,1293,957,1306,985
r_64.tif,2592,1944,bottle,1293,957,1306,985
re_64.tif,2592,1944,bottle,1293,957,1306,985
rgb_64.jpg,2592,1944,bottle,1293,957,1306,985
g_64.tif,2592,1944,container,1280,923,1316,961
nir_64.tif,2592,1944,container,1280,923,1316,961
r_64.tif,2592,1944,container,1280,923,1316,961
re_64.tif,2592,1944,container,1280,923,1316,961
rgb_64.jpg,2592,1944,container,1280,923,1316,961
g_64.tif,2592,1944,can,1256,907,1289,936
nir_64.tif,2592,1944,can,1256,907,1289,936
r_64.tif,2592,1944,can,1256,907,1289,936
re_64.tif,2592,1944,can,1256,907,1289,936
rgb_64.jpg,2592,1944,can,1256,907,1289,936
g_64.tif,2592,1944,can,1239,913,1273,946
nir_64.tif,2592,1944,can,1239,913,1273,946
r_64.tif,2592,1944,can,1239,913,1273,946
re_64.tif,2592,1944,can,1239,913,1273,946
rgb_64.jpg,2592,1944,can,1239,913,1273,946
g_64.tif,2592,1944,can,1270,932,1292,964
nir_64.tif,2592,1944,can,1270,932,1292,964
r_64.tif,2592,1944,can,1270,932,1292,964
re_64.tif,2592,1944,can,1270,932,1292,964
rgb_64.jpg,2592,1944,can,1270,932,1292,964
g_64.tif,2592,1944,can,1251,957,1273,999
nir_64.tif,2592,1944,can,1251,957,1273,999
r_64.tif,2592,1944,can,1251,957,1273,999
re_64.tif,2592,1944,can,1251,957,1273,999
rgb_64.jpg,2592,1944,can,1251,957,1273,999
g_64.tif,2592,1944,can,1271,959,1299,985
nir_64.tif,2592,1944,can,1271,959,1299,985
r_64.tif,2592,1944,can,1271,959,1299,985
re_64.tif,2592,1944,can,1271,959,1299,985
rgb_64.jpg,2592,1944,can,1271,959,1299,985
g_64.tif,2592,1944,can,1297,964,1323,998
nir_64.tif,2592,1944,can,1297,964,1323,998
r_64.tif,2592,1944,can,1297,964,1323,998
re_64.tif,2592,1944,can,1297,964,1323,998
rgb_64.jpg,2592,1944,can,1297,964,1323,998
g_64.tif,2592,1944,bottle,1264,1003,1284,1024
nir_64.tif,2592,1944,bottle,1264,1003,1284,1024
r_64.tif,2592,1944,bottle,1264,1003,1284,1024
re_64.tif,2592,1944,bottle,1264,1003,1284,1024
rgb_64.jpg,2592,1944,bottle,1264,1003,1284,1024
g_64.tif,2592,1944,bottle,1281,998,1309,1014
nir_64.tif,2592,1944,bottle,1281,998,1309,1014
r_64.tif,2592,1944,bottle,1281,998,1309,1014
re_64.tif,2592,1944,bottle,1281,998,1309,1014
rgb_64.jpg,2592,1944,bottle,1281,998,1309,1014
g_64.tif,2592,1944,bottle,1299,991,1319,1010
nir_64.tif,2592,1944,bottle,1299,991,1319,1010
r_64.tif,2592,1944,bottle,1299,991,1319,1010
re_64.tif,2592,1944,bottle,1299,991,1319,1010
rgb_64.jpg,2592,1944,bottle,1299,991,1319,1010
g_64.tif,2592,1944,bottle,1357,998,1376,1023
nir_64.tif,2592,1944,bottle,1357,998,1376,1023
r_64.tif,2592,1944,bottle,1357,998,1376,1023
re_64.tif,2592,1944,bottle,1357,998,1376,1023
rgb_64.jpg,2592,1944,bottle,1357,998,1376,1023
g_64.tif,2592,1944,container,1312,977,1331,1001
nir_64.tif,2592,1944,container,1312,977,1331,1001
r_64.tif,2592,1944,container,1312,977,1331,1001
re_64.tif,2592,1944,container,1312,977,1331,1001
rgb_64.jpg,2592,1944,container,1312,977,1331,1001
g_64.tif,2592,1944,container,1232,1016,1286,1062
nir_64.tif,2592,1944,container,1232,1016,1286,1062
r_64.tif,2592,1944,container,1232,1016,1286,1062
re_64.tif,2592,1944,container,1232,1016,1286,1062
rgb_64.jpg,2592,1944,container,1232,1016,1286,1062
g_64.tif,2592,1944,container,1217,1000,1237,1020
nir_64.tif,2592,1944,container,1217,1000,1237,1020
r_64.tif,2592,1944,container,1217,1000,1237,1020
re_64.tif,2592,1944,container,1217,1000,1237,1020
rgb_64.jpg,2592,1944,container,1217,1000,1237,1020
g_64.tif,2592,1944,bottle,1274,1039,1289,1064
nir_64.tif,2592,1944,bottle,1274,1039,1289,1064
r_64.tif,2592,1944,bottle,1274,1039,1289,1064
re_64.tif,2592,1944,bottle,1274,1039,1289,1064
rgb_64.jpg,2592,1944,bottle,1274,1039,1289,1064
g_64.tif,2592,1944,bottle,1273,1034,1299,1048
nir_64.tif,2592,1944,bottle,1273,1034,1299,1048
r_64.tif,2592,1944,bottle,1273,1034,1299,1048
re_64.tif,2592,1944,bottle,1273,1034,1299,1048
rgb_64.jpg,2592,1944,bottle,1273,1034,1299,1048
g_64.tif,2592,1944,can,1322,975,1347,1008
nir_64.tif,2592,1944,can,1322,975,1347,1008
r_64.tif,2592,1944,can,1322,975,1347,1008
re_64.tif,2592,1944,can,1322,975,1347,1008
rgb_64.jpg,2592,1944,can,1322,975,1347,1008
g_64.tif,2592,1944,bottle,1336,992,1355,1016
nir_64.tif,2592,1944,bottle,1336,992,1355,1016
r_64.tif,2592,1944,bottle,1336,992,1355,1016
re_64.tif,2592,1944,bottle,1336,992,1355,1016
rgb_64.jpg,2592,1944,bottle,1336,992,1355,1016
g_64.tif,2592,1944,bottle,1330,1009,1351,1024
nir_64.tif,2592,1944,bottle,1330,1009,1351,1024
r_64.tif,2592,1944,bottle,1330,1009,1351,1024
re_64.tif,2592,1944,bottle,1330,1009,1351,1024
rgb_64.jpg,2592,1944,bottle,1330,1009,1351,1024
g_64.tif,2592,1944,container,1320,1005,1336,1022
nir_64.tif,2592,1944,container,1320,1005,1336,1022
r_64.tif,2592,1944,container,1320,1005,1336,1022
re_64.tif,2592,1944,container,1320,1005,1336,1022
rgb_64.jpg,2592,1944,container,1320,1005,1336,1022
g_64.tif,2592,1944,bottle,1302,1018,1323,1034
nir_64.tif,2592,1944,bottle,1302,1018,1323,1034
r_64.tif,2592,1944,bottle,1302,1018,1323,1034
re_64.tif,2592,1944,bottle,1302,1018,1323,1034
rgb_64.jpg,2592,1944,bottle,1302,1018,1323,1034
g_64.tif,2592,1944,bottle,1303,1030,1330,1049
nir_64.tif,2592,1944,bottle,1303,1030,1330,1049
r_64.tif,2592,1944,bottle,1303,1030,1330,1049
re_64.tif,2592,1944,bottle,1303,1030,1330,1049
rgb_64.jpg,2592,1944,bottle,1303,1030,1330,1049
g_64.tif,2592,1944,bottle,1299,1043,1321,1059
nir_64.tif,2592,1944,bottle,1299,1043,1321,1059
r_64.tif,2592,1944,bottle,1299,1043,1321,1059
re_64.tif,2592,1944,bottle,1299,1043,1321,1059
rgb_64.jpg,2592,1944,bottle,1299,1043,1321,1059
g_64.tif,2592,1944,bottle,1295,1028,1316,1043
nir_64.tif,2592,1944,bottle,1295,1028,1316,1043
r_64.tif,2592,1944,bottle,1295,1028,1316,1043
re_64.tif,2592,1944,bottle,1295,1028,1316,1043
rgb_64.jpg,2592,1944,bottle,1295,1028,1316,1043
g_64.tif,2592,1944,bottle,1280,1064,1305,1076
nir_64.tif,2592,1944,bottle,1280,1064,1305,1076
r_64.tif,2592,1944,bottle,1280,1064,1305,1076
re_64.tif,2592,1944,bottle,1280,1064,1305,1076
rgb_64.jpg,2592,1944,bottle,1280,1064,1305,1076
g_64.tif,2592,1944,bottle,1295,1074,1320,1086
nir_64.tif,2592,1944,bottle,1295,1074,1320,1086
r_64.tif,2592,1944,bottle,1295,1074,1320,1086
re_64.tif,2592,1944,bottle,1295,1074,1320,1086
rgb_64.jpg,2592,1944,bottle,1295,1074,1320,1086
g_64.tif,2592,1944,bottle,1375,1115,1401,1136
nir_64.tif,2592,1944,bottle,1375,1115,1401,1136
r_64.tif,2592,1944,bottle,1375,1115,1401,1136
re_64.tif,2592,1944,bottle,1375,1115,1401,1136
rgb_64.jpg,2592,1944,bottle,1375,1115,1401,1136
g_64.tif,2592,1944,bottle,1436,1186,1451,1209
nir_64.tif,2592,1944,bottle,1436,1186,1451,1209
r_64.tif,2592,1944,bottle,1436,1186,1451,1209
re_64.tif,2592,1944,bottle,1436,1186,1451,1209
rgb_64.jpg,2592,1944,bottle,1436,1186,1451,1209
g_64.tif,2592,1944,bottle,1359,1060,1382,1076
nir_64.tif,2592,1944,bottle,1359,1060,1382,1076
r_64.tif,2592,1944,bottle,1359,1060,1382,1076
re_64.tif,2592,1944,bottle,1359,1060,1382,1076
rgb_64.jpg,2592,1944,bottle,1359,1060,1382,1076
g_64.tif,2592,1944,bottle,1448,1189,1468,1207
nir_64.tif,2592,1944,bottle,1448,1189,1468,1207
r_64.tif,2592,1944,bottle,1448,1189,1468,1207
re_64.tif,2592,1944,bottle,1448,1189,1468,1207
rgb_64.jpg,2592,1944,bottle,1448,1189,1468,1207
g_64.tif,2592,1944,bottle,1447,1203,1468,1218
nir_64.tif,2592,1944,bottle,1447,1203,1468,1218
r_64.tif,2592,1944,bottle,1447,1203,1468,1218
re_64.tif,2592,1944,bottle,1447,1203,1468,1218
rgb_64.jpg,2592,1944,bottle,1447,1203,1468,1218
g_64.tif,2592,1944,bottle,1343,1048,1371,1060
nir_64.tif,2592,1944,bottle,1343,1048,1371,1060
r_64.tif,2592,1944,bottle,1343,1048,1371,1060
re_64.tif,2592,1944,bottle,1343,1048,1371,1060
rgb_64.jpg,2592,1944,bottle,1343,1048,1371,1060
g_64.tif,2592,1944,bottle,1369,1020,1393,1042
nir_64.tif,2592,1944,bottle,1369,1020,1393,1042
r_64.tif,2592,1944,bottle,1369,1020,1393,1042
re_64.tif,2592,1944,bottle,1369,1020,1393,1042
rgb_64.jpg,2592,1944,bottle,1369,1020,1393,1042
g_64.tif,2592,1944,bottle,1356,1025,1373,1052
nir_64.tif,2592,1944,bottle,1356,1025,1373,1052
r_64.tif,2592,1944,bottle,1356,1025,1373,1052
re_64.tif,2592,1944,bottle,1356,1025,1373,1052
rgb_64.jpg,2592,1944,bottle,1356,1025,1373,1052
g_64.tif,2592,1944,bottle,1344,1056,1359,1082
nir_64.tif,2592,1944,bottle,1344,1056,1359,1082
r_64.tif,2592,1944,bottle,1344,1056,1359,1082
re_64.tif,2592,1944,bottle,1344,1056,1359,1082
rgb_64.jpg,2592,1944,bottle,1344,1056,1359,1082
g_64.tif,2592,1944,bottle,1329,1061,1351,1083
nir_64.tif,2592,1944,bottle,1329,1061,1351,1083
r_64.tif,2592,1944,bottle,1329,1061,1351,1083
re_64.tif,2592,1944,bottle,1329,1061,1351,1083
rgb_64.jpg,2592,1944,bottle,1329,1061,1351,1083
g_64.tif,2592,1944,bottle,1305,1070,1329,1085
nir_64.tif,2592,1944,bottle,1305,1070,1329,1085
r_64.tif,2592,1944,bottle,1305,1070,1329,1085
re_64.tif,2592,1944,bottle,1305,1070,1329,1085
rgb_64.jpg,2592,1944,bottle,1305,1070,1329,1085
g_64.tif,2592,1944,bottle,1310,1062,1331,1076
nir_64.tif,2592,1944,bottle,1310,1062,1331,1076
r_64.tif,2592,1944,bottle,1310,1062,1331,1076
re_64.tif,2592,1944,bottle,1310,1062,1331,1076
rgb_64.jpg,2592,1944,bottle,1310,1062,1331,1076
g_64.tif,2592,1944,bottle,1292,1057,1313,1068
nir_64.tif,2592,1944,bottle,1292,1057,1313,1068
r_64.tif,2592,1944,bottle,1292,1057,1313,1068
re_64.tif,2592,1944,bottle,1292,1057,1313,1068
rgb_64.jpg,2592,1944,bottle,1292,1057,1313,1068
g_64.tif,2592,1944,bottle,1290,1049,1314,1063
nir_64.tif,2592,1944,bottle,1290,1049,1314,1063
r_64.tif,2592,1944,bottle,1290,1049,1314,1063
re_64.tif,2592,1944,bottle,1290,1049,1314,1063
rgb_64.jpg,2592,1944,bottle,1290,1049,1314,1063
g_64.tif,2592,1944,bottle,1346,1019,1369,1039
nir_64.tif,2592,1944,bottle,1346,1019,1369,1039
r_64.tif,2592,1944,bottle,1346,1019,1369,1039
re_64.tif,2592,1944,bottle,1346,1019,1369,1039
rgb_64.jpg,2592,1944,bottle,1346,1019,1369,1039
g_64.tif,2592,1944,bottle,1328,1035,1359,1057
nir_64.tif,2592,1944,bottle,1328,1035,1359,1057
r_64.tif,2592,1944,bottle,1328,1035,1359,1057
re_64.tif,2592,1944,bottle,1328,1035,1359,1057
rgb_64.jpg,2592,1944,bottle,1328,1035,1359,1057
g_65.tif,2592,1944,bottle,1212,909,1232,929
nir_65.tif,2592,1944,bottle,1212,909,1232,929
r_65.tif,2592,1944,bottle,1212,909,1232,929
re_65.tif,2592,1944,bottle,1212,909,1232,929
rgb_65.jpg,2592,1944,bottle,1212,909,1232,929
g_65.tif,2592,1944,bottle,1223,905,1236,928
nir_65.tif,2592,1944,bottle,1223,905,1236,928
r_65.tif,2592,1944,bottle,1223,905,1236,928
re_65.tif,2592,1944,bottle,1223,905,1236,928
rgb_65.jpg,2592,1944,bottle,1223,905,1236,928
g_65.tif,2592,1944,bottle,1228,918,1243,928
nir_65.tif,2592,1944,bottle,1228,918,1243,928
r_65.tif,2592,1944,bottle,1228,918,1243,928
re_65.tif,2592,1944,bottle,1228,918,1243,928
rgb_65.jpg,2592,1944,bottle,1228,918,1243,928
g_65.tif,2592,1944,bottle,1219,927,1240,938
nir_65.tif,2592,1944,bottle,1219,927,1240,938
r_65.tif,2592,1944,bottle,1219,927,1240,938
re_65.tif,2592,1944,bottle,1219,927,1240,938
rgb_65.jpg,2592,1944,bottle,1219,927,1240,938
g_65.tif,2592,1944,bottle,1230,925,1250,942
nir_65.tif,2592,1944,bottle,1230,925,1250,942
r_65.tif,2592,1944,bottle,1230,925,1250,942
re_65.tif,2592,1944,bottle,1230,925,1250,942
rgb_65.jpg,2592,1944,bottle,1230,925,1250,942
g_65.tif,2592,1944,bottle,1234,917,1251,931
nir_65.tif,2592,1944,bottle,1234,917,1251,931
r_65.tif,2592,1944,bottle,1234,917,1251,931
re_65.tif,2592,1944,bottle,1234,917,1251,931
rgb_65.jpg,2592,1944,bottle,1234,917,1251,931
g_65.tif,2592,1944,bottle,1236,938,1258,950
nir_65.tif,2592,1944,bottle,1236,938,1258,950
r_65.tif,2592,1944,bottle,1236,938,1258,950
re_65.tif,2592,1944,bottle,1236,938,1258,950
rgb_65.jpg,2592,1944,bottle,1236,938,1258,950
g_65.tif,2592,1944,bottle,1252,935,1264,959
nir_65.tif,2592,1944,bottle,1252,935,1264,959
r_65.tif,2592,1944,bottle,1252,935,1264,959
re_65.tif,2592,1944,bottle,1252,935,1264,959
rgb_65.jpg,2592,1944,bottle,1252,935,1264,959
g_65.tif,2592,1944,bottle,1267,940,1276,958
nir_65.tif,2592,1944,bottle,1267,940,1276,958
r_65.tif,2592,1944,bottle,1267,940,1276,958
re_65.tif,2592,1944,bottle,1267,940,1276,958
rgb_65.jpg,2592,1944,bottle,1267,940,1276,958
g_65.tif,2592,1944,bottle,1236,947,1258,957
nir_65.tif,2592,1944,bottle,1236,947,1258,957
r_65.tif,2592,1944,bottle,1236,947,1258,957
re_65.tif,2592,1944,bottle,1236,947,1258,957
rgb_65.jpg,2592,1944,bottle,1236,947,1258,957
g_65.tif,2592,1944,bottle,1236,953,1256,969
nir_65.tif,2592,1944,bottle,1236,953,1256,969
r_65.tif,2592,1944,bottle,1236,953,1256,969
re_65.tif,2592,1944,bottle,1236,953,1256,969
rgb_65.jpg,2592,1944,bottle,1236,953,1256,969
g_65.tif,2592,1944,bottle,1232,956,1249,973
nir_65.tif,2592,1944,bottle,1232,956,1249,973
r_65.tif,2592,1944,bottle,1232,956,1249,973
re_65.tif,2592,1944,bottle,1232,956,1249,973
rgb_65.jpg,2592,1944,bottle,1232,956,1249,973
g_65.tif,2592,1944,bottle,1227,960,1246,978
nir_65.tif,2592,1944,bottle,1227,960,1246,978
r_65.tif,2592,1944,bottle,1227,960,1246,978
re_65.tif,2592,1944,bottle,1227,960,1246,978
rgb_65.jpg,2592,1944,bottle,1227,960,1246,978
g_65.tif,2592,1944,bottle,1248,971,1257,995
nir_65.tif,2592,1944,bottle,1248,971,1257,995
r_65.tif,2592,1944,bottle,1248,971,1257,995
re_65.tif,2592,1944,bottle,1248,971,1257,995
rgb_65.jpg,2592,1944,bottle,1248,971,1257,995
g_65.tif,2592,1944,bottle,1253,992,1271,1008
nir_65.tif,2592,1944,bottle,1253,992,1271,1008
r_65.tif,2592,1944,bottle,1253,992,1271,1008
re_65.tif,2592,1944,bottle,1253,992,1271,1008
rgb_65.jpg,2592,1944,bottle,1253,992,1271,1008
g_65.tif,2592,1944,bottle,1257,985,1279,1001
nir_65.tif,2592,1944,bottle,1257,985,1279,1001
r_65.tif,2592,1944,bottle,1257,985,1279,1001
re_65.tif,2592,1944,bottle,1257,985,1279,1001
rgb_65.jpg,2592,1944,bottle,1257,985,1279,1001
g_65.tif,2592,1944,bottle,1269,994,1285,1010
nir_65.tif,2592,1944,bottle,1269,994,1285,1010
r_65.tif,2592,1944,bottle,1269,994,1285,1010
re_65.tif,2592,1944,bottle,1269,994,1285,1010
rgb_65.jpg,2592,1944,bottle,1269,994,1285,1010
g_65.tif,2592,1944,bottle,1284,990,1306,1003
nir_65.tif,2592,1944,bottle,1284,990,1306,1003
r_65.tif,2592,1944,bottle,1284,990,1306,1003
re_65.tif,2592,1944,bottle,1284,990,1306,1003
rgb_65.jpg,2592,1944,bottle,1284,990,1306,1003
g_65.tif,2592,1944,bottle,1277,980,1297,996
nir_65.tif,2592,1944,bottle,1277,980,1297,996
r_65.tif,2592,1944,bottle,1277,980,1297,996
re_65.tif,2592,1944,bottle,1277,980,1297,996
rgb_65.jpg,2592,1944,bottle,1277,980,1297,996
g_65.tif,2592,1944,bottle,1269,975,1292,988
nir_65.tif,2592,1944,bottle,1269,975,1292,988
r_65.tif,2592,1944,bottle,1269,975,1292,988
re_65.tif,2592,1944,bottle,1269,975,1292,988
rgb_65.jpg,2592,1944,bottle,1269,975,1292,988
g_65.tif,2592,1944,bottle,1296,954,1305,966
nir_65.tif,2592,1944,bottle,1296,954,1305,966
r_65.tif,2592,1944,bottle,1296,954,1305,966
re_65.tif,2592,1944,bottle,1296,954,1305,966
rgb_65.jpg,2592,1944,bottle,1296,954,1305,966
g_65.tif,2592,1944,bottle,1301,985,1316,999
nir_65.tif,2592,1944,bottle,1301,985,1316,999
r_65.tif,2592,1944,bottle,1301,985,1316,999
re_65.tif,2592,1944,bottle,1301,985,1316,999
rgb_65.jpg,2592,1944,bottle,1301,985,1316,999
g_65.tif,2592,1944,bottle,1331,984,1347,1003
nir_65.tif,2592,1944,bottle,1331,984,1347,1003
r_65.tif,2592,1944,bottle,1331,984,1347,1003
re_65.tif,2592,1944,bottle,1331,984,1347,1003
rgb_65.jpg,2592,1944,bottle,1331,984,1347,1003
g_65.tif,2592,1944,bottle,1349,989,1364,1010
nir_65.tif,2592,1944,bottle,1349,989,1364,1010
r_65.tif,2592,1944,bottle,1349,989,1364,1010
re_65.tif,2592,1944,bottle,1349,989,1364,1010
rgb_65.jpg,2592,1944,bottle,1349,989,1364,1010
g_65.tif,2592,1944,bottle,1361,1009,1380,1026
nir_65.tif,2592,1944,bottle,1361,1009,1380,1026
r_65.tif,2592,1944,bottle,1361,1009,1380,1026
re_65.tif,2592,1944,bottle,1361,1009,1380,1026
rgb_65.jpg,2592,1944,bottle,1361,1009,1380,1026
g_65.tif,2592,1944,bottle,1350,1042,1369,1057
nir_65.tif,2592,1944,bottle,1350,1042,1369,1057
r_65.tif,2592,1944,bottle,1350,1042,1369,1057
re_65.tif,2592,1944,bottle,1350,1042,1369,1057
rgb_65.jpg,2592,1944,bottle,1350,1042,1369,1057
g_65.tif,2592,1944,bottle,1365,1090,1387,1105
nir_65.tif,2592,1944,bottle,1365,1090,1387,1105
r_65.tif,2592,1944,bottle,1365,1090,1387,1105
re_65.tif,2592,1944,bottle,1365,1090,1387,1105
rgb_65.jpg,2592,1944,bottle,1365,1090,1387,1105
g_65.tif,2592,1944,bottle,1336,1038,1350,1060
nir_65.tif,2592,1944,bottle,1336,1038,1350,1060
r_65.tif,2592,1944,bottle,1336,1038,1350,1060
re_65.tif,2592,1944,bottle,1336,1038,1350,1060
rgb_65.jpg,2592,1944,bottle,1336,1038,1350,1060
g_65.tif,2592,1944,bottle,1324,1044,1342,1061
nir_65.tif,2592,1944,bottle,1324,1044,1342,1061
r_65.tif,2592,1944,bottle,1324,1044,1342,1061
re_65.tif,2592,1944,bottle,1324,1044,1342,1061
rgb_65.jpg,2592,1944,bottle,1324,1044,1342,1061
g_65.tif,2592,1944,bottle,1303,1049,1326,1064
nir_65.tif,2592,1944,bottle,1303,1049,1326,1064
r_65.tif,2592,1944,bottle,1303,1049,1326,1064
re_65.tif,2592,1944,bottle,1303,1049,1326,1064
rgb_65.jpg,2592,1944,bottle,1303,1049,1326,1064
g_65.tif,2592,1944,bottle,1296,1054,1317,1064
nir_65.tif,2592,1944,bottle,1296,1054,1317,1064
r_65.tif,2592,1944,bottle,1296,1054,1317,1064
re_65.tif,2592,1944,bottle,1296,1054,1317,1064
rgb_65.jpg,2592,1944,bottle,1296,1054,1317,1064
g_65.tif,2592,1944,bottle,1284,1045,1304,1055
nir_65.tif,2592,1944,bottle,1284,1045,1304,1055
r_65.tif,2592,1944,bottle,1284,1045,1304,1055
re_65.tif,2592,1944,bottle,1284,1045,1304,1055
rgb_65.jpg,2592,1944,bottle,1284,1045,1304,1055
g_65.tif,2592,1944,bottle,1277,1026,1291,1046
nir_65.tif,2592,1944,bottle,1277,1026,1291,1046
r_65.tif,2592,1944,bottle,1277,1026,1291,1046
re_65.tif,2592,1944,bottle,1277,1026,1291,1046
rgb_65.jpg,2592,1944,bottle,1277,1026,1291,1046
g_65.tif,2592,1944,bottle,1338,1031,1361,1042
nir_65.tif,2592,1944,bottle,1338,1031,1361,1042
r_65.tif,2592,1944,bottle,1338,1031,1361,1042
re_65.tif,2592,1944,bottle,1338,1031,1361,1042
rgb_65.jpg,2592,1944,bottle,1338,1031,1361,1042
g_65.tif,2592,1944,bottle,1349,1013,1361,1032
nir_65.tif,2592,1944,bottle,1349,1013,1361,1032
r_65.tif,2592,1944,bottle,1349,1013,1361,1032
re_65.tif,2592,1944,bottle,1349,1013,1361,1032
rgb_65.jpg,2592,1944,bottle,1349,1013,1361,1032
g_65.tif,2592,1944,bottle,1306,1016,1324,1031
nir_65.tif,2592,1944,bottle,1306,1016,1324,1031
r_65.tif,2592,1944,bottle,1306,1016,1324,1031
re_65.tif,2592,1944,bottle,1306,1016,1324,1031
rgb_65.jpg,2592,1944,bottle,1306,1016,1324,1031
g_65.tif,2592,1944,bottle,1300,1025,1315,1045
nir_65.tif,2592,1944,bottle,1300,1025,1315,1045
r_65.tif,2592,1944,bottle,1300,1025,1315,1045
re_65.tif,2592,1944,bottle,1300,1025,1315,1045
rgb_65.jpg,2592,1944,bottle,1300,1025,1315,1045
g_65.tif,2592,1944,bottle,1331,1013,1349,1026
nir_65.tif,2592,1944,bottle,1331,1013,1349,1026
r_65.tif,2592,1944,bottle,1331,1013,1349,1026
re_65.tif,2592,1944,bottle,1331,1013,1349,1026
rgb_65.jpg,2592,1944,bottle,1331,1013,1349,1026
g_65.tif,2592,1944,container,1316,994,1330,1008
nir_65.tif,2592,1944,container,1316,994,1330,1008
r_65.tif,2592,1944,container,1316,994,1330,1008
re_65.tif,2592,1944,container,1316,994,1330,1008
rgb_65.jpg,2592,1944,container,1316,994,1330,1008
g_65.tif,2592,1944,container,1241,1003,1285,1044
nir_65.tif,2592,1944,container,1241,1003,1285,1044
r_65.tif,2592,1944,container,1241,1003,1285,1044
re_65.tif,2592,1944,container,1241,1003,1285,1044
rgb_65.jpg,2592,1944,container,1241,1003,1285,1044
g_65.tif,2592,1944,container,1229,991,1245,1008
nir_65.tif,2592,1944,container,1229,991,1245,1008
r_65.tif,2592,1944,container,1229,991,1245,1008
re_65.tif,2592,1944,container,1229,991,1245,1008
rgb_65.jpg,2592,1944,container,1229,991,1245,1008
g_65.tif,2592,1944,container,1283,925,1314,957
nir_65.tif,2592,1944,container,1283,925,1314,957
r_65.tif,2592,1944,container,1283,925,1314,957
re_65.tif,2592,1944,container,1283,925,1314,957
rgb_65.jpg,2592,1944,container,1283,925,1314,957
g_65.tif,2592,1944,can,1304,945,1333,968
nir_65.tif,2592,1944,can,1304,945,1333,968
r_65.tif,2592,1944,can,1304,945,1333,968
re_65.tif,2592,1944,can,1304,945,1333,968
rgb_65.jpg,2592,1944,can,1304,945,1333,968
g_65.tif,2592,1944,can,1318,968,1340,998
nir_65.tif,2592,1944,can,1318,968,1340,998
r_65.tif,2592,1944,can,1318,968,1340,998
re_65.tif,2592,1944,can,1318,968,1340,998
rgb_65.jpg,2592,1944,can,1318,968,1340,998
g_65.tif,2592,1944,container,1309,971,1326,992
nir_65.tif,2592,1944,container,1309,971,1326,992
r_65.tif,2592,1944,container,1309,971,1326,992
re_65.tif,2592,1944,container,1309,971,1326,992
rgb_65.jpg,2592,1944,container,1309,971,1326,992
g_65.tif,2592,1944,can,1280,996,1303,1027
nir_65.tif,2592,1944,can,1280,996,1303,1027
r_65.tif,2592,1944,can,1280,996,1303,1027
re_65.tif,2592,1944,can,1280,996,1303,1027
rgb_65.jpg,2592,1944,can,1280,996,1303,1027
g_65.tif,2592,1944,can,1296,960,1319,987
nir_65.tif,2592,1944,can,1296,960,1319,987
r_65.tif,2592,1944,can,1296,960,1319,987
re_65.tif,2592,1944,can,1296,960,1319,987
rgb_65.jpg,2592,1944,can,1296,960,1319,987
g_65.tif,2592,1944,can,1273,956,1298,977
nir_65.tif,2592,1944,can,1273,956,1298,977
r_65.tif,2592,1944,can,1273,956,1298,977
re_65.tif,2592,1944,can,1273,956,1298,977
rgb_65.jpg,2592,1944,can,1273,956,1298,977
g_65.tif,2592,1944,can,1256,956,1276,989
nir_65.tif,2592,1944,can,1256,956,1276,989
r_65.tif,2592,1944,can,1256,956,1276,989
re_65.tif,2592,1944,can,1256,956,1276,989
rgb_65.jpg,2592,1944,can,1256,956,1276,989
g_65.tif,2592,1944,can,1270,932,1295,958
nir_65.tif,2592,1944,can,1270,932,1295,958
r_65.tif,2592,1944,can,1270,932,1295,958
re_65.tif,2592,1944,can,1270,932,1295,958
rgb_65.jpg,2592,1944,can,1270,932,1295,958
g_65.tif,2592,1944,can,1262,911,1290,935
nir_65.tif,2592,1944,can,1262,911,1290,935
r_65.tif,2592,1944,can,1262,911,1290,935
re_65.tif,2592,1944,can,1262,911,1290,935
rgb_65.jpg,2592,1944,can,1262,911,1290,935
g_65.tif,2592,1944,can,1247,917,1275,944
nir_65.tif,2592,1944,can,1247,917,1275,944
r_65.tif,2592,1944,can,1247,917,1275,944
re_65.tif,2592,1944,can,1247,917,1275,944
rgb_65.jpg,2592,1944,can,1247,917,1275,944
g_65.tif,2592,1944,bottle,1302,1004,1319,1020
nir_65.tif,2592,1944,bottle,1302,1004,1319,1020
r_65.tif,2592,1944,bottle,1302,1004,1319,1020
re_65.tif,2592,1944,bottle,1302,1004,1319,1020
rgb_65.jpg,2592,1944,bottle,1302,1004,1319,1020
g_65.tif,2592,1944,bottle,1320,1029,1336,1048
nir_65.tif,2592,1944,bottle,1320,1029,1336,1048
r_65.tif,2592,1944,bottle,1320,1029,1336,1048
re_65.tif,2592,1944,bottle,1320,1029,1336,1048
rgb_65.jpg,2592,1944,bottle,1320,1029,1336,1048
g_65.tif,2592,1944,bottle,1303,985,1319,1003
nir_65.tif,2592,1944,bottle,1303,985,1319,1003
r_65.tif,2592,1944,bottle,1303,985,1319,1003
re_65.tif,2592,1944,bottle,1303,985,1319,1003
rgb_65.jpg,2592,1944,bottle,1303,985,1319,1003
g_65.tif,2592,1944,bottle,1416,1150,1430,1172
nir_65.tif,2592,1944,bottle,1416,1150,1430,1172
r_65.tif,2592,1944,bottle,1416,1150,1430,1172
re_65.tif,2592,1944,bottle,1416,1150,1430,1172
rgb_65.jpg,2592,1944,bottle,1416,1150,1430,1172
g_65.tif,2592,1944,bottle,1427,1163,1443,1177
nir_65.tif,2592,1944,bottle,1427,1163,1443,1177
r_65.tif,2592,1944,bottle,1427,1163,1443,1177
re_65.tif,2592,1944,bottle,1427,1163,1443,1177
rgb_65.jpg,2592,1944,bottle,1427,1163,1443,1177
g_65.tif,2592,1944,bottle,1430,1153,1446,1167
nir_65.tif,2592,1944,bottle,1430,1153,1446,1167
r_65.tif,2592,1944,bottle,1430,1153,1446,1167
re_65.tif,2592,1944,bottle,1430,1153,1446,1167
rgb_65.jpg,2592,1944,bottle,1430,1153,1446,1167
g_66.tif,2592,1944,bottle,1224,914,1240,930
nir_66.tif,2592,1944,bottle,1224,914,1240,930
r_66.tif,2592,1944,bottle,1224,914,1240,930
re_66.tif,2592,1944,bottle,1224,914,1240,930
rgb_66.jpg,2592,1944,bottle,1224,914,1240,930
g_66.tif,2592,1944,bottle,1233,909,1243,927
nir_66.tif,2592,1944,bottle,1233,909,1243,927
r_66.tif,2592,1944,bottle,1233,909,1243,927
re_66.tif,2592,1944,bottle,1233,909,1243,927
rgb_66.jpg,2592,1944,bottle,1233,909,1243,927
g_66.tif,2592,1944,bottle,1235,919,1249,929
nir_66.tif,2592,1944,bottle,1235,919,1249,929
r_66.tif,2592,1944,bottle,1235,919,1249,929
re_66.tif,2592,1944,bottle,1235,919,1249,929
rgb_66.jpg,2592,1944,bottle,1235,919,1249,929
g_66.tif,2592,1944,bottle,1242,919,1256,931
nir_66.tif,2592,1944,bottle,1242,919,1256,931
r_66.tif,2592,1944,bottle,1242,919,1256,931
re_66.tif,2592,1944,bottle,1242,919,1256,931
rgb_66.jpg,2592,1944,bottle,1242,919,1256,931
g_66.tif,2592,1944,bottle,1229,928,1246,936
nir_66.tif,2592,1944,bottle,1229,928,1246,936
r_66.tif,2592,1944,bottle,1229,928,1246,936
re_66.tif,2592,1944,bottle,1229,928,1246,936
rgb_66.jpg,2592,1944,bottle,1229,928,1246,936
g_66.tif,2592,1944,bottle,1239,925,1256,941
nir_66.tif,2592,1944,bottle,1239,925,1256,941
r_66.tif,2592,1944,bottle,1239,925,1256,941
re_66.tif,2592,1944,bottle,1239,925,1256,941
rgb_66.jpg,2592,1944,bottle,1239,925,1256,941
g_66.tif,2592,1944,bottle,1245,937,1263,947
nir_66.tif,2592,1944,bottle,1245,937,1263,947
r_66.tif,2592,1944,bottle,1245,937,1263,947
re_66.tif,2592,1944,bottle,1245,937,1263,947
rgb_66.jpg,2592,1944,bottle,1245,937,1263,947
g_66.tif,2592,1944,bottle,1259,936,1269,955
nir_66.tif,2592,1944,bottle,1259,936,1269,955
r_66.tif,2592,1944,bottle,1259,936,1269,955
re_66.tif,2592,1944,bottle,1259,936,1269,955
rgb_66.jpg,2592,1944,bottle,1259,936,1269,955
g_66.tif,2592,1944,bottle,1270,940,1277,955
nir_66.tif,2592,1944,bottle,1270,940,1277,955
r_66.tif,2592,1944,bottle,1270,940,1277,955
re_66.tif,2592,1944,bottle,1270,940,1277,955
rgb_66.jpg,2592,1944,bottle,1270,940,1277,955
g_66.tif,2592,1944,bottle,1243,944,1264,952
nir_66.tif,2592,1944,bottle,1243,944,1264,952
r_66.tif,2592,1944,bottle,1243,944,1264,952
re_66.tif,2592,1944,bottle,1243,944,1264,952
rgb_66.jpg,2592,1944,bottle,1243,944,1264,952
g_66.tif,2592,1944,bottle,1254,946,1264,958
nir_66.tif,2592,1944,bottle,1254,946,1264,958
r_66.tif,2592,1944,bottle,1254,946,1264,958
re_66.tif,2592,1944,bottle,1254,946,1264,958
rgb_66.jpg,2592,1944,bottle,1254,946,1264,958
g_66.tif,2592,1944,bottle,1245,950,1261,963
nir_66.tif,2592,1944,bottle,1245,950,1261,963
r_66.tif,2592,1944,bottle,1245,950,1261,963
re_66.tif,2592,1944,bottle,1245,950,1261,963
rgb_66.jpg,2592,1944,bottle,1245,950,1261,963
g_66.tif,2592,1944,bottle,1241,952,1257,968
nir_66.tif,2592,1944,bottle,1241,952,1257,968
r_66.tif,2592,1944,bottle,1241,952,1257,968
re_66.tif,2592,1944,bottle,1241,952,1257,968
rgb_66.jpg,2592,1944,bottle,1241,952,1257,968
g_66.tif,2592,1944,bottle,1236,955,1253,972
nir_66.tif,2592,1944,bottle,1236,955,1253,972
r_66.tif,2592,1944,bottle,1236,955,1253,972
re_66.tif,2592,1944,bottle,1236,955,1253,972
rgb_66.jpg,2592,1944,bottle,1236,955,1253,972
g_66.tif,2592,1944,bottle,1253,965,1262,984
nir_66.tif,2592,1944,bottle,1253,965,1262,984
r_66.tif,2592,1944,bottle,1253,965,1262,984
re_66.tif,2592,1944,bottle,1253,965,1262,984
rgb_66.jpg,2592,1944,bottle,1253,965,1262,984
g_66.tif,2592,1944,bottle,1256,980,1273,996
nir_66.tif,2592,1944,bottle,1256,980,1273,996
r_66.tif,2592,1944,bottle,1256,980,1273,996
re_66.tif,2592,1944,bottle,1256,980,1273,996
rgb_66.jpg,2592,1944,bottle,1256,980,1273,996
g_66.tif,2592,1944,bottle,1262,977,1280,990
nir_66.tif,2592,1944,bottle,1262,977,1280,990
r_66.tif,2592,1944,bottle,1262,977,1280,990
re_66.tif,2592,1944,bottle,1262,977,1280,990
rgb_66.jpg,2592,1944,bottle,1262,977,1280,990
g_66.tif,2592,1944,bottle,1271,984,1288,999
nir_66.tif,2592,1944,bottle,1271,984,1288,999
r_66.tif,2592,1944,bottle,1271,984,1288,999
re_66.tif,2592,1944,bottle,1271,984,1288,999
rgb_66.jpg,2592,1944,bottle,1271,984,1288,999
g_66.tif,2592,1944,bottle,1285,982,1303,993
nir_66.tif,2592,1944,bottle,1285,982,1303,993
r_66.tif,2592,1944,bottle,1285,982,1303,993
re_66.tif,2592,1944,bottle,1285,982,1303,993
rgb_66.jpg,2592,1944,bottle,1285,982,1303,993
g_66.tif,2592,1944,bottle,1295,950,1303,960
nir_66.tif,2592,1944,bottle,1295,950,1303,960
r_66.tif,2592,1944,bottle,1295,950,1303,960
re_66.tif,2592,1944,bottle,1295,950,1303,960
rgb_66.jpg,2592,1944,bottle,1295,950,1303,960
g_66.tif,2592,1944,container,1284,925,1309,952
nir_66.tif,2592,1944,container,1284,925,1309,952
r_66.tif,2592,1944,container,1284,925,1309,952
re_66.tif,2592,1944,container,1284,925,1309,952
rgb_66.jpg,2592,1944,container,1284,925,1309,952
g_66.tif,2592,1944,container,1237,982,1253,996
nir_66.tif,2592,1944,container,1237,982,1253,996
r_66.tif,2592,1944,container,1237,982,1253,996
re_66.tif,2592,1944,container,1237,982,1253,996
rgb_66.jpg,2592,1944,container,1237,982,1253,996
g_66.tif,2592,1944,container,1249,992,1287,1028
nir_66.tif,2592,1944,container,1249,992,1287,1028
r_66.tif,2592,1944,container,1249,992,1287,1028
re_66.tif,2592,1944,container,1249,992,1287,1028
rgb_66.jpg,2592,1944,container,1249,992,1287,1028
g_66.tif,2592,1944,can,1283,987,1303,1011
nir_66.tif,2592,1944,can,1283,987,1303,1011
r_66.tif,2592,1944,can,1283,987,1303,1011
re_66.tif,2592,1944,can,1283,987,1303,1011
rgb_66.jpg,2592,1944,can,1283,987,1303,1011
g_66.tif,2592,1944,can,1315,964,1333,988
nir_66.tif,2592,1944,can,1315,964,1333,988
r_66.tif,2592,1944,can,1315,964,1333,988
re_66.tif,2592,1944,can,1315,964,1333,988
rgb_66.jpg,2592,1944,can,1315,964,1333,988
g_66.tif,2592,1944,container,1306,965,1321,983
nir_66.tif,2592,1944,container,1306,965,1321,983
r_66.tif,2592,1944,container,1306,965,1321,983
re_66.tif,2592,1944,container,1306,965,1321,983
rgb_66.jpg,2592,1944,container,1306,965,1321,983
g_66.tif,2592,1944,container,1314,985,1324,996
nir_66.tif,2592,1944,container,1314,985,1324,996
r_66.tif,2592,1944,container,1314,985,1324,996
re_66.tif,2592,1944,container,1314,985,1324,996
rgb_66.jpg,2592,1944,container,1314,985,1324,996
g_66.tif,2592,1944,can,1255,918,1278,942
nir_66.tif,2592,1944,can,1255,918,1278,942
r_66.tif,2592,1944,can,1255,918,1278,942
re_66.tif,2592,1944,can,1255,918,1278,942
rgb_66.jpg,2592,1944,can,1255,918,1278,942
g_66.tif,2592,1944,can,1266,914,1289,934
nir_66.tif,2592,1944,can,1266,914,1289,934
r_66.tif,2592,1944,can,1266,914,1289,934
re_66.tif,2592,1944,can,1266,914,1289,934
rgb_66.jpg,2592,1944,can,1266,914,1289,934
g_66.tif,2592,1944,can,1276,931,1294,954
nir_66.tif,2592,1944,can,1276,931,1294,954
r_66.tif,2592,1944,can,1276,931,1294,954
re_66.tif,2592,1944,can,1276,931,1294,954
rgb_66.jpg,2592,1944,can,1276,931,1294,954
g_66.tif,2592,1944,can,1304,942,1327,963
nir_66.tif,2592,1944,can,1304,942,1327,963
r_66.tif,2592,1944,can,1304,942,1327,963
re_66.tif,2592,1944,can,1304,942,1327,963
rgb_66.jpg,2592,1944,can,1304,942,1327,963
g_66.tif,2592,1944,can,1262,951,1279,978
nir_66.tif,2592,1944,can,1262,951,1279,978
r_66.tif,2592,1944,can,1262,951,1279,978
re_66.tif,2592,1944,can,1262,951,1279,978
rgb_66.jpg,2592,1944,can,1262,951,1279,978
g_66.tif,2592,1944,can,1277,951,1298,971
nir_66.tif,2592,1944,can,1277,951,1298,971
r_66.tif,2592,1944,can,1277,951,1298,971
re_66.tif,2592,1944,can,1277,951,1298,971
rgb_66.jpg,2592,1944,can,1277,951,1298,971
g_66.tif,2592,1944,can,1298,954,1315,979
nir_66.tif,2592,1944,can,1298,954,1315,979
r_66.tif,2592,1944,can,1298,954,1315,979
re_66.tif,2592,1944,can,1298,954,1315,979
rgb_66.jpg,2592,1944,can,1298,954,1315,979
g_66.tif,2592,1944,bottle,1283,969,1299,984
nir_66.tif,2592,1944,bottle,1283,969,1299,984
r_66.tif,2592,1944,bottle,1283,969,1299,984
re_66.tif,2592,1944,bottle,1283,969,1299,984
rgb_66.jpg,2592,1944,bottle,1283,969,1299,984
g_66.tif,2592,1944,bottle,1274,968,1292,979
nir_66.tif,2592,1944,bottle,1274,968,1292,979
r_66.tif,2592,1944,bottle,1274,968,1292,979
re_66.tif,2592,1944,bottle,1274,968,1292,979
rgb_66.jpg,2592,1944,bottle,1274,968,1292,979
g_66.tif,2592,1944,bottle,1299,981,1313,995
nir_66.tif,2592,1944,bottle,1299,981,1313,995
r_66.tif,2592,1944,bottle,1299,981,1313,995
re_66.tif,2592,1944,bottle,1299,981,1313,995
rgb_66.jpg,2592,1944,bottle,1299,981,1313,995
g_66.tif,2592,1944,bottle,1298,992,1315,1006
nir_66.tif,2592,1944,bottle,1298,992,1315,1006
r_66.tif,2592,1944,bottle,1298,992,1315,1006
re_66.tif,2592,1944,bottle,1298,992,1315,1006
rgb_66.jpg,2592,1944,bottle,1298,992,1315,1006
g_66.tif,2592,1944,bottle,1320,988,1337,999
nir_66.tif,2592,1944,bottle,1320,988,1337,999
r_66.tif,2592,1944,bottle,1320,988,1337,999
re_66.tif,2592,1944,bottle,1320,988,1337,999
rgb_66.jpg,2592,1944,bottle,1320,988,1337,999
g_66.tif,2592,1944,bottle,1333,996,1349,1009
nir_66.tif,2592,1944,bottle,1333,996,1349,1009
r_66.tif,2592,1944,bottle,1333,996,1349,1009
re_66.tif,2592,1944,bottle,1333,996,1349,1009
rgb_66.jpg,2592,1944,bottle,1333,996,1349,1009
g_66.tif,2592,1944,bottle,1330,1022,1341,1040
nir_66.tif,2592,1944,bottle,1330,1022,1341,1040
r_66.tif,2592,1944,bottle,1330,1022,1341,1040
re_66.tif,2592,1944,bottle,1330,1022,1341,1040
rgb_66.jpg,2592,1944,bottle,1330,1022,1341,1040
g_66.tif,2592,1944,bottle,1297,1013,1314,1025
nir_66.tif,2592,1944,bottle,1297,1013,1314,1025
r_66.tif,2592,1944,bottle,1297,1013,1314,1025
re_66.tif,2592,1944,bottle,1297,1013,1314,1025
rgb_66.jpg,2592,1944,bottle,1297,1013,1314,1025
g_66.tif,2592,1944,bottle,1280,1012,1291,1029
nir_66.tif,2592,1944,bottle,1280,1012,1291,1029
r_66.tif,2592,1944,bottle,1280,1012,1291,1029
re_66.tif,2592,1944,bottle,1280,1012,1291,1029
rgb_66.jpg,2592,1944,bottle,1280,1012,1291,1029
g_66.tif,2592,1944,bottle,1279,1005,1297,1016
nir_66.tif,2592,1944,bottle,1279,1005,1297,1016
r_66.tif,2592,1944,bottle,1279,1005,1297,1016
re_66.tif,2592,1944,bottle,1279,1005,1297,1016
rgb_66.jpg,2592,1944,bottle,1279,1005,1297,1016
g_66.tif,2592,1944,bottle,1283,1028,1302,1035
nir_66.tif,2592,1944,bottle,1283,1028,1302,1035
r_66.tif,2592,1944,bottle,1283,1028,1302,1035
re_66.tif,2592,1944,bottle,1283,1028,1302,1035
rgb_66.jpg,2592,1944,bottle,1283,1028,1302,1035
g_66.tif,2592,1944,bottle,1294,1035,1314,1044
nir_66.tif,2592,1944,bottle,1294,1035,1314,1044
r_66.tif,2592,1944,bottle,1294,1035,1314,1044
re_66.tif,2592,1944,bottle,1294,1035,1314,1044
rgb_66.jpg,2592,1944,bottle,1294,1035,1314,1044
g_66.tif,2592,1944,bottle,1301,1031,1320,1044
nir_66.tif,2592,1944,bottle,1301,1031,1320,1044
r_66.tif,2592,1944,bottle,1301,1031,1320,1044
re_66.tif,2592,1944,bottle,1301,1031,1320,1044
rgb_66.jpg,2592,1944,bottle,1301,1031,1320,1044
g_66.tif,2592,1944,bottle,1320,1027,1335,1041
nir_66.tif,2592,1944,bottle,1320,1027,1335,1041
r_66.tif,2592,1944,bottle,1320,1027,1335,1041
re_66.tif,2592,1944,bottle,1320,1027,1335,1041
rgb_66.jpg,2592,1944,bottle,1320,1027,1335,1041
g_66.tif,2592,1944,bottle,1341,1025,1358,1038
nir_66.tif,2592,1944,bottle,1341,1025,1358,1038
r_66.tif,2592,1944,bottle,1341,1025,1358,1038
re_66.tif,2592,1944,bottle,1341,1025,1358,1038
rgb_66.jpg,2592,1944,bottle,1341,1025,1358,1038
g_66.tif,2592,1944,bottle,1353,1065,1372,1079
nir_66.tif,2592,1944,bottle,1353,1065,1372,1079
r_66.tif,2592,1944,bottle,1353,1065,1372,1079
re_66.tif,2592,1944,bottle,1353,1065,1372,1079
rgb_66.jpg,2592,1944,bottle,1353,1065,1372,1079
g_66.tif,2592,1944,bottle,1397,1119,1408,1134
nir_66.tif,2592,1944,bottle,1397,1119,1408,1134
r_66.tif,2592,1944,bottle,1397,1119,1408,1134
re_66.tif,2592,1944,bottle,1397,1119,1408,1134
rgb_66.jpg,2592,1944,bottle,1397,1119,1408,1134
g_66.tif,2592,1944,bottle,1407,1118,1421,1132
nir_66.tif,2592,1944,bottle,1407,1118,1421,1132
r_66.tif,2592,1944,bottle,1407,1118,1421,1132
re_66.tif,2592,1944,bottle,1407,1118,1421,1132
rgb_66.jpg,2592,1944,bottle,1407,1118,1421,1132
g_66.tif,2592,1944,bottle,1408,1128,1420,1137
nir_66.tif,2592,1944,bottle,1408,1128,1420,1137
r_66.tif,2592,1944,bottle,1408,1128,1420,1137
re_66.tif,2592,1944,bottle,1408,1128,1420,1137
rgb_66.jpg,2592,1944,bottle,1408,1128,1420,1137
g_66.tif,2592,1944,bottle,1349,996,1367,1012
nir_66.tif,2592,1944,bottle,1349,996,1367,1012
r_66.tif,2592,1944,bottle,1349,996,1367,1012
re_66.tif,2592,1944,bottle,1349,996,1367,1012
rgb_66.jpg,2592,1944,bottle,1349,996,1367,1012
g_66.tif,2592,1944,bottle,1341,979,1353,998
nir_66.tif,2592,1944,bottle,1341,979,1353,998
r_66.tif,2592,1944,bottle,1341,979,1353,998
re_66.tif,2592,1944,bottle,1341,979,1353,998
rgb_66.jpg,2592,1944,bottle,1341,979,1353,998
g_66.tif,2592,1944,bottle,1331,1017,1350,1025
nir_66.tif,2592,1944,bottle,1331,1017,1350,1025
r_66.tif,2592,1944,bottle,1331,1017,1350,1025
re_66.tif,2592,1944,bottle,1331,1017,1350,1025
rgb_66.jpg,2592,1944,bottle,1331,1017,1350,1025
g_66.tif,2592,1944,bottle,1340,1001,1351,1018
nir_66.tif,2592,1944,bottle,1340,1001,1351,1018
r_66.tif,2592,1944,bottle,1340,1001,1351,1018
re_66.tif,2592,1944,bottle,1340,1001,1351,1018
rgb_66.jpg,2592,1944,bottle,1340,1001,1351,1018
g_66.tif,2592,1944,bottle,1303,1005,1320,1016
nir_66.tif,2592,1944,bottle,1303,1005,1320,1016
r_66.tif,2592,1944,bottle,1303,1005,1320,1016
re_66.tif,2592,1944,bottle,1303,1005,1320,1016
rgb_66.jpg,2592,1944,bottle,1303,1005,1320,1016
g_66.tif,2592,1944,bottle,1318,1012,1330,1027
nir_66.tif,2592,1944,bottle,1318,1012,1330,1027
r_66.tif,2592,1944,bottle,1318,1012,1330,1027
re_66.tif,2592,1944,bottle,1318,1012,1330,1027
rgb_66.jpg,2592,1944,bottle,1318,1012,1330,1027
g_67.tif,2592,1944,bottle,1235,921,1248,935
nir_67.tif,2592,1944,bottle,1235,921,1248,935
r_67.tif,2592,1944,bottle,1235,921,1248,935
re_67.tif,2592,1944,bottle,1235,921,1248,935
rgb_67.jpg,2592,1944,bottle,1235,921,1248,935
g_67.tif,2592,1944,bottle,1241,919,1250,933
nir_67.tif,2592,1944,bottle,1241,919,1250,933
r_67.tif,2592,1944,bottle,1241,919,1250,933
re_67.tif,2592,1944,bottle,1241,919,1250,933
rgb_67.jpg,2592,1944,bottle,1241,919,1250,933
g_67.tif,2592,1944,bottle,1239,931,1253,940
nir_67.tif,2592,1944,bottle,1239,931,1253,940
r_67.tif,2592,1944,bottle,1239,931,1253,940
re_67.tif,2592,1944,bottle,1239,931,1253,940
rgb_67.jpg,2592,1944,bottle,1239,931,1253,940
g_67.tif,2592,1944,bottle,1248,931,1262,942
nir_67.tif,2592,1944,bottle,1248,931,1262,942
r_67.tif,2592,1944,bottle,1248,931,1262,942
re_67.tif,2592,1944,bottle,1248,931,1262,942
rgb_67.jpg,2592,1944,bottle,1248,931,1262,942
g_67.tif,2592,1944,bottle,1245,955,1257,967
nir_67.tif,2592,1944,bottle,1245,955,1257,967
r_67.tif,2592,1944,bottle,1245,955,1257,967
re_67.tif,2592,1944,bottle,1245,955,1257,967
rgb_67.jpg,2592,1944,bottle,1245,955,1257,967
g_67.tif,2592,1944,bottle,1259,962,1266,978
nir_67.tif,2592,1944,bottle,1259,962,1266,978
r_67.tif,2592,1944,bottle,1259,962,1266,978
re_67.tif,2592,1944,bottle,1259,962,1266,978
rgb_67.jpg,2592,1944,bottle,1259,962,1266,978
g_67.tif,2592,1944,bottle,1262,975,1274,987
nir_67.tif,2592,1944,bottle,1262,975,1274,987
r_67.tif,2592,1944,bottle,1262,975,1274,987
re_67.tif,2592,1944,bottle,1262,975,1274,987
rgb_67.jpg,2592,1944,bottle,1262,975,1274,987
g_67.tif,2592,1944,bottle,1266,972,1280,983
nir_67.tif,2592,1944,bottle,1266,972,1280,983
r_67.tif,2592,1944,bottle,1266,972,1280,983
re_67.tif,2592,1944,bottle,1266,972,1280,983
rgb_67.jpg,2592,1944,bottle,1266,972,1280,983
g_67.tif,2592,1944,bottle,1274,976,1286,989
nir_67.tif,2592,1944,bottle,1274,976,1286,989
r_67.tif,2592,1944,bottle,1274,976,1286,989
re_67.tif,2592,1944,bottle,1274,976,1286,989
rgb_67.jpg,2592,1944,bottle,1274,976,1286,989
g_67.tif,2592,1944,bottle,1284,975,1297,984
nir_67.tif,2592,1944,bottle,1284,975,1297,984
r_67.tif,2592,1944,bottle,1284,975,1297,984
re_67.tif,2592,1944,bottle,1284,975,1297,984
rgb_67.jpg,2592,1944,bottle,1284,975,1297,984
g_67.tif,2592,1944,container,1246,976,1258,987
nir_67.tif,2592,1944,container,1246,976,1258,987
r_67.tif,2592,1944,container,1246,976,1258,987
re_67.tif,2592,1944,container,1246,976,1258,987
rgb_67.jpg,2592,1944,container,1246,976,1258,987
g_67.tif,2592,1944,bottle,1251,949,1265,961
nir_67.tif,2592,1944,bottle,1251,949,1265,961
r_67.tif,2592,1944,bottle,1251,949,1265,961
re_67.tif,2592,1944,bottle,1251,949,1265,961
rgb_67.jpg,2592,1944,bottle,1251,949,1265,961
g_67.tif,2592,1944,bottle,1253,945,1265,952
nir_67.tif,2592,1944,bottle,1253,945,1265,952
r_67.tif,2592,1944,bottle,1253,945,1265,952
re_67.tif,2592,1944,bottle,1253,945,1265,952
rgb_67.jpg,2592,1944,bottle,1253,945,1265,952
g_67.tif,2592,1944,bottle,1251,940,1264,948
nir_67.tif,2592,1944,bottle,1251,940,1264,948
r_67.tif,2592,1944,bottle,1251,940,1264,948
re_67.tif,2592,1944,bottle,1251,940,1264,948
rgb_67.jpg,2592,1944,bottle,1251,940,1264,948
g_67.tif,2592,1944,bottle,1262,937,1270,955
nir_67.tif,2592,1944,bottle,1262,937,1270,955
r_67.tif,2592,1944,bottle,1262,937,1270,955
re_67.tif,2592,1944,bottle,1262,937,1270,955
rgb_67.jpg,2592,1944,bottle,1262,937,1270,955
g_67.tif,2592,1944,bottle,1292,952,1297,959
nir_67.tif,2592,1944,bottle,1292,952,1297,959
r_67.tif,2592,1944,bottle,1292,952,1297,959
re_67.tif,2592,1944,bottle,1292,952,1297,959
rgb_67.jpg,2592,1944,bottle,1292,952,1297,959
g_67.tif,2592,1944,bottle,1281,965,1294,977
nir_67.tif,2592,1944,bottle,1281,965,1294,977
r_67.tif,2592,1944,bottle,1281,965,1294,977
re_67.tif,2592,1944,bottle,1281,965,1294,977
rgb_67.jpg,2592,1944,bottle,1281,965,1294,977
g_67.tif,2592,1944,bottle,1280,1000,1288,1012
nir_67.tif,2592,1944,bottle,1280,1000,1288,1012
r_67.tif,2592,1944,bottle,1280,1000,1288,1012
re_67.tif,2592,1944,bottle,1280,1000,1288,1012
rgb_67.jpg,2592,1944,bottle,1280,1000,1288,1012
g_67.tif,2592,1944,bottle,1283,1012,1298,1019
nir_67.tif,2592,1944,bottle,1283,1012,1298,1019
r_67.tif,2592,1944,bottle,1283,1012,1298,1019
re_67.tif,2592,1944,bottle,1283,1012,1298,1019
rgb_67.jpg,2592,1944,bottle,1283,1012,1298,1019
g_67.tif,2592,1944,bottle,1291,1018,1307,1027
nir_67.tif,2592,1944,bottle,1291,1018,1307,1027
r_67.tif,2592,1944,bottle,1291,1018,1307,1027
re_67.tif,2592,1944,bottle,1291,1018,1307,1027
rgb_67.jpg,2592,1944,bottle,1291,1018,1307,1027
g_67.tif,2592,1944,bottle,1329,1010,1342,1019
nir_67.tif,2592,1944,bottle,1329,1010,1342,1019
r_67.tif,2592,1944,bottle,1329,1010,1342,1019
re_67.tif,2592,1944,bottle,1329,1010,1342,1019
rgb_67.jpg,2592,1944,bottle,1329,1010,1342,1019
g_67.tif,2592,1944,bottle,1338,1042,1353,1052
nir_67.tif,2592,1944,bottle,1338,1042,1353,1052
r_67.tif,2592,1944,bottle,1338,1042,1353,1052
re_67.tif,2592,1944,bottle,1338,1042,1353,1052
rgb_67.jpg,2592,1944,bottle,1338,1042,1353,1052
g_67.tif,2592,1944,bottle,1373,1083,1382,1096
nir_67.tif,2592,1944,bottle,1373,1083,1382,1096
r_67.tif,2592,1944,bottle,1373,1083,1382,1096
re_67.tif,2592,1944,bottle,1373,1083,1382,1096
rgb_67.jpg,2592,1944,bottle,1373,1083,1382,1096
g_67.tif,2592,1944,bottle,1383,1084,1393,1095
nir_67.tif,2592,1944,bottle,1383,1084,1393,1095
r_67.tif,2592,1944,bottle,1383,1084,1393,1095
re_67.tif,2592,1944,bottle,1383,1084,1393,1095
rgb_67.jpg,2592,1944,bottle,1383,1084,1393,1095
g_67.tif,2592,1944,bottle,1381,1091,1392,1099
nir_67.tif,2592,1944,bottle,1381,1091,1392,1099
r_67.tif,2592,1944,bottle,1381,1091,1392,1099
re_67.tif,2592,1944,bottle,1381,1091,1392,1099
rgb_67.jpg,2592,1944,bottle,1381,1091,1392,1099
g_67.tif,2592,1944,bottle,1335,987,1349,999
nir_67.tif,2592,1944,bottle,1335,987,1349,999
r_67.tif,2592,1944,bottle,1335,987,1349,999
re_67.tif,2592,1944,bottle,1335,987,1349,999
rgb_67.jpg,2592,1944,bottle,1335,987,1349,999
g_67.tif,2592,1944,bottle,1327,973,1338,988
nir_67.tif,2592,1944,bottle,1327,973,1338,988
r_67.tif,2592,1944,bottle,1327,973,1338,988
re_67.tif,2592,1944,bottle,1327,973,1338,988
rgb_67.jpg,2592,1944,bottle,1327,973,1338,988
g_67.tif,2592,1944,bottle,1319,1008,1328,1023
nir_67.tif,2592,1944,bottle,1319,1008,1328,1023
r_67.tif,2592,1944,bottle,1319,1008,1328,1023
re_67.tif,2592,1944,bottle,1319,1008,1328,1023
rgb_67.jpg,2592,1944,bottle,1319,1008,1328,1023
g_67.tif,2592,1944,bottle,1311,1012,1323,1023
nir_67.tif,2592,1944,bottle,1311,1012,1323,1023
r_67.tif,2592,1944,bottle,1311,1012,1323,1023
re_67.tif,2592,1944,bottle,1311,1012,1323,1023
rgb_67.jpg,2592,1944,bottle,1311,1012,1323,1023
g_67.tif,2592,1944,bottle,1300,1010,1316,1020
nir_67.tif,2592,1944,bottle,1300,1010,1316,1020
r_67.tif,2592,1944,bottle,1300,1010,1316,1020
re_67.tif,2592,1944,bottle,1300,1010,1316,1020
rgb_67.jpg,2592,1944,bottle,1300,1010,1316,1020
g_67.tif,2592,1944,bottle,1292,999,1306,1009
nir_67.tif,2592,1944,bottle,1292,999,1306,1009
r_67.tif,2592,1944,bottle,1292,999,1306,1009
re_67.tif,2592,1944,bottle,1292,999,1306,1009
rgb_67.jpg,2592,1944,bottle,1292,999,1306,1009
g_67.tif,2592,1944,bottle,1295,971,1307,983
nir_67.tif,2592,1944,bottle,1295,971,1307,983
r_67.tif,2592,1944,bottle,1295,971,1307,983
re_67.tif,2592,1944,bottle,1295,971,1307,983
rgb_67.jpg,2592,1944,bottle,1295,971,1307,983
g_67.tif,2592,1944,bottle,1315,970,1327,984
nir_67.tif,2592,1944,bottle,1315,970,1327,984
r_67.tif,2592,1944,bottle,1315,970,1327,984
re_67.tif,2592,1944,bottle,1315,970,1327,984
rgb_67.jpg,2592,1944,bottle,1315,970,1327,984
g_67.tif,2592,1944,bottle,1279,993,1293,1005
nir_67.tif,2592,1944,bottle,1279,993,1293,1005
r_67.tif,2592,1944,bottle,1279,993,1293,1005
re_67.tif,2592,1944,bottle,1279,993,1293,1005
rgb_67.jpg,2592,1944,bottle,1279,993,1293,1005
g_67.tif,2592,1944,bottle,1290,990,1302,1001
nir_67.tif,2592,1944,bottle,1290,990,1302,1001
r_67.tif,2592,1944,bottle,1290,990,1302,1001
re_67.tif,2592,1944,bottle,1290,990,1302,1001
rgb_67.jpg,2592,1944,bottle,1290,990,1302,1001
g_67.tif,2592,1944,bottle,1299,993,1311,1002
nir_67.tif,2592,1944,bottle,1299,993,1311,1002
r_67.tif,2592,1944,bottle,1299,993,1311,1002
re_67.tif,2592,1944,bottle,1299,993,1311,1002
rgb_67.jpg,2592,1944,bottle,1299,993,1311,1002
g_67.tif,2592,1944,bottle,1326,989,1337,1003
nir_67.tif,2592,1944,bottle,1326,989,1337,1003
r_67.tif,2592,1944,bottle,1326,989,1337,1003
re_67.tif,2592,1944,bottle,1326,989,1337,1003
rgb_67.jpg,2592,1944,bottle,1326,989,1337,1003
g_67.tif,2592,1944,bottle,1320,1002,1336,1011
nir_67.tif,2592,1944,bottle,1320,1002,1336,1011
r_67.tif,2592,1944,bottle,1320,1002,1336,1011
re_67.tif,2592,1944,bottle,1320,1002,1336,1011
rgb_67.jpg,2592,1944,bottle,1320,1002,1336,1011
g_67.tif,2592,1944,can,1307,960,1322,981
nir_67.tif,2592,1944,can,1307,960,1322,981
r_67.tif,2592,1944,can,1307,960,1322,981
re_67.tif,2592,1944,can,1307,960,1322,981
rgb_67.jpg,2592,1944,can,1307,960,1322,981
g_67.tif,2592,1944,can,1298,943,1317,960
nir_67.tif,2592,1944,can,1298,943,1317,960
r_67.tif,2592,1944,can,1298,943,1317,960
re_67.tif,2592,1944,can,1298,943,1317,960
rgb_67.jpg,2592,1944,can,1298,943,1317,960
g_67.tif,2592,1944,can,1275,935,1290,954
nir_67.tif,2592,1944,can,1275,935,1290,954
r_67.tif,2592,1944,can,1275,935,1290,954
re_67.tif,2592,1944,can,1275,935,1290,954
rgb_67.jpg,2592,1944,can,1275,935,1290,954
g_67.tif,2592,1944,container,1284,932,1303,953
nir_67.tif,2592,1944,container,1284,932,1303,953
r_67.tif,2592,1944,container,1284,932,1303,953
re_67.tif,2592,1944,container,1284,932,1303,953
rgb_67.jpg,2592,1944,container,1284,932,1303,953
g_67.tif,2592,1944,can,1268,922,1287,936
nir_67.tif,2592,1944,can,1268,922,1287,936
r_67.tif,2592,1944,can,1268,922,1287,936
re_67.tif,2592,1944,can,1268,922,1287,936
rgb_67.jpg,2592,1944,can,1268,922,1287,936
g_67.tif,2592,1944,can,1259,924,1279,945
nir_67.tif,2592,1944,can,1259,924,1279,945
r_67.tif,2592,1944,can,1259,924,1279,945
re_67.tif,2592,1944,can,1259,924,1279,945
rgb_67.jpg,2592,1944,can,1259,924,1279,945
g_67.tif,2592,1944,can,1276,952,1293,967
nir_67.tif,2592,1944,can,1276,952,1293,967
r_67.tif,2592,1944,can,1276,952,1293,967
re_67.tif,2592,1944,can,1276,952,1293,967
rgb_67.jpg,2592,1944,can,1276,952,1293,967
g_67.tif,2592,1944,can,1264,950,1278,974
nir_67.tif,2592,1944,can,1264,950,1278,974
r_67.tif,2592,1944,can,1264,950,1278,974
re_67.tif,2592,1944,can,1264,950,1278,974
rgb_67.jpg,2592,1944,can,1264,950,1278,974
g_67.tif,2592,1944,container,1255,984,1284,1013
nir_67.tif,2592,1944,container,1255,984,1284,1013
r_67.tif,2592,1944,container,1255,984,1284,1013
re_67.tif,2592,1944,container,1255,984,1284,1013
rgb_67.jpg,2592,1944,container,1255,984,1284,1013
g_67.tif,2592,1944,bottle,1311,1000,1320,1011
nir_67.tif,2592,1944,bottle,1311,1000,1320,1011
r_67.tif,2592,1944,bottle,1311,1000,1320,1011
re_67.tif,2592,1944,bottle,1311,1000,1320,1011
rgb_67.jpg,2592,1944,bottle,1311,1000,1320,1011
g_67.tif,2592,1944,bottle,1305,985,1318,997
nir_67.tif,2592,1944,bottle,1305,985,1318,997
r_67.tif,2592,1944,bottle,1305,985,1318,997
re_67.tif,2592,1944,bottle,1305,985,1318,997
rgb_67.jpg,2592,1944,bottle,1305,985,1318,997
g_67.tif,2592,1944,bottle,1320,986,1334,998
nir_67.tif,2592,1944,bottle,1320,986,1334,998
r_67.tif,2592,1944,bottle,1320,986,1334,998
re_67.tif,2592,1944,bottle,1320,986,1334,998
rgb_67.jpg,2592,1944,bottle,1320,986,1334,998
g_67.tif,2592,1944,container,1304,979,1315,989
nir_67.tif,2592,1944,container,1304,979,1315,989
r_67.tif,2592,1944,container,1304,979,1315,989
re_67.tif,2592,1944,container,1304,979,1315,989
rgb_67.jpg,2592,1944,container,1304,979,1315,989
g_7.tif,2592,1944,bottle,1,619,104,683
nir_7.tif,2592,1944,bottle,1,619,104,683
r_7.tif,2592,1944,bottle,1,619,104,683
re_7.tif,2592,1944,bottle,1,619,104,683
rgb_7.jpg,2592,1944,bottle,1,619,104,683
g_7.tif,2592,1944,bottle,1,671,100,747
nir_7.tif,2592,1944,bottle,1,671,100,747
r_7.tif,2592,1944,bottle,1,671,100,747
re_7.tif,2592,1944,bottle,1,671,100,747
rgb_7.jpg,2592,1944,bottle,1,671,100,747
g_7.tif,2592,1944,bottle,69,554,143,681
nir_7.tif,2592,1944,bottle,69,554,143,681
r_7.tif,2592,1944,bottle,69,554,143,681
re_7.tif,2592,1944,bottle,69,554,143,681
rgb_7.jpg,2592,1944,bottle,69,554,143,681
g_7.tif,2592,1944,bottle,121,514,197,645
nir_7.tif,2592,1944,bottle,121,514,197,645
r_7.tif,2592,1944,bottle,121,514,197,645
re_7.tif,2592,1944,bottle,121,514,197,645
rgb_7.jpg,2592,1944,bottle,121,514,197,645
g_7.tif,2592,1944,bottle,828,707,950,797
nir_7.tif,2592,1944,bottle,828,707,950,797
r_7.tif,2592,1944,bottle,828,707,950,797
re_7.tif,2592,1944,bottle,828,707,950,797
rgb_7.jpg,2592,1944,bottle,828,707,950,797
g_7.tif,2592,1944,bottle,186,699,285,800
nir_7.tif,2592,1944,bottle,186,699,285,800
r_7.tif,2592,1944,bottle,186,699,285,800
re_7.tif,2592,1944,bottle,186,699,285,800
rgb_7.jpg,2592,1944,bottle,186,699,285,800
g_7.tif,2592,1944,bottle,300,823,369,952
nir_7.tif,2592,1944,bottle,300,823,369,952
r_7.tif,2592,1944,bottle,300,823,369,952
re_7.tif,2592,1944,bottle,300,823,369,952
rgb_7.jpg,2592,1944,bottle,300,823,369,952
g_7.tif,2592,1944,bottle,659,974,752,1085
nir_7.tif,2592,1944,bottle,659,974,752,1085
r_7.tif,2592,1944,bottle,659,974,752,1085
re_7.tif,2592,1944,bottle,659,974,752,1085
rgb_7.jpg,2592,1944,bottle,659,974,752,1085
g_7.tif,2592,1944,bottle,1117,980,1200,1104
nir_7.tif,2592,1944,bottle,1117,980,1200,1104
r_7.tif,2592,1944,bottle,1117,980,1200,1104
re_7.tif,2592,1944,bottle,1117,980,1200,1104
rgb_7.jpg,2592,1944,bottle,1117,980,1200,1104
g_7.tif,2592,1944,bottle,1569,1097,1697,1178
nir_7.tif,2592,1944,bottle,1569,1097,1697,1178
r_7.tif,2592,1944,bottle,1569,1097,1697,1178
re_7.tif,2592,1944,bottle,1569,1097,1697,1178
rgb_7.jpg,2592,1944,bottle,1569,1097,1697,1178
g_7.tif,2592,1944,bottle,535,1449,664,1537
nir_7.tif,2592,1944,bottle,535,1449,664,1537
r_7.tif,2592,1944,bottle,535,1449,664,1537
re_7.tif,2592,1944,bottle,535,1449,664,1537
rgb_7.jpg,2592,1944,bottle,535,1449,664,1537
g_7.tif,2592,1944,bottle,1462,1471,1585,1576
nir_7.tif,2592,1944,bottle,1462,1471,1585,1576
r_7.tif,2592,1944,bottle,1462,1471,1585,1576
re_7.tif,2592,1944,bottle,1462,1471,1585,1576
rgb_7.jpg,2592,1944,bottle,1462,1471,1585,1576
g_7.tif,2592,1944,bottle,1223,1799,1340,1923
nir_7.tif,2592,1944,bottle,1223,1799,1340,1923
r_7.tif,2592,1944,bottle,1223,1799,1340,1923
re_7.tif,2592,1944,bottle,1223,1799,1340,1923
rgb_7.jpg,2592,1944,bottle,1223,1799,1340,1923
g_7.tif,2592,1944,can,1298,1402,1455,1545
nir_7.tif,2592,1944,can,1298,1402,1455,1545
r_7.tif,2592,1944,can,1298,1402,1455,1545
re_7.tif,2592,1944,can,1298,1402,1455,1545
rgb_7.jpg,2592,1944,can,1298,1402,1455,1545
g_7.tif,2592,1944,can,1298,1562,1473,1709
nir_7.tif,2592,1944,can,1298,1562,1473,1709
r_7.tif,2592,1944,can,1298,1562,1473,1709
re_7.tif,2592,1944,can,1298,1562,1473,1709
rgb_7.jpg,2592,1944,can,1298,1562,1473,1709
g_7.tif,2592,1944,container,1195,1514,1321,1668
nir_7.tif,2592,1944,container,1195,1514,1321,1668
r_7.tif,2592,1944,container,1195,1514,1321,1668
re_7.tif,2592,1944,container,1195,1514,1321,1668
rgb_7.jpg,2592,1944,container,1195,1514,1321,1668
g_70.tif,2592,1944,bottle,1258,922,1265,934
nir_70.tif,2592,1944,bottle,1258,922,1265,934
r_70.tif,2592,1944,bottle,1258,922,1265,934
re_70.tif,2592,1944,bottle,1258,922,1265,934
rgb_70.jpg,2592,1944,bottle,1258,922,1265,934
g_70.tif,2592,1944,bottle,1253,926,1263,936
nir_70.tif,2592,1944,bottle,1253,926,1263,936
r_70.tif,2592,1944,bottle,1253,926,1263,936
re_70.tif,2592,1944,bottle,1253,926,1263,936
rgb_70.jpg,2592,1944,bottle,1253,926,1263,936
g_70.tif,2592,1944,bottle,1256,935,1267,941
nir_70.tif,2592,1944,bottle,1256,935,1267,941
r_70.tif,2592,1944,bottle,1256,935,1267,941
re_70.tif,2592,1944,bottle,1256,935,1267,941
rgb_70.jpg,2592,1944,bottle,1256,935,1267,941
g_70.tif,2592,1944,bottle,1263,934,1273,944
nir_70.tif,2592,1944,bottle,1263,934,1273,944
r_70.tif,2592,1944,bottle,1263,934,1273,944
re_70.tif,2592,1944,bottle,1263,934,1273,944
rgb_70.jpg,2592,1944,bottle,1263,934,1273,944
g_70.tif,2592,1944,bottle,1263,930,1274,937
nir_70.tif,2592,1944,bottle,1263,930,1274,937
r_70.tif,2592,1944,bottle,1263,930,1274,937
re_70.tif,2592,1944,bottle,1263,930,1274,937
rgb_70.jpg,2592,1944,bottle,1263,930,1274,937
g_70.tif,2592,1944,bottle,1261,953,1271,964
nir_70.tif,2592,1944,bottle,1261,953,1271,964
r_70.tif,2592,1944,bottle,1261,953,1271,964
re_70.tif,2592,1944,bottle,1261,953,1271,964
rgb_70.jpg,2592,1944,bottle,1261,953,1271,964
g_70.tif,2592,1944,bottle,1264,951,1274,962
nir_70.tif,2592,1944,bottle,1264,951,1274,962
r_70.tif,2592,1944,bottle,1264,951,1274,962
re_70.tif,2592,1944,bottle,1264,951,1274,962
rgb_70.jpg,2592,1944,bottle,1264,951,1274,962
g_70.tif,2592,1944,bottle,1266,949,1276,959
nir_70.tif,2592,1944,bottle,1266,949,1276,959
r_70.tif,2592,1944,bottle,1266,949,1276,959
re_70.tif,2592,1944,bottle,1266,949,1276,959
rgb_70.jpg,2592,1944,bottle,1266,949,1276,959
g_70.tif,2592,1944,bottle,1271,959,1278,974
nir_70.tif,2592,1944,bottle,1271,959,1278,974
r_70.tif,2592,1944,bottle,1271,959,1278,974
re_70.tif,2592,1944,bottle,1271,959,1278,974
rgb_70.jpg,2592,1944,bottle,1271,959,1278,974
g_70.tif,2592,1944,bottle,1274,969,1285,981
nir_70.tif,2592,1944,bottle,1274,969,1285,981
r_70.tif,2592,1944,bottle,1274,969,1285,981
re_70.tif,2592,1944,bottle,1274,969,1285,981
rgb_70.jpg,2592,1944,bottle,1274,969,1285,981
g_70.tif,2592,1944,bottle,1278,967,1289,977
nir_70.tif,2592,1944,bottle,1278,967,1289,977
r_70.tif,2592,1944,bottle,1278,967,1289,977
re_70.tif,2592,1944,bottle,1278,967,1289,977
rgb_70.jpg,2592,1944,bottle,1278,967,1289,977
g_70.tif,2592,1944,bottle,1283,972,1293,983
nir_70.tif,2592,1944,bottle,1283,972,1293,983
r_70.tif,2592,1944,bottle,1283,972,1293,983
re_70.tif,2592,1944,bottle,1283,972,1293,983
rgb_70.jpg,2592,1944,bottle,1283,972,1293,983
g_70.tif,2592,1944,bottle,1292,971,1302,978
nir_70.tif,2592,1944,bottle,1292,971,1302,978
r_70.tif,2592,1944,bottle,1292,971,1302,978
re_70.tif,2592,1944,bottle,1292,971,1302,978
rgb_70.jpg,2592,1944,bottle,1292,971,1302,978
g_70.tif,2592,1944,container,1306,960,1315,972
nir_70.tif,2592,1944,container,1306,960,1315,972
r_70.tif,2592,1944,container,1306,960,1315,972
re_70.tif,2592,1944,container,1306,960,1315,972
rgb_70.jpg,2592,1944,container,1306,960,1315,972
g_70.tif,2592,1944,container,1290,934,1309,953
nir_70.tif,2592,1944,container,1290,934,1309,953
r_70.tif,2592,1944,container,1290,934,1309,953
re_70.tif,2592,1944,container,1290,934,1309,953
rgb_70.jpg,2592,1944,container,1290,934,1309,953
g_70.tif,2592,1944,bottle,1285,961,1297,968
nir_70.tif,2592,1944,bottle,1285,961,1297,968
r_70.tif,2592,1944,bottle,1285,961,1297,968
re_70.tif,2592,1944,bottle,1285,961,1297,968
rgb_70.jpg,2592,1944,bottle,1285,961,1297,968
g_70.tif,2592,1944,container,1262,970,1272,980
nir_70.tif,2592,1944,container,1262,970,1272,980
r_70.tif,2592,1944,container,1262,970,1272,980
re_70.tif,2592,1944,container,1262,970,1272,980
rgb_70.jpg,2592,1944,container,1262,970,1272,980
g_70.tif,2592,1944,container,1268,978,1294,1001
nir_70.tif,2592,1944,container,1268,978,1294,1001
r_70.tif,2592,1944,container,1268,978,1294,1001
re_70.tif,2592,1944,container,1268,978,1294,1001
rgb_70.jpg,2592,1944,container,1268,978,1294,1001
g_70.tif,2592,1944,bottle,1336,1025,1349,1034
nir_70.tif,2592,1944,bottle,1336,1025,1349,1034
r_70.tif,2592,1944,bottle,1336,1025,1349,1034
re_70.tif,2592,1944,bottle,1336,1025,1349,1034
rgb_70.jpg,2592,1944,bottle,1336,1025,1349,1034
g_70.tif,2592,1944,bottle,1364,1058,1373,1070
nir_70.tif,2592,1944,bottle,1364,1058,1373,1070
r_70.tif,2592,1944,bottle,1364,1058,1373,1070
re_70.tif,2592,1944,bottle,1364,1058,1373,1070
rgb_70.jpg,2592,1944,bottle,1364,1058,1373,1070
g_70.tif,2592,1944,bottle,1371,1058,1380,1067
nir_70.tif,2592,1944,bottle,1371,1058,1380,1067
r_70.tif,2592,1944,bottle,1371,1058,1380,1067
re_70.tif,2592,1944,bottle,1371,1058,1380,1067
rgb_70.jpg,2592,1944,bottle,1371,1058,1380,1067
g_70.tif,2592,1944,bottle,1371,1065,1378,1070
nir_70.tif,2592,1944,bottle,1371,1065,1378,1070
r_70.tif,2592,1944,bottle,1371,1065,1378,1070
re_70.tif,2592,1944,bottle,1371,1065,1378,1070
rgb_70.jpg,2592,1944,bottle,1371,1065,1378,1070
g_70.tif,2592,1944,bottle,1329,998,1340,1006
nir_70.tif,2592,1944,bottle,1329,998,1340,1006
r_70.tif,2592,1944,bottle,1329,998,1340,1006
re_70.tif,2592,1944,bottle,1329,998,1340,1006
rgb_70.jpg,2592,1944,bottle,1329,998,1340,1006
g_70.tif,2592,1944,bottle,1334,978,1345,990
nir_70.tif,2592,1944,bottle,1334,978,1345,990
r_70.tif,2592,1944,bottle,1334,978,1345,990
re_70.tif,2592,1944,bottle,1334,978,1345,990
rgb_70.jpg,2592,1944,bottle,1334,978,1345,990
g_70.tif,2592,1944,bottle,1327,968,1337,981
nir_70.tif,2592,1944,bottle,1327,968,1337,981
r_70.tif,2592,1944,bottle,1327,968,1337,981
re_70.tif,2592,1944,bottle,1327,968,1337,981
rgb_70.jpg,2592,1944,bottle,1327,968,1337,981
g_70.tif,2592,1944,bottle,1321,996,1329,1009
nir_70.tif,2592,1944,bottle,1321,996,1329,1009
r_70.tif,2592,1944,bottle,1321,996,1329,1009
re_70.tif,2592,1944,bottle,1321,996,1329,1009
rgb_70.jpg,2592,1944,bottle,1321,996,1329,1009
g_70.tif,2592,1944,bottle,1313,999,1325,1010
nir_70.tif,2592,1944,bottle,1313,999,1325,1010
r_70.tif,2592,1944,bottle,1313,999,1325,1010
re_70.tif,2592,1944,bottle,1313,999,1325,1010
rgb_70.jpg,2592,1944,bottle,1313,999,1325,1010
g_70.tif,2592,1944,bottle,1299,1004,1311,1011
nir_70.tif,2592,1944,bottle,1299,1004,1311,1011
r_70.tif,2592,1944,bottle,1299,1004,1311,1011
re_70.tif,2592,1944,bottle,1299,1004,1311,1011
rgb_70.jpg,2592,1944,bottle,1299,1004,1311,1011
g_70.tif,2592,1944,bottle,1292,1000,1305,1006
nir_70.tif,2592,1944,bottle,1292,1000,1305,1006
r_70.tif,2592,1944,bottle,1292,1000,1305,1006
re_70.tif,2592,1944,bottle,1292,1000,1305,1006
rgb_70.jpg,2592,1944,bottle,1292,1000,1305,1006
g_70.tif,2592,1944,can,1290,974,1303,992
nir_70.tif,2592,1944,can,1290,974,1303,992
r_70.tif,2592,1944,can,1290,974,1303,992
re_70.tif,2592,1944,can,1290,974,1303,992
rgb_70.jpg,2592,1944,can,1290,974,1303,992
g_70.tif,2592,1944,can,1311,958,1324,975
nir_70.tif,2592,1944,can,1311,958,1324,975
r_70.tif,2592,1944,can,1311,958,1324,975
re_70.tif,2592,1944,can,1311,958,1324,975
rgb_70.jpg,2592,1944,can,1311,958,1324,975
g_70.tif,2592,1944,can,1303,944,1320,958
nir_70.tif,2592,1944,can,1303,944,1320,958
r_70.tif,2592,1944,can,1303,944,1320,958
re_70.tif,2592,1944,can,1303,944,1320,958
rgb_70.jpg,2592,1944,can,1303,944,1320,958
g_70.tif,2592,1944,can,1286,938,1299,953
nir_70.tif,2592,1944,can,1286,938,1299,953
r_70.tif,2592,1944,can,1286,938,1299,953
re_70.tif,2592,1944,can,1286,938,1299,953
rgb_70.jpg,2592,1944,can,1286,938,1299,953
g_70.tif,2592,1944,can,1279,926,1296,940
nir_70.tif,2592,1944,can,1279,926,1296,940
r_70.tif,2592,1944,can,1279,926,1296,940
re_70.tif,2592,1944,can,1279,926,1296,940
rgb_70.jpg,2592,1944,can,1279,926,1296,940
g_70.tif,2592,1944,can,1272,928,1289,946
nir_70.tif,2592,1944,can,1272,928,1289,946
r_70.tif,2592,1944,can,1272,928,1289,946
re_70.tif,2592,1944,can,1272,928,1289,946
rgb_70.jpg,2592,1944,can,1272,928,1289,946
g_70.tif,2592,1944,can,1276,949,1288,969
nir_70.tif,2592,1944,can,1276,949,1288,969
r_70.tif,2592,1944,can,1276,949,1288,969
re_70.tif,2592,1944,can,1276,949,1288,969
rgb_70.jpg,2592,1944,can,1276,949,1288,969
g_70.tif,2592,1944,can,1286,951,1301,962
nir_70.tif,2592,1944,can,1286,951,1301,962
r_70.tif,2592,1944,can,1286,951,1301,962
re_70.tif,2592,1944,can,1286,951,1301,962
rgb_70.jpg,2592,1944,can,1286,951,1301,962
g_70.tif,2592,1944,can,1299,952,1312,969
nir_70.tif,2592,1944,can,1299,952,1312,969
r_70.tif,2592,1944,can,1299,952,1312,969
re_70.tif,2592,1944,can,1299,952,1312,969
rgb_70.jpg,2592,1944,can,1299,952,1312,969
g_70.tif,2592,1944,container,1309,971,1318,981
nir_70.tif,2592,1944,container,1309,971,1318,981
r_70.tif,2592,1944,container,1309,971,1318,981
re_70.tif,2592,1944,container,1309,971,1318,981
rgb_70.jpg,2592,1944,container,1309,971,1318,981
g_70.tif,2592,1944,bottle,1312,989,1321,1001
nir_70.tif,2592,1944,bottle,1312,989,1321,1001
r_70.tif,2592,1944,bottle,1312,989,1321,1001
re_70.tif,2592,1944,bottle,1312,989,1321,1001
rgb_70.jpg,2592,1944,bottle,1312,989,1321,1001
g_70.tif,2592,1944,bottle,1321,979,1333,989
nir_70.tif,2592,1944,bottle,1321,979,1333,989
r_70.tif,2592,1944,bottle,1321,979,1333,989
re_70.tif,2592,1944,bottle,1321,979,1333,989
rgb_70.jpg,2592,1944,bottle,1321,979,1333,989
g_70.tif,2592,1944,bottle,1327,981,1336,993
nir_70.tif,2592,1944,bottle,1327,981,1336,993
r_70.tif,2592,1944,bottle,1327,981,1336,993
re_70.tif,2592,1944,bottle,1327,981,1336,993
rgb_70.jpg,2592,1944,bottle,1327,981,1336,993
g_70.tif,2592,1944,bottle,1302,978,1312,987
nir_70.tif,2592,1944,bottle,1302,978,1312,987
r_70.tif,2592,1944,bottle,1302,978,1312,987
re_70.tif,2592,1944,bottle,1302,978,1312,987
rgb_70.jpg,2592,1944,bottle,1302,978,1312,987
g_70.tif,2592,1944,bottle,1314,981,1319,992
nir_70.tif,2592,1944,bottle,1314,981,1319,992
r_70.tif,2592,1944,bottle,1314,981,1319,992
re_70.tif,2592,1944,bottle,1314,981,1319,992
rgb_70.jpg,2592,1944,bottle,1314,981,1319,992
g_71.tif,2592,1944,bottle,1231,911,1244,925
nir_71.tif,2592,1944,bottle,1231,911,1244,925
r_71.tif,2592,1944,bottle,1231,911,1244,925
re_71.tif,2592,1944,bottle,1231,911,1244,925
rgb_71.jpg,2592,1944,bottle,1231,911,1244,925
g_71.tif,2592,1944,bottle,1238,907,1248,924
nir_71.tif,2592,1944,bottle,1238,907,1248,924
r_71.tif,2592,1944,bottle,1238,907,1248,924
re_71.tif,2592,1944,bottle,1238,907,1248,924
rgb_71.jpg,2592,1944,bottle,1238,907,1248,924
g_71.tif,2592,1944,bottle,1246,917,1261,929
nir_71.tif,2592,1944,bottle,1246,917,1261,929
r_71.tif,2592,1944,bottle,1246,917,1261,929
re_71.tif,2592,1944,bottle,1246,917,1261,929
rgb_71.jpg,2592,1944,bottle,1246,917,1261,929
g_71.tif,2592,1944,bottle,1236,923,1250,933
nir_71.tif,2592,1944,bottle,1236,923,1250,933
r_71.tif,2592,1944,bottle,1236,923,1250,933
re_71.tif,2592,1944,bottle,1236,923,1250,933
rgb_71.jpg,2592,1944,bottle,1236,923,1250,933
g_71.tif,2592,1944,bottle,1245,923,1259,936
nir_71.tif,2592,1944,bottle,1245,923,1259,936
r_71.tif,2592,1944,bottle,1245,923,1259,936
re_71.tif,2592,1944,bottle,1245,923,1259,936
rgb_71.jpg,2592,1944,bottle,1245,923,1259,936
g_71.tif,2592,1944,bottle,1248,932,1266,942
nir_71.tif,2592,1944,bottle,1248,932,1266,942
r_71.tif,2592,1944,bottle,1248,932,1266,942
re_71.tif,2592,1944,bottle,1248,932,1266,942
rgb_71.jpg,2592,1944,bottle,1248,932,1266,942
g_71.tif,2592,1944,bottle,1262,930,1272,949
nir_71.tif,2592,1944,bottle,1262,930,1272,949
r_71.tif,2592,1944,bottle,1262,930,1272,949
re_71.tif,2592,1944,bottle,1262,930,1272,949
rgb_71.jpg,2592,1944,bottle,1262,930,1272,949
g_71.tif,2592,1944,bottle,1249,938,1267,949
nir_71.tif,2592,1944,bottle,1249,938,1267,949
r_71.tif,2592,1944,bottle,1249,938,1267,949
re_71.tif,2592,1944,bottle,1249,938,1267,949
rgb_71.jpg,2592,1944,bottle,1249,938,1267,949
g_71.tif,2592,1944,bottle,1248,943,1264,956
nir_71.tif,2592,1944,bottle,1248,943,1264,956
r_71.tif,2592,1944,bottle,1248,943,1264,956
re_71.tif,2592,1944,bottle,1248,943,1264,956
rgb_71.jpg,2592,1944,bottle,1248,943,1264,956
g_71.tif,2592,1944,bottle,1246,945,1260,960
nir_71.tif,2592,1944,bottle,1246,945,1260,960
r_71.tif,2592,1944,bottle,1246,945,1260,960
re_71.tif,2592,1944,bottle,1246,945,1260,960
rgb_71.jpg,2592,1944,bottle,1246,945,1260,960
g_71.tif,2592,1944,bottle,1242,949,1257,965
nir_71.tif,2592,1944,bottle,1242,949,1257,965
r_71.tif,2592,1944,bottle,1242,949,1257,965
re_71.tif,2592,1944,bottle,1242,949,1257,965
rgb_71.jpg,2592,1944,bottle,1242,949,1257,965
g_71.tif,2592,1944,bottle,1257,958,1266,977
nir_71.tif,2592,1944,bottle,1257,958,1266,977
r_71.tif,2592,1944,bottle,1257,958,1266,977
re_71.tif,2592,1944,bottle,1257,958,1266,977
rgb_71.jpg,2592,1944,bottle,1257,958,1266,977
g_71.tif,2592,1944,container,1243,974,1256,987
nir_71.tif,2592,1944,container,1243,974,1256,987
r_71.tif,2592,1944,container,1243,974,1256,987
re_71.tif,2592,1944,container,1243,974,1256,987
rgb_71.jpg,2592,1944,container,1243,974,1256,987
g_71.tif,2592,1944,bottle,1261,973,1276,985
nir_71.tif,2592,1944,bottle,1261,973,1276,985
r_71.tif,2592,1944,bottle,1261,973,1276,985
re_71.tif,2592,1944,bottle,1261,973,1276,985
rgb_71.jpg,2592,1944,bottle,1261,973,1276,985
g_71.tif,2592,1944,bottle,1266,969,1282,980
nir_71.tif,2592,1944,bottle,1266,969,1282,980
r_71.tif,2592,1944,bottle,1266,969,1282,980
re_71.tif,2592,1944,bottle,1266,969,1282,980
rgb_71.jpg,2592,1944,bottle,1266,969,1282,980
g_71.tif,2592,1944,bottle,1277,976,1287,989
nir_71.tif,2592,1944,bottle,1277,976,1287,989
r_71.tif,2592,1944,bottle,1277,976,1287,989
re_71.tif,2592,1944,bottle,1277,976,1287,989
rgb_71.jpg,2592,1944,bottle,1277,976,1287,989
g_71.tif,2592,1944,bottle,1287,973,1303,983
nir_71.tif,2592,1944,bottle,1287,973,1303,983
r_71.tif,2592,1944,bottle,1287,973,1303,983
re_71.tif,2592,1944,bottle,1287,973,1303,983
rgb_71.jpg,2592,1944,bottle,1287,973,1303,983
g_71.tif,2592,1944,bottle,1283,963,1297,976
nir_71.tif,2592,1944,bottle,1283,963,1297,976
r_71.tif,2592,1944,bottle,1283,963,1297,976
re_71.tif,2592,1944,bottle,1283,963,1297,976
rgb_71.jpg,2592,1944,bottle,1283,963,1297,976
g_71.tif,2592,1944,bottle,1297,946,1302,954
nir_71.tif,2592,1944,bottle,1297,946,1302,954
r_71.tif,2592,1944,bottle,1297,946,1302,954
re_71.tif,2592,1944,bottle,1297,946,1302,954
rgb_71.jpg,2592,1944,bottle,1297,946,1302,954
g_71.tif,2592,1944,container,1305,957,1319,974
nir_71.tif,2592,1944,container,1305,957,1319,974
r_71.tif,2592,1944,container,1305,957,1319,974
re_71.tif,2592,1944,container,1305,957,1319,974
rgb_71.jpg,2592,1944,container,1305,957,1319,974
g_71.tif,2592,1944,container,1284,921,1310,947
nir_71.tif,2592,1944,container,1284,921,1310,947
r_71.tif,2592,1944,container,1284,921,1310,947
re_71.tif,2592,1944,container,1284,921,1310,947
rgb_71.jpg,2592,1944,container,1284,921,1310,947
g_71.tif,2592,1944,can,1302,938,1325,955
nir_71.tif,2592,1944,can,1302,938,1325,955
r_71.tif,2592,1944,can,1302,938,1325,955
re_71.tif,2592,1944,can,1302,938,1325,955
rgb_71.jpg,2592,1944,can,1302,938,1325,955
g_71.tif,2592,1944,can,1269,911,1291,931
nir_71.tif,2592,1944,can,1269,911,1291,931
r_71.tif,2592,1944,can,1269,911,1291,931
re_71.tif,2592,1944,can,1269,911,1291,931
rgb_71.jpg,2592,1944,can,1269,911,1291,931
g_71.tif,2592,1944,can,1276,926,1294,949
nir_71.tif,2592,1944,can,1276,926,1294,949
r_71.tif,2592,1944,can,1276,926,1294,949
re_71.tif,2592,1944,can,1276,926,1294,949
rgb_71.jpg,2592,1944,can,1276,926,1294,949
g_71.tif,2592,1944,can,1258,914,1280,937
nir_71.tif,2592,1944,can,1258,914,1280,937
r_71.tif,2592,1944,can,1258,914,1280,937
re_71.tif,2592,1944,can,1258,914,1280,937
rgb_71.jpg,2592,1944,can,1258,914,1280,937
g_71.tif,2592,1944,can,1265,945,1281,971
nir_71.tif,2592,1944,can,1265,945,1281,971
r_71.tif,2592,1944,can,1265,945,1281,971
re_71.tif,2592,1944,can,1265,945,1281,971
rgb_71.jpg,2592,1944,can,1265,945,1281,971
g_71.tif,2592,1944,can,1278,946,1298,963
nir_71.tif,2592,1944,can,1278,946,1298,963
r_71.tif,2592,1944,can,1278,946,1298,963
re_71.tif,2592,1944,can,1278,946,1298,963
rgb_71.jpg,2592,1944,can,1278,946,1298,963
g_71.tif,2592,1944,can,1295,948,1314,970
nir_71.tif,2592,1944,can,1295,948,1314,970
r_71.tif,2592,1944,can,1295,948,1314,970
re_71.tif,2592,1944,can,1295,948,1314,970
rgb_71.jpg,2592,1944,can,1295,948,1314,970
g_71.tif,2592,1944,can,1313,956,1329,979
nir_71.tif,2592,1944,can,1313,956,1329,979
r_71.tif,2592,1944,can,1313,956,1329,979
re_71.tif,2592,1944,can,1313,956,1329,979
rgb_71.jpg,2592,1944,can,1313,956,1329,979
g_71.tif,2592,1944,can,1283,977,1302,1002
nir_71.tif,2592,1944,can,1283,977,1302,1002
r_71.tif,2592,1944,can,1283,977,1302,1002
re_71.tif,2592,1944,can,1283,977,1302,1002
rgb_71.jpg,2592,1944,can,1283,977,1302,1002
g_71.tif,2592,1944,container,1253,983,1287,1016
nir_71.tif,2592,1944,container,1253,983,1287,1016
r_71.tif,2592,1944,container,1253,983,1287,1016
re_71.tif,2592,1944,container,1253,983,1287,1016
rgb_71.jpg,2592,1944,container,1253,983,1287,1016
g_71.tif,2592,1944,bottle,1281,999,1293,1017
nir_71.tif,2592,1944,bottle,1281,999,1293,1017
r_71.tif,2592,1944,bottle,1281,999,1293,1017
re_71.tif,2592,1944,bottle,1281,999,1293,1017
rgb_71.jpg,2592,1944,bottle,1281,999,1293,1017
g_71.tif,2592,1944,bottle,1284,1015,1301,1024
nir_71.tif,2592,1944,bottle,1284,1015,1301,1024
r_71.tif,2592,1944,bottle,1284,1015,1301,1024
re_71.tif,2592,1944,bottle,1284,1015,1301,1024
rgb_71.jpg,2592,1944,bottle,1284,1015,1301,1024
g_71.tif,2592,1944,bottle,1294,1022,1311,1031
nir_71.tif,2592,1944,bottle,1294,1022,1311,1031
r_71.tif,2592,1944,bottle,1294,1022,1311,1031
re_71.tif,2592,1944,bottle,1294,1022,1311,1031
rgb_71.jpg,2592,1944,bottle,1294,1022,1311,1031
g_71.tif,2592,1944,bottle,1303,1019,1318,1030
nir_71.tif,2592,1944,bottle,1303,1019,1318,1030
r_71.tif,2592,1944,bottle,1303,1019,1318,1030
re_71.tif,2592,1944,bottle,1303,1019,1318,1030
rgb_71.jpg,2592,1944,bottle,1303,1019,1318,1030
g_71.tif,2592,1944,bottle,1349,1049,1366,1063
nir_71.tif,2592,1944,bottle,1349,1049,1366,1063
r_71.tif,2592,1944,bottle,1349,1049,1366,1063
re_71.tif,2592,1944,bottle,1349,1049,1366,1063
rgb_71.jpg,2592,1944,bottle,1349,1049,1366,1063
g_71.tif,2592,1944,bottle,1337,1012,1353,1025
nir_71.tif,2592,1944,bottle,1337,1012,1353,1025
r_71.tif,2592,1944,bottle,1337,1012,1353,1025
re_71.tif,2592,1944,bottle,1337,1012,1353,1025
rgb_71.jpg,2592,1944,bottle,1337,1012,1353,1025
g_71.tif,2592,1944,bottle,1345,986,1361,1001
nir_71.tif,2592,1944,bottle,1345,986,1361,1001
r_71.tif,2592,1944,bottle,1345,986,1361,1001
re_71.tif,2592,1944,bottle,1345,986,1361,1001
rgb_71.jpg,2592,1944,bottle,1345,986,1361,1001
g_71.tif,2592,1944,bottle,1338,972,1349,989
nir_71.tif,2592,1944,bottle,1338,972,1349,989
r_71.tif,2592,1944,bottle,1338,972,1349,989
re_71.tif,2592,1944,bottle,1338,972,1349,989
rgb_71.jpg,2592,1944,bottle,1338,972,1349,989
g_71.tif,2592,1944,bottle,1327,1004,1345,1014
nir_71.tif,2592,1944,bottle,1327,1004,1345,1014
r_71.tif,2592,1944,bottle,1327,1004,1345,1014
re_71.tif,2592,1944,bottle,1327,1004,1345,1014
rgb_71.jpg,2592,1944,bottle,1327,1004,1345,1014
g_71.tif,2592,1944,bottle,1327,1008,1337,1026
nir_71.tif,2592,1944,bottle,1327,1008,1337,1026
r_71.tif,2592,1944,bottle,1327,1008,1337,1026
re_71.tif,2592,1944,bottle,1327,1008,1337,1026
rgb_71.jpg,2592,1944,bottle,1327,1008,1337,1026
g_71.tif,2592,1944,bottle,1319,1015,1331,1026
nir_71.tif,2592,1944,bottle,1319,1015,1331,1026
r_71.tif,2592,1944,bottle,1319,1015,1331,1026
re_71.tif,2592,1944,bottle,1319,1015,1331,1026
rgb_71.jpg,2592,1944,bottle,1319,1015,1331,1026
g_71.tif,2592,1944,bottle,1292,1010,1309,1019
nir_71.tif,2592,1944,bottle,1292,1010,1309,1019
r_71.tif,2592,1944,bottle,1292,1010,1309,1019
re_71.tif,2592,1944,bottle,1292,1010,1309,1019
rgb_71.jpg,2592,1944,bottle,1292,1010,1309,1019
g_71.tif,2592,1944,bottle,1319,979,1334,988
nir_71.tif,2592,1944,bottle,1319,979,1334,988
r_71.tif,2592,1944,bottle,1319,979,1334,988
re_71.tif,2592,1944,bottle,1319,979,1334,988
rgb_71.jpg,2592,1944,bottle,1319,979,1334,988
g_71.tif,2592,1944,bottle,1337,990,1346,1004
nir_71.tif,2592,1944,bottle,1337,990,1346,1004
r_71.tif,2592,1944,bottle,1337,990,1346,1004
re_71.tif,2592,1944,bottle,1337,990,1346,1004
rgb_71.jpg,2592,1944,bottle,1337,990,1346,1004
g_71.tif,2592,1944,bottle,1322,989,1338,1002
nir_71.tif,2592,1944,bottle,1322,989,1338,1002
r_71.tif,2592,1944,bottle,1322,989,1338,1002
re_71.tif,2592,1944,bottle,1322,989,1338,1002
rgb_71.jpg,2592,1944,bottle,1322,989,1338,1002
g_71.tif,2592,1944,bottle,1298,984,1313,992
nir_71.tif,2592,1944,bottle,1298,984,1313,992
r_71.tif,2592,1944,bottle,1298,984,1313,992
re_71.tif,2592,1944,bottle,1298,984,1313,992
rgb_71.jpg,2592,1944,bottle,1298,984,1313,992
g_71.tif,2592,1944,bottle,1302,993,1319,1005
nir_71.tif,2592,1944,bottle,1302,993,1319,1005
r_71.tif,2592,1944,bottle,1302,993,1319,1005
re_71.tif,2592,1944,bottle,1302,993,1319,1005
rgb_71.jpg,2592,1944,bottle,1302,993,1319,1005
g_71.tif,2592,1944,bottle,1310,1004,1319,1017
nir_71.tif,2592,1944,bottle,1310,1004,1319,1017
r_71.tif,2592,1944,bottle,1310,1004,1319,1017
re_71.tif,2592,1944,bottle,1310,1004,1319,1017
rgb_71.jpg,2592,1944,bottle,1310,1004,1319,1017
g_71.tif,2592,1944,bottle,1296,990,1309,1003
nir_71.tif,2592,1944,bottle,1296,990,1309,1003
r_71.tif,2592,1944,bottle,1296,990,1309,1003
re_71.tif,2592,1944,bottle,1296,990,1309,1003
rgb_71.jpg,2592,1944,bottle,1296,990,1309,1003
g_71.tif,2592,1944,bottle,1386,1095,1399,1113
nir_71.tif,2592,1944,bottle,1386,1095,1399,1113
r_71.tif,2592,1944,bottle,1386,1095,1399,1113
re_71.tif,2592,1944,bottle,1386,1095,1399,1113
rgb_71.jpg,2592,1944,bottle,1386,1095,1399,1113
g_71.tif,2592,1944,bottle,1398,1105,1412,1116
nir_71.tif,2592,1944,bottle,1398,1105,1412,1116
r_71.tif,2592,1944,bottle,1398,1105,1412,1116
re_71.tif,2592,1944,bottle,1398,1105,1412,1116
rgb_71.jpg,2592,1944,bottle,1398,1105,1412,1116
g_71.tif,2592,1944,bottle,1398,1097,1410,1110
nir_71.tif,2592,1944,bottle,1398,1097,1410,1110
r_71.tif,2592,1944,bottle,1398,1097,1410,1110
re_71.tif,2592,1944,bottle,1398,1097,1410,1110
rgb_71.jpg,2592,1944,bottle,1398,1097,1410,1110
g_72.tif,2592,1944,bottle,1077,886,1093,904
nir_72.tif,2592,1944,bottle,1077,886,1093,904
r_72.tif,2592,1944,bottle,1077,886,1093,904
re_72.tif,2592,1944,bottle,1077,886,1093,904
rgb_72.jpg,2592,1944,bottle,1077,886,1093,904
g_72.tif,2592,1944,bottle,1086,881,1096,898
nir_72.tif,2592,1944,bottle,1086,881,1096,898
r_72.tif,2592,1944,bottle,1086,881,1096,898
re_72.tif,2592,1944,bottle,1086,881,1096,898
rgb_72.jpg,2592,1944,bottle,1086,881,1096,898
g_72.tif,2592,1944,bottle,1087,893,1102,903
nir_72.tif,2592,1944,bottle,1087,893,1102,903
r_72.tif,2592,1944,bottle,1087,893,1102,903
re_72.tif,2592,1944,bottle,1087,893,1102,903
rgb_72.jpg,2592,1944,bottle,1087,893,1102,903
g_72.tif,2592,1944,bottle,1092,892,1112,905
nir_72.tif,2592,1944,bottle,1092,892,1112,905
r_72.tif,2592,1944,bottle,1092,892,1112,905
re_72.tif,2592,1944,bottle,1092,892,1112,905
rgb_72.jpg,2592,1944,bottle,1092,892,1112,905
g_72.tif,2592,1944,bottle,1083,901,1100,910
nir_72.tif,2592,1944,bottle,1083,901,1100,910
r_72.tif,2592,1944,bottle,1083,901,1100,910
re_72.tif,2592,1944,bottle,1083,901,1100,910
rgb_72.jpg,2592,1944,bottle,1083,901,1100,910
g_72.tif,2592,1944,bottle,1092,901,1111,913
nir_72.tif,2592,1944,bottle,1092,901,1111,913
r_72.tif,2592,1944,bottle,1092,901,1111,913
re_72.tif,2592,1944,bottle,1092,901,1111,913
rgb_72.jpg,2592,1944,bottle,1092,901,1111,913
g_72.tif,2592,1944,bottle,1100,911,1116,921
nir_72.tif,2592,1944,bottle,1100,911,1116,921
r_72.tif,2592,1944,bottle,1100,911,1116,921
re_72.tif,2592,1944,bottle,1100,911,1116,921
rgb_72.jpg,2592,1944,bottle,1100,911,1116,921
g_72.tif,2592,1944,bottle,1113,909,1124,929
nir_72.tif,2592,1944,bottle,1113,909,1124,929
r_72.tif,2592,1944,bottle,1113,909,1124,929
re_72.tif,2592,1944,bottle,1113,909,1124,929
rgb_72.jpg,2592,1944,bottle,1113,909,1124,929
g_72.tif,2592,1944,can,1109,889,1134,918
nir_72.tif,2592,1944,can,1109,889,1134,918
r_72.tif,2592,1944,can,1109,889,1134,918
re_72.tif,2592,1944,can,1109,889,1134,918
rgb_72.jpg,2592,1944,can,1109,889,1134,918
g_72.tif,2592,1944,can,1120,883,1145,908
nir_72.tif,2592,1944,can,1120,883,1145,908
r_72.tif,2592,1944,can,1120,883,1145,908
re_72.tif,2592,1944,can,1120,883,1145,908
rgb_72.jpg,2592,1944,can,1120,883,1145,908
g_72.tif,2592,1944,can,1129,906,1151,928
nir_72.tif,2592,1944,can,1129,906,1151,928
r_72.tif,2592,1944,can,1129,906,1151,928
re_72.tif,2592,1944,can,1129,906,1151,928
rgb_72.jpg,2592,1944,can,1129,906,1151,928
g_72.tif,2592,1944,can,1159,916,1186,937
nir_72.tif,2592,1944,can,1159,916,1186,937
r_72.tif,2592,1944,can,1159,916,1186,937
re_72.tif,2592,1944,can,1159,916,1186,937
rgb_72.jpg,2592,1944,can,1159,916,1186,937
g_72.tif,2592,1944,can,1173,938,1192,964
nir_72.tif,2592,1944,can,1173,938,1192,964
r_72.tif,2592,1944,can,1173,938,1192,964
re_72.tif,2592,1944,can,1173,938,1192,964
rgb_72.jpg,2592,1944,can,1173,938,1192,964
g_72.tif,2592,1944,can,1151,931,1173,955
nir_72.tif,2592,1944,can,1151,931,1173,955
r_72.tif,2592,1944,can,1151,931,1173,955
re_72.tif,2592,1944,can,1151,931,1173,955
rgb_72.jpg,2592,1944,can,1151,931,1173,955
g_72.tif,2592,1944,container,1140,898,1168,926
nir_72.tif,2592,1944,container,1140,898,1168,926
r_72.tif,2592,1944,container,1140,898,1168,926
re_72.tif,2592,1944,container,1140,898,1168,926
rgb_72.jpg,2592,1944,container,1140,898,1168,926
g_72.tif,2592,1944,can,1131,927,1154,946
nir_72.tif,2592,1944,can,1131,927,1154,946
r_72.tif,2592,1944,can,1131,927,1154,946
re_72.tif,2592,1944,can,1131,927,1154,946
rgb_72.jpg,2592,1944,can,1131,927,1154,946
g_72.tif,2592,1944,can,1116,926,1135,955
nir_72.tif,2592,1944,can,1116,926,1135,955
r_72.tif,2592,1944,can,1116,926,1135,955
re_72.tif,2592,1944,can,1116,926,1135,955
rgb_72.jpg,2592,1944,can,1116,926,1135,955
g_72.tif,2592,1944,container,1092,957,1106,975
nir_72.tif,2592,1944,container,1092,957,1106,975
r_72.tif,2592,1944,container,1092,957,1106,975
re_72.tif,2592,1944,container,1092,957,1106,975
rgb_72.jpg,2592,1944,container,1092,957,1106,975
g_72.tif,2592,1944,container,1102,969,1143,1008
nir_72.tif,2592,1944,container,1102,969,1143,1008
r_72.tif,2592,1944,container,1102,969,1143,1008
re_72.tif,2592,1944,container,1102,969,1143,1008
rgb_72.jpg,2592,1944,container,1102,969,1143,1008
g_72.tif,2592,1944,can,1138,963,1159,991
nir_72.tif,2592,1944,can,1138,963,1159,991
r_72.tif,2592,1944,can,1138,963,1159,991
re_72.tif,2592,1944,can,1138,963,1159,991
rgb_72.jpg,2592,1944,can,1138,963,1159,991
g_72.tif,2592,1944,container,1170,961,1184,974
nir_72.tif,2592,1944,container,1170,961,1184,974
r_72.tif,2592,1944,container,1170,961,1184,974
re_72.tif,2592,1944,container,1170,961,1184,974
rgb_72.jpg,2592,1944,container,1170,961,1184,974
g_72.tif,2592,1944,bottle,1107,939,1116,961
nir_72.tif,2592,1944,bottle,1107,939,1116,961
r_72.tif,2592,1944,bottle,1107,939,1116,961
re_72.tif,2592,1944,bottle,1107,939,1116,961
rgb_72.jpg,2592,1944,bottle,1107,939,1116,961
g_72.tif,2592,1944,bottle,1092,932,1107,948
nir_72.tif,2592,1944,bottle,1092,932,1107,948
r_72.tif,2592,1944,bottle,1092,932,1107,948
re_72.tif,2592,1944,bottle,1092,932,1107,948
rgb_72.jpg,2592,1944,bottle,1092,932,1107,948
g_72.tif,2592,1944,bottle,1095,926,1111,943
nir_72.tif,2592,1944,bottle,1095,926,1111,943
r_72.tif,2592,1944,bottle,1095,926,1111,943
re_72.tif,2592,1944,bottle,1095,926,1111,943
rgb_72.jpg,2592,1944,bottle,1095,926,1111,943
g_72.tif,2592,1944,bottle,1100,923,1117,940
nir_72.tif,2592,1944,bottle,1100,923,1117,940
r_72.tif,2592,1944,bottle,1100,923,1117,940
re_72.tif,2592,1944,bottle,1100,923,1117,940
rgb_72.jpg,2592,1944,bottle,1100,923,1117,940
g_72.tif,2592,1944,bottle,1135,988,1148,1006
nir_72.tif,2592,1944,bottle,1135,988,1148,1006
r_72.tif,2592,1944,bottle,1135,988,1148,1006
re_72.tif,2592,1944,bottle,1135,988,1148,1006
rgb_72.jpg,2592,1944,bottle,1135,988,1148,1006
g_72.tif,2592,1944,bottle,1140,1007,1159,1016
nir_72.tif,2592,1944,bottle,1140,1007,1159,1016
r_72.tif,2592,1944,bottle,1140,1007,1159,1016
re_72.tif,2592,1944,bottle,1140,1007,1159,1016
rgb_72.jpg,2592,1944,bottle,1140,1007,1159,1016
g_72.tif,2592,1944,bottle,1214,1046,1233,1061
nir_72.tif,2592,1944,bottle,1214,1046,1233,1061
r_72.tif,2592,1944,bottle,1214,1046,1233,1061
re_72.tif,2592,1944,bottle,1214,1046,1233,1061
rgb_72.jpg,2592,1944,bottle,1214,1046,1233,1061
g_72.tif,2592,1944,bottle,1210,973,1228,988
nir_72.tif,2592,1944,bottle,1210,973,1228,988
r_72.tif,2592,1944,bottle,1210,973,1228,988
re_72.tif,2592,1944,bottle,1210,973,1228,988
rgb_72.jpg,2592,1944,bottle,1210,973,1228,988
g_72.tif,2592,1944,bottle,1201,955,1216,976
nir_72.tif,2592,1944,bottle,1201,955,1216,976
r_72.tif,2592,1944,bottle,1201,955,1216,976
re_72.tif,2592,1944,bottle,1201,955,1216,976
rgb_72.jpg,2592,1944,bottle,1201,955,1216,976
g_72.tif,2592,1944,bottle,1182,952,1198,968
nir_72.tif,2592,1944,bottle,1182,952,1198,968
r_72.tif,2592,1944,bottle,1182,952,1198,968
re_72.tif,2592,1944,bottle,1182,952,1198,968
rgb_72.jpg,2592,1944,bottle,1182,952,1198,968
g_72.tif,2592,1944,bottle,1180,965,1196,977
nir_72.tif,2592,1944,bottle,1180,965,1196,977
r_72.tif,2592,1944,bottle,1180,965,1196,977
re_72.tif,2592,1944,bottle,1180,965,1196,977
rgb_72.jpg,2592,1944,bottle,1180,965,1196,977
g_72.tif,2592,1944,bottle,1192,974,1208,986
nir_72.tif,2592,1944,bottle,1192,974,1208,986
r_72.tif,2592,1944,bottle,1192,974,1208,986
re_72.tif,2592,1944,bottle,1192,974,1208,986
rgb_72.jpg,2592,1944,bottle,1192,974,1208,986
g_72.tif,2592,1944,bottle,1200,977,1211,994
nir_72.tif,2592,1944,bottle,1200,977,1211,994
r_72.tif,2592,1944,bottle,1200,977,1211,994
re_72.tif,2592,1944,bottle,1200,977,1211,994
rgb_72.jpg,2592,1944,bottle,1200,977,1211,994
g_72.tif,2592,1944,bottle,1189,993,1210,1005
nir_72.tif,2592,1944,bottle,1189,993,1210,1005
r_72.tif,2592,1944,bottle,1189,993,1210,1005
re_72.tif,2592,1944,bottle,1189,993,1210,1005
rgb_72.jpg,2592,1944,bottle,1189,993,1210,1005
g_72.tif,2592,1944,bottle,1201,1004,1218,1016
nir_72.tif,2592,1944,bottle,1201,1004,1218,1016
r_72.tif,2592,1944,bottle,1201,1004,1218,1016
re_72.tif,2592,1944,bottle,1201,1004,1218,1016
rgb_72.jpg,2592,1944,bottle,1201,1004,1218,1016
g_72.tif,2592,1944,bottle,1189,1000,1202,1020
nir_72.tif,2592,1944,bottle,1189,1000,1202,1020
r_72.tif,2592,1944,bottle,1189,1000,1202,1020
re_72.tif,2592,1944,bottle,1189,1000,1202,1020
rgb_72.jpg,2592,1944,bottle,1189,1000,1202,1020
g_72.tif,2592,1944,bottle,1178,1006,1193,1021
nir_72.tif,2592,1944,bottle,1178,1006,1193,1021
r_72.tif,2592,1944,bottle,1178,1006,1193,1021
re_72.tif,2592,1944,bottle,1178,1006,1193,1021
rgb_72.jpg,2592,1944,bottle,1178,1006,1193,1021
g_72.tif,2592,1944,bottle,1160,1010,1179,1023
nir_72.tif,2592,1944,bottle,1160,1010,1179,1023
r_72.tif,2592,1944,bottle,1160,1010,1179,1023
re_72.tif,2592,1944,bottle,1160,1010,1179,1023
rgb_72.jpg,2592,1944,bottle,1160,1010,1179,1023
g_72.tif,2592,1944,bottle,1151,1016,1174,1025
nir_72.tif,2592,1944,bottle,1151,1016,1174,1025
r_72.tif,2592,1944,bottle,1151,1016,1174,1025
re_72.tif,2592,1944,bottle,1151,1016,1174,1025
rgb_72.jpg,2592,1944,bottle,1151,1016,1174,1025
g_72.tif,2592,1944,bottle,1114,958,1129,973
nir_72.tif,2592,1944,bottle,1114,958,1129,973
r_72.tif,2592,1944,bottle,1114,958,1129,973
re_72.tif,2592,1944,bottle,1114,958,1129,973
rgb_72.jpg,2592,1944,bottle,1114,958,1129,973
g_72.tif,2592,1944,bottle,1119,954,1136,967
nir_72.tif,2592,1944,bottle,1119,954,1136,967
r_72.tif,2592,1944,bottle,1119,954,1136,967
re_72.tif,2592,1944,bottle,1119,954,1136,967
rgb_72.jpg,2592,1944,bottle,1119,954,1136,967
g_72.tif,2592,1944,bottle,1127,961,1143,976
nir_72.tif,2592,1944,bottle,1127,961,1143,976
r_72.tif,2592,1944,bottle,1127,961,1143,976
re_72.tif,2592,1944,bottle,1127,961,1143,976
rgb_72.jpg,2592,1944,bottle,1127,961,1143,976
g_72.tif,2592,1944,bottle,1137,947,1155,960
nir_72.tif,2592,1944,bottle,1137,947,1155,960
r_72.tif,2592,1944,bottle,1137,947,1155,960
re_72.tif,2592,1944,bottle,1137,947,1155,960
rgb_72.jpg,2592,1944,bottle,1137,947,1155,960
g_72.tif,2592,1944,container,1165,941,1179,957
nir_72.tif,2592,1944,container,1165,941,1179,957
r_72.tif,2592,1944,container,1165,941,1179,957
re_72.tif,2592,1944,container,1165,941,1179,957
rgb_72.jpg,2592,1944,container,1165,941,1179,957
g_72.tif,2592,1944,bottle,1157,953,1172,968
nir_72.tif,2592,1944,bottle,1157,953,1172,968
r_72.tif,2592,1944,bottle,1157,953,1172,968
re_72.tif,2592,1944,bottle,1157,953,1172,968
rgb_72.jpg,2592,1944,bottle,1157,953,1172,968
g_72.tif,2592,1944,bottle,1260,1103,1272,1120
nir_72.tif,2592,1944,bottle,1260,1103,1272,1120
r_72.tif,2592,1944,bottle,1260,1103,1272,1120
re_72.tif,2592,1944,bottle,1260,1103,1272,1120
rgb_72.jpg,2592,1944,bottle,1260,1103,1272,1120
g_72.tif,2592,1944,bottle,1273,1103,1286,1116
nir_72.tif,2592,1944,bottle,1273,1103,1286,1116
r_72.tif,2592,1944,bottle,1273,1103,1286,1116
re_72.tif,2592,1944,bottle,1273,1103,1286,1116
rgb_72.jpg,2592,1944,bottle,1273,1103,1286,1116
g_72.tif,2592,1944,bottle,1270,1112,1285,1124
nir_72.tif,2592,1944,bottle,1270,1112,1285,1124
r_72.tif,2592,1944,bottle,1270,1112,1285,1124
re_72.tif,2592,1944,bottle,1270,1112,1285,1124
rgb_72.jpg,2592,1944,bottle,1270,1112,1285,1124
g_72.tif,2592,1944,bottle,1159,978,1175,994
nir_72.tif,2592,1944,bottle,1159,978,1175,994
r_72.tif,2592,1944,bottle,1159,978,1175,994
re_72.tif,2592,1944,bottle,1159,978,1175,994
rgb_72.jpg,2592,1944,bottle,1159,978,1175,994
g_72.tif,2592,1944,bottle,1152,977,1165,993
nir_72.tif,2592,1944,bottle,1152,977,1165,993
r_72.tif,2592,1944,bottle,1152,977,1165,993
re_72.tif,2592,1944,bottle,1152,977,1165,993
rgb_72.jpg,2592,1944,bottle,1152,977,1165,993
g_72.tif,2592,1944,bottle,1183,984,1201,993
nir_72.tif,2592,1944,bottle,1183,984,1201,993
r_72.tif,2592,1944,bottle,1183,984,1201,993
re_72.tif,2592,1944,bottle,1183,984,1201,993
rgb_72.jpg,2592,1944,bottle,1183,984,1201,993
g_72.tif,2592,1944,bottle,1172,972,1185,984
nir_72.tif,2592,1944,bottle,1172,972,1185,984
r_72.tif,2592,1944,bottle,1172,972,1185,984
re_72.tif,2592,1944,bottle,1172,972,1185,984
rgb_72.jpg,2592,1944,bottle,1172,972,1185,984
g_72.tif,2592,1944,bottle,1155,992,1170,1004
nir_72.tif,2592,1944,bottle,1155,992,1170,1004
r_72.tif,2592,1944,bottle,1155,992,1170,1004
re_72.tif,2592,1944,bottle,1155,992,1170,1004
rgb_72.jpg,2592,1944,bottle,1155,992,1170,1004
g_72.tif,2592,1944,bottle,1169,994,1177,1008
nir_72.tif,2592,1944,bottle,1169,994,1177,1008
r_72.tif,2592,1944,bottle,1169,994,1177,1008
re_72.tif,2592,1944,bottle,1169,994,1177,1008
rgb_72.jpg,2592,1944,bottle,1169,994,1177,1008
g_72.tif,2592,1944,bottle,1159,970,1172,984
nir_72.tif,2592,1944,bottle,1159,970,1172,984
r_72.tif,2592,1944,bottle,1159,970,1172,984
re_72.tif,2592,1944,bottle,1159,970,1172,984
rgb_72.jpg,2592,1944,bottle,1159,970,1172,984
g_73.tif,2592,1944,bottle,1037,865,1057,886
nir_73.tif,2592,1944,bottle,1037,865,1057,886
r_73.tif,2592,1944,bottle,1037,865,1057,886
re_73.tif,2592,1944,bottle,1037,865,1057,886
rgb_73.jpg,2592,1944,bottle,1037,865,1057,886
g_73.tif,2592,1944,bottle,1048,860,1062,879
nir_73.tif,2592,1944,bottle,1048,860,1062,879
r_73.tif,2592,1944,bottle,1048,860,1062,879
re_73.tif,2592,1944,bottle,1048,860,1062,879
rgb_73.jpg,2592,1944,bottle,1048,860,1062,879
g_73.tif,2592,1944,bottle,1044,882,1065,894
nir_73.tif,2592,1944,bottle,1044,882,1065,894
r_73.tif,2592,1944,bottle,1044,882,1065,894
re_73.tif,2592,1944,bottle,1044,882,1065,894
rgb_73.jpg,2592,1944,bottle,1044,882,1065,894
g_73.tif,2592,1944,bottle,1055,879,1077,899
nir_73.tif,2592,1944,bottle,1055,879,1077,899
r_73.tif,2592,1944,bottle,1055,879,1077,899
re_73.tif,2592,1944,bottle,1055,879,1077,899
rgb_73.jpg,2592,1944,bottle,1055,879,1077,899
g_73.tif,2592,1944,bottle,1058,873,1077,888
nir_73.tif,2592,1944,bottle,1058,873,1077,888
r_73.tif,2592,1944,bottle,1058,873,1077,888
re_73.tif,2592,1944,bottle,1058,873,1077,888
rgb_73.jpg,2592,1944,bottle,1058,873,1077,888
g_73.tif,2592,1944,bottle,1063,894,1085,907
nir_73.tif,2592,1944,bottle,1063,894,1085,907
r_73.tif,2592,1944,bottle,1063,894,1085,907
re_73.tif,2592,1944,bottle,1063,894,1085,907
rgb_73.jpg,2592,1944,bottle,1063,894,1085,907
g_73.tif,2592,1944,bottle,1079,891,1096,916
nir_73.tif,2592,1944,bottle,1079,891,1096,916
r_73.tif,2592,1944,bottle,1079,891,1096,916
re_73.tif,2592,1944,bottle,1079,891,1096,916
rgb_73.jpg,2592,1944,bottle,1079,891,1096,916
g_73.tif,2592,1944,bottle,1093,898,1105,914
nir_73.tif,2592,1944,bottle,1093,898,1105,914
r_73.tif,2592,1944,bottle,1093,898,1105,914
re_73.tif,2592,1944,bottle,1093,898,1105,914
rgb_73.jpg,2592,1944,bottle,1093,898,1105,914
g_73.tif,2592,1944,bottle,1059,902,1085,914
nir_73.tif,2592,1944,bottle,1059,902,1085,914
r_73.tif,2592,1944,bottle,1059,902,1085,914
re_73.tif,2592,1944,bottle,1059,902,1085,914
rgb_73.jpg,2592,1944,bottle,1059,902,1085,914
g_73.tif,2592,1944,bottle,1074,908,1088,921
nir_73.tif,2592,1944,bottle,1074,908,1088,921
r_73.tif,2592,1944,bottle,1074,908,1088,921
re_73.tif,2592,1944,bottle,1074,908,1088,921
rgb_73.jpg,2592,1944,bottle,1074,908,1088,921
g_73.tif,2592,1944,bottle,1061,909,1083,926
nir_73.tif,2592,1944,bottle,1061,909,1083,926
r_73.tif,2592,1944,bottle,1061,909,1083,926
re_73.tif,2592,1944,bottle,1061,909,1083,926
rgb_73.jpg,2592,1944,bottle,1061,909,1083,926
g_73.tif,2592,1944,bottle,1056,912,1077,933
nir_73.tif,2592,1944,bottle,1056,912,1077,933
r_73.tif,2592,1944,bottle,1056,912,1077,933
re_73.tif,2592,1944,bottle,1056,912,1077,933
rgb_73.jpg,2592,1944,bottle,1056,912,1077,933
g_73.tif,2592,1944,bottle,1052,916,1072,936
nir_73.tif,2592,1944,bottle,1052,916,1072,936
r_73.tif,2592,1944,bottle,1052,916,1072,936
re_73.tif,2592,1944,bottle,1052,916,1072,936
rgb_73.jpg,2592,1944,bottle,1052,916,1072,936
g_73.tif,2592,1944,bottle,1074,929,1084,953
nir_73.tif,2592,1944,bottle,1074,929,1084,953
r_73.tif,2592,1944,bottle,1074,929,1084,953
re_73.tif,2592,1944,bottle,1074,929,1084,953
rgb_73.jpg,2592,1944,bottle,1074,929,1084,953
g_73.tif,2592,1944,bottle,1079,949,1097,966
nir_73.tif,2592,1944,bottle,1079,949,1097,966
r_73.tif,2592,1944,bottle,1079,949,1097,966
re_73.tif,2592,1944,bottle,1079,949,1097,966
rgb_73.jpg,2592,1944,bottle,1079,949,1097,966
g_73.tif,2592,1944,bottle,1085,943,1106,959
nir_73.tif,2592,1944,bottle,1085,943,1106,959
r_73.tif,2592,1944,bottle,1085,943,1106,959
re_73.tif,2592,1944,bottle,1085,943,1106,959
rgb_73.jpg,2592,1944,bottle,1085,943,1106,959
g_73.tif,2592,1944,bottle,1097,952,1114,971
nir_73.tif,2592,1944,bottle,1097,952,1114,971
r_73.tif,2592,1944,bottle,1097,952,1114,971
re_73.tif,2592,1944,bottle,1097,952,1114,971
rgb_73.jpg,2592,1944,bottle,1097,952,1114,971
g_73.tif,2592,1944,bottle,1112,948,1134,959
nir_73.tif,2592,1944,bottle,1112,948,1134,959
r_73.tif,2592,1944,bottle,1112,948,1134,959
re_73.tif,2592,1944,bottle,1112,948,1134,959
rgb_73.jpg,2592,1944,bottle,1112,948,1134,959
g_73.tif,2592,1944,bottle,1129,941,1149,961
nir_73.tif,2592,1944,bottle,1129,941,1149,961
r_73.tif,2592,1944,bottle,1129,941,1149,961
re_73.tif,2592,1944,bottle,1129,941,1149,961
rgb_73.jpg,2592,1944,bottle,1129,941,1149,961
g_73.tif,2592,1944,bottle,1161,941,1177,963
nir_73.tif,2592,1944,bottle,1161,941,1177,963
r_73.tif,2592,1944,bottle,1161,941,1177,963
re_73.tif,2592,1944,bottle,1161,941,1177,963
rgb_73.jpg,2592,1944,bottle,1161,941,1177,963
g_73.tif,2592,1944,bottle,1123,910,1133,930
nir_73.tif,2592,1944,bottle,1123,910,1133,930
r_73.tif,2592,1944,bottle,1123,910,1133,930
re_73.tif,2592,1944,bottle,1123,910,1133,930
rgb_73.jpg,2592,1944,bottle,1123,910,1133,930
g_73.tif,2592,1944,container,1110,881,1144,914
nir_73.tif,2592,1944,container,1110,881,1144,914
r_73.tif,2592,1944,container,1110,881,1144,914
re_73.tif,2592,1944,container,1110,881,1144,914
rgb_73.jpg,2592,1944,container,1110,881,1144,914
g_73.tif,2592,1944,container,1053,949,1073,968
nir_73.tif,2592,1944,container,1053,949,1073,968
r_73.tif,2592,1944,container,1053,949,1073,968
re_73.tif,2592,1944,container,1053,949,1073,968
rgb_73.jpg,2592,1944,container,1053,949,1073,968
g_73.tif,2592,1944,container,1067,962,1117,1005
nir_73.tif,2592,1944,container,1067,962,1117,1005
r_73.tif,2592,1944,container,1067,962,1117,1005
re_73.tif,2592,1944,container,1067,962,1117,1005
rgb_73.jpg,2592,1944,container,1067,962,1117,1005
g_73.tif,2592,1944,bottle,1195,1052,1216,1069
nir_73.tif,2592,1944,bottle,1195,1052,1216,1069
r_73.tif,2592,1944,bottle,1195,1052,1216,1069
re_73.tif,2592,1944,bottle,1195,1052,1216,1069
rgb_73.jpg,2592,1944,bottle,1195,1052,1216,1069
g_73.tif,2592,1944,bottle,1105,985,1119,1006
nir_73.tif,2592,1944,bottle,1105,985,1119,1006
r_73.tif,2592,1944,bottle,1105,985,1119,1006
re_73.tif,2592,1944,bottle,1105,985,1119,1006
rgb_73.jpg,2592,1944,bottle,1105,985,1119,1006
g_73.tif,2592,1944,can,1107,955,1133,987
nir_73.tif,2592,1944,can,1107,955,1133,987
r_73.tif,2592,1944,can,1107,955,1133,987
re_73.tif,2592,1944,can,1107,955,1133,987
rgb_73.jpg,2592,1944,can,1107,955,1133,987
g_73.tif,2592,1944,can,1082,911,1105,946
nir_73.tif,2592,1944,can,1082,911,1105,946
r_73.tif,2592,1944,can,1082,911,1105,946
re_73.tif,2592,1944,can,1082,911,1105,946
rgb_73.jpg,2592,1944,can,1082,911,1105,946
g_73.tif,2592,1944,can,1102,913,1125,936
nir_73.tif,2592,1944,can,1102,913,1125,936
r_73.tif,2592,1944,can,1102,913,1125,936
re_73.tif,2592,1944,can,1102,913,1125,936
rgb_73.jpg,2592,1944,can,1102,913,1125,936
g_73.tif,2592,1944,can,1123,914,1149,943
nir_73.tif,2592,1944,can,1123,914,1149,943
r_73.tif,2592,1944,can,1123,914,1149,943
re_73.tif,2592,1944,can,1123,914,1149,943
rgb_73.jpg,2592,1944,can,1123,914,1149,943
g_73.tif,2592,1944,can,1148,926,1170,957
nir_73.tif,2592,1944,can,1148,926,1170,957
r_73.tif,2592,1944,can,1148,926,1170,957
re_73.tif,2592,1944,can,1148,926,1170,957
rgb_73.jpg,2592,1944,can,1148,926,1170,957
g_73.tif,2592,1944,can,1133,901,1165,926
nir_73.tif,2592,1944,can,1133,901,1165,926
r_73.tif,2592,1944,can,1133,901,1165,926
re_73.tif,2592,1944,can,1133,901,1165,926
rgb_73.jpg,2592,1944,can,1133,901,1165,926
g_73.tif,2592,1944,can,1100,888,1121,916
nir_73.tif,2592,1944,can,1100,888,1121,916
r_73.tif,2592,1944,can,1100,888,1121,916
re_73.tif,2592,1944,can,1100,888,1121,916
rgb_73.jpg,2592,1944,can,1100,888,1121,916
g_73.tif,2592,1944,can,1073,871,1104,901
nir_73.tif,2592,1944,can,1073,871,1104,901
r_73.tif,2592,1944,can,1073,871,1104,901
re_73.tif,2592,1944,can,1073,871,1104,901
rgb_73.jpg,2592,1944,can,1073,871,1104,901
g_73.tif,2592,1944,can,1089,865,1118,891
nir_73.tif,2592,1944,can,1089,865,1118,891
r_73.tif,2592,1944,can,1089,865,1118,891
re_73.tif,2592,1944,can,1089,865,1118,891
rgb_73.jpg,2592,1944,can,1089,865,1118,891
g_73.tif,2592,1944,bottle,1181,948,1195,968
nir_73.tif,2592,1944,bottle,1181,948,1195,968
r_73.tif,2592,1944,bottle,1181,948,1195,968
re_73.tif,2592,1944,bottle,1181,948,1195,968
rgb_73.jpg,2592,1944,bottle,1181,948,1195,968
g_73.tif,2592,1944,bottle,1192,967,1213,985
nir_73.tif,2592,1944,bottle,1192,967,1213,985
r_73.tif,2592,1944,bottle,1192,967,1213,985
re_73.tif,2592,1944,bottle,1192,967,1213,985
rgb_73.jpg,2592,1944,bottle,1192,967,1213,985
g_73.tif,2592,1944,bottle,1181,1002,1201,1017
nir_73.tif,2592,1944,bottle,1181,1002,1201,1017
r_73.tif,2592,1944,bottle,1181,1002,1201,1017
re_73.tif,2592,1944,bottle,1181,1002,1201,1017
rgb_73.jpg,2592,1944,bottle,1181,1002,1201,1017
g_73.tif,2592,1944,bottle,1153,1003,1172,1021
nir_73.tif,2592,1944,bottle,1153,1003,1172,1021
r_73.tif,2592,1944,bottle,1153,1003,1172,1021
re_73.tif,2592,1944,bottle,1153,1003,1172,1021
rgb_73.jpg,2592,1944,bottle,1153,1003,1172,1021
g_73.tif,2592,1944,bottle,1167,1000,1180,1021
nir_73.tif,2592,1944,bottle,1167,1000,1180,1021
r_73.tif,2592,1944,bottle,1167,1000,1180,1021
re_73.tif,2592,1944,bottle,1167,1000,1180,1021
rgb_73.jpg,2592,1944,bottle,1167,1000,1180,1021
g_73.tif,2592,1944,bottle,1133,1010,1157,1025
nir_73.tif,2592,1944,bottle,1133,1010,1157,1025
r_73.tif,2592,1944,bottle,1133,1010,1157,1025
re_73.tif,2592,1944,bottle,1133,1010,1157,1025
rgb_73.jpg,2592,1944,bottle,1133,1010,1157,1025
g_73.tif,2592,1944,bottle,1123,1013,1147,1026
nir_73.tif,2592,1944,bottle,1123,1013,1147,1026
r_73.tif,2592,1944,bottle,1123,1013,1147,1026
re_73.tif,2592,1944,bottle,1123,1013,1147,1026
rgb_73.jpg,2592,1944,bottle,1123,1013,1147,1026
g_73.tif,2592,1944,bottle,1111,1007,1133,1016
nir_73.tif,2592,1944,bottle,1111,1007,1133,1016
r_73.tif,2592,1944,bottle,1111,1007,1133,1016
re_73.tif,2592,1944,bottle,1111,1007,1133,1016
rgb_73.jpg,2592,1944,bottle,1111,1007,1133,1016
g_73.tif,2592,1944,bottle,1126,986,1144,1001
nir_73.tif,2592,1944,bottle,1126,986,1144,1001
r_73.tif,2592,1944,bottle,1126,986,1144,1001
re_73.tif,2592,1944,bottle,1126,986,1144,1001
rgb_73.jpg,2592,1944,bottle,1126,986,1144,1001
g_73.tif,2592,1944,bottle,1166,990,1193,1002
nir_73.tif,2592,1944,bottle,1166,990,1193,1002
r_73.tif,2592,1944,bottle,1166,990,1193,1002
re_73.tif,2592,1944,bottle,1166,990,1193,1002
rgb_73.jpg,2592,1944,bottle,1166,990,1193,1002
g_73.tif,2592,1944,bottle,1145,963,1156,987
nir_73.tif,2592,1944,bottle,1145,963,1156,987
r_73.tif,2592,1944,bottle,1145,963,1156,987
re_73.tif,2592,1944,bottle,1145,963,1156,987
rgb_73.jpg,2592,1944,bottle,1145,963,1156,987
g_73.tif,2592,1944,bottle,1154,955,1175,969
nir_73.tif,2592,1944,bottle,1154,955,1175,969
r_73.tif,2592,1944,bottle,1154,955,1175,969
re_73.tif,2592,1944,bottle,1154,955,1175,969
rgb_73.jpg,2592,1944,bottle,1154,955,1175,969
g_73.tif,2592,1944,bottle,1133,973,1155,990
nir_73.tif,2592,1944,bottle,1133,973,1155,990
r_73.tif,2592,1944,bottle,1133,973,1155,990
re_73.tif,2592,1944,bottle,1133,973,1155,990
rgb_73.jpg,2592,1944,bottle,1133,973,1155,990
g_73.tif,2592,1944,bottle,1124,970,1141,989
nir_73.tif,2592,1944,bottle,1124,970,1141,989
r_73.tif,2592,1944,bottle,1124,970,1141,989
re_73.tif,2592,1944,bottle,1124,970,1141,989
rgb_73.jpg,2592,1944,bottle,1124,970,1141,989
g_73.tif,2592,1944,bottle,1180,971,1193,993
nir_73.tif,2592,1944,bottle,1180,971,1193,993
r_73.tif,2592,1944,bottle,1180,971,1193,993
re_73.tif,2592,1944,bottle,1180,971,1193,993
rgb_73.jpg,2592,1944,bottle,1180,971,1193,993
g_73.tif,2592,1944,bottle,1166,981,1181,998
nir_73.tif,2592,1944,bottle,1166,981,1181,998
r_73.tif,2592,1944,bottle,1166,981,1181,998
re_73.tif,2592,1944,bottle,1166,981,1181,998
rgb_73.jpg,2592,1944,bottle,1166,981,1181,998
g_73.tif,2592,1944,bottle,1166,965,1190,983
nir_73.tif,2592,1944,bottle,1166,965,1190,983
r_73.tif,2592,1944,bottle,1166,965,1190,983
re_73.tif,2592,1944,bottle,1166,965,1190,983
rgb_73.jpg,2592,1944,bottle,1166,965,1190,983
g_73.tif,2592,1944,bottle,1249,1116,1263,1136
nir_73.tif,2592,1944,bottle,1249,1116,1263,1136
r_73.tif,2592,1944,bottle,1249,1116,1263,1136
re_73.tif,2592,1944,bottle,1249,1116,1263,1136
rgb_73.jpg,2592,1944,bottle,1249,1116,1263,1136
g_73.tif,2592,1944,bottle,1262,1117,1280,1132
nir_73.tif,2592,1944,bottle,1262,1117,1280,1132
r_73.tif,2592,1944,bottle,1262,1117,1280,1132
re_73.tif,2592,1944,bottle,1262,1117,1280,1132
rgb_73.jpg,2592,1944,bottle,1262,1117,1280,1132
g_73.tif,2592,1944,bottle,1262,1128,1279,1141
nir_73.tif,2592,1944,bottle,1262,1128,1279,1141
r_73.tif,2592,1944,bottle,1262,1128,1279,1141
re_73.tif,2592,1944,bottle,1262,1128,1279,1141
rgb_73.jpg,2592,1944,bottle,1262,1128,1279,1141
g_73.tif,2592,1944,bottle,1137,1004,1158,1018
nir_73.tif,2592,1944,bottle,1137,1004,1158,1018
r_73.tif,2592,1944,bottle,1137,1004,1158,1018
re_73.tif,2592,1944,bottle,1137,1004,1158,1018
rgb_73.jpg,2592,1944,bottle,1137,1004,1158,1018
g_74.tif,2592,1944,bottle,983,851,1009,877
nir_74.tif,2592,1944,bottle,983,851,1009,877
r_74.tif,2592,1944,bottle,983,851,1009,877
re_74.tif,2592,1944,bottle,983,851,1009,877
rgb_74.jpg,2592,1944,bottle,983,851,1009,877
g_74.tif,2592,1944,bottle,995,842,1012,873
nir_74.tif,2592,1944,bottle,995,842,1012,873
r_74.tif,2592,1944,bottle,995,842,1012,873
re_74.tif,2592,1944,bottle,995,842,1012,873
rgb_74.jpg,2592,1944,bottle,995,842,1012,873
g_74.tif,2592,1944,bottle,991,870,1020,886
nir_74.tif,2592,1944,bottle,991,870,1020,886
r_74.tif,2592,1944,bottle,991,870,1020,886
re_74.tif,2592,1944,bottle,991,870,1020,886
rgb_74.jpg,2592,1944,bottle,991,870,1020,886
g_74.tif,2592,1944,bottle,1005,870,1032,891
nir_74.tif,2592,1944,bottle,1005,870,1032,891
r_74.tif,2592,1944,bottle,1005,870,1032,891
re_74.tif,2592,1944,bottle,1005,870,1032,891
rgb_74.jpg,2592,1944,bottle,1005,870,1032,891
g_74.tif,2592,1944,bottle,1007,859,1033,879
nir_74.tif,2592,1944,bottle,1007,859,1033,879
r_74.tif,2592,1944,bottle,1007,859,1033,879
re_74.tif,2592,1944,bottle,1007,859,1033,879
rgb_74.jpg,2592,1944,bottle,1007,859,1033,879
g_74.tif,2592,1944,bottle,1014,886,1040,902
nir_74.tif,2592,1944,bottle,1014,886,1040,902
r_74.tif,2592,1944,bottle,1014,886,1040,902
re_74.tif,2592,1944,bottle,1014,886,1040,902
rgb_74.jpg,2592,1944,bottle,1014,886,1040,902
g_74.tif,2592,1944,bottle,1034,882,1052,912
nir_74.tif,2592,1944,bottle,1034,882,1052,912
r_74.tif,2592,1944,bottle,1034,882,1052,912
re_74.tif,2592,1944,bottle,1034,882,1052,912
rgb_74.jpg,2592,1944,bottle,1034,882,1052,912
g_74.tif,2592,1944,bottle,1026,898,1046,919
nir_74.tif,2592,1944,bottle,1026,898,1046,919
r_74.tif,2592,1944,bottle,1026,898,1046,919
re_74.tif,2592,1944,bottle,1026,898,1046,919
rgb_74.jpg,2592,1944,bottle,1026,898,1046,919
g_74.tif,2592,1944,bottle,1014,902,1039,925
nir_74.tif,2592,1944,bottle,1014,902,1039,925
r_74.tif,2592,1944,bottle,1014,902,1039,925
re_74.tif,2592,1944,bottle,1014,902,1039,925
rgb_74.jpg,2592,1944,bottle,1014,902,1039,925
g_74.tif,2592,1944,bottle,1008,908,1030,933
nir_74.tif,2592,1944,bottle,1008,908,1030,933
r_74.tif,2592,1944,bottle,1008,908,1030,933
re_74.tif,2592,1944,bottle,1008,908,1030,933
rgb_74.jpg,2592,1944,bottle,1008,908,1030,933
g_74.tif,2592,1944,bottle,1002,914,1025,937
nir_74.tif,2592,1944,bottle,1002,914,1025,937
r_74.tif,2592,1944,bottle,1002,914,1025,937
re_74.tif,2592,1944,bottle,1002,914,1025,937
rgb_74.jpg,2592,1944,bottle,1002,914,1025,937
g_74.tif,2592,1944,bottle,1026,926,1039,956
nir_74.tif,2592,1944,bottle,1026,926,1039,956
r_74.tif,2592,1944,bottle,1026,926,1039,956
re_74.tif,2592,1944,bottle,1026,926,1039,956
rgb_74.jpg,2592,1944,bottle,1026,926,1039,956
g_74.tif,2592,1944,bottle,1040,945,1066,965
nir_74.tif,2592,1944,bottle,1040,945,1066,965
r_74.tif,2592,1944,bottle,1040,945,1066,965
re_74.tif,2592,1944,bottle,1040,945,1066,965
rgb_74.jpg,2592,1944,bottle,1040,945,1066,965
g_74.tif,2592,1944,bottle,1034,953,1055,972
nir_74.tif,2592,1944,bottle,1034,953,1055,972
r_74.tif,2592,1944,bottle,1034,953,1055,972
re_74.tif,2592,1944,bottle,1034,953,1055,972
rgb_74.jpg,2592,1944,bottle,1034,953,1055,972
g_74.tif,2592,1944,bottle,1038,933,1062,950
nir_74.tif,2592,1944,bottle,1038,933,1062,950
r_74.tif,2592,1944,bottle,1038,933,1062,950
re_74.tif,2592,1944,bottle,1038,933,1062,950
rgb_74.jpg,2592,1944,bottle,1038,933,1062,950
g_74.tif,2592,1944,bottle,1055,932,1081,948
nir_74.tif,2592,1944,bottle,1055,932,1081,948
r_74.tif,2592,1944,bottle,1055,932,1081,948
re_74.tif,2592,1944,bottle,1055,932,1081,948
rgb_74.jpg,2592,1944,bottle,1055,932,1081,948
g_74.tif,2592,1944,bottle,1086,905,1100,930
nir_74.tif,2592,1944,bottle,1086,905,1100,930
r_74.tif,2592,1944,bottle,1086,905,1100,930
re_74.tif,2592,1944,bottle,1086,905,1100,930
rgb_74.jpg,2592,1944,bottle,1086,905,1100,930
g_74.tif,2592,1944,bottle,1095,943,1116,965
nir_74.tif,2592,1944,bottle,1095,943,1116,965
r_74.tif,2592,1944,bottle,1095,943,1116,965
re_74.tif,2592,1944,bottle,1095,943,1116,965
rgb_74.jpg,2592,1944,bottle,1095,943,1116,965
g_74.tif,2592,1944,bottle,1132,941,1151,968
nir_74.tif,2592,1944,bottle,1132,941,1151,968
r_74.tif,2592,1944,bottle,1132,941,1151,968
re_74.tif,2592,1944,bottle,1132,941,1151,968
rgb_74.jpg,2592,1944,bottle,1132,941,1151,968
g_74.tif,2592,1944,bottle,1155,947,1174,975
nir_74.tif,2592,1944,bottle,1155,947,1174,975
r_74.tif,2592,1944,bottle,1155,947,1174,975
re_74.tif,2592,1944,bottle,1155,947,1174,975
rgb_74.jpg,2592,1944,bottle,1155,947,1174,975
g_74.tif,2592,1944,bottle,1169,973,1193,995
nir_74.tif,2592,1944,bottle,1169,973,1193,995
r_74.tif,2592,1944,bottle,1169,973,1193,995
re_74.tif,2592,1944,bottle,1169,973,1193,995
rgb_74.jpg,2592,1944,bottle,1169,973,1193,995
g_74.tif,2592,1944,bottle,1154,979,1169,1005
nir_74.tif,2592,1944,bottle,1154,979,1169,1005
r_74.tif,2592,1944,bottle,1154,979,1169,1005
re_74.tif,2592,1944,bottle,1154,979,1169,1005
rgb_74.jpg,2592,1944,bottle,1154,979,1169,1005
g_74.tif,2592,1944,bottle,1139,1000,1168,1014
nir_74.tif,2592,1944,bottle,1139,1000,1168,1014
r_74.tif,2592,1944,bottle,1139,1000,1168,1014
re_74.tif,2592,1944,bottle,1139,1000,1168,1014
rgb_74.jpg,2592,1944,bottle,1139,1000,1168,1014
g_74.tif,2592,1944,bottle,1140,1015,1154,1039
nir_74.tif,2592,1944,bottle,1140,1015,1154,1039
r_74.tif,2592,1944,bottle,1140,1015,1154,1039
re_74.tif,2592,1944,bottle,1140,1015,1154,1039
rgb_74.jpg,2592,1944,bottle,1140,1015,1154,1039
g_74.tif,2592,1944,bottle,1156,1015,1179,1034
nir_74.tif,2592,1944,bottle,1156,1015,1179,1034
r_74.tif,2592,1944,bottle,1156,1015,1179,1034
re_74.tif,2592,1944,bottle,1156,1015,1179,1034
rgb_74.jpg,2592,1944,bottle,1156,1015,1179,1034
g_74.tif,2592,1944,bottle,1173,1077,1198,1094
nir_74.tif,2592,1944,bottle,1173,1077,1198,1094
r_74.tif,2592,1944,bottle,1173,1077,1198,1094
re_74.tif,2592,1944,bottle,1173,1077,1198,1094
rgb_74.jpg,2592,1944,bottle,1173,1077,1198,1094
g_74.tif,2592,1944,bottle,1236,1152,1253,1176
nir_74.tif,2592,1944,bottle,1236,1152,1253,1176
r_74.tif,2592,1944,bottle,1236,1152,1253,1176
re_74.tif,2592,1944,bottle,1236,1152,1253,1176
rgb_74.jpg,2592,1944,bottle,1236,1152,1253,1176
g_74.tif,2592,1944,bottle,1253,1154,1271,1170
nir_74.tif,2592,1944,bottle,1253,1154,1271,1170
r_74.tif,2592,1944,bottle,1253,1154,1271,1170
re_74.tif,2592,1944,bottle,1253,1154,1271,1170
rgb_74.jpg,2592,1944,bottle,1253,1154,1271,1170
g_74.tif,2592,1944,bottle,1254,1169,1270,1180
nir_74.tif,2592,1944,bottle,1254,1169,1270,1180
r_74.tif,2592,1944,bottle,1254,1169,1270,1180
re_74.tif,2592,1944,bottle,1254,1169,1270,1180
rgb_74.jpg,2592,1944,bottle,1254,1169,1270,1180
g_74.tif,2592,1944,bottle,1074,950,1100,967
nir_74.tif,2592,1944,bottle,1074,950,1100,967
r_74.tif,2592,1944,bottle,1074,950,1100,967
re_74.tif,2592,1944,bottle,1074,950,1100,967
rgb_74.jpg,2592,1944,bottle,1074,950,1100,967
g_74.tif,2592,1944,bottle,1055,954,1076,977
nir_74.tif,2592,1944,bottle,1055,954,1076,977
r_74.tif,2592,1944,bottle,1055,954,1076,977
re_74.tif,2592,1944,bottle,1055,954,1076,977
rgb_74.jpg,2592,1944,bottle,1055,954,1076,977
g_74.tif,2592,1944,bottle,1064,995,1081,1020
nir_74.tif,2592,1944,bottle,1064,995,1081,1020
r_74.tif,2592,1944,bottle,1064,995,1081,1020
re_74.tif,2592,1944,bottle,1064,995,1081,1020
rgb_74.jpg,2592,1944,bottle,1064,995,1081,1020
g_74.tif,2592,1944,bottle,1063,986,1089,1002
nir_74.tif,2592,1944,bottle,1063,986,1089,1002
r_74.tif,2592,1944,bottle,1063,986,1089,1002
re_74.tif,2592,1944,bottle,1063,986,1089,1002
rgb_74.jpg,2592,1944,bottle,1063,986,1089,1002
g_74.tif,2592,1944,bottle,1070,1021,1099,1030
nir_74.tif,2592,1944,bottle,1070,1021,1099,1030
r_74.tif,2592,1944,bottle,1070,1021,1099,1030
re_74.tif,2592,1944,bottle,1070,1021,1099,1030
rgb_74.jpg,2592,1944,bottle,1070,1021,1099,1030
g_74.tif,2592,1944,bottle,1085,1028,1114,1044
nir_74.tif,2592,1944,bottle,1085,1028,1114,1044
r_74.tif,2592,1944,bottle,1085,1028,1114,1044
re_74.tif,2592,1944,bottle,1085,1028,1114,1044
rgb_74.jpg,2592,1944,bottle,1085,1028,1114,1044
g_74.tif,2592,1944,bottle,1098,1022,1124,1041
nir_74.tif,2592,1944,bottle,1098,1022,1124,1041
r_74.tif,2592,1944,bottle,1098,1022,1124,1041
re_74.tif,2592,1944,bottle,1098,1022,1124,1041
rgb_74.jpg,2592,1944,bottle,1098,1022,1124,1041
g_74.tif,2592,1944,bottle,1123,1017,1144,1039
nir_74.tif,2592,1944,bottle,1123,1017,1144,1039
r_74.tif,2592,1944,bottle,1123,1017,1144,1039
re_74.tif,2592,1944,bottle,1123,1017,1144,1039
rgb_74.jpg,2592,1944,bottle,1123,1017,1144,1039
g_74.tif,2592,1944,bottle,1103,1018,1131,1035
nir_74.tif,2592,1944,bottle,1103,1018,1131,1035
r_74.tif,2592,1944,bottle,1103,1018,1131,1035
re_74.tif,2592,1944,bottle,1103,1018,1131,1035
rgb_74.jpg,2592,1944,bottle,1103,1018,1131,1035
g_74.tif,2592,1944,bottle,1088,996,1113,1013
nir_74.tif,2592,1944,bottle,1088,996,1113,1013
r_74.tif,2592,1944,bottle,1088,996,1113,1013
re_74.tif,2592,1944,bottle,1088,996,1113,1013
rgb_74.jpg,2592,1944,bottle,1088,996,1113,1013
g_74.tif,2592,1944,bottle,1088,979,1105,999
nir_74.tif,2592,1944,bottle,1088,979,1105,999
r_74.tif,2592,1944,bottle,1088,979,1105,999
re_74.tif,2592,1944,bottle,1088,979,1105,999
rgb_74.jpg,2592,1944,bottle,1088,979,1105,999
g_74.tif,2592,1944,bottle,1112,968,1124,994
nir_74.tif,2592,1944,bottle,1112,968,1124,994
r_74.tif,2592,1944,bottle,1112,968,1124,994
re_74.tif,2592,1944,bottle,1112,968,1124,994
rgb_74.jpg,2592,1944,bottle,1112,968,1124,994
g_74.tif,2592,1944,bottle,1123,960,1149,976
nir_74.tif,2592,1944,bottle,1123,960,1149,976
r_74.tif,2592,1944,bottle,1123,960,1149,976
re_74.tif,2592,1944,bottle,1123,960,1149,976
rgb_74.jpg,2592,1944,bottle,1123,960,1149,976
g_74.tif,2592,1944,can,1115,925,1143,961
nir_74.tif,2592,1944,can,1115,925,1143,961
r_74.tif,2592,1944,can,1115,925,1143,961
re_74.tif,2592,1944,can,1115,925,1143,961
rgb_74.jpg,2592,1944,can,1115,925,1143,961
g_74.tif,2592,1944,can,1086,912,1119,946
nir_74.tif,2592,1944,can,1086,912,1119,946
r_74.tif,2592,1944,can,1086,912,1119,946
re_74.tif,2592,1944,can,1086,912,1119,946
rgb_74.jpg,2592,1944,can,1086,912,1119,946
g_74.tif,2592,1944,can,1098,894,1135,922
nir_74.tif,2592,1944,can,1098,894,1135,922
r_74.tif,2592,1944,can,1098,894,1135,922
re_74.tif,2592,1944,can,1098,894,1135,922
rgb_74.jpg,2592,1944,can,1098,894,1135,922
g_74.tif,2592,1944,can,1046,851,1079,881
nir_74.tif,2592,1944,can,1046,851,1079,881
r_74.tif,2592,1944,can,1046,851,1079,881
re_74.tif,2592,1944,can,1046,851,1079,881
rgb_74.jpg,2592,1944,can,1046,851,1079,881
g_74.tif,2592,1944,can,1057,877,1085,911
nir_74.tif,2592,1944,can,1057,877,1085,911
r_74.tif,2592,1944,can,1057,877,1085,911
re_74.tif,2592,1944,can,1057,877,1085,911
rgb_74.jpg,2592,1944,can,1057,877,1085,911
g_74.tif,2592,1944,can,1026,858,1063,895
nir_74.tif,2592,1944,can,1026,858,1063,895
r_74.tif,2592,1944,can,1026,858,1063,895
re_74.tif,2592,1944,can,1026,858,1063,895
rgb_74.jpg,2592,1944,can,1026,858,1063,895
g_74.tif,2592,1944,can,1061,907,1091,937
nir_74.tif,2592,1944,can,1061,907,1091,937
r_74.tif,2592,1944,can,1061,907,1091,937
re_74.tif,2592,1944,can,1061,907,1091,937
rgb_74.jpg,2592,1944,can,1061,907,1091,937
g_74.tif,2592,1944,can,1038,908,1063,947
nir_74.tif,2592,1944,can,1038,908,1063,947
r_74.tif,2592,1944,can,1038,908,1063,947
re_74.tif,2592,1944,can,1038,908,1063,947
rgb_74.jpg,2592,1944,can,1038,908,1063,947
g_74.tif,2592,1944,container,1004,952,1024,974
nir_74.tif,2592,1944,container,1004,952,1024,974
r_74.tif,2592,1944,container,1004,952,1024,974
re_74.tif,2592,1944,container,1004,952,1024,974
rgb_74.jpg,2592,1944,container,1004,952,1024,974
g_74.tif,2592,1944,container,1019,968,1076,1019
nir_74.tif,2592,1944,container,1019,968,1076,1019
r_74.tif,2592,1944,container,1019,968,1076,1019
re_74.tif,2592,1944,container,1019,968,1076,1019
rgb_74.jpg,2592,1944,container,1019,968,1076,1019
g_74.tif,2592,1944,container,1070,868,1109,907
nir_74.tif,2592,1944,container,1070,868,1109,907
r_74.tif,2592,1944,container,1070,868,1109,907
re_74.tif,2592,1944,container,1070,868,1109,907
rgb_74.jpg,2592,1944,container,1070,868,1109,907
g_74.tif,2592,1944,container,1121,993,1146,1014
nir_74.tif,2592,1944,container,1121,993,1146,1014
r_74.tif,2592,1944,container,1121,993,1146,1014
re_74.tif,2592,1944,container,1121,993,1146,1014
rgb_74.jpg,2592,1944,container,1121,993,1146,1014
g_74.tif,2592,1944,container,1137,972,1164,993
nir_74.tif,2592,1944,container,1137,972,1164,993
r_74.tif,2592,1944,container,1137,972,1164,993
re_74.tif,2592,1944,container,1137,972,1164,993
rgb_74.jpg,2592,1944,container,1137,972,1164,993
g_74.tif,2592,1944,can,1067,963,1096,996
nir_74.tif,2592,1944,can,1067,963,1096,996
r_74.tif,2592,1944,can,1067,963,1096,996
re_74.tif,2592,1944,can,1067,963,1096,996
rgb_74.jpg,2592,1944,can,1067,963,1096,996
g_75.tif,2592,1944,bottle,881,801,903,833
nir_75.tif,2592,1944,bottle,881,801,903,833
r_75.tif,2592,1944,bottle,881,801,903,833
re_75.tif,2592,1944,bottle,881,801,903,833
rgb_75.jpg,2592,1944,bottle,881,801,903,833
g_75.tif,2592,1944,bottle,866,809,894,838
nir_75.tif,2592,1944,bottle,866,809,894,838
r_75.tif,2592,1944,bottle,866,809,894,838
re_75.tif,2592,1944,bottle,866,809,894,838
rgb_75.jpg,2592,1944,bottle,866,809,894,838
g_75.tif,2592,1944,bottle,876,835,910,856
nir_75.tif,2592,1944,bottle,876,835,910,856
r_75.tif,2592,1944,bottle,876,835,910,856
re_75.tif,2592,1944,bottle,876,835,910,856
rgb_75.jpg,2592,1944,bottle,876,835,910,856
g_75.tif,2592,1944,bottle,899,822,930,846
nir_75.tif,2592,1944,bottle,899,822,930,846
r_75.tif,2592,1944,bottle,899,822,930,846
re_75.tif,2592,1944,bottle,899,822,930,846
rgb_75.jpg,2592,1944,bottle,899,822,930,846
g_75.tif,2592,1944,bottle,897,833,927,862
nir_75.tif,2592,1944,bottle,897,833,927,862
r_75.tif,2592,1944,bottle,897,833,927,862
re_75.tif,2592,1944,bottle,897,833,927,862
rgb_75.jpg,2592,1944,bottle,897,833,927,862
g_75.tif,2592,1944,bottle,889,821,914,843
nir_75.tif,2592,1944,bottle,889,821,914,843
r_75.tif,2592,1944,bottle,889,821,914,843
re_75.tif,2592,1944,bottle,889,821,914,843
rgb_75.jpg,2592,1944,bottle,889,821,914,843
g_75.tif,2592,1944,bottle,907,857,941,874
nir_75.tif,2592,1944,bottle,907,857,941,874
r_75.tif,2592,1944,bottle,907,857,941,874
re_75.tif,2592,1944,bottle,907,857,941,874
rgb_75.jpg,2592,1944,bottle,907,857,941,874
g_75.tif,2592,1944,bottle,935,853,955,889
nir_75.tif,2592,1944,bottle,935,853,955,889
r_75.tif,2592,1944,bottle,935,853,955,889
re_75.tif,2592,1944,bottle,935,853,955,889
rgb_75.jpg,2592,1944,bottle,935,853,955,889
g_75.tif,2592,1944,bottle,957,862,970,888
nir_75.tif,2592,1944,bottle,957,862,970,888
r_75.tif,2592,1944,bottle,957,862,970,888
re_75.tif,2592,1944,bottle,957,862,970,888
rgb_75.jpg,2592,1944,bottle,957,862,970,888
g_75.tif,2592,1944,bottle,904,869,941,888
nir_75.tif,2592,1944,bottle,904,869,941,888
r_75.tif,2592,1944,bottle,904,869,941,888
re_75.tif,2592,1944,bottle,904,869,941,888
rgb_75.jpg,2592,1944,bottle,904,869,941,888
g_75.tif,2592,1944,bottle,905,878,938,907
nir_75.tif,2592,1944,bottle,905,878,938,907
r_75.tif,2592,1944,bottle,905,878,938,907
re_75.tif,2592,1944,bottle,905,878,938,907
rgb_75.jpg,2592,1944,bottle,905,878,938,907
g_75.tif,2592,1944,bottle,899,884,927,916
nir_75.tif,2592,1944,bottle,899,884,927,916
r_75.tif,2592,1944,bottle,899,884,927,916
re_75.tif,2592,1944,bottle,899,884,927,916
rgb_75.jpg,2592,1944,bottle,899,884,927,916
g_75.tif,2592,1944,bottle,890,891,918,924
nir_75.tif,2592,1944,bottle,890,891,918,924
r_75.tif,2592,1944,bottle,890,891,918,924
re_75.tif,2592,1944,bottle,890,891,918,924
rgb_75.jpg,2592,1944,bottle,890,891,918,924
g_75.tif,2592,1944,bottle,923,911,938,949
nir_75.tif,2592,1944,bottle,923,911,938,949
r_75.tif,2592,1944,bottle,923,911,938,949
re_75.tif,2592,1944,bottle,923,911,938,949
rgb_75.jpg,2592,1944,bottle,923,911,938,949
g_75.tif,2592,1944,bottle,931,941,960,971
nir_75.tif,2592,1944,bottle,931,941,960,971
r_75.tif,2592,1944,bottle,931,941,960,971
re_75.tif,2592,1944,bottle,931,941,960,971
rgb_75.jpg,2592,1944,bottle,931,941,960,971
g_75.tif,2592,1944,bottle,940,934,974,960
nir_75.tif,2592,1944,bottle,940,934,974,960
r_75.tif,2592,1944,bottle,940,934,974,960
re_75.tif,2592,1944,bottle,940,934,974,960
rgb_75.jpg,2592,1944,bottle,940,934,974,960
g_75.tif,2592,1944,bottle,958,946,988,977
nir_75.tif,2592,1944,bottle,958,946,988,977
r_75.tif,2592,1944,bottle,958,946,988,977
re_75.tif,2592,1944,bottle,958,946,988,977
rgb_75.jpg,2592,1944,bottle,958,946,988,977
g_75.tif,2592,1944,bottle,983,940,1020,962
nir_75.tif,2592,1944,bottle,983,940,1020,962
r_75.tif,2592,1944,bottle,983,940,1020,962
re_75.tif,2592,1944,bottle,983,940,1020,962
rgb_75.jpg,2592,1944,bottle,983,940,1020,962
g_75.tif,2592,1944,bottle,970,921,1006,953
nir_75.tif,2592,1944,bottle,970,921,1006,953
r_75.tif,2592,1944,bottle,970,921,1006,953
re_75.tif,2592,1944,bottle,970,921,1006,953
rgb_75.jpg,2592,1944,bottle,970,921,1006,953
g_75.tif,2592,1944,bottle,964,918,996,937
nir_75.tif,2592,1944,bottle,964,918,996,937
r_75.tif,2592,1944,bottle,964,918,996,937
re_75.tif,2592,1944,bottle,964,918,996,937
rgb_75.jpg,2592,1944,bottle,964,918,996,937
g_75.tif,2592,1944,bottle,1002,883,1017,912
nir_75.tif,2592,1944,bottle,1002,883,1017,912
r_75.tif,2592,1944,bottle,1002,883,1017,912
re_75.tif,2592,1944,bottle,1002,883,1017,912
rgb_75.jpg,2592,1944,bottle,1002,883,1017,912
g_75.tif,2592,1944,bottle,1015,932,1038,959
nir_75.tif,2592,1944,bottle,1015,932,1038,959
r_75.tif,2592,1944,bottle,1015,932,1038,959
re_75.tif,2592,1944,bottle,1015,932,1038,959
rgb_75.jpg,2592,1944,bottle,1015,932,1038,959
g_75.tif,2592,1944,container,1026,911,1053,943
nir_75.tif,2592,1944,container,1026,911,1053,943
r_75.tif,2592,1944,container,1026,911,1053,943
re_75.tif,2592,1944,container,1026,911,1053,943
rgb_75.jpg,2592,1944,container,1026,911,1053,943
g_75.tif,2592,1944,bottle,1037,965,1051,997
nir_75.tif,2592,1944,bottle,1037,965,1051,997
r_75.tif,2592,1944,bottle,1037,965,1051,997
re_75.tif,2592,1944,bottle,1037,965,1051,997
rgb_75.jpg,2592,1944,bottle,1037,965,1051,997
g_75.tif,2592,1944,bottle,1063,931,1087,963
nir_75.tif,2592,1944,bottle,1063,931,1087,963
r_75.tif,2592,1944,bottle,1063,931,1087,963
re_75.tif,2592,1944,bottle,1063,931,1087,963
rgb_75.jpg,2592,1944,bottle,1063,931,1087,963
g_75.tif,2592,1944,container,1038,948,1061,970
nir_75.tif,2592,1944,container,1038,948,1061,970
r_75.tif,2592,1944,container,1038,948,1061,970
re_75.tif,2592,1944,container,1038,948,1061,970
rgb_75.jpg,2592,1944,container,1038,948,1061,970
g_75.tif,2592,1944,bottle,1053,956,1084,976
nir_75.tif,2592,1944,bottle,1053,956,1084,976
r_75.tif,2592,1944,bottle,1053,956,1084,976
re_75.tif,2592,1944,bottle,1053,956,1084,976
rgb_75.jpg,2592,1944,bottle,1053,956,1084,976
g_75.tif,2592,1944,bottle,1095,939,1116,973
nir_75.tif,2592,1944,bottle,1095,939,1116,973
r_75.tif,2592,1944,bottle,1095,939,1116,973
re_75.tif,2592,1944,bottle,1095,939,1116,973
rgb_75.jpg,2592,1944,bottle,1095,939,1116,973
g_75.tif,2592,1944,container,894,944,920,971
nir_75.tif,2592,1944,container,894,944,920,971
r_75.tif,2592,1944,container,894,944,920,971
re_75.tif,2592,1944,container,894,944,920,971
rgb_75.jpg,2592,1944,container,894,944,920,971
g_75.tif,2592,1944,container,981,835,1033,884
nir_75.tif,2592,1944,container,981,835,1033,884
r_75.tif,2592,1944,container,981,835,1033,884
re_75.tif,2592,1944,container,981,835,1033,884
rgb_75.jpg,2592,1944,container,981,835,1033,884
g_75.tif,2592,1944,bottle,973,1001,993,1033
nir_75.tif,2592,1944,bottle,973,1001,993,1033
r_75.tif,2592,1944,bottle,973,1001,993,1033
re_75.tif,2592,1944,bottle,973,1001,993,1033
rgb_75.jpg,2592,1944,bottle,973,1001,993,1033
g_75.tif,2592,1944,container,911,963,986,1031
nir_75.tif,2592,1944,container,911,963,986,1031
r_75.tif,2592,1944,container,911,963,986,1031
re_75.tif,2592,1944,container,911,963,986,1031
rgb_75.jpg,2592,1944,container,911,963,986,1031
g_75.tif,2592,1944,bottle,973,989,1007,1011
nir_75.tif,2592,1944,bottle,973,989,1007,1011
r_75.tif,2592,1944,bottle,973,989,1007,1011
re_75.tif,2592,1944,bottle,973,989,1007,1011
rgb_75.jpg,2592,1944,bottle,973,989,1007,1011
g_75.tif,2592,1944,bottle,1003,1003,1037,1027
nir_75.tif,2592,1944,bottle,1003,1003,1037,1027
r_75.tif,2592,1944,bottle,1003,1003,1037,1027
re_75.tif,2592,1944,bottle,1003,1003,1037,1027
rgb_75.jpg,2592,1944,bottle,1003,1003,1037,1027
g_75.tif,2592,1944,bottle,995,1011,1026,1030
nir_75.tif,2592,1944,bottle,995,1011,1026,1030
r_75.tif,2592,1944,bottle,995,1011,1026,1030
re_75.tif,2592,1944,bottle,995,1011,1026,1030
rgb_75.jpg,2592,1944,bottle,995,1011,1026,1030
g_75.tif,2592,1944,bottle,999,1030,1030,1055
nir_75.tif,2592,1944,bottle,999,1030,1030,1055
r_75.tif,2592,1944,bottle,999,1030,1030,1055
re_75.tif,2592,1944,bottle,999,1030,1030,1055
rgb_75.jpg,2592,1944,bottle,999,1030,1030,1055
g_75.tif,2592,1944,bottle,981,1034,1014,1049
nir_75.tif,2592,1944,bottle,981,1034,1014,1049
r_75.tif,2592,1944,bottle,981,1034,1014,1049
re_75.tif,2592,1944,bottle,981,1034,1014,1049
rgb_75.jpg,2592,1944,bottle,981,1034,1014,1049
g_75.tif,2592,1944,bottle,1000,1046,1038,1065
nir_75.tif,2592,1944,bottle,1000,1046,1038,1065
r_75.tif,2592,1944,bottle,1000,1046,1038,1065
re_75.tif,2592,1944,bottle,1000,1046,1038,1065
rgb_75.jpg,2592,1944,bottle,1000,1046,1038,1065
g_75.tif,2592,1944,bottle,1022,1041,1052,1062
nir_75.tif,2592,1944,bottle,1022,1041,1052,1062
r_75.tif,2592,1944,bottle,1022,1041,1052,1062
re_75.tif,2592,1944,bottle,1022,1041,1052,1062
rgb_75.jpg,2592,1944,bottle,1022,1041,1052,1062
g_75.tif,2592,1944,bottle,1073,1019,1094,1059
nir_75.tif,2592,1944,bottle,1073,1019,1094,1059
r_75.tif,2592,1944,bottle,1073,1019,1094,1059
re_75.tif,2592,1944,bottle,1073,1019,1094,1059
rgb_75.jpg,2592,1944,bottle,1073,1019,1094,1059
g_75.tif,2592,1944,bottle,1092,1027,1126,1051
nir_75.tif,2592,1944,bottle,1092,1027,1126,1051
r_75.tif,2592,1944,bottle,1092,1027,1126,1051
re_75.tif,2592,1944,bottle,1092,1027,1126,1051
rgb_75.jpg,2592,1944,bottle,1092,1027,1126,1051
g_75.tif,2592,1944,bottle,1116,1108,1151,1132
nir_75.tif,2592,1944,bottle,1116,1108,1151,1132
r_75.tif,2592,1944,bottle,1116,1108,1151,1132
re_75.tif,2592,1944,bottle,1116,1108,1151,1132
rgb_75.jpg,2592,1944,bottle,1116,1108,1151,1132
g_75.tif,2592,1944,bottle,1202,1210,1223,1242
nir_75.tif,2592,1944,bottle,1202,1210,1223,1242
r_75.tif,2592,1944,bottle,1202,1210,1223,1242
re_75.tif,2592,1944,bottle,1202,1210,1223,1242
rgb_75.jpg,2592,1944,bottle,1202,1210,1223,1242
g_75.tif,2592,1944,bottle,1221,1228,1246,1248
nir_75.tif,2592,1944,bottle,1221,1228,1246,1248
r_75.tif,2592,1944,bottle,1221,1228,1246,1248
re_75.tif,2592,1944,bottle,1221,1228,1246,1248
rgb_75.jpg,2592,1944,bottle,1221,1228,1246,1248
g_75.tif,2592,1944,bottle,1221,1211,1248,1235
nir_75.tif,2592,1944,bottle,1221,1211,1248,1235
r_75.tif,2592,1944,bottle,1221,1211,1248,1235
re_75.tif,2592,1944,bottle,1221,1211,1248,1235
rgb_75.jpg,2592,1944,bottle,1221,1211,1248,1235
g_75.tif,2592,1944,bottle,1049,1032,1080,1058
nir_75.tif,2592,1944,bottle,1049,1032,1080,1058
r_75.tif,2592,1944,bottle,1049,1032,1080,1058
re_75.tif,2592,1944,bottle,1049,1032,1080,1058
rgb_75.jpg,2592,1944,bottle,1049,1032,1080,1058
g_75.tif,2592,1944,bottle,1051,1003,1074,1036
nir_75.tif,2592,1944,bottle,1051,1003,1074,1036
r_75.tif,2592,1944,bottle,1051,1003,1074,1036
re_75.tif,2592,1944,bottle,1051,1003,1074,1036
rgb_75.jpg,2592,1944,bottle,1051,1003,1074,1036
g_75.tif,2592,1944,bottle,1070,992,1092,1022
nir_75.tif,2592,1944,bottle,1070,992,1092,1022
r_75.tif,2592,1944,bottle,1070,992,1092,1022
re_75.tif,2592,1944,bottle,1070,992,1092,1022
rgb_75.jpg,2592,1944,bottle,1070,992,1092,1022
g_75.tif,2592,1944,bottle,1071,1008,1110,1027
nir_75.tif,2592,1944,bottle,1071,1008,1110,1027
r_75.tif,2592,1944,bottle,1071,1008,1110,1027
re_75.tif,2592,1944,bottle,1071,1008,1110,1027
rgb_75.jpg,2592,1944,bottle,1071,1008,1110,1027
g_75.tif,2592,1944,bottle,1090,979,1111,1016
nir_75.tif,2592,1944,bottle,1090,979,1111,1016
r_75.tif,2592,1944,bottle,1090,979,1111,1016
re_75.tif,2592,1944,bottle,1090,979,1111,1016
rgb_75.jpg,2592,1944,bottle,1090,979,1111,1016
g_75.tif,2592,1944,bottle,1111,971,1143,998
nir_75.tif,2592,1944,bottle,1111,971,1143,998
r_75.tif,2592,1944,bottle,1111,971,1143,998
re_75.tif,2592,1944,bottle,1111,971,1143,998
rgb_75.jpg,2592,1944,bottle,1111,971,1143,998
g_75.tif,2592,1944,bottle,1074,971,1108,995
nir_75.tif,2592,1944,bottle,1074,971,1108,995
r_75.tif,2592,1944,bottle,1074,971,1108,995
re_75.tif,2592,1944,bottle,1074,971,1108,995
rgb_75.jpg,2592,1944,bottle,1074,971,1108,995
g_75.tif,2592,1944,bottle,1053,955,1084,977
nir_75.tif,2592,1944,bottle,1053,955,1084,977
r_75.tif,2592,1944,bottle,1053,955,1084,977
re_75.tif,2592,1944,bottle,1053,955,1084,977
rgb_75.jpg,2592,1944,bottle,1053,955,1084,977
g_75.tif,2592,1944,bottle,1021,986,1055,1010
nir_75.tif,2592,1944,bottle,1021,986,1055,1010
r_75.tif,2592,1944,bottle,1021,986,1055,1010
re_75.tif,2592,1944,bottle,1021,986,1055,1010
rgb_75.jpg,2592,1944,bottle,1021,986,1055,1010
g_75.tif,2592,1944,bottle,1050,1004,1073,1035
nir_75.tif,2592,1944,bottle,1050,1004,1073,1035
r_75.tif,2592,1944,bottle,1050,1004,1073,1035
re_75.tif,2592,1944,bottle,1050,1004,1073,1035
rgb_75.jpg,2592,1944,bottle,1050,1004,1073,1035
g_75.tif,2592,1944,bottle,1035,1011,1054,1041
nir_75.tif,2592,1944,bottle,1035,1011,1054,1041
r_75.tif,2592,1944,bottle,1035,1011,1054,1041
re_75.tif,2592,1944,bottle,1035,1011,1054,1041
rgb_75.jpg,2592,1944,bottle,1035,1011,1054,1041
g_75.tif,2592,1944,can,978,955,1016,1003
nir_75.tif,2592,1944,can,978,955,1016,1003
r_75.tif,2592,1944,can,978,955,1016,1003
re_75.tif,2592,1944,can,978,955,1016,1003
rgb_75.jpg,2592,1944,can,978,955,1016,1003
g_75.tif,2592,1944,can,1041,908,1078,951
nir_75.tif,2592,1944,can,1041,908,1078,951
r_75.tif,2592,1944,can,1041,908,1078,951
re_75.tif,2592,1944,can,1041,908,1078,951
rgb_75.jpg,2592,1944,can,1041,908,1078,951
g_75.tif,2592,1944,can,1005,892,1044,936
nir_75.tif,2592,1944,can,1005,892,1044,936
r_75.tif,2592,1944,can,1005,892,1044,936
re_75.tif,2592,1944,can,1005,892,1044,936
rgb_75.jpg,2592,1944,can,1005,892,1044,936
g_75.tif,2592,1944,can,1019,868,1067,905
nir_75.tif,2592,1944,can,1019,868,1067,905
r_75.tif,2592,1944,can,1019,868,1067,905
re_75.tif,2592,1944,can,1019,868,1067,905
rgb_75.jpg,2592,1944,can,1019,868,1067,905
g_75.tif,2592,1944,can,949,812,995,850
nir_75.tif,2592,1944,can,949,812,995,850
r_75.tif,2592,1944,can,949,812,995,850
re_75.tif,2592,1944,can,949,812,995,850
rgb_75.jpg,2592,1944,can,949,812,995,850
g_75.tif,2592,1944,can,924,820,969,867
nir_75.tif,2592,1944,can,924,820,969,867
r_75.tif,2592,1944,can,924,820,969,867
re_75.tif,2592,1944,can,924,820,969,867
rgb_75.jpg,2592,1944,can,924,820,969,867
g_75.tif,2592,1944,can,963,842,1000,888
nir_75.tif,2592,1944,can,963,842,1000,888
r_75.tif,2592,1944,can,963,842,1000,888
re_75.tif,2592,1944,can,963,842,1000,888
rgb_75.jpg,2592,1944,can,963,842,1000,888
g_75.tif,2592,1944,can,938,882,973,937
nir_75.tif,2592,1944,can,938,882,973,937
r_75.tif,2592,1944,can,938,882,973,937
re_75.tif,2592,1944,can,938,882,973,937
rgb_75.jpg,2592,1944,can,938,882,973,937
g_75.tif,2592,1944,can,968,885,1005,919
nir_75.tif,2592,1944,can,968,885,1005,919
r_75.tif,2592,1944,can,968,885,1005,919
re_75.tif,2592,1944,can,968,885,1005,919
rgb_75.jpg,2592,1944,can,968,885,1005,919
g_76.tif,2592,1944,bottle,786,774,825,811
nir_76.tif,2592,1944,bottle,786,774,825,811
r_76.tif,2592,1944,bottle,786,774,825,811
re_76.tif,2592,1944,bottle,786,774,825,811
rgb_76.jpg,2592,1944,bottle,786,774,825,811
g_76.tif,2592,1944,bottle,808,762,833,804
nir_76.tif,2592,1944,bottle,808,762,833,804
r_76.tif,2592,1944,bottle,808,762,833,804
re_76.tif,2592,1944,bottle,808,762,833,804
rgb_76.jpg,2592,1944,bottle,808,762,833,804
g_76.tif,2592,1944,bottle,800,807,842,830
nir_76.tif,2592,1944,bottle,800,807,842,830
r_76.tif,2592,1944,bottle,800,807,842,830
re_76.tif,2592,1944,bottle,800,807,842,830
rgb_76.jpg,2592,1944,bottle,800,807,842,830
g_76.tif,2592,1944,bottle,828,789,868,819
nir_76.tif,2592,1944,bottle,828,789,868,819
r_76.tif,2592,1944,bottle,828,789,868,819
re_76.tif,2592,1944,bottle,828,789,868,819
rgb_76.jpg,2592,1944,bottle,828,789,868,819
g_76.tif,2592,1944,bottle,827,804,867,839
nir_76.tif,2592,1944,bottle,827,804,867,839
r_76.tif,2592,1944,bottle,827,804,867,839
re_76.tif,2592,1944,bottle,827,804,867,839
rgb_76.jpg,2592,1944,bottle,827,804,867,839
g_76.tif,2592,1944,bottle,815,790,854,812
nir_76.tif,2592,1944,bottle,815,790,854,812
r_76.tif,2592,1944,bottle,815,790,854,812
re_76.tif,2592,1944,bottle,815,790,854,812
rgb_76.jpg,2592,1944,bottle,815,790,854,812
g_76.tif,2592,1944,bottle,838,832,881,855
nir_76.tif,2592,1944,bottle,838,832,881,855
r_76.tif,2592,1944,bottle,838,832,881,855
re_76.tif,2592,1944,bottle,838,832,881,855
rgb_76.jpg,2592,1944,bottle,838,832,881,855
g_76.tif,2592,1944,bottle,872,825,901,874
nir_76.tif,2592,1944,bottle,872,825,901,874
r_76.tif,2592,1944,bottle,872,825,901,874
re_76.tif,2592,1944,bottle,872,825,901,874
rgb_76.jpg,2592,1944,bottle,872,825,901,874
g_76.tif,2592,1944,bottle,903,843,918,871
nir_76.tif,2592,1944,bottle,903,843,918,871
r_76.tif,2592,1944,bottle,903,843,918,871
re_76.tif,2592,1944,bottle,903,843,918,871
rgb_76.jpg,2592,1944,bottle,903,843,918,871
g_76.tif,2592,1944,bottle,837,848,881,874
nir_76.tif,2592,1944,bottle,837,848,881,874
r_76.tif,2592,1944,bottle,837,848,881,874
re_76.tif,2592,1944,bottle,837,848,881,874
rgb_76.jpg,2592,1944,bottle,837,848,881,874
g_76.tif,2592,1944,bottle,858,857,886,886
nir_76.tif,2592,1944,bottle,858,857,886,886
r_76.tif,2592,1944,bottle,858,857,886,886
re_76.tif,2592,1944,bottle,858,857,886,886
rgb_76.jpg,2592,1944,bottle,858,857,886,886
g_76.tif,2592,1944,bottle,836,861,878,897
nir_76.tif,2592,1944,bottle,836,861,878,897
r_76.tif,2592,1944,bottle,836,861,878,897
re_76.tif,2592,1944,bottle,836,861,878,897
rgb_76.jpg,2592,1944,bottle,836,861,878,897
g_76.tif,2592,1944,bottle,826,867,862,904
nir_76.tif,2592,1944,bottle,826,867,862,904
r_76.tif,2592,1944,bottle,826,867,862,904
re_76.tif,2592,1944,bottle,826,867,862,904
rgb_76.jpg,2592,1944,bottle,826,867,862,904
g_76.tif,2592,1944,bottle,815,874,854,914
nir_76.tif,2592,1944,bottle,815,874,854,914
r_76.tif,2592,1944,bottle,815,874,854,914
re_76.tif,2592,1944,bottle,815,874,854,914
rgb_76.jpg,2592,1944,bottle,815,874,854,914
g_76.tif,2592,1944,bottle,858,898,878,946
nir_76.tif,2592,1944,bottle,858,898,878,946
r_76.tif,2592,1944,bottle,858,898,878,946
re_76.tif,2592,1944,bottle,858,898,878,946
rgb_76.jpg,2592,1944,bottle,858,898,878,946
g_76.tif,2592,1944,bottle,875,911,915,933
nir_76.tif,2592,1944,bottle,875,911,915,933
r_76.tif,2592,1944,bottle,875,911,915,933
re_76.tif,2592,1944,bottle,875,911,915,933
rgb_76.jpg,2592,1944,bottle,875,911,915,933
g_76.tif,2592,1944,bottle,880,929,923,961
nir_76.tif,2592,1944,bottle,880,929,923,961
r_76.tif,2592,1944,bottle,880,929,923,961
re_76.tif,2592,1944,bottle,880,929,923,961
rgb_76.jpg,2592,1944,bottle,880,929,923,961
g_76.tif,2592,1944,bottle,870,943,906,976
nir_76.tif,2592,1944,bottle,870,943,906,976
r_76.tif,2592,1944,bottle,870,943,906,976
re_76.tif,2592,1944,bottle,870,943,906,976
rgb_76.jpg,2592,1944,bottle,870,943,906,976
g_76.tif,2592,1944,bottle,904,943,940,981
nir_76.tif,2592,1944,bottle,904,943,940,981
r_76.tif,2592,1944,bottle,904,943,940,981
re_76.tif,2592,1944,bottle,904,943,940,981
rgb_76.jpg,2592,1944,bottle,904,943,940,981
g_76.tif,2592,1944,bottle,917,920,957,951
nir_76.tif,2592,1944,bottle,917,920,957,951
r_76.tif,2592,1944,bottle,917,920,957,951
re_76.tif,2592,1944,bottle,917,920,957,951
rgb_76.jpg,2592,1944,bottle,917,920,957,951
g_76.tif,2592,1944,bottle,932,912,958,948
nir_76.tif,2592,1944,bottle,932,912,958,948
r_76.tif,2592,1944,bottle,932,912,958,948
re_76.tif,2592,1944,bottle,932,912,958,948
rgb_76.jpg,2592,1944,bottle,932,912,958,948
g_76.tif,2592,1944,bottle,907,909,946,932
nir_76.tif,2592,1944,bottle,907,909,946,932
r_76.tif,2592,1944,bottle,907,909,946,932
re_76.tif,2592,1944,bottle,907,909,946,932
rgb_76.jpg,2592,1944,bottle,907,909,946,932
g_76.tif,2592,1944,bottle,945,902,971,944
nir_76.tif,2592,1944,bottle,945,902,971,944
r_76.tif,2592,1944,bottle,945,902,971,944
re_76.tif,2592,1944,bottle,945,902,971,944
rgb_76.jpg,2592,1944,bottle,945,902,971,944
g_76.tif,2592,1944,bottle,959,864,979,906
nir_76.tif,2592,1944,bottle,959,864,979,906
r_76.tif,2592,1944,bottle,959,864,979,906
re_76.tif,2592,1944,bottle,959,864,979,906
rgb_76.jpg,2592,1944,bottle,959,864,979,906
g_76.tif,2592,1944,bottle,934,939,979,964
nir_76.tif,2592,1944,bottle,934,939,979,964
r_76.tif,2592,1944,bottle,934,939,979,964
re_76.tif,2592,1944,bottle,934,939,979,964
rgb_76.jpg,2592,1944,bottle,934,939,979,964
g_76.tif,2592,1944,bottle,918,1014,949,1054
nir_76.tif,2592,1944,bottle,918,1014,949,1054
r_76.tif,2592,1944,bottle,918,1014,949,1054
re_76.tif,2592,1944,bottle,918,1014,949,1054
rgb_76.jpg,2592,1944,bottle,918,1014,949,1054
g_76.tif,2592,1944,bottle,917,996,960,1026
nir_76.tif,2592,1944,bottle,917,996,960,1026
r_76.tif,2592,1944,bottle,917,996,960,1026
re_76.tif,2592,1944,bottle,917,996,960,1026
rgb_76.jpg,2592,1944,bottle,917,996,960,1026
g_76.tif,2592,1944,bottle,930,1053,975,1072
nir_76.tif,2592,1944,bottle,930,1053,975,1072
r_76.tif,2592,1944,bottle,930,1053,975,1072
re_76.tif,2592,1944,bottle,930,1053,975,1072
rgb_76.jpg,2592,1944,bottle,930,1053,975,1072
g_76.tif,2592,1944,bottle,953,1070,1002,1092
nir_76.tif,2592,1944,bottle,953,1070,1002,1092
r_76.tif,2592,1944,bottle,953,1070,1002,1092
re_76.tif,2592,1944,bottle,953,1070,1002,1092
rgb_76.jpg,2592,1944,bottle,953,1070,1002,1092
g_76.tif,2592,1944,bottle,976,1063,1019,1090
nir_76.tif,2592,1944,bottle,976,1063,1019,1090
r_76.tif,2592,1944,bottle,976,1063,1019,1090
re_76.tif,2592,1944,bottle,976,1063,1019,1090
rgb_76.jpg,2592,1944,bottle,976,1063,1019,1090
g_76.tif,2592,1944,bottle,958,1009,1005,1029
nir_76.tif,2592,1944,bottle,958,1009,1005,1029
r_76.tif,2592,1944,bottle,958,1009,1005,1029
re_76.tif,2592,1944,bottle,958,1009,1005,1029
rgb_76.jpg,2592,1944,bottle,958,1009,1005,1029
g_76.tif,2592,1944,bottle,964,980,989,1014
nir_76.tif,2592,1944,bottle,964,980,989,1014
r_76.tif,2592,1944,bottle,964,980,989,1014
re_76.tif,2592,1944,bottle,964,980,989,1014
rgb_76.jpg,2592,1944,bottle,964,980,989,1014
g_76.tif,2592,1944,bottle,1001,968,1019,1011
nir_76.tif,2592,1944,bottle,1001,968,1019,1011
r_76.tif,2592,1944,bottle,1001,968,1019,1011
re_76.tif,2592,1944,bottle,1001,968,1019,1011
rgb_76.jpg,2592,1944,bottle,1001,968,1019,1011
g_76.tif,2592,1944,bottle,988,960,1006,1000
nir_76.tif,2592,1944,bottle,988,960,1006,1000
r_76.tif,2592,1944,bottle,988,960,1006,1000
re_76.tif,2592,1944,bottle,988,960,1006,1000
rgb_76.jpg,2592,1944,bottle,988,960,1006,1000
g_76.tif,2592,1944,bottle,966,945,986,989
nir_76.tif,2592,1944,bottle,966,945,986,989
r_76.tif,2592,1944,bottle,966,945,986,989
re_76.tif,2592,1944,bottle,966,945,986,989
rgb_76.jpg,2592,1944,bottle,966,945,986,989
g_76.tif,2592,1944,bottle,970,926,1000,959
nir_76.tif,2592,1944,bottle,970,926,1000,959
r_76.tif,2592,1944,bottle,970,926,1000,959
re_76.tif,2592,1944,bottle,970,926,1000,959
rgb_76.jpg,2592,1944,bottle,970,926,1000,959
g_76.tif,2592,1944,container,987,899,1022,948
nir_76.tif,2592,1944,container,987,899,1022,948
r_76.tif,2592,1944,container,987,899,1022,948
re_76.tif,2592,1944,container,987,899,1022,948
rgb_76.jpg,2592,1944,container,987,899,1022,948
g_76.tif,2592,1944,container,931,804,998,872
nir_76.tif,2592,1944,container,931,804,998,872
r_76.tif,2592,1944,container,931,804,998,872
re_76.tif,2592,1944,container,931,804,998,872
rgb_76.jpg,2592,1944,container,931,804,998,872
g_76.tif,2592,1944,container,823,942,854,975
nir_76.tif,2592,1944,container,823,942,854,975
r_76.tif,2592,1944,container,823,942,854,975
re_76.tif,2592,1944,container,823,942,854,975
rgb_76.jpg,2592,1944,container,823,942,854,975
g_76.tif,2592,1944,container,846,963,939,1052
nir_76.tif,2592,1944,container,846,963,939,1052
r_76.tif,2592,1944,container,846,963,939,1052
re_76.tif,2592,1944,container,846,963,939,1052
rgb_76.jpg,2592,1944,container,846,963,939,1052
g_76.tif,2592,1944,can,926,957,974,1011
nir_76.tif,2592,1944,can,926,957,974,1011
r_76.tif,2592,1944,can,926,957,974,1011
re_76.tif,2592,1944,can,926,957,974,1011
rgb_76.jpg,2592,1944,can,926,957,974,1011
g_76.tif,2592,1944,can,1006,897,1054,956
nir_76.tif,2592,1944,can,1006,897,1054,956
r_76.tif,2592,1944,can,1006,897,1054,956
re_76.tif,2592,1944,can,1006,897,1054,956
rgb_76.jpg,2592,1944,can,1006,897,1054,956
g_76.tif,2592,1944,can,961,876,1009,931
nir_76.tif,2592,1944,can,961,876,1009,931
r_76.tif,2592,1944,can,961,876,1009,931
re_76.tif,2592,1944,can,961,876,1009,931
rgb_76.jpg,2592,1944,can,961,876,1009,931
g_76.tif,2592,1944,can,977,845,1038,892
nir_76.tif,2592,1944,can,977,845,1038,892
r_76.tif,2592,1944,can,977,845,1038,892
re_76.tif,2592,1944,can,977,845,1038,892
rgb_76.jpg,2592,1944,can,977,845,1038,892
g_76.tif,2592,1944,can,914,866,965,913
nir_76.tif,2592,1944,can,914,866,965,913
r_76.tif,2592,1944,can,914,866,965,913
re_76.tif,2592,1944,can,914,866,965,913
rgb_76.jpg,2592,1944,can,914,866,965,913
g_76.tif,2592,1944,can,878,868,918,927
nir_76.tif,2592,1944,can,878,868,918,927
r_76.tif,2592,1944,can,878,868,918,927
re_76.tif,2592,1944,can,878,868,918,927
rgb_76.jpg,2592,1944,can,878,868,918,927
g_76.tif,2592,1944,can,911,816,953,872
nir_76.tif,2592,1944,can,911,816,953,872
r_76.tif,2592,1944,can,911,816,953,872
re_76.tif,2592,1944,can,911,816,953,872
rgb_76.jpg,2592,1944,can,911,816,953,872
g_76.tif,2592,1944,can,861,785,917,845
nir_76.tif,2592,1944,can,861,785,917,845
r_76.tif,2592,1944,can,861,785,917,845
re_76.tif,2592,1944,can,861,785,917,845
rgb_76.jpg,2592,1944,can,861,785,917,845
g_76.tif,2592,1944,can,891,774,948,824
nir_76.tif,2592,1944,can,891,774,948,824
r_76.tif,2592,1944,can,891,774,948,824
re_76.tif,2592,1944,can,891,774,948,824
rgb_76.jpg,2592,1944,can,891,774,948,824
g_76.tif,2592,1944,bottle,958,1016,1002,1045
nir_76.tif,2592,1944,bottle,958,1016,1002,1045
r_76.tif,2592,1944,bottle,958,1016,1002,1045
re_76.tif,2592,1944,bottle,958,1016,1002,1045
rgb_76.jpg,2592,1944,bottle,958,1016,1002,1045
g_76.tif,2592,1944,bottle,984,1050,1024,1078
nir_76.tif,2592,1944,bottle,984,1050,1024,1078
r_76.tif,2592,1944,bottle,984,1050,1024,1078
re_76.tif,2592,1944,bottle,984,1050,1024,1078
rgb_76.jpg,2592,1944,bottle,984,1050,1024,1078
g_76.tif,2592,1944,bottle,1018,1050,1054,1088
nir_76.tif,2592,1944,bottle,1018,1050,1054,1088
r_76.tif,2592,1944,bottle,1018,1050,1054,1088
re_76.tif,2592,1944,bottle,1018,1050,1054,1088
rgb_76.jpg,2592,1944,bottle,1018,1050,1054,1088
g_76.tif,2592,1944,bottle,1045,1044,1070,1083
nir_76.tif,2592,1944,bottle,1045,1044,1070,1083
r_76.tif,2592,1944,bottle,1045,1044,1070,1083
re_76.tif,2592,1944,bottle,1045,1044,1070,1083
rgb_76.jpg,2592,1944,bottle,1045,1044,1070,1083
g_76.tif,2592,1944,bottle,1071,1048,1113,1080
nir_76.tif,2592,1944,bottle,1071,1048,1113,1080
r_76.tif,2592,1944,bottle,1071,1048,1113,1080
re_76.tif,2592,1944,bottle,1071,1048,1113,1080
rgb_76.jpg,2592,1944,bottle,1071,1048,1113,1080
g_76.tif,2592,1944,bottle,1101,1149,1146,1177
nir_76.tif,2592,1944,bottle,1101,1149,1146,1177
r_76.tif,2592,1944,bottle,1101,1149,1146,1177
re_76.tif,2592,1944,bottle,1101,1149,1146,1177
rgb_76.jpg,2592,1944,bottle,1101,1149,1146,1177
g_76.tif,2592,1944,bottle,1207,1275,1235,1318
nir_76.tif,2592,1944,bottle,1207,1275,1235,1318
r_76.tif,2592,1944,bottle,1207,1275,1235,1318
re_76.tif,2592,1944,bottle,1207,1275,1235,1318
rgb_76.jpg,2592,1944,bottle,1207,1275,1235,1318
g_76.tif,2592,1944,bottle,1231,1300,1265,1328
nir_76.tif,2592,1944,bottle,1231,1300,1265,1328
r_76.tif,2592,1944,bottle,1231,1300,1265,1328
re_76.tif,2592,1944,bottle,1231,1300,1265,1328
rgb_76.jpg,2592,1944,bottle,1231,1300,1265,1328
g_76.tif,2592,1944,bottle,1233,1279,1266,1310
nir_76.tif,2592,1944,bottle,1233,1279,1266,1310
r_76.tif,2592,1944,bottle,1233,1279,1266,1310
re_76.tif,2592,1944,bottle,1233,1279,1266,1310
rgb_76.jpg,2592,1944,bottle,1233,1279,1266,1310
g_76.tif,2592,1944,bottle,1047,1024,1093,1048
nir_76.tif,2592,1944,bottle,1047,1024,1093,1048
r_76.tif,2592,1944,bottle,1047,1024,1093,1048
re_76.tif,2592,1944,bottle,1047,1024,1093,1048
rgb_76.jpg,2592,1944,bottle,1047,1024,1093,1048
g_76.tif,2592,1944,bottle,1094,979,1132,1013
nir_76.tif,2592,1944,bottle,1094,979,1132,1013
r_76.tif,2592,1944,bottle,1094,979,1132,1013
re_76.tif,2592,1944,bottle,1094,979,1132,1013
rgb_76.jpg,2592,1944,bottle,1094,979,1132,1013
g_76.tif,2592,1944,bottle,1072,937,1101,979
nir_76.tif,2592,1944,bottle,1072,937,1101,979
r_76.tif,2592,1944,bottle,1072,937,1101,979
re_76.tif,2592,1944,bottle,1072,937,1101,979
rgb_76.jpg,2592,1944,bottle,1072,937,1101,979
g_76.tif,2592,1944,bottle,1033,925,1068,968
nir_76.tif,2592,1944,bottle,1033,925,1068,968
r_76.tif,2592,1944,bottle,1033,925,1068,968
re_76.tif,2592,1944,bottle,1033,925,1068,968
rgb_76.jpg,2592,1944,bottle,1033,925,1068,968
g_76.tif,2592,1944,bottle,1069,984,1096,1031
nir_76.tif,2592,1944,bottle,1069,984,1096,1031
r_76.tif,2592,1944,bottle,1069,984,1096,1031
re_76.tif,2592,1944,bottle,1069,984,1096,1031
rgb_76.jpg,2592,1944,bottle,1069,984,1096,1031
g_76.tif,2592,1944,bottle,1050,974,1092,1006
nir_76.tif,2592,1944,bottle,1050,974,1092,1006
r_76.tif,2592,1944,bottle,1050,974,1092,1006
re_76.tif,2592,1944,bottle,1050,974,1092,1006
rgb_76.jpg,2592,1944,bottle,1050,974,1092,1006
g_76.tif,2592,1944,bottle,1022,1004,1072,1040
nir_76.tif,2592,1944,bottle,1022,1004,1072,1040
r_76.tif,2592,1944,bottle,1022,1004,1072,1040
re_76.tif,2592,1944,bottle,1022,1004,1072,1040
rgb_76.jpg,2592,1944,bottle,1022,1004,1072,1040
g_76.tif,2592,1944,bottle,952,1050,1000,1085
nir_76.tif,2592,1944,bottle,952,1050,1000,1085
r_76.tif,2592,1944,bottle,952,1050,1000,1085
re_76.tif,2592,1944,bottle,952,1050,1000,1085
rgb_76.jpg,2592,1944,bottle,952,1050,1000,1085
g_76.tif,2592,1944,bottle,1020,957,1060,980
nir_76.tif,2592,1944,bottle,1020,957,1060,980
r_76.tif,2592,1944,bottle,1020,957,1060,980
re_76.tif,2592,1944,bottle,1020,957,1060,980
rgb_76.jpg,2592,1944,bottle,1020,957,1060,980
g_76.tif,2592,1944,bottle,1007,972,1040,1008
nir_76.tif,2592,1944,bottle,1007,972,1040,1008
r_76.tif,2592,1944,bottle,1007,972,1040,1008
re_76.tif,2592,1944,bottle,1007,972,1040,1008
rgb_76.jpg,2592,1944,bottle,1007,972,1040,1008
g_77.tif,2592,1944,bottle,504,675,565,734
nir_77.tif,2592,1944,bottle,504,675,565,734
r_77.tif,2592,1944,bottle,504,675,565,734
re_77.tif,2592,1944,bottle,504,675,565,734
rgb_77.jpg,2592,1944,bottle,504,675,565,734
g_77.tif,2592,1944,bottle,538,658,575,725
nir_77.tif,2592,1944,bottle,538,658,575,725
r_77.tif,2592,1944,bottle,538,658,575,725
re_77.tif,2592,1944,bottle,538,658,575,725
rgb_77.jpg,2592,1944,bottle,538,658,575,725
g_77.tif,2592,1944,bottle,541,705,601,737
nir_77.tif,2592,1944,bottle,541,705,601,737
r_77.tif,2592,1944,bottle,541,705,601,737
re_77.tif,2592,1944,bottle,541,705,601,737
rgb_77.jpg,2592,1944,bottle,541,705,601,737
g_77.tif,2592,1944,bottle,567,701,624,744
nir_77.tif,2592,1944,bottle,567,701,624,744
r_77.tif,2592,1944,bottle,567,701,624,744
re_77.tif,2592,1944,bottle,567,701,624,744
rgb_77.jpg,2592,1944,bottle,567,701,624,744
g_77.tif,2592,1944,bottle,525,726,592,761
nir_77.tif,2592,1944,bottle,525,726,592,761
r_77.tif,2592,1944,bottle,525,726,592,761
re_77.tif,2592,1944,bottle,525,726,592,761
rgb_77.jpg,2592,1944,bottle,525,726,592,761
g_77.tif,2592,1944,bottle,563,726,624,773
nir_77.tif,2592,1944,bottle,563,726,624,773
r_77.tif,2592,1944,bottle,563,726,624,773
re_77.tif,2592,1944,bottle,563,726,624,773
rgb_77.jpg,2592,1944,bottle,563,726,624,773
g_77.tif,2592,1944,bottle,586,767,648,797
nir_77.tif,2592,1944,bottle,586,767,648,797
r_77.tif,2592,1944,bottle,586,767,648,797
re_77.tif,2592,1944,bottle,586,767,648,797
rgb_77.jpg,2592,1944,bottle,586,767,648,797
g_77.tif,2592,1944,bottle,638,758,670,826
nir_77.tif,2592,1944,bottle,638,758,670,826
r_77.tif,2592,1944,bottle,638,758,670,826
re_77.tif,2592,1944,bottle,638,758,670,826
rgb_77.jpg,2592,1944,bottle,638,758,670,826
g_77.tif,2592,1944,bottle,661,747,702,806
nir_77.tif,2592,1944,bottle,661,747,702,806
r_77.tif,2592,1944,bottle,661,747,702,806
re_77.tif,2592,1944,bottle,661,747,702,806
rgb_77.jpg,2592,1944,bottle,661,747,702,806
g_77.tif,2592,1944,bottle,680,779,704,825
nir_77.tif,2592,1944,bottle,680,779,704,825
r_77.tif,2592,1944,bottle,680,779,704,825
re_77.tif,2592,1944,bottle,680,779,704,825
rgb_77.jpg,2592,1944,bottle,680,779,704,825
g_77.tif,2592,1944,bottle,582,791,649,821
nir_77.tif,2592,1944,bottle,582,791,649,821
r_77.tif,2592,1944,bottle,582,791,649,821
re_77.tif,2592,1944,bottle,582,791,649,821
rgb_77.jpg,2592,1944,bottle,582,791,649,821
g_77.tif,2592,1944,bottle,605,793,649,842
nir_77.tif,2592,1944,bottle,605,793,649,842
r_77.tif,2592,1944,bottle,605,793,649,842
re_77.tif,2592,1944,bottle,605,793,649,842
rgb_77.jpg,2592,1944,bottle,605,793,649,842
g_77.tif,2592,1944,bottle,581,809,637,859
nir_77.tif,2592,1944,bottle,581,809,637,859
r_77.tif,2592,1944,bottle,581,809,637,859
re_77.tif,2592,1944,bottle,581,809,637,859
rgb_77.jpg,2592,1944,bottle,581,809,637,859
g_77.tif,2592,1944,bottle,563,816,620,876
nir_77.tif,2592,1944,bottle,563,816,620,876
r_77.tif,2592,1944,bottle,563,816,620,876
re_77.tif,2592,1944,bottle,563,816,620,876
rgb_77.jpg,2592,1944,bottle,563,816,620,876
g_77.tif,2592,1944,bottle,549,830,604,890
nir_77.tif,2592,1944,bottle,549,830,604,890
r_77.tif,2592,1944,bottle,549,830,604,890
re_77.tif,2592,1944,bottle,549,830,604,890
rgb_77.jpg,2592,1944,bottle,549,830,604,890
g_77.tif,2592,1944,bottle,611,868,640,938
nir_77.tif,2592,1944,bottle,611,868,640,938
r_77.tif,2592,1944,bottle,611,868,640,938
re_77.tif,2592,1944,bottle,611,868,640,938
rgb_77.jpg,2592,1944,bottle,611,868,640,938
g_77.tif,2592,1944,bottle,635,880,703,923
nir_77.tif,2592,1944,bottle,635,880,703,923
r_77.tif,2592,1944,bottle,635,880,703,923
re_77.tif,2592,1944,bottle,635,880,703,923
rgb_77.jpg,2592,1944,bottle,635,880,703,923
g_77.tif,2592,1944,bottle,686,880,747,920
nir_77.tif,2592,1944,bottle,686,880,747,920
r_77.tif,2592,1944,bottle,686,880,747,920
re_77.tif,2592,1944,bottle,686,880,747,920
rgb_77.jpg,2592,1944,bottle,686,880,747,920
g_77.tif,2592,1944,bottle,746,871,780,935
nir_77.tif,2592,1944,bottle,746,871,780,935
r_77.tif,2592,1944,bottle,746,871,780,935
re_77.tif,2592,1944,bottle,746,871,780,935
rgb_77.jpg,2592,1944,bottle,746,871,780,935
g_77.tif,2592,1944,bottle,761,817,795,872
nir_77.tif,2592,1944,bottle,761,817,795,872
r_77.tif,2592,1944,bottle,761,817,795,872
re_77.tif,2592,1944,bottle,761,817,795,872
rgb_77.jpg,2592,1944,bottle,761,817,795,872
g_77.tif,2592,1944,bottle,646,915,706,959
nir_77.tif,2592,1944,bottle,646,915,706,959
r_77.tif,2592,1944,bottle,646,915,706,959
re_77.tif,2592,1944,bottle,646,915,706,959
rgb_77.jpg,2592,1944,bottle,646,915,706,959
g_77.tif,2592,1944,bottle,624,927,680,980
nir_77.tif,2592,1944,bottle,624,927,680,980
r_77.tif,2592,1944,bottle,624,927,680,980
re_77.tif,2592,1944,bottle,624,927,680,980
rgb_77.jpg,2592,1944,bottle,624,927,680,980
g_77.tif,2592,1944,bottle,682,936,733,992
nir_77.tif,2592,1944,bottle,682,936,733,992
r_77.tif,2592,1944,bottle,682,936,733,992
re_77.tif,2592,1944,bottle,682,936,733,992
rgb_77.jpg,2592,1944,bottle,682,936,733,992
g_77.tif,2592,1944,bottle,727,930,793,964
nir_77.tif,2592,1944,bottle,727,930,793,964
r_77.tif,2592,1944,bottle,727,930,793,964
re_77.tif,2592,1944,bottle,727,930,793,964
rgb_77.jpg,2592,1944,bottle,727,930,793,964
g_77.tif,2592,1944,bottle,704,900,760,945
nir_77.tif,2592,1944,bottle,704,900,760,945
r_77.tif,2592,1944,bottle,704,900,760,945
re_77.tif,2592,1944,bottle,704,900,760,945
rgb_77.jpg,2592,1944,bottle,704,900,760,945
g_77.tif,2592,1944,bottle,723,881,762,940
nir_77.tif,2592,1944,bottle,723,881,762,940
r_77.tif,2592,1944,bottle,723,881,762,940
re_77.tif,2592,1944,bottle,723,881,762,940
rgb_77.jpg,2592,1944,bottle,723,881,762,940
g_77.tif,2592,1944,bottle,779,905,823,955
nir_77.tif,2592,1944,bottle,779,905,823,955
r_77.tif,2592,1944,bottle,779,905,823,955
re_77.tif,2592,1944,bottle,779,905,823,955
rgb_77.jpg,2592,1944,bottle,779,905,823,955
g_77.tif,2592,1944,bottle,779,939,803,1000
nir_77.tif,2592,1944,bottle,779,939,803,1000
r_77.tif,2592,1944,bottle,779,939,803,1000
re_77.tif,2592,1944,bottle,779,939,803,1000
rgb_77.jpg,2592,1944,bottle,779,939,803,1000
g_77.tif,2592,1944,bottle,701,1040,744,1100
nir_77.tif,2592,1944,bottle,701,1040,744,1100
r_77.tif,2592,1944,bottle,701,1040,744,1100
re_77.tif,2592,1944,bottle,701,1040,744,1100
rgb_77.jpg,2592,1944,bottle,701,1040,744,1100
g_77.tif,2592,1944,bottle,699,1016,761,1059
nir_77.tif,2592,1944,bottle,699,1016,761,1059
r_77.tif,2592,1944,bottle,699,1016,761,1059
re_77.tif,2592,1944,bottle,699,1016,761,1059
rgb_77.jpg,2592,1944,bottle,699,1016,761,1059
g_77.tif,2592,1944,bottle,758,993,807,1045
nir_77.tif,2592,1944,bottle,758,993,807,1045
r_77.tif,2592,1944,bottle,758,993,807,1045
re_77.tif,2592,1944,bottle,758,993,807,1045
rgb_77.jpg,2592,1944,bottle,758,993,807,1045
g_77.tif,2592,1944,bottle,795,1013,859,1058
nir_77.tif,2592,1944,bottle,795,1013,859,1058
r_77.tif,2592,1944,bottle,795,1013,859,1058
re_77.tif,2592,1944,bottle,795,1013,859,1058
rgb_77.jpg,2592,1944,bottle,795,1013,859,1058
g_77.tif,2592,1944,bottle,761,1044,824,1087
nir_77.tif,2592,1944,bottle,761,1044,824,1087
r_77.tif,2592,1944,bottle,761,1044,824,1087
re_77.tif,2592,1944,bottle,761,1044,824,1087
rgb_77.jpg,2592,1944,bottle,761,1044,824,1087
g_77.tif,2592,1944,bottle,746,1056,801,1094
nir_77.tif,2592,1944,bottle,746,1056,801,1094
r_77.tif,2592,1944,bottle,746,1056,801,1094
re_77.tif,2592,1944,bottle,746,1056,801,1094
rgb_77.jpg,2592,1944,bottle,746,1056,801,1094
g_77.tif,2592,1944,bottle,741,1076,805,1111
nir_77.tif,2592,1944,bottle,741,1076,805,1111
r_77.tif,2592,1944,bottle,741,1076,805,1111
re_77.tif,2592,1944,bottle,741,1076,805,1111
rgb_77.jpg,2592,1944,bottle,741,1076,805,1111
g_77.tif,2592,1944,bottle,751,1095,809,1143
nir_77.tif,2592,1944,bottle,751,1095,809,1143
r_77.tif,2592,1944,bottle,751,1095,809,1143
re_77.tif,2592,1944,bottle,751,1095,809,1143
rgb_77.jpg,2592,1944,bottle,751,1095,809,1143
g_77.tif,2592,1944,bottle,718,1102,786,1131
nir_77.tif,2592,1944,bottle,718,1102,786,1131
r_77.tif,2592,1944,bottle,718,1102,786,1131
re_77.tif,2592,1944,bottle,718,1102,786,1131
rgb_77.jpg,2592,1944,bottle,718,1102,786,1131
g_77.tif,2592,1944,bottle,752,1126,826,1159
nir_77.tif,2592,1944,bottle,752,1126,826,1159
r_77.tif,2592,1944,bottle,752,1126,826,1159
re_77.tif,2592,1944,bottle,752,1126,826,1159
rgb_77.jpg,2592,1944,bottle,752,1126,826,1159
g_77.tif,2592,1944,bottle,787,1111,853,1157
nir_77.tif,2592,1944,bottle,787,1111,853,1157
r_77.tif,2592,1944,bottle,787,1111,853,1157
re_77.tif,2592,1944,bottle,787,1111,853,1157
rgb_77.jpg,2592,1944,bottle,787,1111,853,1157
g_77.tif,2592,1944,bottle,801,1099,865,1136
nir_77.tif,2592,1944,bottle,801,1099,865,1136
r_77.tif,2592,1944,bottle,801,1099,865,1136
re_77.tif,2592,1944,bottle,801,1099,865,1136
rgb_77.jpg,2592,1944,bottle,801,1099,865,1136
g_77.tif,2592,1944,bottle,818,1063,863,1128
nir_77.tif,2592,1944,bottle,818,1063,863,1128
r_77.tif,2592,1944,bottle,818,1063,863,1128
re_77.tif,2592,1944,bottle,818,1063,863,1128
rgb_77.jpg,2592,1944,bottle,818,1063,863,1128
g_77.tif,2592,1944,bottle,850,1094,905,1152
nir_77.tif,2592,1944,bottle,850,1094,905,1152
r_77.tif,2592,1944,bottle,850,1094,905,1152
re_77.tif,2592,1944,bottle,850,1094,905,1152
rgb_77.jpg,2592,1944,bottle,850,1094,905,1152
g_77.tif,2592,1944,bottle,894,1083,931,1149
nir_77.tif,2592,1944,bottle,894,1083,931,1149
r_77.tif,2592,1944,bottle,894,1083,931,1149
re_77.tif,2592,1944,bottle,894,1083,931,1149
rgb_77.jpg,2592,1944,bottle,894,1083,931,1149
g_77.tif,2592,1944,bottle,931,1092,992,1139
nir_77.tif,2592,1944,bottle,931,1092,992,1139
r_77.tif,2592,1944,bottle,931,1092,992,1139
re_77.tif,2592,1944,bottle,931,1092,992,1139
rgb_77.jpg,2592,1944,bottle,931,1092,992,1139
g_77.tif,2592,1944,bottle,857,1044,892,1106
nir_77.tif,2592,1944,bottle,857,1044,892,1106
r_77.tif,2592,1944,bottle,857,1044,892,1106
re_77.tif,2592,1944,bottle,857,1044,892,1106
rgb_77.jpg,2592,1944,bottle,857,1044,892,1106
g_77.tif,2592,1944,bottle,846,1049,877,1099
nir_77.tif,2592,1944,bottle,846,1049,877,1099
r_77.tif,2592,1944,bottle,846,1049,877,1099
re_77.tif,2592,1944,bottle,846,1049,877,1099
rgb_77.jpg,2592,1944,bottle,846,1049,877,1099
g_77.tif,2592,1944,bottle,758,1044,826,1088
nir_77.tif,2592,1944,bottle,758,1044,826,1088
r_77.tif,2592,1944,bottle,758,1044,826,1088
re_77.tif,2592,1944,bottle,758,1044,826,1088
rgb_77.jpg,2592,1944,bottle,758,1044,826,1088
g_77.tif,2592,1944,bottle,826,972,850,1039
nir_77.tif,2592,1944,bottle,826,972,850,1039
r_77.tif,2592,1944,bottle,826,972,850,1039
re_77.tif,2592,1944,bottle,826,972,850,1039
rgb_77.jpg,2592,1944,bottle,826,972,850,1039
g_77.tif,2592,1944,bottle,805,959,827,1023
nir_77.tif,2592,1944,bottle,805,959,827,1023
r_77.tif,2592,1944,bottle,805,959,827,1023
re_77.tif,2592,1944,bottle,805,959,827,1023
rgb_77.jpg,2592,1944,bottle,805,959,827,1023
g_77.tif,2592,1944,bottle,811,941,881,968
nir_77.tif,2592,1944,bottle,811,941,881,968
r_77.tif,2592,1944,bottle,811,941,881,968
re_77.tif,2592,1944,bottle,811,941,881,968
rgb_77.jpg,2592,1944,bottle,811,941,881,968
g_77.tif,2592,1944,container,828,937,874,981
nir_77.tif,2592,1944,container,828,937,874,981
r_77.tif,2592,1944,container,828,937,874,981
re_77.tif,2592,1944,container,828,937,874,981
rgb_77.jpg,2592,1944,container,828,937,874,981
g_77.tif,2592,1944,container,804,870,857,938
nir_77.tif,2592,1944,container,804,870,857,938
r_77.tif,2592,1944,container,804,870,857,938
re_77.tif,2592,1944,container,804,870,857,938
rgb_77.jpg,2592,1944,container,804,870,857,938
g_77.tif,2592,1944,container,725,723,820,819
nir_77.tif,2592,1944,container,725,723,820,819
r_77.tif,2592,1944,container,725,723,820,819
re_77.tif,2592,1944,container,725,723,820,819
rgb_77.jpg,2592,1944,container,725,723,820,819
g_77.tif,2592,1944,container,589,967,730,1099
nir_77.tif,2592,1944,container,589,967,730,1099
r_77.tif,2592,1944,container,589,967,730,1099
re_77.tif,2592,1944,container,589,967,730,1099
rgb_77.jpg,2592,1944,container,589,967,730,1099
g_77.tif,2592,1944,container,557,933,605,979
nir_77.tif,2592,1944,container,557,933,605,979
r_77.tif,2592,1944,container,557,933,605,979
re_77.tif,2592,1944,container,557,933,605,979
rgb_77.jpg,2592,1944,container,557,933,605,979
g_77.tif,2592,1944,can,835,865,901,949
nir_77.tif,2592,1944,can,835,865,901,949
r_77.tif,2592,1944,can,835,865,901,949
re_77.tif,2592,1944,can,835,865,901,949
rgb_77.jpg,2592,1944,can,835,865,901,949
g_77.tif,2592,1944,can,763,830,838,913
nir_77.tif,2592,1944,can,763,830,838,913
r_77.tif,2592,1944,can,763,830,838,913
re_77.tif,2592,1944,can,763,830,838,913
rgb_77.jpg,2592,1944,can,763,830,838,913
g_77.tif,2592,1944,can,795,790,879,852
nir_77.tif,2592,1944,can,795,790,879,852
r_77.tif,2592,1944,can,795,790,879,852
re_77.tif,2592,1944,can,795,790,879,852
rgb_77.jpg,2592,1944,can,795,790,879,852
g_77.tif,2592,1944,can,693,745,753,822
nir_77.tif,2592,1944,can,693,745,753,822
r_77.tif,2592,1944,can,693,745,753,822
re_77.tif,2592,1944,can,693,745,753,822
rgb_77.jpg,2592,1944,can,693,745,753,822
g_77.tif,2592,1944,can,667,679,744,746
nir_77.tif,2592,1944,can,667,679,744,746
r_77.tif,2592,1944,can,667,679,744,746
re_77.tif,2592,1944,can,667,679,744,746
rgb_77.jpg,2592,1944,can,667,679,744,746
g_77.tif,2592,1944,can,618,697,695,773
nir_77.tif,2592,1944,can,618,697,695,773
r_77.tif,2592,1944,can,618,697,695,773
re_77.tif,2592,1944,can,618,697,695,773
rgb_77.jpg,2592,1944,can,618,697,695,773
g_77.tif,2592,1944,can,640,821,698,904
nir_77.tif,2592,1944,can,640,821,698,904
r_77.tif,2592,1944,can,640,821,698,904
re_77.tif,2592,1944,can,640,821,698,904
rgb_77.jpg,2592,1944,can,640,821,698,904
g_77.tif,2592,1944,can,695,820,768,882
nir_77.tif,2592,1944,can,695,820,768,882
r_77.tif,2592,1944,can,695,820,768,882
re_77.tif,2592,1944,can,695,820,768,882
rgb_77.jpg,2592,1944,can,695,820,768,882
g_77.tif,2592,1944,can,712,957,783,1034
nir_77.tif,2592,1944,can,712,957,783,1034
r_77.tif,2592,1944,can,712,957,783,1034
re_77.tif,2592,1944,can,712,957,783,1034
rgb_77.jpg,2592,1944,can,712,957,783,1034
g_77.tif,2592,1944,bottle,855,952,918,992
nir_77.tif,2592,1944,bottle,855,952,918,992
r_77.tif,2592,1944,bottle,855,952,918,992
re_77.tif,2592,1944,bottle,855,952,918,992
rgb_77.jpg,2592,1944,bottle,855,952,918,992
g_77.tif,2592,1944,bottle,878,907,923,963
nir_77.tif,2592,1944,bottle,878,907,923,963
r_77.tif,2592,1944,bottle,878,907,923,963
re_77.tif,2592,1944,bottle,878,907,923,963
rgb_77.jpg,2592,1944,bottle,878,907,923,963
g_77.tif,2592,1944,bottle,940,924,979,985
nir_77.tif,2592,1944,bottle,940,924,979,985
r_77.tif,2592,1944,bottle,940,924,979,985
re_77.tif,2592,1944,bottle,940,924,979,985
rgb_77.jpg,2592,1944,bottle,940,924,979,985
g_77.tif,2592,1944,bottle,970,988,1028,1035
nir_77.tif,2592,1944,bottle,970,988,1028,1035
r_77.tif,2592,1944,bottle,970,988,1028,1035
re_77.tif,2592,1944,bottle,970,988,1028,1035
rgb_77.jpg,2592,1944,bottle,970,988,1028,1035
g_77.tif,2592,1944,bottle,896,1055,962,1088
nir_77.tif,2592,1944,bottle,896,1055,962,1088
r_77.tif,2592,1944,bottle,896,1055,962,1088
re_77.tif,2592,1944,bottle,896,1055,962,1088
rgb_77.jpg,2592,1944,bottle,896,1055,962,1088
g_77.tif,2592,1944,bottle,931,1000,970,1062
nir_77.tif,2592,1944,bottle,931,1000,970,1062
r_77.tif,2592,1944,bottle,931,1000,970,1062
re_77.tif,2592,1944,bottle,931,1000,970,1062
rgb_77.jpg,2592,1944,bottle,931,1000,970,1062
g_77.tif,2592,1944,bottle,903,985,961,1027
nir_77.tif,2592,1944,bottle,903,985,961,1027
r_77.tif,2592,1944,bottle,903,985,961,1027
re_77.tif,2592,1944,bottle,903,985,961,1027
rgb_77.jpg,2592,1944,bottle,903,985,961,1027
g_77.tif,2592,1944,bottle,883,973,950,996
nir_77.tif,2592,1944,bottle,883,973,950,996
r_77.tif,2592,1944,bottle,883,973,950,996
re_77.tif,2592,1944,bottle,883,973,950,996
rgb_77.jpg,2592,1944,bottle,883,973,950,996
g_77.tif,2592,1944,bottle,892,1022,935,1078
nir_77.tif,2592,1944,bottle,892,1022,935,1078
r_77.tif,2592,1944,bottle,892,1022,935,1078
re_77.tif,2592,1944,bottle,892,1022,935,1078
rgb_77.jpg,2592,1944,bottle,892,1022,935,1078
g_77.tif,2592,1944,bottle,857,1001,917,1049
nir_77.tif,2592,1944,bottle,857,1001,917,1049
r_77.tif,2592,1944,bottle,857,1001,917,1049
re_77.tif,2592,1944,bottle,857,1001,917,1049
rgb_77.jpg,2592,1944,bottle,857,1001,917,1049
g_77.tif,2592,1944,bottle,857,965,892,1006
nir_77.tif,2592,1944,bottle,857,965,892,1006
r_77.tif,2592,1944,bottle,857,965,892,1006
re_77.tif,2592,1944,bottle,857,965,892,1006
rgb_77.jpg,2592,1944,bottle,857,965,892,1006
g_78.tif,2592,1944,bottle,704,535,775,614
nir_78.tif,2592,1944,bottle,704,535,775,614
r_78.tif,2592,1944,bottle,704,535,775,614
re_78.tif,2592,1944,bottle,704,535,775,614
rgb_78.jpg,2592,1944,bottle,704,535,775,614
g_78.tif,2592,1944,bottle,747,515,789,601
nir_78.tif,2592,1944,bottle,747,515,789,601
r_78.tif,2592,1944,bottle,747,515,789,601
re_78.tif,2592,1944,bottle,747,515,789,601
rgb_78.jpg,2592,1944,bottle,747,515,789,601
g_78.tif,2592,1944,bottle,753,575,821,613
nir_78.tif,2592,1944,bottle,753,575,821,613
r_78.tif,2592,1944,bottle,753,575,821,613
re_78.tif,2592,1944,bottle,753,575,821,613
rgb_78.jpg,2592,1944,bottle,753,575,821,613
g_78.tif,2592,1944,bottle,777,574,856,629
nir_78.tif,2592,1944,bottle,777,574,856,629
r_78.tif,2592,1944,bottle,777,574,856,629
re_78.tif,2592,1944,bottle,777,574,856,629
rgb_78.jpg,2592,1944,bottle,777,574,856,629
g_78.tif,2592,1944,bottle,723,604,818,643
nir_78.tif,2592,1944,bottle,723,604,818,643
r_78.tif,2592,1944,bottle,723,604,818,643
re_78.tif,2592,1944,bottle,723,604,818,643
rgb_78.jpg,2592,1944,bottle,723,604,818,643
g_78.tif,2592,1944,bottle,775,607,852,663
nir_78.tif,2592,1944,bottle,775,607,852,663
r_78.tif,2592,1944,bottle,775,607,852,663
re_78.tif,2592,1944,bottle,775,607,852,663
rgb_78.jpg,2592,1944,bottle,775,607,852,663
g_78.tif,2592,1944,bottle,798,660,875,701
nir_78.tif,2592,1944,bottle,798,660,875,701
r_78.tif,2592,1944,bottle,798,660,875,701
re_78.tif,2592,1944,bottle,798,660,875,701
rgb_78.jpg,2592,1944,bottle,798,660,875,701
g_78.tif,2592,1944,bottle,865,655,900,738
nir_78.tif,2592,1944,bottle,865,655,900,738
r_78.tif,2592,1944,bottle,865,655,900,738
re_78.tif,2592,1944,bottle,865,655,900,738
rgb_78.jpg,2592,1944,bottle,865,655,900,738
g_78.tif,2592,1944,bottle,900,652,944,716
nir_78.tif,2592,1944,bottle,900,652,944,716
r_78.tif,2592,1944,bottle,900,652,944,716
re_78.tif,2592,1944,bottle,900,652,944,716
rgb_78.jpg,2592,1944,bottle,900,652,944,716
g_78.tif,2592,1944,bottle,923,688,945,739
nir_78.tif,2592,1944,bottle,923,688,945,739
r_78.tif,2592,1944,bottle,923,688,945,739
re_78.tif,2592,1944,bottle,923,688,945,739
rgb_78.jpg,2592,1944,bottle,923,688,945,739
g_78.tif,2592,1944,bottle,829,697,875,756
nir_78.tif,2592,1944,bottle,829,697,875,756
r_78.tif,2592,1944,bottle,829,697,875,756
re_78.tif,2592,1944,bottle,829,697,875,756
rgb_78.jpg,2592,1944,bottle,829,697,875,756
g_78.tif,2592,1944,bottle,793,689,875,734
nir_78.tif,2592,1944,bottle,793,689,875,734
r_78.tif,2592,1944,bottle,793,689,875,734
re_78.tif,2592,1944,bottle,793,689,875,734
rgb_78.jpg,2592,1944,bottle,793,689,875,734
g_78.tif,2592,1944,bottle,791,713,860,782
nir_78.tif,2592,1944,bottle,791,713,860,782
r_78.tif,2592,1944,bottle,791,713,860,782
re_78.tif,2592,1944,bottle,791,713,860,782
rgb_78.jpg,2592,1944,bottle,791,713,860,782
g_78.tif,2592,1944,bottle,771,725,833,797
nir_78.tif,2592,1944,bottle,771,725,833,797
r_78.tif,2592,1944,bottle,771,725,833,797
re_78.tif,2592,1944,bottle,771,725,833,797
rgb_78.jpg,2592,1944,bottle,771,725,833,797
g_78.tif,2592,1944,bottle,747,740,812,816
nir_78.tif,2592,1944,bottle,747,740,812,816
r_78.tif,2592,1944,bottle,747,740,812,816
re_78.tif,2592,1944,bottle,747,740,812,816
rgb_78.jpg,2592,1944,bottle,747,740,812,816
g_78.tif,2592,1944,bottle,823,793,859,877
nir_78.tif,2592,1944,bottle,823,793,859,877
r_78.tif,2592,1944,bottle,823,793,859,877
re_78.tif,2592,1944,bottle,823,793,859,877
rgb_78.jpg,2592,1944,bottle,823,793,859,877
g_78.tif,2592,1944,bottle,851,810,936,868
nir_78.tif,2592,1944,bottle,851,810,936,868
r_78.tif,2592,1944,bottle,851,810,936,868
re_78.tif,2592,1944,bottle,851,810,936,868
rgb_78.jpg,2592,1944,bottle,851,810,936,868
g_78.tif,2592,1944,bottle,867,859,941,918
nir_78.tif,2592,1944,bottle,867,859,941,918
r_78.tif,2592,1944,bottle,867,859,941,918
re_78.tif,2592,1944,bottle,867,859,941,918
rgb_78.jpg,2592,1944,bottle,867,859,941,918
g_78.tif,2592,1944,bottle,845,876,905,942
nir_78.tif,2592,1944,bottle,845,876,905,942
r_78.tif,2592,1944,bottle,845,876,905,942
re_78.tif,2592,1944,bottle,845,876,905,942
rgb_78.jpg,2592,1944,bottle,845,876,905,942
g_78.tif,2592,1944,container,748,871,807,931
nir_78.tif,2592,1944,container,748,871,807,931
r_78.tif,2592,1944,container,748,871,807,931
re_78.tif,2592,1944,container,748,871,807,931
rgb_78.jpg,2592,1944,container,748,871,807,931
g_78.tif,2592,1944,container,785,931,964,1092
nir_78.tif,2592,1944,container,785,931,964,1092
r_78.tif,2592,1944,container,785,931,964,1092
re_78.tif,2592,1944,container,785,931,964,1092
rgb_78.jpg,2592,1944,container,785,931,964,1092
g_78.tif,2592,1944,container,1099,903,1157,964
nir_78.tif,2592,1944,container,1099,903,1157,964
r_78.tif,2592,1944,container,1099,903,1157,964
re_78.tif,2592,1944,container,1099,903,1157,964
rgb_78.jpg,2592,1944,container,1099,903,1157,964
g_78.tif,2592,1944,container,1075,816,1145,901
nir_78.tif,2592,1944,container,1075,816,1145,901
r_78.tif,2592,1944,container,1075,816,1145,901
re_78.tif,2592,1944,container,1075,816,1145,901
rgb_78.jpg,2592,1944,container,1075,816,1145,901
g_78.tif,2592,1944,container,975,617,1105,744
nir_78.tif,2592,1944,container,975,617,1105,744
r_78.tif,2592,1944,container,975,617,1105,744
re_78.tif,2592,1944,container,975,617,1105,744
rgb_78.jpg,2592,1944,container,975,617,1105,744
g_78.tif,2592,1944,can,1071,708,1177,794
nir_78.tif,2592,1944,can,1071,708,1177,794
r_78.tif,2592,1944,can,1071,708,1177,794
re_78.tif,2592,1944,can,1071,708,1177,794
rgb_78.jpg,2592,1944,can,1071,708,1177,794
g_78.tif,2592,1944,can,942,637,1016,741
nir_78.tif,2592,1944,can,942,637,1016,741
r_78.tif,2592,1944,can,942,637,1016,741
re_78.tif,2592,1944,can,942,637,1016,741
rgb_78.jpg,2592,1944,can,942,637,1016,741
g_78.tif,2592,1944,can,907,550,1012,646
nir_78.tif,2592,1944,can,907,550,1012,646
r_78.tif,2592,1944,can,907,550,1012,646
re_78.tif,2592,1944,can,907,550,1012,646
rgb_78.jpg,2592,1944,can,907,550,1012,646
g_78.tif,2592,1944,can,845,568,947,675
nir_78.tif,2592,1944,can,845,568,947,675
r_78.tif,2592,1944,can,845,568,947,675
re_78.tif,2592,1944,can,845,568,947,675
rgb_78.jpg,2592,1944,can,845,568,947,675
g_78.tif,2592,1944,can,868,731,945,844
nir_78.tif,2592,1944,can,868,731,945,844
r_78.tif,2592,1944,can,868,731,945,844
re_78.tif,2592,1944,can,868,731,945,844
rgb_78.jpg,2592,1944,can,868,731,945,844
g_78.tif,2592,1944,can,938,740,1032,819
nir_78.tif,2592,1944,can,938,740,1032,819
r_78.tif,2592,1944,can,938,740,1032,819
re_78.tif,2592,1944,can,938,740,1032,819
rgb_78.jpg,2592,1944,can,938,740,1032,819
g_78.tif,2592,1944,can,1027,762,1122,867
nir_78.tif,2592,1944,can,1027,762,1122,867
r_78.tif,2592,1944,can,1027,762,1122,867
re_78.tif,2592,1944,can,1027,762,1122,867
rgb_78.jpg,2592,1944,can,1027,762,1122,867
g_78.tif,2592,1944,can,1117,815,1203,924
nir_78.tif,2592,1944,can,1117,815,1203,924
r_78.tif,2592,1944,can,1117,815,1203,924
re_78.tif,2592,1944,can,1117,815,1203,924
rgb_78.jpg,2592,1944,can,1117,815,1203,924
g_78.tif,2592,1944,can,949,918,1041,1025
nir_78.tif,2592,1944,can,949,918,1041,1025
r_78.tif,2592,1944,can,949,918,1041,1025
re_78.tif,2592,1944,can,949,918,1041,1025
rgb_78.jpg,2592,1944,can,949,918,1041,1025
g_78.tif,2592,1944,bottle,919,816,1001,861
nir_78.tif,2592,1944,bottle,919,816,1001,861
r_78.tif,2592,1944,bottle,919,816,1001,861
re_78.tif,2592,1944,bottle,919,816,1001,861
rgb_78.jpg,2592,1944,bottle,919,816,1001,861
g_78.tif,2592,1944,bottle,940,845,1015,901
nir_78.tif,2592,1944,bottle,940,845,1015,901
r_78.tif,2592,1944,bottle,940,845,1015,901
re_78.tif,2592,1944,bottle,940,845,1015,901
rgb_78.jpg,2592,1944,bottle,940,845,1015,901
g_78.tif,2592,1944,bottle,998,809,1038,890
nir_78.tif,2592,1944,bottle,998,809,1038,890
r_78.tif,2592,1944,bottle,998,809,1038,890
re_78.tif,2592,1944,bottle,998,809,1038,890
rgb_78.jpg,2592,1944,bottle,998,809,1038,890
g_78.tif,2592,1944,bottle,1045,859,1097,938
nir_78.tif,2592,1944,bottle,1045,859,1097,938
r_78.tif,2592,1944,bottle,1045,859,1097,938
re_78.tif,2592,1944,bottle,1045,859,1097,938
rgb_78.jpg,2592,1944,bottle,1045,859,1097,938
g_78.tif,2592,1944,bottle,968,886,1054,931
nir_78.tif,2592,1944,bottle,968,886,1054,931
r_78.tif,2592,1944,bottle,968,886,1054,931
re_78.tif,2592,1944,bottle,968,886,1054,931
rgb_78.jpg,2592,1944,bottle,968,886,1054,931
g_78.tif,2592,1944,bottle,908,892,971,960
nir_78.tif,2592,1944,bottle,908,892,971,960
r_78.tif,2592,1944,bottle,908,892,971,960
re_78.tif,2592,1944,bottle,908,892,971,960
rgb_78.jpg,2592,1944,bottle,908,892,971,960
g_78.tif,2592,1944,bottle,926,1028,977,1106
nir_78.tif,2592,1944,bottle,926,1028,977,1106
r_78.tif,2592,1944,bottle,926,1028,977,1106
re_78.tif,2592,1944,bottle,926,1028,977,1106
rgb_78.jpg,2592,1944,bottle,926,1028,977,1106
g_78.tif,2592,1944,bottle,927,993,1009,1049
nir_78.tif,2592,1944,bottle,927,993,1009,1049
r_78.tif,2592,1944,bottle,927,993,1009,1049
re_78.tif,2592,1944,bottle,927,993,1009,1049
rgb_78.jpg,2592,1944,bottle,927,993,1009,1049
g_78.tif,2592,1944,bottle,945,1110,1030,1145
nir_78.tif,2592,1944,bottle,945,1110,1030,1145
r_78.tif,2592,1944,bottle,945,1110,1030,1145
re_78.tif,2592,1944,bottle,945,1110,1030,1145
rgb_78.jpg,2592,1944,bottle,945,1110,1030,1145
g_78.tif,2592,1944,bottle,991,1105,1063,1170
nir_78.tif,2592,1944,bottle,991,1105,1063,1170
r_78.tif,2592,1944,bottle,991,1105,1063,1170
re_78.tif,2592,1944,bottle,991,1105,1063,1170
rgb_78.jpg,2592,1944,bottle,991,1105,1063,1170
g_78.tif,2592,1944,bottle,994,1147,1075,1192
nir_78.tif,2592,1944,bottle,994,1147,1075,1192
r_78.tif,2592,1944,bottle,994,1147,1075,1192
re_78.tif,2592,1944,bottle,994,1147,1075,1192
rgb_78.jpg,2592,1944,bottle,994,1147,1075,1192
g_78.tif,2592,1944,bottle,1034,1130,1114,1185
nir_78.tif,2592,1944,bottle,1034,1130,1114,1185
r_78.tif,2592,1944,bottle,1034,1130,1114,1185
re_78.tif,2592,1944,bottle,1034,1130,1114,1185
rgb_78.jpg,2592,1944,bottle,1034,1130,1114,1185
g_78.tif,2592,1944,bottle,1056,1109,1134,1164
nir_78.tif,2592,1944,bottle,1056,1109,1134,1164
r_78.tif,2592,1944,bottle,1056,1109,1134,1164
re_78.tif,2592,1944,bottle,1056,1109,1134,1164
rgb_78.jpg,2592,1944,bottle,1056,1109,1134,1164
g_78.tif,2592,1944,bottle,1079,1071,1134,1153
nir_78.tif,2592,1944,bottle,1079,1071,1134,1153
r_78.tif,2592,1944,bottle,1079,1071,1134,1153
re_78.tif,2592,1944,bottle,1079,1071,1134,1153
rgb_78.jpg,2592,1944,bottle,1079,1071,1134,1153
g_78.tif,2592,1944,bottle,1123,1115,1185,1188
nir_78.tif,2592,1944,bottle,1123,1115,1185,1188
r_78.tif,2592,1944,bottle,1123,1115,1185,1188
re_78.tif,2592,1944,bottle,1123,1115,1185,1188
rgb_78.jpg,2592,1944,bottle,1123,1115,1185,1188
g_78.tif,2592,1944,bottle,1176,1095,1218,1186
nir_78.tif,2592,1944,bottle,1176,1095,1218,1186
r_78.tif,2592,1944,bottle,1176,1095,1218,1186
re_78.tif,2592,1944,bottle,1176,1095,1218,1186
rgb_78.jpg,2592,1944,bottle,1176,1095,1218,1186
g_78.tif,2592,1944,bottle,1175,1067,1267,1111
nir_78.tif,2592,1944,bottle,1175,1067,1267,1111
r_78.tif,2592,1944,bottle,1175,1067,1267,1111
re_78.tif,2592,1944,bottle,1175,1067,1267,1111
rgb_78.jpg,2592,1944,bottle,1175,1067,1267,1111
g_78.tif,2592,1944,bottle,1220,1117,1305,1174
nir_78.tif,2592,1944,bottle,1220,1117,1305,1174
r_78.tif,2592,1944,bottle,1220,1117,1305,1174
re_78.tif,2592,1944,bottle,1220,1117,1305,1174
rgb_78.jpg,2592,1944,bottle,1220,1117,1305,1174
g_78.tif,2592,1944,bottle,1225,998,1279,1077
nir_78.tif,2592,1944,bottle,1225,998,1279,1077
r_78.tif,2592,1944,bottle,1225,998,1279,1077
re_78.tif,2592,1944,bottle,1225,998,1279,1077
rgb_78.jpg,2592,1944,bottle,1225,998,1279,1077
g_78.tif,2592,1944,bottle,1281,976,1354,1050
nir_78.tif,2592,1944,bottle,1281,976,1354,1050
r_78.tif,2592,1944,bottle,1281,976,1354,1050
re_78.tif,2592,1944,bottle,1281,976,1354,1050
rgb_78.jpg,2592,1944,bottle,1281,976,1354,1050
g_78.tif,2592,1944,bottle,1245,894,1292,978
nir_78.tif,2592,1944,bottle,1245,894,1292,978
r_78.tif,2592,1944,bottle,1245,894,1292,978
re_78.tif,2592,1944,bottle,1245,894,1292,978
rgb_78.jpg,2592,1944,bottle,1245,894,1292,978
g_78.tif,2592,1944,bottle,1164,868,1228,946
nir_78.tif,2592,1944,bottle,1164,868,1228,946
r_78.tif,2592,1944,bottle,1164,868,1228,946
re_78.tif,2592,1944,bottle,1164,868,1228,946
rgb_78.jpg,2592,1944,bottle,1164,868,1228,946
g_78.tif,2592,1944,bottle,1134,931,1216,970
nir_78.tif,2592,1944,bottle,1134,931,1216,970
r_78.tif,2592,1944,bottle,1134,931,1216,970
re_78.tif,2592,1944,bottle,1134,931,1216,970
rgb_78.jpg,2592,1944,bottle,1134,931,1216,970
g_78.tif,2592,1944,bottle,1145,998,1228,1049
nir_78.tif,2592,1944,bottle,1145,998,1228,1049
r_78.tif,2592,1944,bottle,1145,998,1228,1049
re_78.tif,2592,1944,bottle,1145,998,1228,1049
rgb_78.jpg,2592,1944,bottle,1145,998,1228,1049
g_78.tif,2592,1944,bottle,1055,1007,1137,1061
nir_78.tif,2592,1944,bottle,1055,1007,1137,1061
r_78.tif,2592,1944,bottle,1055,1007,1137,1061
re_78.tif,2592,1944,bottle,1055,1007,1137,1061
rgb_78.jpg,2592,1944,bottle,1055,1007,1137,1061
g_78.tif,2592,1944,bottle,1071,949,1100,1019
nir_78.tif,2592,1944,bottle,1071,949,1100,1019
r_78.tif,2592,1944,bottle,1071,949,1100,1019
re_78.tif,2592,1944,bottle,1071,949,1100,1019
rgb_78.jpg,2592,1944,bottle,1071,949,1100,1019
g_78.tif,2592,1944,bottle,1100,950,1128,1038
nir_78.tif,2592,1944,bottle,1100,950,1128,1038
r_78.tif,2592,1944,bottle,1100,950,1128,1038
re_78.tif,2592,1944,bottle,1100,950,1128,1038
rgb_78.jpg,2592,1944,bottle,1100,950,1128,1038
g_78.tif,2592,1944,bottle,1004,972,1079,1033
nir_78.tif,2592,1944,bottle,1004,972,1079,1033
r_78.tif,2592,1944,bottle,1004,972,1079,1033
re_78.tif,2592,1944,bottle,1004,972,1079,1033
rgb_78.jpg,2592,1944,bottle,1004,972,1079,1033
g_78.tif,2592,1944,bottle,1032,901,1068,982
nir_78.tif,2592,1944,bottle,1032,901,1068,982
r_78.tif,2592,1944,bottle,1032,901,1068,982
re_78.tif,2592,1944,bottle,1032,901,1068,982
rgb_78.jpg,2592,1944,bottle,1032,901,1068,982
g_78.tif,2592,1944,bottle,1053,1002,1138,1061
nir_78.tif,2592,1944,bottle,1053,1002,1138,1061
r_78.tif,2592,1944,bottle,1053,1002,1138,1061
re_78.tif,2592,1944,bottle,1053,1002,1138,1061
rgb_78.jpg,2592,1944,bottle,1053,1002,1138,1061
g_78.tif,2592,1944,bottle,1005,1038,1084,1097
nir_78.tif,2592,1944,bottle,1005,1038,1084,1097
r_78.tif,2592,1944,bottle,1005,1038,1084,1097
re_78.tif,2592,1944,bottle,1005,1038,1084,1097
rgb_78.jpg,2592,1944,bottle,1005,1038,1084,1097
g_78.tif,2592,1944,bottle,986,1050,1062,1108
nir_78.tif,2592,1944,bottle,986,1050,1062,1108
r_78.tif,2592,1944,bottle,986,1050,1062,1108
re_78.tif,2592,1944,bottle,986,1050,1062,1108
rgb_78.jpg,2592,1944,bottle,986,1050,1062,1108
g_78.tif,2592,1944,bottle,984,1075,1060,1126
nir_78.tif,2592,1944,bottle,984,1075,1060,1126
r_78.tif,2592,1944,bottle,984,1075,1060,1126
re_78.tif,2592,1944,bottle,984,1075,1060,1126
rgb_78.jpg,2592,1944,bottle,984,1075,1060,1126
g_78.tif,2592,1944,bottle,1168,1020,1238,1096
nir_78.tif,2592,1944,bottle,1168,1020,1238,1096
r_78.tif,2592,1944,bottle,1168,1020,1238,1096
re_78.tif,2592,1944,bottle,1168,1020,1238,1096
rgb_78.jpg,2592,1944,bottle,1168,1020,1238,1096
g_78.tif,2592,1944,bottle,1139,1004,1218,1055
nir_78.tif,2592,1944,bottle,1139,1004,1218,1055
r_78.tif,2592,1944,bottle,1139,1004,1218,1055
re_78.tif,2592,1944,bottle,1139,1004,1218,1055
rgb_78.jpg,2592,1944,bottle,1139,1004,1218,1055
g_78.tif,2592,1944,bottle,1157,965,1225,1019
nir_78.tif,2592,1944,bottle,1157,965,1225,1019
r_78.tif,2592,1944,bottle,1157,965,1225,1019
re_78.tif,2592,1944,bottle,1157,965,1225,1019
rgb_78.jpg,2592,1944,bottle,1157,965,1225,1019
g_78.tif,2592,1944,bottle,1141,942,1182,1005
nir_78.tif,2592,1944,bottle,1141,942,1182,1005
r_78.tif,2592,1944,bottle,1141,942,1182,1005
re_78.tif,2592,1944,bottle,1141,942,1182,1005
rgb_78.jpg,2592,1944,bottle,1141,942,1182,1005
g_78.tif,2592,1944,bottle,1169,960,1256,990
nir_78.tif,2592,1944,bottle,1169,960,1256,990
r_78.tif,2592,1944,bottle,1169,960,1256,990
re_78.tif,2592,1944,bottle,1169,960,1256,990
rgb_78.jpg,2592,1944,bottle,1169,960,1256,990
g_78.tif,2592,1944,bottle,1133,1037,1192,1088
nir_78.tif,2592,1944,bottle,1133,1037,1192,1088
r_78.tif,2592,1944,bottle,1133,1037,1192,1088
re_78.tif,2592,1944,bottle,1133,1037,1192,1088
rgb_78.jpg,2592,1944,bottle,1133,1037,1192,1088
g_78.tif,2592,1944,bottle,1133,1052,1176,1127
nir_78.tif,2592,1944,bottle,1133,1052,1176,1127
r_78.tif,2592,1944,bottle,1133,1052,1176,1127
re_78.tif,2592,1944,bottle,1133,1052,1176,1127
rgb_78.jpg,2592,1944,bottle,1133,1052,1176,1127
g_78.tif,2592,1944,bottle,1270,1331,1356,1386
nir_78.tif,2592,1944,bottle,1270,1331,1356,1386
r_78.tif,2592,1944,bottle,1270,1331,1356,1386
re_78.tif,2592,1944,bottle,1270,1331,1356,1386
rgb_78.jpg,2592,1944,bottle,1270,1331,1356,1386
g_78.tif,2592,1944,bottle,1463,1604,1521,1680
nir_78.tif,2592,1944,bottle,1463,1604,1521,1680
r_78.tif,2592,1944,bottle,1463,1604,1521,1680
re_78.tif,2592,1944,bottle,1463,1604,1521,1680
rgb_78.jpg,2592,1944,bottle,1463,1604,1521,1680
g_78.tif,2592,1944,bottle,1524,1608,1579,1671
nir_78.tif,2592,1944,bottle,1524,1608,1579,1671
r_78.tif,2592,1944,bottle,1524,1608,1579,1671
re_78.tif,2592,1944,bottle,1524,1608,1579,1671
rgb_78.jpg,2592,1944,bottle,1524,1608,1579,1671
g_78.tif,2592,1944,bottle,1529,1660,1583,1711
nir_78.tif,2592,1944,bottle,1529,1660,1583,1711
r_78.tif,2592,1944,bottle,1529,1660,1583,1711
re_78.tif,2592,1944,bottle,1529,1660,1583,1711
rgb_78.jpg,2592,1944,bottle,1529,1660,1583,1711
g_79.tif,2592,1944,bottle,368,291,473,403
nir_79.tif,2592,1944,bottle,368,291,473,403
r_79.tif,2592,1944,bottle,368,291,473,403
re_79.tif,2592,1944,bottle,368,291,473,403
rgb_79.jpg,2592,1944,bottle,368,291,473,403
g_79.tif,2592,1944,bottle,443,260,508,380
nir_79.tif,2592,1944,bottle,443,260,508,380
r_79.tif,2592,1944,bottle,443,260,508,380
re_79.tif,2592,1944,bottle,443,260,508,380
rgb_79.jpg,2592,1944,bottle,443,260,508,380
g_79.tif,2592,1944,bottle,445,355,559,407
nir_79.tif,2592,1944,bottle,445,355,559,407
r_79.tif,2592,1944,bottle,445,355,559,407
re_79.tif,2592,1944,bottle,445,355,559,407
rgb_79.jpg,2592,1944,bottle,445,355,559,407
g_79.tif,2592,1944,bottle,489,344,618,428
nir_79.tif,2592,1944,bottle,489,344,618,428
r_79.tif,2592,1944,bottle,489,344,618,428
re_79.tif,2592,1944,bottle,489,344,618,428
rgb_79.jpg,2592,1944,bottle,489,344,618,428
g_79.tif,2592,1944,bottle,396,400,530,463
nir_79.tif,2592,1944,bottle,396,400,530,463
r_79.tif,2592,1944,bottle,396,400,530,463
re_79.tif,2592,1944,bottle,396,400,530,463
rgb_79.jpg,2592,1944,bottle,396,400,530,463
g_79.tif,2592,1944,bottle,484,400,608,494
nir_79.tif,2592,1944,bottle,484,400,608,494
r_79.tif,2592,1944,bottle,484,400,608,494
re_79.tif,2592,1944,bottle,484,400,608,494
rgb_79.jpg,2592,1944,bottle,484,400,608,494
g_79.tif,2592,1944,bottle,522,488,642,551
nir_79.tif,2592,1944,bottle,522,488,642,551
r_79.tif,2592,1944,bottle,522,488,642,551
re_79.tif,2592,1944,bottle,522,488,642,551
rgb_79.jpg,2592,1944,bottle,522,488,642,551
g_79.tif,2592,1944,bottle,632,477,692,603
nir_79.tif,2592,1944,bottle,632,477,692,603
r_79.tif,2592,1944,bottle,632,477,692,603
re_79.tif,2592,1944,bottle,632,477,692,603
rgb_79.jpg,2592,1944,bottle,632,477,692,603
g_79.tif,2592,1944,bottle,674,466,758,577
nir_79.tif,2592,1944,bottle,674,466,758,577
r_79.tif,2592,1944,bottle,674,466,758,577
re_79.tif,2592,1944,bottle,674,466,758,577
rgb_79.jpg,2592,1944,bottle,674,466,758,577
g_79.tif,2592,1944,bottle,709,534,749,614
nir_79.tif,2592,1944,bottle,709,534,749,614
r_79.tif,2592,1944,bottle,709,534,749,614
re_79.tif,2592,1944,bottle,709,534,749,614
rgb_79.jpg,2592,1944,bottle,709,534,749,614
g_79.tif,2592,1944,bottle,506,533,646,592
nir_79.tif,2592,1944,bottle,506,533,646,592
r_79.tif,2592,1944,bottle,506,533,646,592
re_79.tif,2592,1944,bottle,506,533,646,592
rgb_79.jpg,2592,1944,bottle,506,533,646,592
g_79.tif,2592,1944,bottle,551,543,641,643
nir_79.tif,2592,1944,bottle,551,543,641,643
r_79.tif,2592,1944,bottle,551,543,641,643
re_79.tif,2592,1944,bottle,551,543,641,643
rgb_79.jpg,2592,1944,bottle,551,543,641,643
g_79.tif,2592,1944,bottle,501,566,613,675
nir_79.tif,2592,1944,bottle,501,566,613,675
r_79.tif,2592,1944,bottle,501,566,613,675
re_79.tif,2592,1944,bottle,501,566,613,675
rgb_79.jpg,2592,1944,bottle,501,566,613,675
g_79.tif,2592,1944,bottle,463,581,570,701
nir_79.tif,2592,1944,bottle,463,581,570,701
r_79.tif,2592,1944,bottle,463,581,570,701
re_79.tif,2592,1944,bottle,463,581,570,701
rgb_79.jpg,2592,1944,bottle,463,581,570,701
g_79.tif,2592,1944,bottle,430,607,535,727
nir_79.tif,2592,1944,bottle,430,607,535,727
r_79.tif,2592,1944,bottle,430,607,535,727
re_79.tif,2592,1944,bottle,430,607,535,727
rgb_79.jpg,2592,1944,bottle,430,607,535,727
g_79.tif,2592,1944,bottle,556,695,614,838
nir_79.tif,2592,1944,bottle,556,695,614,838
r_79.tif,2592,1944,bottle,556,695,614,838
re_79.tif,2592,1944,bottle,556,695,614,838
rgb_79.jpg,2592,1944,bottle,556,695,614,838
g_79.tif,2592,1944,bottle,600,727,729,814
nir_79.tif,2592,1944,bottle,600,727,729,814
r_79.tif,2592,1944,bottle,600,727,729,814
re_79.tif,2592,1944,bottle,600,727,729,814
rgb_79.jpg,2592,1944,bottle,600,727,729,814
g_79.tif,2592,1944,bottle,624,799,739,896
nir_79.tif,2592,1944,bottle,624,799,739,896
r_79.tif,2592,1944,bottle,624,799,739,896
re_79.tif,2592,1944,bottle,624,799,739,896
rgb_79.jpg,2592,1944,bottle,624,799,739,896
g_79.tif,2592,1944,bottle,576,819,684,934
nir_79.tif,2592,1944,bottle,576,819,684,934
r_79.tif,2592,1944,bottle,576,819,684,934
re_79.tif,2592,1944,bottle,576,819,684,934
rgb_79.jpg,2592,1944,bottle,576,819,684,934
g_79.tif,2592,1944,container,434,822,524,914
nir_79.tif,2592,1944,container,434,822,524,914
r_79.tif,2592,1944,container,434,822,524,914
re_79.tif,2592,1944,container,434,822,524,914
rgb_79.jpg,2592,1944,container,434,822,524,914
g_79.tif,2592,1944,container,481,911,779,1171
nir_79.tif,2592,1944,container,481,911,779,1171
r_79.tif,2592,1944,container,481,911,779,1171
re_79.tif,2592,1944,container,481,911,779,1171
rgb_79.jpg,2592,1944,container,481,911,779,1171
g_79.tif,2592,1944,container,946,725,1063,877
nir_79.tif,2592,1944,container,946,725,1063,877
r_79.tif,2592,1944,container,946,725,1063,877
re_79.tif,2592,1944,container,946,725,1063,877
rgb_79.jpg,2592,1944,container,946,725,1063,877
g_79.tif,2592,1944,container,992,869,1090,967
nir_79.tif,2592,1944,container,992,869,1090,967
r_79.tif,2592,1944,container,992,869,1090,967
re_79.tif,2592,1944,container,992,869,1090,967
rgb_79.jpg,2592,1944,container,992,869,1090,967
g_79.tif,2592,1944,container,812,419,998,614
nir_79.tif,2592,1944,container,812,419,998,614
r_79.tif,2592,1944,container,812,419,998,614
re_79.tif,2592,1944,container,812,419,998,614
rgb_79.jpg,2592,1944,container,812,419,998,614
g_79.tif,2592,1944,bottle,705,736,834,802
nir_79.tif,2592,1944,bottle,705,736,834,802
r_79.tif,2592,1944,bottle,705,736,834,802
re_79.tif,2592,1944,bottle,705,736,834,802
rgb_79.jpg,2592,1944,bottle,705,736,834,802
g_79.tif,2592,1944,bottle,740,773,863,866
nir_79.tif,2592,1944,bottle,740,773,863,866
r_79.tif,2592,1944,bottle,740,773,863,866
re_79.tif,2592,1944,bottle,740,773,863,866
rgb_79.jpg,2592,1944,bottle,740,773,863,866
g_79.tif,2592,1944,bottle,836,726,897,847
nir_79.tif,2592,1944,bottle,836,726,897,847
r_79.tif,2592,1944,bottle,836,726,897,847
re_79.tif,2592,1944,bottle,836,726,897,847
rgb_79.jpg,2592,1944,bottle,836,726,897,847
g_79.tif,2592,1944,bottle,785,843,928,912
nir_79.tif,2592,1944,bottle,785,843,928,912
r_79.tif,2592,1944,bottle,785,843,928,912
re_79.tif,2592,1944,bottle,785,843,928,912
rgb_79.jpg,2592,1944,bottle,785,843,928,912
g_79.tif,2592,1944,bottle,900,791,986,905
nir_79.tif,2592,1944,bottle,900,791,986,905
r_79.tif,2592,1944,bottle,900,791,986,905
re_79.tif,2592,1944,bottle,900,791,986,905
rgb_79.jpg,2592,1944,bottle,900,791,986,905
g_79.tif,2592,1944,bottle,883,867,933,1001
nir_79.tif,2592,1944,bottle,883,867,933,1001
r_79.tif,2592,1944,bottle,883,867,933,1001
re_79.tif,2592,1944,bottle,883,867,933,1001
rgb_79.jpg,2592,1944,bottle,883,867,933,1001
g_79.tif,2592,1944,bottle,944,916,993,1061
nir_79.tif,2592,1944,bottle,944,916,993,1061
r_79.tif,2592,1944,bottle,944,916,993,1061
re_79.tif,2592,1944,bottle,944,916,993,1061
rgb_79.jpg,2592,1944,bottle,944,916,993,1061
g_79.tif,2592,1944,bottle,988,945,1036,1083
nir_79.tif,2592,1944,bottle,988,945,1036,1083
r_79.tif,2592,1944,bottle,988,945,1036,1083
re_79.tif,2592,1944,bottle,988,945,1036,1083
rgb_79.jpg,2592,1944,bottle,988,945,1036,1083
g_79.tif,2592,1944,bottle,922,1031,1045,1124
nir_79.tif,2592,1944,bottle,922,1031,1045,1124
r_79.tif,2592,1944,bottle,922,1031,1045,1124
re_79.tif,2592,1944,bottle,922,1031,1045,1124
rgb_79.jpg,2592,1944,bottle,922,1031,1045,1124
g_79.tif,2592,1944,bottle,837,985,943,1089
nir_79.tif,2592,1944,bottle,837,985,943,1089
r_79.tif,2592,1944,bottle,837,985,943,1089
re_79.tif,2592,1944,bottle,837,985,943,1089
rgb_79.jpg,2592,1944,bottle,837,985,943,1089
g_79.tif,2592,1944,bottle,718,1015,842,1111
nir_79.tif,2592,1944,bottle,718,1015,842,1111
r_79.tif,2592,1944,bottle,718,1015,842,1111
re_79.tif,2592,1944,bottle,718,1015,842,1111
rgb_79.jpg,2592,1944,bottle,718,1015,842,1111
g_79.tif,2592,1944,bottle,710,1067,810,1189
nir_79.tif,2592,1944,bottle,710,1067,810,1189
r_79.tif,2592,1944,bottle,710,1067,810,1189
re_79.tif,2592,1944,bottle,710,1067,810,1189
rgb_79.jpg,2592,1944,bottle,710,1067,810,1189
g_79.tif,2592,1944,bottle,685,854,796,963
nir_79.tif,2592,1944,bottle,685,854,796,963
r_79.tif,2592,1944,bottle,685,854,796,963
re_79.tif,2592,1944,bottle,685,854,796,963
rgb_79.jpg,2592,1944,bottle,685,854,796,963
g_79.tif,2592,1944,bottle,783,743,860,864
nir_79.tif,2592,1944,bottle,783,743,860,864
r_79.tif,2592,1944,bottle,783,743,860,864
re_79.tif,2592,1944,bottle,783,743,860,864
rgb_79.jpg,2592,1944,bottle,783,743,860,864
g_79.tif,2592,1944,bottle,904,870,1004,966
nir_79.tif,2592,1944,bottle,904,870,1004,966
r_79.tif,2592,1944,bottle,904,870,1004,966
re_79.tif,2592,1944,bottle,904,870,1004,966
rgb_79.jpg,2592,1944,bottle,904,870,1004,966
g_79.tif,2592,1944,bottle,1100,821,1203,934
nir_79.tif,2592,1944,bottle,1100,821,1203,934
r_79.tif,2592,1944,bottle,1100,821,1203,934
re_79.tif,2592,1944,bottle,1100,821,1203,934
rgb_79.jpg,2592,1944,bottle,1100,821,1203,934
g_79.tif,2592,1944,bottle,1228,861,1305,987
nir_79.tif,2592,1944,bottle,1228,861,1305,987
r_79.tif,2592,1944,bottle,1228,861,1305,987
re_79.tif,2592,1944,bottle,1228,861,1305,987
rgb_79.jpg,2592,1944,bottle,1228,861,1305,987
g_79.tif,2592,1944,bottle,1048,912,1178,977
nir_79.tif,2592,1944,bottle,1048,912,1178,977
r_79.tif,2592,1944,bottle,1048,912,1178,977
re_79.tif,2592,1944,bottle,1048,912,1178,977
rgb_79.jpg,2592,1944,bottle,1048,912,1178,977
g_79.tif,2592,1944,bottle,1052,936,1133,1049
nir_79.tif,2592,1944,bottle,1052,936,1133,1049
r_79.tif,2592,1944,bottle,1052,936,1133,1049
re_79.tif,2592,1944,bottle,1052,936,1133,1049
rgb_79.jpg,2592,1944,bottle,1052,936,1133,1049
g_79.tif,2592,1944,bottle,1092,967,1190,1063
nir_79.tif,2592,1944,bottle,1092,967,1190,1063
r_79.tif,2592,1944,bottle,1092,967,1190,1063
re_79.tif,2592,1944,bottle,1092,967,1190,1063
rgb_79.jpg,2592,1944,bottle,1092,967,1190,1063
g_79.tif,2592,1944,bottle,1052,1024,1183,1109
nir_79.tif,2592,1944,bottle,1052,1024,1183,1109
r_79.tif,2592,1944,bottle,1052,1024,1183,1109
re_79.tif,2592,1944,bottle,1052,1024,1183,1109
rgb_79.jpg,2592,1944,bottle,1052,1024,1183,1109
g_79.tif,2592,1944,bottle,1143,986,1264,1064
nir_79.tif,2592,1944,bottle,1143,986,1264,1064
r_79.tif,2592,1944,bottle,1143,986,1264,1064
re_79.tif,2592,1944,bottle,1143,986,1264,1064
rgb_79.jpg,2592,1944,bottle,1143,986,1264,1064
g_79.tif,2592,1944,bottle,1285,997,1399,1103
nir_79.tif,2592,1944,bottle,1285,997,1399,1103
r_79.tif,2592,1944,bottle,1285,997,1399,1103
re_79.tif,2592,1944,bottle,1285,997,1399,1103
rgb_79.jpg,2592,1944,bottle,1285,997,1399,1103
g_79.tif,2592,1944,bottle,1195,1026,1283,1148
nir_79.tif,2592,1944,bottle,1195,1026,1283,1148
r_79.tif,2592,1944,bottle,1195,1026,1283,1148
re_79.tif,2592,1944,bottle,1195,1026,1283,1148
rgb_79.jpg,2592,1944,bottle,1195,1026,1283,1148
g_79.tif,2592,1944,bottle,1108,1065,1214,1169
nir_79.tif,2592,1944,bottle,1108,1065,1214,1169
r_79.tif,2592,1944,bottle,1108,1065,1214,1169
re_79.tif,2592,1944,bottle,1108,1065,1214,1169
rgb_79.jpg,2592,1944,bottle,1108,1065,1214,1169
g_79.tif,2592,1944,bottle,1068,1064,1193,1143
nir_79.tif,2592,1944,bottle,1068,1064,1193,1143
r_79.tif,2592,1944,bottle,1068,1064,1193,1143
re_79.tif,2592,1944,bottle,1068,1064,1193,1143
rgb_79.jpg,2592,1944,bottle,1068,1064,1193,1143
g_79.tif,2592,1944,bottle,1123,1139,1259,1198
nir_79.tif,2592,1944,bottle,1123,1139,1259,1198
r_79.tif,2592,1944,bottle,1123,1139,1259,1198
re_79.tif,2592,1944,bottle,1123,1139,1259,1198
rgb_79.jpg,2592,1944,bottle,1123,1139,1259,1198
g_79.tif,2592,1944,bottle,1012,1123,1086,1216
nir_79.tif,2592,1944,bottle,1012,1123,1086,1216
r_79.tif,2592,1944,bottle,1012,1123,1086,1216
re_79.tif,2592,1944,bottle,1012,1123,1086,1216
rgb_79.jpg,2592,1944,bottle,1012,1123,1086,1216
g_79.tif,2592,1944,bottle,1044,1100,1114,1231
nir_79.tif,2592,1944,bottle,1044,1100,1114,1231
r_79.tif,2592,1944,bottle,1044,1100,1114,1231
re_79.tif,2592,1944,bottle,1044,1100,1114,1231
rgb_79.jpg,2592,1944,bottle,1044,1100,1114,1231
g_79.tif,2592,1944,bottle,841,1086,968,1180
nir_79.tif,2592,1944,bottle,841,1086,968,1180
r_79.tif,2592,1944,bottle,841,1086,968,1180
re_79.tif,2592,1944,bottle,841,1086,968,1180
rgb_79.jpg,2592,1944,bottle,841,1086,968,1180
g_79.tif,2592,1944,bottle,962,1138,1046,1273
nir_79.tif,2592,1944,bottle,962,1138,1046,1273
r_79.tif,2592,1944,bottle,962,1138,1046,1273
re_79.tif,2592,1944,bottle,962,1138,1046,1273
rgb_79.jpg,2592,1944,bottle,962,1138,1046,1273
g_79.tif,2592,1944,bottle,1027,1214,1129,1323
nir_79.tif,2592,1944,bottle,1027,1214,1129,1323
r_79.tif,2592,1944,bottle,1027,1214,1129,1323
re_79.tif,2592,1944,bottle,1027,1214,1129,1323
rgb_79.jpg,2592,1944,bottle,1027,1214,1129,1323
g_79.tif,2592,1944,bottle,1116,1185,1174,1319
nir_79.tif,2592,1944,bottle,1116,1185,1174,1319
r_79.tif,2592,1944,bottle,1116,1185,1174,1319
re_79.tif,2592,1944,bottle,1116,1185,1174,1319
rgb_79.jpg,2592,1944,bottle,1116,1185,1174,1319
g_79.tif,2592,1944,bottle,1189,1216,1323,1300
nir_79.tif,2592,1944,bottle,1189,1216,1323,1300
r_79.tif,2592,1944,bottle,1189,1216,1323,1300
re_79.tif,2592,1944,bottle,1189,1216,1323,1300
rgb_79.jpg,2592,1944,bottle,1189,1216,1323,1300
g_79.tif,2592,1944,bottle,887,1232,1014,1325
nir_79.tif,2592,1944,bottle,887,1232,1014,1325
r_79.tif,2592,1944,bottle,887,1232,1014,1325
re_79.tif,2592,1944,bottle,887,1232,1014,1325
rgb_79.jpg,2592,1944,bottle,887,1232,1014,1325
g_79.tif,2592,1944,bottle,826,1268,958,1330
nir_79.tif,2592,1944,bottle,826,1268,958,1330
r_79.tif,2592,1944,bottle,826,1268,958,1330
re_79.tif,2592,1944,bottle,826,1268,958,1330
rgb_79.jpg,2592,1944,bottle,826,1268,958,1330
g_79.tif,2592,1944,bottle,743,1209,874,1253
nir_79.tif,2592,1944,bottle,743,1209,874,1253
r_79.tif,2592,1944,bottle,743,1209,874,1253
re_79.tif,2592,1944,bottle,743,1209,874,1253
rgb_79.jpg,2592,1944,bottle,743,1209,874,1253
g_79.tif,2592,1944,bottle,815,1191,929,1293
nir_79.tif,2592,1944,bottle,815,1191,929,1293
r_79.tif,2592,1944,bottle,815,1191,929,1293
re_79.tif,2592,1944,bottle,815,1191,929,1293
rgb_79.jpg,2592,1944,bottle,815,1191,929,1293
g_79.tif,2592,1944,bottle,916,1207,1046,1288
nir_79.tif,2592,1944,bottle,916,1207,1046,1288
r_79.tif,2592,1944,bottle,916,1207,1046,1288
re_79.tif,2592,1944,bottle,916,1207,1046,1288
rgb_79.jpg,2592,1944,bottle,916,1207,1046,1288
g_79.tif,2592,1944,bottle,806,1154,934,1226
nir_79.tif,2592,1944,bottle,806,1154,934,1226
r_79.tif,2592,1944,bottle,806,1154,934,1226
re_79.tif,2592,1944,bottle,806,1154,934,1226
rgb_79.jpg,2592,1944,bottle,806,1154,934,1226
g_79.tif,2592,1944,bottle,861,1071,1007,1134
nir_79.tif,2592,1944,bottle,861,1071,1007,1134
r_79.tif,2592,1944,bottle,861,1071,1007,1134
re_79.tif,2592,1944,bottle,861,1071,1007,1134
rgb_79.jpg,2592,1944,bottle,861,1071,1007,1134
g_79.tif,2592,1944,can,1017,732,1155,899
nir_79.tif,2592,1944,can,1017,732,1155,899
r_79.tif,2592,1944,can,1017,732,1155,899
re_79.tif,2592,1944,can,1017,732,1155,899
rgb_79.jpg,2592,1944,can,1017,732,1155,899
g_79.tif,2592,1944,can,743,894,899,1062
nir_79.tif,2592,1944,can,743,894,899,1062
r_79.tif,2592,1944,can,743,894,899,1062
re_79.tif,2592,1944,can,743,894,899,1062
rgb_79.jpg,2592,1944,can,743,894,899,1062
g_79.tif,2592,1944,can,872,644,1027,813
nir_79.tif,2592,1944,can,872,644,1027,813
r_79.tif,2592,1944,can,872,644,1027,813
re_79.tif,2592,1944,can,872,644,1027,813
rgb_79.jpg,2592,1944,can,872,644,1027,813
g_79.tif,2592,1944,can,948,562,1121,694
nir_79.tif,2592,1944,can,948,562,1121,694
r_79.tif,2592,1944,can,948,562,1121,694
re_79.tif,2592,1944,can,948,562,1121,694
rgb_79.jpg,2592,1944,can,948,562,1121,694
g_79.tif,2592,1944,can,704,602,884,736
nir_79.tif,2592,1944,can,704,602,884,736
r_79.tif,2592,1944,can,704,602,884,736
re_79.tif,2592,1944,can,704,602,884,736
rgb_79.jpg,2592,1944,can,704,602,884,736
g_79.tif,2592,1944,can,618,599,747,773
nir_79.tif,2592,1944,can,618,599,747,773
r_79.tif,2592,1944,can,618,599,747,773
re_79.tif,2592,1944,can,618,599,747,773
rgb_79.jpg,2592,1944,can,618,599,747,773
g_79.tif,2592,1944,can,745,439,865,610
nir_79.tif,2592,1944,can,745,439,865,610
r_79.tif,2592,1944,can,745,439,865,610
re_79.tif,2592,1944,can,745,439,865,610
rgb_79.jpg,2592,1944,can,745,439,865,610
g_79.tif,2592,1944,can,591,344,748,502
nir_79.tif,2592,1944,can,591,344,748,502
r_79.tif,2592,1944,can,591,344,748,502
re_79.tif,2592,1944,can,591,344,748,502
rgb_79.jpg,2592,1944,can,591,344,748,502
g_79.tif,2592,1944,can,697,318,855,463
nir_79.tif,2592,1944,can,697,318,855,463
r_79.tif,2592,1944,can,697,318,855,463
re_79.tif,2592,1944,can,697,318,855,463
rgb_79.jpg,2592,1944,can,697,318,855,463
g_79.tif,2592,1944,bottle,1263,1561,1403,1648
nir_79.tif,2592,1944,bottle,1263,1561,1403,1648
r_79.tif,2592,1944,bottle,1263,1561,1403,1648
re_79.tif,2592,1944,bottle,1263,1561,1403,1648
rgb_79.jpg,2592,1944,bottle,1263,1561,1403,1648
g_8.tif,2592,1944,bottle,431,209,557,278
nir_8.tif,2592,1944,bottle,431,209,557,278
r_8.tif,2592,1944,bottle,431,209,557,278
re_8.tif,2592,1944,bottle,431,209,557,278
rgb_8.jpg,2592,1944,bottle,431,209,557,278
g_8.tif,2592,1944,bottle,562,140,673,238
nir_8.tif,2592,1944,bottle,562,140,673,238
r_8.tif,2592,1944,bottle,562,140,673,238
re_8.tif,2592,1944,bottle,562,140,673,238
rgb_8.jpg,2592,1944,bottle,562,140,673,238
g_8.tif,2592,1944,bottle,538,90,628,169
nir_8.tif,2592,1944,bottle,538,90,628,169
r_8.tif,2592,1944,bottle,538,90,628,169
re_8.tif,2592,1944,bottle,538,90,628,169
rgb_8.jpg,2592,1944,bottle,538,90,628,169
g_8.tif,2592,1944,bottle,1052,490,1129,611
nir_8.tif,2592,1944,bottle,1052,490,1129,611
r_8.tif,2592,1944,bottle,1052,490,1129,611
re_8.tif,2592,1944,bottle,1052,490,1129,611
rgb_8.jpg,2592,1944,bottle,1052,490,1129,611
g_8.tif,2592,1944,bottle,1011,519,1085,649
nir_8.tif,2592,1944,bottle,1011,519,1085,649
r_8.tif,2592,1944,bottle,1011,519,1085,649
re_8.tif,2592,1944,bottle,1011,519,1085,649
rgb_8.jpg,2592,1944,bottle,1011,519,1085,649
g_8.tif,2592,1944,bottle,914,585,1045,661
nir_8.tif,2592,1944,bottle,914,585,1045,661
r_8.tif,2592,1944,bottle,914,585,1045,661
re_8.tif,2592,1944,bottle,914,585,1045,661
rgb_8.jpg,2592,1944,bottle,914,585,1045,661
g_8.tif,2592,1944,bottle,914,635,1042,711
nir_8.tif,2592,1944,bottle,914,635,1042,711
r_8.tif,2592,1944,bottle,914,635,1042,711
re_8.tif,2592,1944,bottle,914,635,1042,711
rgb_8.jpg,2592,1944,bottle,914,635,1042,711
g_8.tif,2592,1944,bottle,1123,657,1221,766
nir_8.tif,2592,1944,bottle,1123,657,1221,766
r_8.tif,2592,1944,bottle,1123,657,1221,766
re_8.tif,2592,1944,bottle,1123,657,1221,766
rgb_8.jpg,2592,1944,bottle,1123,657,1221,766
g_8.tif,2592,1944,bottle,738,900,864,974
nir_8.tif,2592,1944,bottle,738,900,864,974
r_8.tif,2592,1944,bottle,738,900,864,974
re_8.tif,2592,1944,bottle,738,900,864,974
rgb_8.jpg,2592,1944,bottle,738,900,864,974
g_8.tif,2592,1944,bottle,1245,792,1329,924
nir_8.tif,2592,1944,bottle,1245,792,1329,924
r_8.tif,2592,1944,bottle,1245,792,1329,924
re_8.tif,2592,1944,bottle,1245,792,1329,924
rgb_8.jpg,2592,1944,bottle,1245,792,1329,924
g_8.tif,2592,1944,bottle,1783,674,1907,764
nir_8.tif,2592,1944,bottle,1783,674,1907,764
r_8.tif,2592,1944,bottle,1783,674,1907,764
re_8.tif,2592,1944,bottle,1783,674,1907,764
rgb_8.jpg,2592,1944,bottle,1783,674,1907,764
g_8.tif,2592,1944,bottle,1623,938,1735,1054
nir_8.tif,2592,1944,bottle,1623,938,1735,1054
r_8.tif,2592,1944,bottle,1623,938,1735,1054
re_8.tif,2592,1944,bottle,1623,938,1735,1054
rgb_8.jpg,2592,1944,bottle,1623,938,1735,1054
g_8.tif,2592,1944,bottle,2078,949,2178,1074
nir_8.tif,2592,1944,bottle,2078,949,2178,1074
r_8.tif,2592,1944,bottle,2078,949,2178,1074
re_8.tif,2592,1944,bottle,2078,949,2178,1074
rgb_8.jpg,2592,1944,bottle,2078,949,2178,1074
g_8.tif,2592,1944,bottle,2535,1061,2592,1140
nir_8.tif,2592,1944,bottle,2535,1061,2592,1140
r_8.tif,2592,1944,bottle,2535,1061,2592,1140
re_8.tif,2592,1944,bottle,2535,1061,2592,1140
rgb_8.jpg,2592,1944,bottle,2535,1061,2592,1140
g_8.tif,2592,1944,bottle,2443,1452,2583,1545
nir_8.tif,2592,1944,bottle,2443,1452,2583,1545
r_8.tif,2592,1944,bottle,2443,1452,2583,1545
re_8.tif,2592,1944,bottle,2443,1452,2583,1545
rgb_8.jpg,2592,1944,bottle,2443,1452,2583,1545
g_8.tif,2592,1944,bottle,1495,1418,1638,1516
nir_8.tif,2592,1944,bottle,1495,1418,1638,1516
r_8.tif,2592,1944,bottle,1495,1418,1638,1516
re_8.tif,2592,1944,bottle,1495,1418,1638,1516
rgb_8.jpg,2592,1944,bottle,1495,1418,1638,1516
g_8.tif,2592,1944,bottle,2219,1768,2324,1895
nir_8.tif,2592,1944,bottle,2219,1768,2324,1895
r_8.tif,2592,1944,bottle,2219,1768,2324,1895
re_8.tif,2592,1944,bottle,2219,1768,2324,1895
rgb_8.jpg,2592,1944,bottle,2219,1768,2324,1895
g_8.tif,2592,1944,container,2188,1492,2324,1637
nir_8.tif,2592,1944,container,2188,1492,2324,1637
r_8.tif,2592,1944,container,2188,1492,2324,1637
re_8.tif,2592,1944,container,2188,1492,2324,1637
rgb_8.jpg,2592,1944,container,2188,1492,2324,1637
g_8.tif,2592,1944,can,2298,1364,2461,1514
nir_8.tif,2592,1944,can,2298,1364,2461,1514
r_8.tif,2592,1944,can,2298,1364,2461,1514
re_8.tif,2592,1944,can,2298,1364,2461,1514
rgb_8.jpg,2592,1944,can,2298,1364,2461,1514
g_8.tif,2592,1944,can,2288,1521,2481,1671
nir_8.tif,2592,1944,can,2288,1521,2481,1671
r_8.tif,2592,1944,can,2288,1521,2481,1671
re_8.tif,2592,1944,can,2288,1521,2481,1671
rgb_8.jpg,2592,1944,can,2288,1521,2481,1671
g_87.tif,2592,1944,bottle,755,1407,895,1486
nir_87.tif,2592,1944,bottle,755,1407,895,1486
r_87.tif,2592,1944,bottle,755,1407,895,1486
re_87.tif,2592,1944,bottle,755,1407,895,1486
rgb_87.jpg,2592,1944,bottle,755,1407,895,1486
g_87.tif,2592,1944,bottle,722,1399,873,1455
nir_87.tif,2592,1944,bottle,722,1399,873,1455
r_87.tif,2592,1944,bottle,722,1399,873,1455
re_87.tif,2592,1944,bottle,722,1399,873,1455
rgb_87.jpg,2592,1944,bottle,722,1399,873,1455
g_87.tif,2592,1944,bottle,906,1395,960,1451
nir_87.tif,2592,1944,bottle,906,1395,960,1451
r_87.tif,2592,1944,bottle,906,1395,960,1451
re_87.tif,2592,1944,bottle,906,1395,960,1451
rgb_87.jpg,2592,1944,bottle,906,1395,960,1451
g_87.tif,2592,1944,bottle,987,1323,1075,1422
nir_87.tif,2592,1944,bottle,987,1323,1075,1422
r_87.tif,2592,1944,bottle,987,1323,1075,1422
re_87.tif,2592,1944,bottle,987,1323,1075,1422
rgb_87.jpg,2592,1944,bottle,987,1323,1075,1422
g_87.tif,2592,1944,bottle,1023,1303,1123,1349
nir_87.tif,2592,1944,bottle,1023,1303,1123,1349
r_87.tif,2592,1944,bottle,1023,1303,1123,1349
re_87.tif,2592,1944,bottle,1023,1303,1123,1349
rgb_87.jpg,2592,1944,bottle,1023,1303,1123,1349
g_87.tif,2592,1944,bottle,1115,1347,1248,1414
nir_87.tif,2592,1944,bottle,1115,1347,1248,1414
r_87.tif,2592,1944,bottle,1115,1347,1248,1414
re_87.tif,2592,1944,bottle,1115,1347,1248,1414
rgb_87.jpg,2592,1944,bottle,1115,1347,1248,1414
g_87.tif,2592,1944,bottle,1212,1319,1356,1365
nir_87.tif,2592,1944,bottle,1212,1319,1356,1365
r_87.tif,2592,1944,bottle,1212,1319,1356,1365
re_87.tif,2592,1944,bottle,1212,1319,1356,1365
rgb_87.jpg,2592,1944,bottle,1212,1319,1356,1365
g_87.tif,2592,1944,bottle,1321,1277,1432,1368
nir_87.tif,2592,1944,bottle,1321,1277,1432,1368
r_87.tif,2592,1944,bottle,1321,1277,1432,1368
re_87.tif,2592,1944,bottle,1321,1277,1432,1368
rgb_87.jpg,2592,1944,bottle,1321,1277,1432,1368
g_87.tif,2592,1944,bottle,1308,1264,1400,1346
nir_87.tif,2592,1944,bottle,1308,1264,1400,1346
r_87.tif,2592,1944,bottle,1308,1264,1400,1346
re_87.tif,2592,1944,bottle,1308,1264,1400,1346
rgb_87.jpg,2592,1944,bottle,1308,1264,1400,1346
g_87.tif,2592,1944,bottle,1581,1168,1638,1244
nir_87.tif,2592,1944,bottle,1581,1168,1638,1244
r_87.tif,2592,1944,bottle,1581,1168,1638,1244
re_87.tif,2592,1944,bottle,1581,1168,1638,1244
rgb_87.jpg,2592,1944,bottle,1581,1168,1638,1244
g_87.tif,2592,1944,bottle,1693,1081,1791,1129
nir_87.tif,2592,1944,bottle,1693,1081,1791,1129
r_87.tif,2592,1944,bottle,1693,1081,1791,1129
re_87.tif,2592,1944,bottle,1693,1081,1791,1129
rgb_87.jpg,2592,1944,bottle,1693,1081,1791,1129
g_87.tif,2592,1944,bottle,1644,1160,1734,1212
nir_87.tif,2592,1944,bottle,1644,1160,1734,1212
r_87.tif,2592,1944,bottle,1644,1160,1734,1212
re_87.tif,2592,1944,bottle,1644,1160,1734,1212
rgb_87.jpg,2592,1944,bottle,1644,1160,1734,1212
g_87.tif,2592,1944,bottle,1499,1152,1582,1194
nir_87.tif,2592,1944,bottle,1499,1152,1582,1194
r_87.tif,2592,1944,bottle,1499,1152,1582,1194
re_87.tif,2592,1944,bottle,1499,1152,1582,1194
rgb_87.jpg,2592,1944,bottle,1499,1152,1582,1194
g_87.tif,2592,1944,bottle,1369,1130,1487,1184
nir_87.tif,2592,1944,bottle,1369,1130,1487,1184
r_87.tif,2592,1944,bottle,1369,1130,1487,1184
re_87.tif,2592,1944,bottle,1369,1130,1487,1184
rgb_87.jpg,2592,1944,bottle,1369,1130,1487,1184
g_87.tif,2592,1944,bottle,1342,1159,1420,1207
nir_87.tif,2592,1944,bottle,1342,1159,1420,1207
r_87.tif,2592,1944,bottle,1342,1159,1420,1207
re_87.tif,2592,1944,bottle,1342,1159,1420,1207
rgb_87.jpg,2592,1944,bottle,1342,1159,1420,1207
g_87.tif,2592,1944,bottle,1305,1227,1389,1301
nir_87.tif,2592,1944,bottle,1305,1227,1389,1301
r_87.tif,2592,1944,bottle,1305,1227,1389,1301
re_87.tif,2592,1944,bottle,1305,1227,1389,1301
rgb_87.jpg,2592,1944,bottle,1305,1227,1389,1301
g_87.tif,2592,1944,bottle,1544,1231,1669,1276
nir_87.tif,2592,1944,bottle,1544,1231,1669,1276
r_87.tif,2592,1944,bottle,1544,1231,1669,1276
re_87.tif,2592,1944,bottle,1544,1231,1669,1276
rgb_87.jpg,2592,1944,bottle,1544,1231,1669,1276
g_87.tif,2592,1944,bottle,1653,1206,1722,1262
nir_87.tif,2592,1944,bottle,1653,1206,1722,1262
r_87.tif,2592,1944,bottle,1653,1206,1722,1262
re_87.tif,2592,1944,bottle,1653,1206,1722,1262
rgb_87.jpg,2592,1944,bottle,1653,1206,1722,1262
g_87.tif,2592,1944,bottle,1714,1200,1752,1244
nir_87.tif,2592,1944,bottle,1714,1200,1752,1244
r_87.tif,2592,1944,bottle,1714,1200,1752,1244
re_87.tif,2592,1944,bottle,1714,1200,1752,1244
rgb_87.jpg,2592,1944,bottle,1714,1200,1752,1244
g_87.tif,2592,1944,bottle,1036,1327,1140,1411
nir_87.tif,2592,1944,bottle,1036,1327,1140,1411
r_87.tif,2592,1944,bottle,1036,1327,1140,1411
re_87.tif,2592,1944,bottle,1036,1327,1140,1411
rgb_87.jpg,2592,1944,bottle,1036,1327,1140,1411
g_87.tif,2592,1944,can,866,1237,1044,1403
nir_87.tif,2592,1944,can,866,1237,1044,1403
r_87.tif,2592,1944,can,866,1237,1044,1403
re_87.tif,2592,1944,can,866,1237,1044,1403
rgb_87.jpg,2592,1944,can,866,1237,1044,1403
g_87.tif,2592,1944,can,841,1228,978,1375
nir_87.tif,2592,1944,can,841,1228,978,1375
r_87.tif,2592,1944,can,841,1228,978,1375
re_87.tif,2592,1944,can,841,1228,978,1375
rgb_87.jpg,2592,1944,can,841,1228,978,1375
g_87.tif,2592,1944,can,1119,1255,1295,1328
nir_87.tif,2592,1944,can,1119,1255,1295,1328
r_87.tif,2592,1944,can,1119,1255,1295,1328
re_87.tif,2592,1944,can,1119,1255,1295,1328
rgb_87.jpg,2592,1944,can,1119,1255,1295,1328
g_87.tif,2592,1944,can,1025,1223,1165,1316
nir_87.tif,2592,1944,can,1025,1223,1165,1316
r_87.tif,2592,1944,can,1025,1223,1165,1316
re_87.tif,2592,1944,can,1025,1223,1165,1316
rgb_87.jpg,2592,1944,can,1025,1223,1165,1316
g_87.tif,2592,1944,can,1110,1160,1211,1248
nir_87.tif,2592,1944,can,1110,1160,1211,1248
r_87.tif,2592,1944,can,1110,1160,1211,1248
re_87.tif,2592,1944,can,1110,1160,1211,1248
rgb_87.jpg,2592,1944,can,1110,1160,1211,1248
g_87.tif,2592,1944,can,1164,1185,1316,1260
nir_87.tif,2592,1944,can,1164,1185,1316,1260
r_87.tif,2592,1944,can,1164,1185,1316,1260
re_87.tif,2592,1944,can,1164,1185,1316,1260
rgb_87.jpg,2592,1944,can,1164,1185,1316,1260
g_87.tif,2592,1944,can,1387,1178,1546,1267
nir_87.tif,2592,1944,can,1387,1178,1546,1267
r_87.tif,2592,1944,can,1387,1178,1546,1267
re_87.tif,2592,1944,can,1387,1178,1546,1267
rgb_87.jpg,2592,1944,can,1387,1178,1546,1267
g_87.tif,2592,1944,can,1244,1142,1382,1234
nir_87.tif,2592,1944,can,1244,1142,1382,1234
r_87.tif,2592,1944,can,1244,1142,1382,1234
re_87.tif,2592,1944,can,1244,1142,1382,1234
rgb_87.jpg,2592,1944,can,1244,1142,1382,1234
g_87.tif,2592,1944,container,1432,1242,1673,1363
nir_87.tif,2592,1944,container,1432,1242,1673,1363
r_87.tif,2592,1944,container,1432,1242,1673,1363
re_87.tif,2592,1944,container,1432,1242,1673,1363
rgb_87.jpg,2592,1944,container,1432,1242,1673,1363
g_87.tif,2592,1944,container,1343,1363,1449,1408
nir_87.tif,2592,1944,container,1343,1363,1449,1408
r_87.tif,2592,1944,container,1343,1363,1449,1408
re_87.tif,2592,1944,container,1343,1363,1449,1408
rgb_87.jpg,2592,1944,container,1343,1363,1449,1408
g_88.tif,2592,1944,bottle,614,1508,774,1591
nir_88.tif,2592,1944,bottle,614,1508,774,1591
r_88.tif,2592,1944,bottle,614,1508,774,1591
re_88.tif,2592,1944,bottle,614,1508,774,1591
rgb_88.jpg,2592,1944,bottle,614,1508,774,1591
g_88.tif,2592,1944,bottle,588,1501,750,1555
nir_88.tif,2592,1944,bottle,588,1501,750,1555
r_88.tif,2592,1944,bottle,588,1501,750,1555
re_88.tif,2592,1944,bottle,588,1501,750,1555
rgb_88.jpg,2592,1944,bottle,588,1501,750,1555
g_88.tif,2592,1944,bottle,749,1445,885,1523
nir_88.tif,2592,1944,bottle,749,1445,885,1523
r_88.tif,2592,1944,bottle,749,1445,885,1523
re_88.tif,2592,1944,bottle,749,1445,885,1523
rgb_88.jpg,2592,1944,bottle,749,1445,885,1523
g_88.tif,2592,1944,bottle,888,1400,975,1515
nir_88.tif,2592,1944,bottle,888,1400,975,1515
r_88.tif,2592,1944,bottle,888,1400,975,1515
re_88.tif,2592,1944,bottle,888,1400,975,1515
rgb_88.jpg,2592,1944,bottle,888,1400,975,1515
g_88.tif,2592,1944,bottle,986,1420,1114,1486
nir_88.tif,2592,1944,bottle,986,1420,1114,1486
r_88.tif,2592,1944,bottle,986,1420,1114,1486
re_88.tif,2592,1944,bottle,986,1420,1114,1486
rgb_88.jpg,2592,1944,bottle,986,1420,1114,1486
g_88.tif,2592,1944,bottle,1032,1431,1167,1507
nir_88.tif,2592,1944,bottle,1032,1431,1167,1507
r_88.tif,2592,1944,bottle,1032,1431,1167,1507
re_88.tif,2592,1944,bottle,1032,1431,1167,1507
rgb_88.jpg,2592,1944,bottle,1032,1431,1167,1507
g_88.tif,2592,1944,bottle,942,1424,1007,1491
nir_88.tif,2592,1944,bottle,942,1424,1007,1491
r_88.tif,2592,1944,bottle,942,1424,1007,1491
re_88.tif,2592,1944,bottle,942,1424,1007,1491
rgb_88.jpg,2592,1944,bottle,942,1424,1007,1491
g_88.tif,2592,1944,bottle,923,1385,1026,1426
nir_88.tif,2592,1944,bottle,923,1385,1026,1426
r_88.tif,2592,1944,bottle,923,1385,1026,1426
re_88.tif,2592,1944,bottle,923,1385,1026,1426
rgb_88.jpg,2592,1944,bottle,923,1385,1026,1426
g_88.tif,2592,1944,bottle,1138,1390,1288,1454
nir_88.tif,2592,1944,bottle,1138,1390,1288,1454
r_88.tif,2592,1944,bottle,1138,1390,1288,1454
re_88.tif,2592,1944,bottle,1138,1390,1288,1454
rgb_88.jpg,2592,1944,bottle,1138,1390,1288,1454
g_88.tif,2592,1944,bottle,1269,1349,1380,1438
nir_88.tif,2592,1944,bottle,1269,1349,1380,1438
r_88.tif,2592,1944,bottle,1269,1349,1380,1438
re_88.tif,2592,1944,bottle,1269,1349,1380,1438
rgb_88.jpg,2592,1944,bottle,1269,1349,1380,1438
g_88.tif,2592,1944,bottle,1396,1315,1461,1396
nir_88.tif,2592,1944,bottle,1396,1315,1461,1396
r_88.tif,2592,1944,bottle,1396,1315,1461,1396
re_88.tif,2592,1944,bottle,1396,1315,1461,1396
rgb_88.jpg,2592,1944,bottle,1396,1315,1461,1396
g_88.tif,2592,1944,bottle,1247,1329,1342,1424
nir_88.tif,2592,1944,bottle,1247,1329,1342,1424
r_88.tif,2592,1944,bottle,1247,1329,1342,1424
re_88.tif,2592,1944,bottle,1247,1329,1342,1424
rgb_88.jpg,2592,1944,bottle,1247,1329,1342,1424
g_88.tif,2592,1944,bottle,1307,1313,1404,1364
nir_88.tif,2592,1944,bottle,1307,1313,1404,1364
r_88.tif,2592,1944,bottle,1307,1313,1404,1364
re_88.tif,2592,1944,bottle,1307,1313,1404,1364
rgb_88.jpg,2592,1944,bottle,1307,1313,1404,1364
g_88.tif,2592,1944,can,743,1309,936,1486
nir_88.tif,2592,1944,can,743,1309,936,1486
r_88.tif,2592,1944,can,743,1309,936,1486
re_88.tif,2592,1944,can,743,1309,936,1486
rgb_88.jpg,2592,1944,can,743,1309,936,1486
g_88.tif,2592,1944,can,730,1306,874,1451
nir_88.tif,2592,1944,can,730,1306,874,1451
r_88.tif,2592,1944,can,730,1306,874,1451
re_88.tif,2592,1944,can,730,1306,874,1451
rgb_88.jpg,2592,1944,can,730,1306,874,1451
g_88.tif,2592,1944,can,1041,1299,1220,1412
nir_88.tif,2592,1944,can,1041,1299,1220,1412
r_88.tif,2592,1944,can,1041,1299,1220,1412
re_88.tif,2592,1944,can,1041,1299,1220,1412
rgb_88.jpg,2592,1944,can,1041,1299,1220,1412
g_88.tif,2592,1944,can,1336,1234,1491,1345
nir_88.tif,2592,1944,can,1336,1234,1491,1345
r_88.tif,2592,1944,can,1336,1234,1491,1345
re_88.tif,2592,1944,can,1336,1234,1491,1345
rgb_88.jpg,2592,1944,can,1336,1234,1491,1345
g_88.tif,2592,1944,container,1282,1462,1374,1501
nir_88.tif,2592,1944,container,1282,1462,1374,1501
r_88.tif,2592,1944,container,1282,1462,1374,1501
re_88.tif,2592,1944,container,1282,1462,1374,1501
rgb_88.jpg,2592,1944,container,1282,1462,1374,1501
g_88.tif,2592,1944,container,1412,1317,1627,1439
nir_88.tif,2592,1944,container,1412,1317,1627,1439
r_88.tif,2592,1944,container,1412,1317,1627,1439
re_88.tif,2592,1944,container,1412,1317,1627,1439
rgb_88.jpg,2592,1944,container,1412,1317,1627,1439
g_88.tif,2592,1944,can,1173,1189,1305,1293
nir_88.tif,2592,1944,can,1173,1189,1305,1293
r_88.tif,2592,1944,can,1173,1189,1305,1293
re_88.tif,2592,1944,can,1173,1189,1305,1293
rgb_88.jpg,2592,1944,can,1173,1189,1305,1293
g_88.tif,2592,1944,can,1022,1213,1156,1296
nir_88.tif,2592,1944,can,1022,1213,1156,1296
r_88.tif,2592,1944,can,1022,1213,1156,1296
re_88.tif,2592,1944,can,1022,1213,1156,1296
rgb_88.jpg,2592,1944,can,1022,1213,1156,1296
g_88.tif,2592,1944,can,1126,1240,1235,1322
nir_88.tif,2592,1944,can,1126,1240,1235,1322
r_88.tif,2592,1944,can,1126,1240,1235,1322
re_88.tif,2592,1944,can,1126,1240,1235,1322
rgb_88.jpg,2592,1944,can,1126,1240,1235,1322
g_88.tif,2592,1944,can,902,1280,1045,1391
nir_88.tif,2592,1944,can,902,1280,1045,1391
r_88.tif,2592,1944,can,902,1280,1045,1391
re_88.tif,2592,1944,can,902,1280,1045,1391
rgb_88.jpg,2592,1944,can,902,1280,1045,1391
g_88.tif,2592,1944,bottle,1277,1212,1353,1250
nir_88.tif,2592,1944,bottle,1277,1212,1353,1250
r_88.tif,2592,1944,bottle,1277,1212,1353,1250
re_88.tif,2592,1944,bottle,1277,1212,1353,1250
rgb_88.jpg,2592,1944,bottle,1277,1212,1353,1250
g_88.tif,2592,1944,bottle,1321,1186,1428,1229
nir_88.tif,2592,1944,bottle,1321,1186,1428,1229
r_88.tif,2592,1944,bottle,1321,1186,1428,1229
re_88.tif,2592,1944,bottle,1321,1186,1428,1229
rgb_88.jpg,2592,1944,bottle,1321,1186,1428,1229
g_88.tif,2592,1944,bottle,1448,1202,1539,1241
nir_88.tif,2592,1944,bottle,1448,1202,1539,1241
r_88.tif,2592,1944,bottle,1448,1202,1539,1241
re_88.tif,2592,1944,bottle,1448,1202,1539,1241
rgb_88.jpg,2592,1944,bottle,1448,1202,1539,1241
g_88.tif,2592,1944,bottle,1510,1209,1577,1272
nir_88.tif,2592,1944,bottle,1510,1209,1577,1272
r_88.tif,2592,1944,bottle,1510,1209,1577,1272
re_88.tif,2592,1944,bottle,1510,1209,1577,1272
rgb_88.jpg,2592,1944,bottle,1510,1209,1577,1272
g_88.tif,2592,1944,bottle,1543,1218,1604,1311
nir_88.tif,2592,1944,bottle,1543,1218,1604,1311
r_88.tif,2592,1944,bottle,1543,1218,1604,1311
re_88.tif,2592,1944,bottle,1543,1218,1604,1311
rgb_88.jpg,2592,1944,bottle,1543,1218,1604,1311
g_88.tif,2592,1944,bottle,1617,1212,1701,1270
nir_88.tif,2592,1944,bottle,1617,1212,1701,1270
r_88.tif,2592,1944,bottle,1617,1212,1701,1270
re_88.tif,2592,1944,bottle,1617,1212,1701,1270
rgb_88.jpg,2592,1944,bottle,1617,1212,1701,1270
g_88.tif,2592,1944,bottle,1653,1121,1756,1165
nir_88.tif,2592,1944,bottle,1653,1121,1756,1165
r_88.tif,2592,1944,bottle,1653,1121,1756,1165
re_88.tif,2592,1944,bottle,1653,1121,1756,1165
rgb_88.jpg,2592,1944,bottle,1653,1121,1756,1165
g_88.tif,2592,1944,bottle,1500,1293,1633,1346
nir_88.tif,2592,1944,bottle,1500,1293,1633,1346
r_88.tif,2592,1944,bottle,1500,1293,1633,1346
re_88.tif,2592,1944,bottle,1500,1293,1633,1346
rgb_88.jpg,2592,1944,bottle,1500,1293,1633,1346
g_88.tif,2592,1944,bottle,1553,1157,1629,1204
nir_88.tif,2592,1944,bottle,1553,1157,1629,1204
r_88.tif,2592,1944,bottle,1553,1157,1629,1204
re_88.tif,2592,1944,bottle,1553,1157,1629,1204
rgb_88.jpg,2592,1944,bottle,1553,1157,1629,1204
g_88.tif,2592,1944,bottle,1493,1176,1553,1220
nir_88.tif,2592,1944,bottle,1493,1176,1553,1220
r_88.tif,2592,1944,bottle,1493,1176,1553,1220
re_88.tif,2592,1944,bottle,1493,1176,1553,1220
rgb_88.jpg,2592,1944,bottle,1493,1176,1553,1220
g_88.tif,2592,1944,bottle,1676,1247,1721,1299
nir_88.tif,2592,1944,bottle,1676,1247,1721,1299
r_88.tif,2592,1944,bottle,1676,1247,1721,1299
re_88.tif,2592,1944,bottle,1676,1247,1721,1299
rgb_88.jpg,2592,1944,bottle,1676,1247,1721,1299
g_88.tif,2592,1944,bottle,1350,1212,1436,1249
nir_88.tif,2592,1944,bottle,1350,1212,1436,1249
r_88.tif,2592,1944,bottle,1350,1212,1436,1249
re_88.tif,2592,1944,bottle,1350,1212,1436,1249
rgb_88.jpg,2592,1944,bottle,1350,1212,1436,1249
g_89.tif,2592,1944,bottle,746,1493,908,1547
nir_89.tif,2592,1944,bottle,746,1493,908,1547
r_89.tif,2592,1944,bottle,746,1493,908,1547
re_89.tif,2592,1944,bottle,746,1493,908,1547
rgb_89.jpg,2592,1944,bottle,746,1493,908,1547
g_89.tif,2592,1944,bottle,772,1504,917,1587
nir_89.tif,2592,1944,bottle,772,1504,917,1587
r_89.tif,2592,1944,bottle,772,1504,917,1587
re_89.tif,2592,1944,bottle,772,1504,917,1587
rgb_89.jpg,2592,1944,bottle,772,1504,917,1587
g_89.tif,2592,1944,bottle,890,1445,1032,1513
nir_89.tif,2592,1944,bottle,890,1445,1032,1513
r_89.tif,2592,1944,bottle,890,1445,1032,1513
re_89.tif,2592,1944,bottle,890,1445,1032,1513
rgb_89.jpg,2592,1944,bottle,890,1445,1032,1513
g_89.tif,2592,1944,bottle,1021,1398,1104,1516
nir_89.tif,2592,1944,bottle,1021,1398,1104,1516
r_89.tif,2592,1944,bottle,1021,1398,1104,1516
re_89.tif,2592,1944,bottle,1021,1398,1104,1516
rgb_89.jpg,2592,1944,bottle,1021,1398,1104,1516
g_89.tif,2592,1944,bottle,1132,1416,1273,1482
nir_89.tif,2592,1944,bottle,1132,1416,1273,1482
r_89.tif,2592,1944,bottle,1132,1416,1273,1482
re_89.tif,2592,1944,bottle,1132,1416,1273,1482
rgb_89.jpg,2592,1944,bottle,1132,1416,1273,1482
g_89.tif,2592,1944,bottle,1166,1432,1297,1502
nir_89.tif,2592,1944,bottle,1166,1432,1297,1502
r_89.tif,2592,1944,bottle,1166,1432,1297,1502
re_89.tif,2592,1944,bottle,1166,1432,1297,1502
rgb_89.jpg,2592,1944,bottle,1166,1432,1297,1502
g_89.tif,2592,1944,bottle,1258,1389,1405,1446
nir_89.tif,2592,1944,bottle,1258,1389,1405,1446
r_89.tif,2592,1944,bottle,1258,1389,1405,1446
re_89.tif,2592,1944,bottle,1258,1389,1405,1446
rgb_89.jpg,2592,1944,bottle,1258,1389,1405,1446
g_89.tif,2592,1944,container,1411,1460,1501,1500
nir_89.tif,2592,1944,container,1411,1460,1501,1500
r_89.tif,2592,1944,container,1411,1460,1501,1500
re_89.tif,2592,1944,container,1411,1460,1501,1500
rgb_89.jpg,2592,1944,container,1411,1460,1501,1500
g_89.tif,2592,1944,container,1507,1316,1736,1434
nir_89.tif,2592,1944,container,1507,1316,1736,1434
r_89.tif,2592,1944,container,1507,1316,1736,1434
re_89.tif,2592,1944,container,1507,1316,1736,1434
rgb_89.jpg,2592,1944,container,1507,1316,1736,1434
g_89.tif,2592,1944,bottle,1302,1158,1395,1209
nir_89.tif,2592,1944,bottle,1302,1158,1395,1209
r_89.tif,2592,1944,bottle,1302,1158,1395,1209
re_89.tif,2592,1944,bottle,1302,1158,1395,1209
rgb_89.jpg,2592,1944,bottle,1302,1158,1395,1209
g_89.tif,2592,1944,bottle,1175,1210,1279,1250
nir_89.tif,2592,1944,bottle,1175,1210,1279,1250
r_89.tif,2592,1944,bottle,1175,1210,1279,1250
re_89.tif,2592,1944,bottle,1175,1210,1279,1250
rgb_89.jpg,2592,1944,bottle,1175,1210,1279,1250
g_89.tif,2592,1944,bottle,1731,1125,1822,1171
nir_89.tif,2592,1944,bottle,1731,1125,1822,1171
r_89.tif,2592,1944,bottle,1731,1125,1822,1171
re_89.tif,2592,1944,bottle,1731,1125,1822,1171
rgb_89.jpg,2592,1944,bottle,1731,1125,1822,1171
g_89.tif,2592,1944,bottle,1745,1212,1799,1282
nir_89.tif,2592,1944,bottle,1745,1212,1799,1282
r_89.tif,2592,1944,bottle,1745,1212,1799,1282
re_89.tif,2592,1944,bottle,1745,1212,1799,1282
rgb_89.jpg,2592,1944,bottle,1745,1212,1799,1282
g_89.tif,2592,1944,bottle,1616,1296,1737,1345
nir_89.tif,2592,1944,bottle,1616,1296,1737,1345
r_89.tif,2592,1944,bottle,1616,1296,1737,1345
re_89.tif,2592,1944,bottle,1616,1296,1737,1345
rgb_89.jpg,2592,1944,bottle,1616,1296,1737,1345
g_89.tif,2592,1944,bottle,1609,1224,1675,1276
nir_89.tif,2592,1944,bottle,1609,1224,1675,1276
r_89.tif,2592,1944,bottle,1609,1224,1675,1276
re_89.tif,2592,1944,bottle,1609,1224,1675,1276
rgb_89.jpg,2592,1944,bottle,1609,1224,1675,1276
g_89.tif,2592,1944,bottle,1639,1189,1726,1240
nir_89.tif,2592,1944,bottle,1639,1189,1726,1240
r_89.tif,2592,1944,bottle,1639,1189,1726,1240
re_89.tif,2592,1944,bottle,1639,1189,1726,1240
rgb_89.jpg,2592,1944,bottle,1639,1189,1726,1240
g_89.tif,2592,1944,bottle,1707,1157,1778,1213
nir_89.tif,2592,1944,bottle,1707,1157,1778,1213
r_89.tif,2592,1944,bottle,1707,1157,1778,1213
re_89.tif,2592,1944,bottle,1707,1157,1778,1213
rgb_89.jpg,2592,1944,bottle,1707,1157,1778,1213
g_89.tif,2592,1944,bottle,1441,1211,1548,1256
nir_89.tif,2592,1944,bottle,1441,1211,1548,1256
r_89.tif,2592,1944,bottle,1441,1211,1548,1256
re_89.tif,2592,1944,bottle,1441,1211,1548,1256
rgb_89.jpg,2592,1944,bottle,1441,1211,1548,1256
g_89.tif,2592,1944,bottle,1391,1354,1502,1439
nir_89.tif,2592,1944,bottle,1391,1354,1502,1439
r_89.tif,2592,1944,bottle,1391,1354,1502,1439
re_89.tif,2592,1944,bottle,1391,1354,1502,1439
rgb_89.jpg,2592,1944,bottle,1391,1354,1502,1439
g_89.tif,2592,1944,bottle,1080,1402,1150,1496
nir_89.tif,2592,1944,bottle,1080,1402,1150,1496
r_89.tif,2592,1944,bottle,1080,1402,1150,1496
re_89.tif,2592,1944,bottle,1080,1402,1150,1496
rgb_89.jpg,2592,1944,bottle,1080,1402,1150,1496
g_89.tif,2592,1944,bottle,1297,1300,1362,1364
nir_89.tif,2592,1944,bottle,1297,1300,1362,1364
r_89.tif,2592,1944,bottle,1297,1300,1362,1364
re_89.tif,2592,1944,bottle,1297,1300,1362,1364
rgb_89.jpg,2592,1944,bottle,1297,1300,1362,1364
g_89.tif,2592,1944,bottle,1322,1284,1419,1361
nir_89.tif,2592,1944,bottle,1322,1284,1419,1361
r_89.tif,2592,1944,bottle,1322,1284,1419,1361
re_89.tif,2592,1944,bottle,1322,1284,1419,1361
rgb_89.jpg,2592,1944,bottle,1322,1284,1419,1361
g_89.tif,2592,1944,bottle,1366,1326,1428,1417
nir_89.tif,2592,1944,bottle,1366,1326,1428,1417
r_89.tif,2592,1944,bottle,1366,1326,1428,1417
re_89.tif,2592,1944,bottle,1366,1326,1428,1417
rgb_89.jpg,2592,1944,bottle,1366,1326,1428,1417
g_89.tif,2592,1944,bottle,1407,1317,1520,1368
nir_89.tif,2592,1944,bottle,1407,1317,1520,1368
r_89.tif,2592,1944,bottle,1407,1317,1520,1368
re_89.tif,2592,1944,bottle,1407,1317,1520,1368
rgb_89.jpg,2592,1944,bottle,1407,1317,1520,1368
g_89.tif,2592,1944,bottle,1643,1229,1696,1313
nir_89.tif,2592,1944,bottle,1643,1229,1696,1313
r_89.tif,2592,1944,bottle,1643,1229,1696,1313
re_89.tif,2592,1944,bottle,1643,1229,1696,1313
rgb_89.jpg,2592,1944,bottle,1643,1229,1696,1313
g_89.tif,2592,1944,can,886,1315,1066,1482
nir_89.tif,2592,1944,can,886,1315,1066,1482
r_89.tif,2592,1944,can,886,1315,1066,1482
re_89.tif,2592,1944,can,886,1315,1066,1482
rgb_89.jpg,2592,1944,can,886,1315,1066,1482
g_89.tif,2592,1944,can,864,1309,1002,1457
nir_89.tif,2592,1944,can,864,1309,1002,1457
r_89.tif,2592,1944,can,864,1309,1002,1457
re_89.tif,2592,1944,can,864,1309,1002,1457
rgb_89.jpg,2592,1944,can,864,1309,1002,1457
g_89.tif,2592,1944,can,1436,1240,1593,1350
nir_89.tif,2592,1944,can,1436,1240,1593,1350
r_89.tif,2592,1944,can,1436,1240,1593,1350
re_89.tif,2592,1944,can,1436,1240,1593,1350
rgb_89.jpg,2592,1944,can,1436,1240,1593,1350
g_89.tif,2592,1944,can,1272,1190,1414,1290
nir_89.tif,2592,1944,can,1272,1190,1414,1290
r_89.tif,2592,1944,can,1272,1190,1414,1290
re_89.tif,2592,1944,can,1272,1190,1414,1290
rgb_89.jpg,2592,1944,can,1272,1190,1414,1290
g_89.tif,2592,1944,can,1158,1303,1333,1421
nir_89.tif,2592,1944,can,1158,1303,1333,1421
r_89.tif,2592,1944,can,1158,1303,1333,1421
re_89.tif,2592,1944,can,1158,1303,1333,1421
rgb_89.jpg,2592,1944,can,1158,1303,1333,1421
g_89.tif,2592,1944,can,1053,1289,1159,1401
nir_89.tif,2592,1944,can,1053,1289,1159,1401
r_89.tif,2592,1944,can,1053,1289,1159,1401
re_89.tif,2592,1944,can,1053,1289,1159,1401
rgb_89.jpg,2592,1944,can,1053,1289,1159,1401
g_89.tif,2592,1944,can,1128,1220,1233,1304
nir_89.tif,2592,1944,can,1128,1220,1233,1304
r_89.tif,2592,1944,can,1128,1220,1233,1304
re_89.tif,2592,1944,can,1128,1220,1233,1304
rgb_89.jpg,2592,1944,can,1128,1220,1233,1304
g_9.tif,2592,1944,bottle,988,190,1121,273
nir_9.tif,2592,1944,bottle,988,190,1121,273
r_9.tif,2592,1944,bottle,988,190,1121,273
re_9.tif,2592,1944,bottle,988,190,1121,273
rgb_9.jpg,2592,1944,bottle,988,190,1121,273
g_9.tif,2592,1944,bottle,1121,135,1224,218
nir_9.tif,2592,1944,bottle,1121,135,1224,218
r_9.tif,2592,1944,bottle,1121,135,1224,218
re_9.tif,2592,1944,bottle,1121,135,1224,218
rgb_9.jpg,2592,1944,bottle,1121,135,1224,218
g_9.tif,2592,1944,bottle,1097,76,1183,147
nir_9.tif,2592,1944,bottle,1097,76,1183,147
r_9.tif,2592,1944,bottle,1097,76,1183,147
re_9.tif,2592,1944,bottle,1097,76,1183,147
rgb_9.jpg,2592,1944,bottle,1097,76,1183,147
g_9.tif,2592,1944,bottle,1500,618,1626,685
nir_9.tif,2592,1944,bottle,1500,618,1626,685
r_9.tif,2592,1944,bottle,1500,618,1626,685
re_9.tif,2592,1944,bottle,1500,618,1626,685
rgb_9.jpg,2592,1944,bottle,1500,618,1626,685
g_9.tif,2592,1944,bottle,1490,561,1619,637
nir_9.tif,2592,1944,bottle,1490,561,1619,637
r_9.tif,2592,1944,bottle,1490,561,1619,637
re_9.tif,2592,1944,bottle,1490,561,1619,637
rgb_9.jpg,2592,1944,bottle,1490,561,1619,637
g_9.tif,2592,1944,bottle,1574,499,1657,628
nir_9.tif,2592,1944,bottle,1574,499,1657,628
r_9.tif,2592,1944,bottle,1574,499,1657,628
re_9.tif,2592,1944,bottle,1574,499,1657,628
rgb_9.jpg,2592,1944,bottle,1574,499,1657,628
g_9.tif,2592,1944,bottle,1635,464,1693,599
nir_9.tif,2592,1944,bottle,1635,464,1693,599
r_9.tif,2592,1944,bottle,1635,464,1693,599
re_9.tif,2592,1944,bottle,1635,464,1693,599
rgb_9.jpg,2592,1944,bottle,1635,464,1693,599
g_9.tif,2592,1944,bottle,2359,559,2429,693
nir_9.tif,2592,1944,bottle,2359,559,2429,693
r_9.tif,2592,1944,bottle,2359,559,2429,693
re_9.tif,2592,1944,bottle,2359,559,2429,693
rgb_9.jpg,2592,1944,bottle,2359,559,2429,693
g_9.tif,2592,1944,bottle,1690,643,1800,745
nir_9.tif,2592,1944,bottle,1690,643,1800,745
r_9.tif,2592,1944,bottle,1690,643,1800,745
re_9.tif,2592,1944,bottle,1690,643,1800,745
rgb_9.jpg,2592,1944,bottle,1690,643,1800,745
g_9.tif,2592,1944,bottle,1319,862,1448,952
nir_9.tif,2592,1944,bottle,1319,862,1448,952
r_9.tif,2592,1944,bottle,1319,862,1448,952
re_9.tif,2592,1944,bottle,1319,862,1448,952
rgb_9.jpg,2592,1944,bottle,1319,862,1448,952
g_9.tif,2592,1944,bottle,1833,781,1914,892
nir_9.tif,2592,1944,bottle,1833,781,1914,892
r_9.tif,2592,1944,bottle,1833,781,1914,892
re_9.tif,2592,1944,bottle,1833,781,1914,892
rgb_9.jpg,2592,1944,bottle,1833,781,1914,892
g_9.tif,2592,1944,bottle,2202,912,2307,1043
nir_9.tif,2592,1944,bottle,2202,912,2307,1043
r_9.tif,2592,1944,bottle,2202,912,2307,1043
re_9.tif,2592,1944,bottle,2202,912,2307,1043
rgb_9.jpg,2592,1944,bottle,2202,912,2307,1043
g_9.tif,2592,1944,bottle,2093,1397,2240,1474
nir_9.tif,2592,1944,bottle,2093,1397,2240,1474
r_9.tif,2592,1944,bottle,2093,1397,2240,1474
re_9.tif,2592,1944,bottle,2093,1397,2240,1474
rgb_9.jpg,2592,1944,bottle,2093,1397,2240,1474
g_90.tif,2592,1944,can,723,1590,1002,1862
nir_90.tif,2592,1944,can,723,1590,1002,1862
r_90.tif,2592,1944,can,723,1590,1002,1862
re_90.tif,2592,1944,can,723,1590,1002,1862
rgb_90.jpg,2592,1944,can,723,1590,1002,1862
g_90.tif,2592,1944,can,690,1554,900,1768
nir_90.tif,2592,1944,can,690,1554,900,1768
r_90.tif,2592,1944,can,690,1554,900,1768
re_90.tif,2592,1944,can,690,1554,900,1768
rgb_90.jpg,2592,1944,can,690,1554,900,1768
g_90.tif,2592,1944,can,905,1528,1147,1669
nir_90.tif,2592,1944,can,905,1528,1147,1669
r_90.tif,2592,1944,can,905,1528,1147,1669
re_90.tif,2592,1944,can,905,1528,1147,1669
rgb_90.jpg,2592,1944,can,905,1528,1147,1669
g_90.tif,2592,1944,can,1121,1599,1383,1754
nir_90.tif,2592,1944,can,1121,1599,1383,1754
r_90.tif,2592,1944,can,1121,1599,1383,1754
re_90.tif,2592,1944,can,1121,1599,1383,1754
rgb_90.jpg,2592,1944,can,1121,1599,1383,1754
g_90.tif,2592,1944,can,1147,1492,1316,1624
nir_90.tif,2592,1944,can,1147,1492,1316,1624
r_90.tif,2592,1944,can,1147,1492,1316,1624
re_90.tif,2592,1944,can,1147,1492,1316,1624
rgb_90.jpg,2592,1944,can,1147,1492,1316,1624
g_90.tif,2592,1944,can,1069,1390,1257,1571
nir_90.tif,2592,1944,can,1069,1390,1257,1571
r_90.tif,2592,1944,can,1069,1390,1257,1571
re_90.tif,2592,1944,can,1069,1390,1257,1571
rgb_90.jpg,2592,1944,can,1069,1390,1257,1571
g_90.tif,2592,1944,can,1174,1449,1379,1574
nir_90.tif,2592,1944,can,1174,1449,1379,1574
r_90.tif,2592,1944,can,1174,1449,1379,1574
re_90.tif,2592,1944,can,1174,1449,1379,1574
rgb_90.jpg,2592,1944,can,1174,1449,1379,1574
g_90.tif,2592,1944,can,1276,1350,1473,1506
nir_90.tif,2592,1944,can,1276,1350,1473,1506
r_90.tif,2592,1944,can,1276,1350,1473,1506
re_90.tif,2592,1944,can,1276,1350,1473,1506
rgb_90.jpg,2592,1944,can,1276,1350,1473,1506
g_90.tif,2592,1944,can,1504,1456,1733,1619
nir_90.tif,2592,1944,can,1504,1456,1733,1619
r_90.tif,2592,1944,can,1504,1456,1733,1619
re_90.tif,2592,1944,can,1504,1456,1733,1619
rgb_90.jpg,2592,1944,can,1504,1456,1733,1619
g_90.tif,2592,1944,container,1578,1557,1981,1800
nir_90.tif,2592,1944,container,1578,1557,1981,1800
r_90.tif,2592,1944,container,1578,1557,1981,1800
re_90.tif,2592,1944,container,1578,1557,1981,1800
rgb_90.jpg,2592,1944,container,1578,1557,1981,1800
g_90.tif,2592,1944,container,1502,1824,1638,1918
nir_90.tif,2592,1944,container,1502,1824,1638,1918
r_90.tif,2592,1944,container,1502,1824,1638,1918
re_90.tif,2592,1944,container,1502,1824,1638,1918
rgb_90.jpg,2592,1944,container,1502,1824,1638,1918
g_90.tif,2592,1944,bottle,1869,1231,1992,1326
nir_90.tif,2592,1944,bottle,1869,1231,1992,1326
r_90.tif,2592,1944,bottle,1869,1231,1992,1326
re_90.tif,2592,1944,bottle,1869,1231,1992,1326
rgb_90.jpg,2592,1944,bottle,1869,1231,1992,1326
g_90.tif,2592,1944,bottle,1785,1323,1923,1423
nir_90.tif,2592,1944,bottle,1785,1323,1923,1423
r_90.tif,2592,1944,bottle,1785,1323,1923,1423
re_90.tif,2592,1944,bottle,1785,1323,1923,1423
rgb_90.jpg,2592,1944,bottle,1785,1323,1923,1423
g_90.tif,2592,1944,bottle,1126,1787,1333,1930
nir_90.tif,2592,1944,bottle,1126,1787,1333,1930
r_90.tif,2592,1944,bottle,1126,1787,1333,1930
re_90.tif,2592,1944,bottle,1126,1787,1333,1930
rgb_90.jpg,2592,1944,bottle,1126,1787,1333,1930
g_90.tif,2592,1944,bottle,1229,1712,1481,1804
nir_90.tif,2592,1944,bottle,1229,1712,1481,1804
r_90.tif,2592,1944,bottle,1229,1712,1481,1804
re_90.tif,2592,1944,bottle,1229,1712,1481,1804
rgb_90.jpg,2592,1944,bottle,1229,1712,1481,1804
g_90.tif,2592,1944,bottle,1407,1585,1512,1747
nir_90.tif,2592,1944,bottle,1407,1585,1512,1747
r_90.tif,2592,1944,bottle,1407,1585,1512,1747
re_90.tif,2592,1944,bottle,1407,1585,1512,1747
rgb_90.jpg,2592,1944,bottle,1407,1585,1512,1747
g_90.tif,2592,1944,bottle,1452,1623,1624,1787
nir_90.tif,2592,1944,bottle,1452,1623,1624,1787
r_90.tif,2592,1944,bottle,1452,1623,1624,1787
re_90.tif,2592,1944,bottle,1452,1623,1624,1787
rgb_90.jpg,2592,1944,bottle,1452,1623,1624,1787
g_90.tif,2592,1944,bottle,750,1800,948,1918
nir_90.tif,2592,1944,bottle,750,1800,948,1918
r_90.tif,2592,1944,bottle,750,1800,948,1918
re_90.tif,2592,1944,bottle,750,1800,948,1918
rgb_90.jpg,2592,1944,bottle,750,1800,948,1918
g_90.tif,2592,1944,bottle,1114,1357,1261,1433
nir_90.tif,2592,1944,bottle,1114,1357,1261,1433
r_90.tif,2592,1944,bottle,1114,1357,1261,1433
re_90.tif,2592,1944,bottle,1114,1357,1261,1433
rgb_90.jpg,2592,1944,bottle,1114,1357,1261,1433
g_90.tif,2592,1944,bottle,1317,1288,1438,1369
nir_90.tif,2592,1944,bottle,1317,1288,1438,1369
r_90.tif,2592,1944,bottle,1317,1288,1438,1369
re_90.tif,2592,1944,bottle,1317,1288,1438,1369
rgb_90.jpg,2592,1944,bottle,1317,1288,1438,1369
g_90.tif,2592,1944,bottle,1681,1330,1759,1428
nir_90.tif,2592,1944,bottle,1681,1330,1759,1428
r_90.tif,2592,1944,bottle,1681,1330,1759,1428
re_90.tif,2592,1944,bottle,1681,1330,1759,1428
rgb_90.jpg,2592,1944,bottle,1681,1330,1759,1428
g_90.tif,2592,1944,bottle,1483,1387,1702,1459
nir_90.tif,2592,1944,bottle,1483,1387,1702,1459
r_90.tif,2592,1944,bottle,1483,1387,1702,1459
re_90.tif,2592,1944,bottle,1483,1387,1702,1459
rgb_90.jpg,2592,1944,bottle,1483,1387,1702,1459
g_90.tif,2592,1944,bottle,1790,1406,1873,1587
nir_90.tif,2592,1944,bottle,1790,1406,1873,1587
r_90.tif,2592,1944,bottle,1790,1406,1873,1587
re_90.tif,2592,1944,bottle,1790,1406,1873,1587
rgb_90.jpg,2592,1944,bottle,1790,1406,1873,1587
g_90.tif,2592,1944,bottle,1921,1406,2007,1512
nir_90.tif,2592,1944,bottle,1921,1406,2007,1512
r_90.tif,2592,1944,bottle,1921,1406,2007,1512
re_90.tif,2592,1944,bottle,1921,1406,2007,1512
rgb_90.jpg,2592,1944,bottle,1921,1406,2007,1512
g_90.tif,2592,1944,bottle,974,1754,1102,1881
nir_90.tif,2592,1944,bottle,974,1754,1102,1881
r_90.tif,2592,1944,bottle,974,1754,1102,1881
re_90.tif,2592,1944,bottle,974,1754,1102,1881
rgb_90.jpg,2592,1944,bottle,974,1754,1102,1881
g_91.tif,2592,1944,container,1176,1721,1414,1845
nir_91.tif,2592,1944,container,1176,1721,1414,1845
r_91.tif,2592,1944,container,1176,1721,1414,1845
re_91.tif,2592,1944,container,1176,1721,1414,1845
rgb_91.jpg,2592,1944,container,1176,1721,1414,1845
g_91.tif,2592,1944,container,790,1812,1012,1944
nir_91.tif,2592,1944,container,790,1812,1012,1944
r_91.tif,2592,1944,container,790,1812,1012,1944
re_91.tif,2592,1944,container,790,1812,1012,1944
rgb_91.jpg,2592,1944,container,790,1812,1012,1944
g_91.tif,2592,1944,bottle,1017,1566,1221,1656
nir_91.tif,2592,1944,bottle,1017,1566,1221,1656
r_91.tif,2592,1944,bottle,1017,1566,1221,1656
re_91.tif,2592,1944,bottle,1017,1566,1221,1656
rgb_91.jpg,2592,1944,bottle,1017,1566,1221,1656
g_91.tif,2592,1944,bottle,1129,1590,1326,1688
nir_91.tif,2592,1944,bottle,1129,1590,1326,1688
r_91.tif,2592,1944,bottle,1129,1590,1326,1688
re_91.tif,2592,1944,bottle,1129,1590,1326,1688
rgb_91.jpg,2592,1944,bottle,1129,1590,1326,1688
g_91.tif,2592,1944,bottle,1273,1464,1452,1587
nir_91.tif,2592,1944,bottle,1273,1464,1452,1587
r_91.tif,2592,1944,bottle,1273,1464,1452,1587
re_91.tif,2592,1944,bottle,1273,1464,1452,1587
rgb_91.jpg,2592,1944,bottle,1273,1464,1452,1587
g_91.tif,2592,1944,bottle,1426,1562,1538,1673
nir_91.tif,2592,1944,bottle,1426,1562,1538,1673
r_91.tif,2592,1944,bottle,1426,1562,1538,1673
re_91.tif,2592,1944,bottle,1426,1562,1538,1673
rgb_91.jpg,2592,1944,bottle,1426,1562,1538,1673
g_91.tif,2592,1944,bottle,1602,1499,1743,1621
nir_91.tif,2592,1944,bottle,1602,1499,1743,1621
r_91.tif,2592,1944,bottle,1602,1499,1743,1621
re_91.tif,2592,1944,bottle,1602,1499,1743,1621
rgb_91.jpg,2592,1944,bottle,1602,1499,1743,1621
g_91.tif,2592,1944,bottle,1752,1550,1823,1683
nir_91.tif,2592,1944,bottle,1752,1550,1823,1683
r_91.tif,2592,1944,bottle,1752,1550,1823,1683
re_91.tif,2592,1944,bottle,1752,1550,1823,1683
rgb_91.jpg,2592,1944,bottle,1752,1550,1823,1683
g_91.tif,2592,1944,bottle,1950,1393,2131,1499
nir_91.tif,2592,1944,bottle,1950,1393,2131,1499
r_91.tif,2592,1944,bottle,1950,1393,2131,1499
re_91.tif,2592,1944,bottle,1950,1393,2131,1499
rgb_91.jpg,2592,1944,bottle,1950,1393,2131,1499
g_91.tif,2592,1944,bottle,1967,1481,2074,1607
nir_91.tif,2592,1944,bottle,1967,1481,2074,1607
r_91.tif,2592,1944,bottle,1967,1481,2074,1607
re_91.tif,2592,1944,bottle,1967,1481,2074,1607
rgb_91.jpg,2592,1944,bottle,1967,1481,2074,1607
g_91.tif,2592,1944,bottle,1893,1699,2029,1906
nir_91.tif,2592,1944,bottle,1893,1699,2029,1906
r_91.tif,2592,1944,bottle,1893,1699,2029,1906
re_91.tif,2592,1944,bottle,1893,1699,2029,1906
rgb_91.jpg,2592,1944,bottle,1893,1699,2029,1906
g_91.tif,2592,1944,bottle,1673,1666,1898,1762
nir_91.tif,2592,1944,bottle,1673,1666,1898,1762
r_91.tif,2592,1944,bottle,1673,1666,1898,1762
re_91.tif,2592,1944,bottle,1673,1666,1898,1762
rgb_91.jpg,2592,1944,bottle,1673,1666,1898,1762
g_91.tif,2592,1944,bottle,1854,1635,2048,1718
nir_91.tif,2592,1944,bottle,1854,1635,2048,1718
r_91.tif,2592,1944,bottle,1854,1635,2048,1718
re_91.tif,2592,1944,bottle,1854,1635,2048,1718
rgb_91.jpg,2592,1944,bottle,1854,1635,2048,1718
g_91.tif,2592,1944,bottle,1795,1521,1967,1661
nir_91.tif,2592,1944,bottle,1795,1521,1967,1661
r_91.tif,2592,1944,bottle,1795,1521,1967,1661
re_91.tif,2592,1944,bottle,1795,1521,1967,1661
rgb_91.jpg,2592,1944,bottle,1795,1521,1967,1661
g_91.tif,2592,1944,bottle,1743,1524,1835,1676
nir_91.tif,2592,1944,bottle,1743,1524,1835,1676
r_91.tif,2592,1944,bottle,1743,1524,1835,1676
re_91.tif,2592,1944,bottle,1743,1524,1835,1676
rgb_91.jpg,2592,1944,bottle,1743,1524,1835,1676
g_91.tif,2592,1944,bottle,2107,1678,2192,1859
nir_91.tif,2592,1944,bottle,2107,1678,2192,1859
r_91.tif,2592,1944,bottle,2107,1678,2192,1859
re_91.tif,2592,1944,bottle,2107,1678,2192,1859
rgb_91.jpg,2592,1944,bottle,2107,1678,2192,1859
g_91.tif,2592,1944,bottle,1864,1892,2086,1944
nir_91.tif,2592,1944,bottle,1864,1892,2086,1944
r_91.tif,2592,1944,bottle,1864,1892,2086,1944
re_91.tif,2592,1944,bottle,1864,1892,2086,1944
rgb_91.jpg,2592,1944,bottle,1864,1892,2086,1944
g_91.tif,2592,1944,bottle,1281,1852,1457,1944
nir_91.tif,2592,1944,bottle,1281,1852,1457,1944
r_91.tif,2592,1944,bottle,1281,1852,1457,1944
re_91.tif,2592,1944,bottle,1281,1852,1457,1944
rgb_91.jpg,2592,1944,bottle,1281,1852,1457,1944
g_91.tif,2592,1944,can,1200,1593,1473,1818
nir_91.tif,2592,1944,can,1200,1593,1473,1818
r_91.tif,2592,1944,can,1200,1593,1473,1818
re_91.tif,2592,1944,can,1200,1593,1473,1818
rgb_91.jpg,2592,1944,can,1200,1593,1473,1818
g_91.tif,2592,1944,can,957,1659,1162,1892
nir_91.tif,2592,1944,can,957,1659,1162,1892
r_91.tif,2592,1944,can,957,1659,1162,1892
re_91.tif,2592,1944,can,957,1659,1162,1892
rgb_91.jpg,2592,1944,can,957,1659,1162,1892
g_91.tif,2592,1944,can,990,1814,1228,1944
nir_91.tif,2592,1944,can,990,1814,1228,1944
r_91.tif,2592,1944,can,990,1814,1228,1944
re_91.tif,2592,1944,can,990,1814,1228,1944
rgb_91.jpg,2592,1944,can,990,1814,1228,1944
g_91.tif,2592,1944,can,1100,1712,1362,1933
nir_91.tif,2592,1944,can,1100,1712,1362,1933
r_91.tif,2592,1944,can,1100,1712,1362,1933
re_91.tif,2592,1944,can,1100,1712,1362,1933
rgb_91.jpg,2592,1944,can,1100,1712,1362,1933
g_91.tif,2592,1944,can,1514,1759,1811,1944
nir_91.tif,2592,1944,can,1514,1759,1811,1944
r_91.tif,2592,1944,can,1514,1759,1811,1944
re_91.tif,2592,1944,can,1514,1759,1811,1944
rgb_91.jpg,2592,1944,can,1514,1759,1811,1944
g_92.tif,2592,1944,container,1717,1452,2161,1778
nir_92.tif,2592,1944,container,1717,1452,2161,1778
r_92.tif,2592,1944,container,1717,1452,2161,1778
re_92.tif,2592,1944,container,1717,1452,2161,1778
rgb_92.jpg,2592,1944,container,1717,1452,2161,1778
g_92.tif,2592,1944,bottle,1750,1564,2052,1728
nir_92.tif,2592,1944,bottle,1750,1564,2052,1728
r_92.tif,2592,1944,bottle,1750,1564,2052,1728
re_92.tif,2592,1944,bottle,1750,1564,2052,1728
rgb_92.jpg,2592,1944,bottle,1750,1564,2052,1728
g_92.tif,2592,1944,bottle,2140,1414,2328,1535
nir_92.tif,2592,1944,bottle,2140,1414,2328,1535
r_92.tif,2592,1944,bottle,2140,1414,2328,1535
re_92.tif,2592,1944,bottle,2140,1414,2328,1535
rgb_92.jpg,2592,1944,bottle,2140,1414,2328,1535
g_92.tif,2592,1944,bottle,2169,1292,2304,1452
nir_92.tif,2592,1944,bottle,2169,1292,2304,1452
r_92.tif,2592,1944,bottle,2169,1292,2304,1452
re_92.tif,2592,1944,bottle,2169,1292,2304,1452
rgb_92.jpg,2592,1944,bottle,2169,1292,2304,1452
g_92.tif,2592,1944,bottle,1995,1130,2202,1240
nir_92.tif,2592,1944,bottle,1995,1130,2202,1240
r_92.tif,2592,1944,bottle,1995,1130,2202,1240
re_92.tif,2592,1944,bottle,1995,1130,2202,1240
rgb_92.jpg,2592,1944,bottle,1995,1130,2202,1240
g_92.tif,2592,1944,bottle,1690,1237,1878,1373
nir_92.tif,2592,1944,bottle,1690,1237,1878,1373
r_92.tif,2592,1944,bottle,1690,1237,1878,1373
re_92.tif,2592,1944,bottle,1690,1237,1878,1373
rgb_92.jpg,2592,1944,bottle,1690,1237,1878,1373
g_92.tif,2592,1944,bottle,1569,1304,1798,1393
nir_92.tif,2592,1944,bottle,1569,1304,1798,1393
r_92.tif,2592,1944,bottle,1569,1304,1798,1393
re_92.tif,2592,1944,bottle,1569,1304,1798,1393
rgb_92.jpg,2592,1944,bottle,1569,1304,1798,1393
g_92.tif,2592,1944,bottle,1324,1178,1502,1304
nir_92.tif,2592,1944,bottle,1324,1178,1502,1304
r_92.tif,2592,1944,bottle,1324,1178,1502,1304
re_92.tif,2592,1944,bottle,1324,1178,1502,1304
rgb_92.jpg,2592,1944,bottle,1324,1178,1502,1304
g_92.tif,2592,1944,bottle,1074,1278,1252,1366
nir_92.tif,2592,1944,bottle,1074,1278,1252,1366
r_92.tif,2592,1944,bottle,1074,1278,1252,1366
re_92.tif,2592,1944,bottle,1074,1278,1252,1366
rgb_92.jpg,2592,1944,bottle,1074,1278,1252,1366
g_92.tif,2592,1944,bottle,952,1721,1267,1909
nir_92.tif,2592,1944,bottle,952,1721,1267,1909
r_92.tif,2592,1944,bottle,952,1721,1267,1909
re_92.tif,2592,1944,bottle,952,1721,1267,1909
rgb_92.jpg,2592,1944,bottle,952,1721,1267,1909
g_92.tif,2592,1944,bottle,1235,1714,1631,1907
nir_92.tif,2592,1944,bottle,1235,1714,1631,1907
r_92.tif,2592,1944,bottle,1235,1714,1631,1907
re_92.tif,2592,1944,bottle,1235,1714,1631,1907
rgb_92.jpg,2592,1944,bottle,1235,1714,1631,1907
g_92.tif,2592,1944,bottle,1486,1533,1629,1792
nir_92.tif,2592,1944,bottle,1486,1533,1629,1792
r_92.tif,2592,1944,bottle,1486,1533,1629,1792
re_92.tif,2592,1944,bottle,1486,1533,1629,1792
rgb_92.jpg,2592,1944,bottle,1486,1533,1629,1792
g_92.tif,2592,1944,bottle,1343,1493,1504,1681
nir_92.tif,2592,1944,bottle,1343,1493,1504,1681
r_92.tif,2592,1944,bottle,1343,1493,1504,1681
re_92.tif,2592,1944,bottle,1343,1493,1504,1681
rgb_92.jpg,2592,1944,bottle,1343,1493,1504,1681
g_92.tif,2592,1944,bottle,1392,1424,1564,1612
nir_92.tif,2592,1944,bottle,1392,1424,1564,1612
r_92.tif,2592,1944,bottle,1392,1424,1564,1612
re_92.tif,2592,1944,bottle,1392,1424,1564,1612
rgb_92.jpg,2592,1944,bottle,1392,1424,1564,1612
g_92.tif,2592,1944,bottle,1574,1533,1838,1649
nir_92.tif,2592,1944,bottle,1574,1533,1838,1649
r_92.tif,2592,1944,bottle,1574,1533,1838,1649
re_92.tif,2592,1944,bottle,1574,1533,1838,1649
rgb_92.jpg,2592,1944,bottle,1574,1533,1838,1649
g_92.tif,2592,1944,bottle,1912,1300,2048,1435
nir_92.tif,2592,1944,bottle,1912,1300,2048,1435
r_92.tif,2592,1944,bottle,1912,1300,2048,1435
re_92.tif,2592,1944,bottle,1912,1300,2048,1435
rgb_92.jpg,2592,1944,bottle,1912,1300,2048,1435
g_92.tif,2592,1944,bottle,2009,1319,2100,1495
nir_92.tif,2592,1944,bottle,2009,1319,2100,1495
r_92.tif,2592,1944,bottle,2009,1319,2100,1495
re_92.tif,2592,1944,bottle,2009,1319,2100,1495
rgb_92.jpg,2592,1944,bottle,2009,1319,2100,1495
g_92.tif,2592,1944,bottle,1571,1295,1821,1395
nir_92.tif,2592,1944,bottle,1571,1295,1821,1395
r_92.tif,2592,1944,bottle,1571,1295,1821,1395
re_92.tif,2592,1944,bottle,1571,1295,1821,1395
rgb_92.jpg,2592,1944,bottle,1571,1295,1821,1395
g_92.tif,2592,1944,bottle,2024,1187,2133,1319
nir_92.tif,2592,1944,bottle,2024,1187,2133,1319
r_92.tif,2592,1944,bottle,2024,1187,2133,1319
re_92.tif,2592,1944,bottle,2024,1187,2133,1319
rgb_92.jpg,2592,1944,bottle,2024,1187,2133,1319
g_92.tif,2592,1944,bottle,755,1769,938,1944
nir_92.tif,2592,1944,bottle,755,1769,938,1944
r_92.tif,2592,1944,bottle,755,1769,938,1944
re_92.tif,2592,1944,bottle,755,1769,938,1944
rgb_92.jpg,2592,1944,bottle,755,1769,938,1944
g_92.tif,2592,1944,bottle,819,1693,1036,1774
nir_92.tif,2592,1944,bottle,819,1693,1036,1774
r_92.tif,2592,1944,bottle,819,1693,1036,1774
re_92.tif,2592,1944,bottle,819,1693,1036,1774
rgb_92.jpg,2592,1944,bottle,819,1693,1036,1774
g_92.tif,2592,1944,can,442,1552,885,1944
nir_92.tif,2592,1944,can,442,1552,885,1944
r_92.tif,2592,1944,can,442,1552,885,1944
re_92.tif,2592,1944,can,442,1552,885,1944
rgb_92.jpg,2592,1944,can,442,1552,885,1944
g_92.tif,2592,1944,can,447,1516,792,1814
nir_92.tif,2592,1944,can,447,1516,792,1814
r_92.tif,2592,1944,can,447,1516,792,1814
re_92.tif,2592,1944,can,447,1516,792,1814
rgb_92.jpg,2592,1944,can,447,1516,792,1814
g_92.tif,2592,1944,can,788,1464,1123,1706
nir_92.tif,2592,1944,can,788,1464,1123,1706
r_92.tif,2592,1944,can,788,1464,1123,1706
re_92.tif,2592,1944,can,788,1464,1123,1706
rgb_92.jpg,2592,1944,can,788,1464,1123,1706
g_92.tif,2592,1944,can,1057,1545,1433,1795
nir_92.tif,2592,1944,can,1057,1545,1433,1795
r_92.tif,2592,1944,can,1057,1545,1433,1795
re_92.tif,2592,1944,can,1057,1545,1433,1795
rgb_92.jpg,2592,1944,can,1057,1545,1433,1795
g_92.tif,2592,1944,can,1097,1423,1367,1633
nir_92.tif,2592,1944,can,1097,1423,1367,1633
r_92.tif,2592,1944,can,1097,1423,1367,1633
re_92.tif,2592,1944,can,1097,1423,1367,1633
rgb_92.jpg,2592,1944,can,1097,1423,1367,1633
g_92.tif,2592,1944,can,1159,1359,1473,1590
nir_92.tif,2592,1944,can,1159,1359,1473,1590
r_92.tif,2592,1944,can,1159,1359,1473,1590
re_92.tif,2592,1944,can,1159,1359,1473,1590
rgb_92.jpg,2592,1944,can,1159,1359,1473,1590
g_92.tif,2592,1944,can,1024,1319,1240,1533
nir_92.tif,2592,1944,can,1024,1319,1240,1533
r_92.tif,2592,1944,can,1024,1319,1240,1533
re_92.tif,2592,1944,can,1024,1319,1240,1533
rgb_92.jpg,2592,1944,can,1024,1319,1240,1533
g_92.tif,2592,1944,can,1276,1283,1554,1450
nir_92.tif,2592,1944,can,1276,1283,1554,1450
r_92.tif,2592,1944,can,1276,1283,1554,1450
re_92.tif,2592,1944,can,1276,1283,1554,1450
rgb_92.jpg,2592,1944,can,1276,1283,1554,1450
g_92.tif,2592,1944,can,1592,1369,1904,1583
nir_92.tif,2592,1944,can,1592,1369,1904,1583
r_92.tif,2592,1944,can,1592,1369,1904,1583
re_92.tif,2592,1944,can,1592,1369,1904,1583
rgb_92.jpg,2592,1944,can,1592,1369,1904,1583
g_92.tif,2592,1944,container,897,1440,1033,1537
nir_92.tif,2592,1944,container,897,1440,1033,1537
r_92.tif,2592,1944,container,897,1440,1033,1537
re_92.tif,2592,1944,container,897,1440,1033,1537
rgb_92.jpg,2592,1944,container,897,1440,1033,1537
g_92.tif,2592,1944,container,1342,1356,1523,1504
nir_92.tif,2592,1944,container,1342,1356,1523,1504
r_92.tif,2592,1944,container,1342,1356,1523,1504
re_92.tif,2592,1944,container,1342,1356,1523,1504
rgb_92.jpg,2592,1944,container,1342,1356,1523,1504
g_92.tif,2592,1944,bottle,1545,1609,1793,1826
nir_92.tif,2592,1944,bottle,1545,1609,1793,1826
r_92.tif,2592,1944,bottle,1545,1609,1793,1826
re_92.tif,2592,1944,bottle,1545,1609,1793,1826
rgb_92.jpg,2592,1944,bottle,1545,1609,1793,1826
g_93.tif,2592,1944,bottle,343,1528,445,1626
nir_93.tif,2592,1944,bottle,343,1528,445,1626
r_93.tif,2592,1944,bottle,343,1528,445,1626
re_93.tif,2592,1944,bottle,343,1528,445,1626
rgb_93.jpg,2592,1944,bottle,343,1528,445,1626
g_93.tif,2592,1944,bottle,442,1490,555,1559
nir_93.tif,2592,1944,bottle,442,1490,555,1559
r_93.tif,2592,1944,bottle,442,1490,555,1559
re_93.tif,2592,1944,bottle,442,1490,555,1559
rgb_93.jpg,2592,1944,bottle,442,1490,555,1559
g_93.tif,2592,1944,bottle,588,1402,693,1478
nir_93.tif,2592,1944,bottle,588,1402,693,1478
r_93.tif,2592,1944,bottle,588,1402,693,1478
re_93.tif,2592,1944,bottle,588,1402,693,1478
rgb_93.jpg,2592,1944,bottle,588,1402,693,1478
g_93.tif,2592,1944,bottle,702,1407,823,1464
nir_93.tif,2592,1944,bottle,702,1407,823,1464
r_93.tif,2592,1944,bottle,702,1407,823,1464
re_93.tif,2592,1944,bottle,702,1407,823,1464
rgb_93.jpg,2592,1944,bottle,702,1407,823,1464
g_93.tif,2592,1944,bottle,750,1447,859,1492
nir_93.tif,2592,1944,bottle,750,1447,859,1492
r_93.tif,2592,1944,bottle,750,1447,859,1492
re_93.tif,2592,1944,bottle,750,1447,859,1492
rgb_93.jpg,2592,1944,bottle,750,1447,859,1492
g_93.tif,2592,1944,bottle,655,1530,733,1606
nir_93.tif,2592,1944,bottle,655,1530,733,1606
r_93.tif,2592,1944,bottle,655,1530,733,1606
re_93.tif,2592,1944,bottle,655,1530,733,1606
rgb_93.jpg,2592,1944,bottle,655,1530,733,1606
g_93.tif,2592,1944,bottle,814,1519,888,1597
nir_93.tif,2592,1944,bottle,814,1519,888,1597
r_93.tif,2592,1944,bottle,814,1519,888,1597
re_93.tif,2592,1944,bottle,814,1519,888,1597
rgb_93.jpg,2592,1944,bottle,814,1519,888,1597
g_93.tif,2592,1944,bottle,979,1559,1147,1618
nir_93.tif,2592,1944,bottle,979,1559,1147,1618
r_93.tif,2592,1944,bottle,979,1559,1147,1618
re_93.tif,2592,1944,bottle,979,1559,1147,1618
rgb_93.jpg,2592,1944,bottle,979,1559,1147,1618
g_93.tif,2592,1944,bottle,748,1476,829,1569
nir_93.tif,2592,1944,bottle,748,1476,829,1569
r_93.tif,2592,1944,bottle,748,1476,829,1569
re_93.tif,2592,1944,bottle,748,1476,829,1569
rgb_93.jpg,2592,1944,bottle,748,1476,829,1569
g_93.tif,2592,1944,bottle,552,1471,676,1530
nir_93.tif,2592,1944,bottle,552,1471,676,1530
r_93.tif,2592,1944,bottle,552,1471,676,1530
re_93.tif,2592,1944,bottle,552,1471,676,1530
rgb_93.jpg,2592,1944,bottle,552,1471,676,1530
g_93.tif,2592,1944,bottle,555,1387,645,1476
nir_93.tif,2592,1944,bottle,555,1387,645,1476
r_93.tif,2592,1944,bottle,555,1387,645,1476
re_93.tif,2592,1944,bottle,555,1387,645,1476
rgb_93.jpg,2592,1944,bottle,555,1387,645,1476
g_93.tif,2592,1944,container,721,1312,883,1406
nir_93.tif,2592,1944,container,721,1312,883,1406
r_93.tif,2592,1944,container,721,1312,883,1406
re_93.tif,2592,1944,container,721,1312,883,1406
rgb_93.jpg,2592,1944,container,721,1312,883,1406
g_93.tif,2592,1944,container,1135,1419,1248,1512
nir_93.tif,2592,1944,container,1135,1419,1248,1512
r_93.tif,2592,1944,container,1135,1419,1248,1512
re_93.tif,2592,1944,container,1135,1419,1248,1512
rgb_93.jpg,2592,1944,container,1135,1419,1248,1512
g_93.tif,2592,1944,can,1207,1393,1307,1469
nir_93.tif,2592,1944,can,1207,1393,1307,1469
r_93.tif,2592,1944,can,1207,1393,1307,1469
re_93.tif,2592,1944,can,1207,1393,1307,1469
rgb_93.jpg,2592,1944,can,1207,1393,1307,1469
g_93.tif,2592,1944,can,1054,1440,1145,1542
nir_93.tif,2592,1944,can,1054,1440,1145,1542
r_93.tif,2592,1944,can,1054,1440,1145,1542
re_93.tif,2592,1944,can,1054,1440,1145,1542
rgb_93.jpg,2592,1944,can,1054,1440,1145,1542
g_93.tif,2592,1944,can,879,1428,1029,1538
nir_93.tif,2592,1944,can,879,1428,1029,1538
r_93.tif,2592,1944,can,879,1428,1029,1538
re_93.tif,2592,1944,can,879,1428,1029,1538
rgb_93.jpg,2592,1944,can,879,1428,1029,1538
g_93.tif,2592,1944,can,981,1406,1093,1516
nir_93.tif,2592,1944,can,981,1406,1093,1516
r_93.tif,2592,1944,can,981,1406,1093,1516
re_93.tif,2592,1944,can,981,1406,1093,1516
rgb_93.jpg,2592,1944,can,981,1406,1093,1516
g_93.tif,2592,1944,can,995,1328,1104,1435
nir_93.tif,2592,1944,can,995,1328,1104,1435
r_93.tif,2592,1944,can,995,1328,1104,1435
re_93.tif,2592,1944,can,995,1328,1104,1435
rgb_93.jpg,2592,1944,can,995,1328,1104,1435
g_93.tif,2592,1944,can,1086,1357,1226,1456
nir_93.tif,2592,1944,can,1086,1357,1226,1456
r_93.tif,2592,1944,can,1086,1357,1226,1456
re_93.tif,2592,1944,can,1086,1357,1226,1456
rgb_93.jpg,2592,1944,can,1086,1357,1226,1456
g_93.tif,2592,1944,can,790,1356,928,1445
nir_93.tif,2592,1944,can,790,1356,928,1445
r_93.tif,2592,1944,can,790,1356,928,1445
re_93.tif,2592,1944,can,790,1356,928,1445
rgb_93.jpg,2592,1944,can,790,1356,928,1445
g_93.tif,2592,1944,container,900,1343,986,1411
nir_93.tif,2592,1944,container,900,1343,986,1411
r_93.tif,2592,1944,container,900,1343,986,1411
re_93.tif,2592,1944,container,900,1343,986,1411
rgb_93.jpg,2592,1944,container,900,1343,986,1411
g_93.tif,2592,1944,bottle,1254,1347,1347,1393
nir_93.tif,2592,1944,bottle,1254,1347,1347,1393
r_93.tif,2592,1944,bottle,1254,1347,1347,1393
re_93.tif,2592,1944,bottle,1254,1347,1347,1393
rgb_93.jpg,2592,1944,bottle,1254,1347,1347,1393
g_93.tif,2592,1944,bottle,652,1452,728,1535
nir_93.tif,2592,1944,bottle,652,1452,728,1535
r_93.tif,2592,1944,bottle,652,1452,728,1535
re_93.tif,2592,1944,bottle,652,1452,728,1535
rgb_93.jpg,2592,1944,bottle,652,1452,728,1535
g_94.tif,2592,1944,bottle,45,1731,140,1893
nir_94.tif,2592,1944,bottle,45,1731,140,1893
r_94.tif,2592,1944,bottle,45,1731,140,1893
re_94.tif,2592,1944,bottle,45,1731,140,1893
rgb_94.jpg,2592,1944,bottle,45,1731,140,1893
g_94.tif,2592,1944,bottle,892,1785,1085,1856
nir_94.tif,2592,1944,bottle,892,1785,1085,1856
r_94.tif,2592,1944,bottle,892,1785,1085,1856
re_94.tif,2592,1944,bottle,892,1785,1085,1856
rgb_94.jpg,2592,1944,bottle,892,1785,1085,1856
g_94.tif,2592,1944,bottle,840,1745,1031,1800
nir_94.tif,2592,1944,bottle,840,1745,1031,1800
r_94.tif,2592,1944,bottle,840,1745,1031,1800
re_94.tif,2592,1944,bottle,840,1745,1031,1800
rgb_94.jpg,2592,1944,bottle,840,1745,1031,1800
g_94.tif,2592,1944,bottle,679,1718,759,1847
nir_94.tif,2592,1944,bottle,679,1718,759,1847
r_94.tif,2592,1944,bottle,679,1718,759,1847
re_94.tif,2592,1944,bottle,679,1718,759,1847
rgb_94.jpg,2592,1944,bottle,679,1718,759,1847
g_94.tif,2592,1944,bottle,678,1842,857,1907
nir_94.tif,2592,1944,bottle,678,1842,857,1907
r_94.tif,2592,1944,bottle,678,1842,857,1907
re_94.tif,2592,1944,bottle,678,1842,857,1907
rgb_94.jpg,2592,1944,bottle,678,1842,857,1907
g_94.tif,2592,1944,bottle,473,1752,548,1857
nir_94.tif,2592,1944,bottle,473,1752,548,1857
r_94.tif,2592,1944,bottle,473,1752,548,1857
re_94.tif,2592,1944,bottle,473,1752,548,1857
rgb_94.jpg,2592,1944,bottle,473,1752,548,1857
g_94.tif,2592,1944,bottle,205,1685,340,1788
nir_94.tif,2592,1944,bottle,205,1685,340,1788
r_94.tif,2592,1944,bottle,205,1685,340,1788
re_94.tif,2592,1944,bottle,205,1685,340,1788
rgb_94.jpg,2592,1944,bottle,205,1685,340,1788
g_94.tif,2592,1944,bottle,324,1664,492,1754
nir_94.tif,2592,1944,bottle,324,1664,492,1754
r_94.tif,2592,1944,bottle,324,1664,492,1754
re_94.tif,2592,1944,bottle,324,1664,492,1754
rgb_94.jpg,2592,1944,bottle,324,1664,492,1754
g_94.tif,2592,1944,bottle,304,1649,490,1706
nir_94.tif,2592,1944,bottle,304,1649,490,1706
r_94.tif,2592,1944,bottle,304,1649,490,1706
re_94.tif,2592,1944,bottle,304,1649,490,1706
rgb_94.jpg,2592,1944,bottle,304,1649,490,1706
g_94.tif,2592,1944,bottle,469,1607,542,1762
nir_94.tif,2592,1944,bottle,469,1607,542,1762
r_94.tif,2592,1944,bottle,469,1607,542,1762
re_94.tif,2592,1944,bottle,469,1607,542,1762
rgb_94.jpg,2592,1944,bottle,469,1607,542,1762
g_94.tif,2592,1944,bottle,538,1646,636,1773
nir_94.tif,2592,1944,bottle,538,1646,636,1773
r_94.tif,2592,1944,bottle,538,1646,636,1773
re_94.tif,2592,1944,bottle,538,1646,636,1773
rgb_94.jpg,2592,1944,bottle,538,1646,636,1773
g_94.tif,2592,1944,bottle,583,1680,690,1812
nir_94.tif,2592,1944,bottle,583,1680,690,1812
r_94.tif,2592,1944,bottle,583,1680,690,1812
re_94.tif,2592,1944,bottle,583,1680,690,1812
rgb_94.jpg,2592,1944,bottle,583,1680,690,1812
g_94.tif,2592,1944,bottle,542,1566,688,1635
nir_94.tif,2592,1944,bottle,542,1566,688,1635
r_94.tif,2592,1944,bottle,542,1566,688,1635
re_94.tif,2592,1944,bottle,542,1566,688,1635
rgb_94.jpg,2592,1944,bottle,542,1566,688,1635
g_94.tif,2592,1944,bottle,628,1588,771,1649
nir_94.tif,2592,1944,bottle,628,1588,771,1649
r_94.tif,2592,1944,bottle,628,1588,771,1649
re_94.tif,2592,1944,bottle,628,1588,771,1649
rgb_94.jpg,2592,1944,bottle,628,1588,771,1649
g_94.tif,2592,1944,bottle,733,1590,800,1712
nir_94.tif,2592,1944,bottle,733,1590,800,1712
r_94.tif,2592,1944,bottle,733,1590,800,1712
re_94.tif,2592,1944,bottle,733,1590,800,1712
rgb_94.jpg,2592,1944,bottle,733,1590,800,1712
g_94.tif,2592,1944,container,816,1447,885,1519
nir_94.tif,2592,1944,container,816,1447,885,1519
r_94.tif,2592,1944,container,816,1447,885,1519
re_94.tif,2592,1944,container,816,1447,885,1519
rgb_94.jpg,2592,1944,container,816,1447,885,1519
g_94.tif,2592,1944,container,597,1418,785,1556
nir_94.tif,2592,1944,container,597,1418,785,1556
r_94.tif,2592,1944,container,597,1418,785,1556
re_94.tif,2592,1944,container,597,1418,785,1556
rgb_94.jpg,2592,1944,container,597,1418,785,1556
g_94.tif,2592,1944,bottle,1221,1461,1336,1518
nir_94.tif,2592,1944,bottle,1221,1461,1336,1518
r_94.tif,2592,1944,bottle,1221,1461,1336,1518
re_94.tif,2592,1944,bottle,1221,1461,1336,1518
rgb_94.jpg,2592,1944,bottle,1221,1461,1336,1518
g_94.tif,2592,1944,container,1067,1562,1226,1671
nir_94.tif,2592,1944,container,1067,1562,1226,1671
r_94.tif,2592,1944,container,1067,1562,1226,1671
re_94.tif,2592,1944,container,1067,1562,1226,1671
rgb_94.jpg,2592,1944,container,1067,1562,1226,1671
g_94.tif,2592,1944,can,1048,1497,1188,1604
nir_94.tif,2592,1944,can,1048,1497,1188,1604
r_94.tif,2592,1944,can,1048,1497,1188,1604
re_94.tif,2592,1944,can,1048,1497,1188,1604
rgb_94.jpg,2592,1944,can,1048,1497,1188,1604
g_94.tif,2592,1944,can,962,1581,1111,1738
nir_94.tif,2592,1944,can,962,1581,1111,1738
r_94.tif,2592,1944,can,962,1581,1111,1738
re_94.tif,2592,1944,can,962,1581,1111,1738
rgb_94.jpg,2592,1944,can,962,1581,1111,1738
g_94.tif,2592,1944,can,864,1540,1033,1687
nir_94.tif,2592,1944,can,864,1540,1033,1687
r_94.tif,2592,1944,can,864,1540,1033,1687
re_94.tif,2592,1944,can,864,1540,1033,1687
rgb_94.jpg,2592,1944,can,864,1540,1033,1687
g_94.tif,2592,1944,can,792,1588,952,1737
nir_94.tif,2592,1944,can,792,1588,952,1737
r_94.tif,2592,1944,can,792,1588,952,1737
re_94.tif,2592,1944,can,792,1588,952,1737
rgb_94.jpg,2592,1944,can,792,1588,952,1737
g_94.tif,2592,1944,can,909,1466,1069,1550
nir_94.tif,2592,1944,can,909,1466,1069,1550
r_94.tif,2592,1944,can,909,1466,1069,1550
re_94.tif,2592,1944,can,909,1466,1069,1550
rgb_94.jpg,2592,1944,can,909,1466,1069,1550
g_94.tif,2592,1944,can,657,1485,807,1600
nir_94.tif,2592,1944,can,657,1485,807,1600
r_94.tif,2592,1944,can,657,1485,807,1600
re_94.tif,2592,1944,can,657,1485,807,1600
rgb_94.jpg,2592,1944,can,657,1485,807,1600
g_94.tif,2592,1944,can,940,1502,1059,1595
nir_94.tif,2592,1944,can,940,1502,1059,1595
r_94.tif,2592,1944,can,940,1502,1059,1595
re_94.tif,2592,1944,can,940,1502,1059,1595
rgb_94.jpg,2592,1944,can,940,1502,1059,1595
g_94.tif,2592,1944,can,1161,1524,1293,1631
nir_94.tif,2592,1944,can,1161,1524,1293,1631
r_94.tif,2592,1944,can,1161,1524,1293,1631
re_94.tif,2592,1944,can,1161,1524,1293,1631
rgb_94.jpg,2592,1944,can,1161,1524,1293,1631
g_94.tif,2592,1944,can,1143,1487,1250,1535
nir_94.tif,2592,1944,can,1143,1487,1250,1535
r_94.tif,2592,1944,can,1143,1487,1250,1535
re_94.tif,2592,1944,can,1143,1487,1250,1535
rgb_94.jpg,2592,1944,can,1143,1487,1250,1535
g_94.tif,2592,1944,bottle,402,1540,529,1650
nir_94.tif,2592,1944,bottle,402,1540,529,1650
r_94.tif,2592,1944,bottle,402,1540,529,1650
re_94.tif,2592,1944,bottle,402,1540,529,1650
rgb_94.jpg,2592,1944,bottle,402,1540,529,1650
g_94.tif,2592,1944,bottle,355,1500,502,1624
nir_94.tif,2592,1944,bottle,355,1500,502,1624
r_94.tif,2592,1944,bottle,355,1500,502,1624
re_94.tif,2592,1944,bottle,355,1500,502,1624
rgb_94.jpg,2592,1944,bottle,355,1500,502,1624
g_95.tif,2592,1944,bottle,60,1331,225,1410
nir_95.tif,2592,1944,bottle,60,1331,225,1410
r_95.tif,2592,1944,bottle,60,1331,225,1410
re_95.tif,2592,1944,bottle,60,1331,225,1410
rgb_95.jpg,2592,1944,bottle,60,1331,225,1410
g_95.tif,2592,1944,bottle,377,1392,474,1485
nir_95.tif,2592,1944,bottle,377,1392,474,1485
r_95.tif,2592,1944,bottle,377,1392,474,1485
re_95.tif,2592,1944,bottle,377,1392,474,1485
rgb_95.jpg,2592,1944,bottle,377,1392,474,1485
g_95.tif,2592,1944,bottle,622,1474,785,1536
nir_95.tif,2592,1944,bottle,622,1474,785,1536
r_95.tif,2592,1944,bottle,622,1474,785,1536
re_95.tif,2592,1944,bottle,622,1474,785,1536
rgb_95.jpg,2592,1944,bottle,622,1474,785,1536
g_95.tif,2592,1944,bottle,878,1432,1038,1498
nir_95.tif,2592,1944,bottle,878,1432,1038,1498
r_95.tif,2592,1944,bottle,878,1432,1038,1498
re_95.tif,2592,1944,bottle,878,1432,1038,1498
rgb_95.jpg,2592,1944,bottle,878,1432,1038,1498
g_95.tif,2592,1944,bottle,777,1409,941,1474
nir_95.tif,2592,1944,bottle,777,1409,941,1474
r_95.tif,2592,1944,bottle,777,1409,941,1474
re_95.tif,2592,1944,bottle,777,1409,941,1474
rgb_95.jpg,2592,1944,bottle,777,1409,941,1474
g_95.tif,2592,1944,bottle,1222,1209,1324,1255
nir_95.tif,2592,1944,bottle,1222,1209,1324,1255
r_95.tif,2592,1944,bottle,1222,1209,1324,1255
re_95.tif,2592,1944,bottle,1222,1209,1324,1255
rgb_95.jpg,2592,1944,bottle,1222,1209,1324,1255
g_95.tif,2592,1944,bottle,247,1320,387,1379
nir_95.tif,2592,1944,bottle,247,1320,387,1379
r_95.tif,2592,1944,bottle,247,1320,387,1379
re_95.tif,2592,1944,bottle,247,1320,387,1379
rgb_95.jpg,2592,1944,bottle,247,1320,387,1379
g_95.tif,2592,1944,bottle,351,1329,470,1397
nir_95.tif,2592,1944,bottle,351,1329,470,1397
r_95.tif,2592,1944,bottle,351,1329,470,1397
re_95.tif,2592,1944,bottle,351,1329,470,1397
rgb_95.jpg,2592,1944,bottle,351,1329,470,1397
g_95.tif,2592,1944,bottle,495,1343,609,1448
nir_95.tif,2592,1944,bottle,495,1343,609,1448
r_95.tif,2592,1944,bottle,495,1343,609,1448
re_95.tif,2592,1944,bottle,495,1343,609,1448
rgb_95.jpg,2592,1944,bottle,495,1343,609,1448
g_95.tif,2592,1944,bottle,541,1286,684,1344
nir_95.tif,2592,1944,bottle,541,1286,684,1344
r_95.tif,2592,1944,bottle,541,1286,684,1344
re_95.tif,2592,1944,bottle,541,1286,684,1344
rgb_95.jpg,2592,1944,bottle,541,1286,684,1344
g_95.tif,2592,1944,bottle,470,1251,590,1301
nir_95.tif,2592,1944,bottle,470,1251,590,1301
r_95.tif,2592,1944,bottle,470,1251,590,1301
re_95.tif,2592,1944,bottle,470,1251,590,1301
rgb_95.jpg,2592,1944,bottle,470,1251,590,1301
g_95.tif,2592,1944,bottle,618,1390,678,1482
nir_95.tif,2592,1944,bottle,618,1390,678,1482
r_95.tif,2592,1944,bottle,618,1390,678,1482
re_95.tif,2592,1944,bottle,618,1390,678,1482
rgb_95.jpg,2592,1944,bottle,618,1390,678,1482
g_95.tif,2592,1944,bottle,333,1221,462,1295
nir_95.tif,2592,1944,bottle,333,1221,462,1295
r_95.tif,2592,1944,bottle,333,1221,462,1295
re_95.tif,2592,1944,bottle,333,1221,462,1295
rgb_95.jpg,2592,1944,bottle,333,1221,462,1295
g_95.tif,2592,1944,bottle,223,1294,375,1346
nir_95.tif,2592,1944,bottle,223,1294,375,1346
r_95.tif,2592,1944,bottle,223,1294,375,1346
re_95.tif,2592,1944,bottle,223,1294,375,1346
rgb_95.jpg,2592,1944,bottle,223,1294,375,1346
g_95.tif,2592,1944,bottle,746,1215,817,1274
nir_95.tif,2592,1944,bottle,746,1215,817,1274
r_95.tif,2592,1944,bottle,746,1215,817,1274
re_95.tif,2592,1944,bottle,746,1215,817,1274
rgb_95.jpg,2592,1944,bottle,746,1215,817,1274
g_95.tif,2592,1944,container,557,1140,736,1233
nir_95.tif,2592,1944,container,557,1140,736,1233
r_95.tif,2592,1944,container,557,1140,736,1233
re_95.tif,2592,1944,container,557,1140,736,1233
rgb_95.jpg,2592,1944,container,557,1140,736,1233
g_95.tif,2592,1944,container,1049,1286,1210,1366
nir_95.tif,2592,1944,container,1049,1286,1210,1366
r_95.tif,2592,1944,container,1049,1286,1210,1366
re_95.tif,2592,1944,container,1049,1286,1210,1366
rgb_95.jpg,2592,1944,container,1049,1286,1210,1366
g_95.tif,2592,1944,can,939,1284,1075,1416
nir_95.tif,2592,1944,can,939,1284,1075,1416
r_95.tif,2592,1944,can,939,1284,1075,1416
re_95.tif,2592,1944,can,939,1284,1075,1416
rgb_95.jpg,2592,1944,can,939,1284,1075,1416
g_95.tif,2592,1944,can,718,1275,908,1413
nir_95.tif,2592,1944,can,718,1275,908,1413
r_95.tif,2592,1944,can,718,1275,908,1413
re_95.tif,2592,1944,can,718,1275,908,1413
rgb_95.jpg,2592,1944,can,718,1275,908,1413
g_95.tif,2592,1944,can,591,1178,749,1279
nir_95.tif,2592,1944,can,591,1178,749,1279
r_95.tif,2592,1944,can,591,1178,749,1279
re_95.tif,2592,1944,can,591,1178,749,1279
rgb_95.jpg,2592,1944,can,591,1178,749,1279
g_95.tif,2592,1944,can,875,1184,1030,1275
nir_95.tif,2592,1944,can,875,1184,1030,1275
r_95.tif,2592,1944,can,875,1184,1030,1275
re_95.tif,2592,1944,can,875,1184,1030,1275
rgb_95.jpg,2592,1944,can,875,1184,1030,1275
g_95.tif,2592,1944,can,1028,1214,1179,1303
nir_95.tif,2592,1944,can,1028,1214,1179,1303
r_95.tif,2592,1944,can,1028,1214,1179,1303
re_95.tif,2592,1944,can,1028,1214,1179,1303
rgb_95.jpg,2592,1944,can,1028,1214,1179,1303
g_95.tif,2592,1944,can,1168,1236,1285,1339
nir_95.tif,2592,1944,can,1168,1236,1285,1339
r_95.tif,2592,1944,can,1168,1236,1285,1339
re_95.tif,2592,1944,can,1168,1236,1285,1339
rgb_95.jpg,2592,1944,can,1168,1236,1285,1339
g_95.tif,2592,1944,container,780,1189,847,1223
nir_95.tif,2592,1944,container,780,1189,847,1223
r_95.tif,2592,1944,container,780,1189,847,1223
re_95.tif,2592,1944,container,780,1189,847,1223
rgb_95.jpg,2592,1944,container,780,1189,847,1223
g_95.tif,2592,1944,bottle,982,1163,1032,1197
nir_95.tif,2592,1944,bottle,982,1163,1032,1197
r_95.tif,2592,1944,bottle,982,1163,1032,1197
re_95.tif,2592,1944,bottle,982,1163,1032,1197
rgb_95.jpg,2592,1944,bottle,982,1163,1032,1197
g_95.tif,2592,1944,bottle,785,1232,846,1270
nir_95.tif,2592,1944,bottle,785,1232,846,1270
r_95.tif,2592,1944,bottle,785,1232,846,1270
re_95.tif,2592,1944,bottle,785,1232,846,1270
rgb_95.jpg,2592,1944,bottle,785,1232,846,1270
g_95.tif,2592,1944,bottle,1030,1190,1076,1220
nir_95.tif,2592,1944,bottle,1030,1190,1076,1220
r_95.tif,2592,1944,bottle,1030,1190,1076,1220
re_95.tif,2592,1944,bottle,1030,1190,1076,1220
rgb_95.jpg,2592,1944,bottle,1030,1190,1076,1220
g_95.tif,2592,1944,bottle,460,1210,554,1264
nir_95.tif,2592,1944,bottle,460,1210,554,1264
r_95.tif,2592,1944,bottle,460,1210,554,1264
re_95.tif,2592,1944,bottle,460,1210,554,1264
rgb_95.jpg,2592,1944,bottle,460,1210,554,1264
g_95.tif,2592,1944,bottle,477,1297,537,1422
nir_95.tif,2592,1944,bottle,477,1297,537,1422
r_95.tif,2592,1944,bottle,477,1297,537,1422
re_95.tif,2592,1944,bottle,477,1297,537,1422
rgb_95.jpg,2592,1944,bottle,477,1297,537,1422
g_95.tif,2592,1944,bottle,672,1345,809,1409
nir_95.tif,2592,1944,bottle,672,1345,809,1409
r_95.tif,2592,1944,bottle,672,1345,809,1409
re_95.tif,2592,1944,bottle,672,1345,809,1409
rgb_95.jpg,2592,1944,bottle,672,1345,809,1409
g_95.tif,2592,1944,bottle,315,1194,428,1259
nir_95.tif,2592,1944,bottle,315,1194,428,1259
r_95.tif,2592,1944,bottle,315,1194,428,1259
re_95.tif,2592,1944,bottle,315,1194,428,1259
rgb_95.jpg,2592,1944,bottle,315,1194,428,1259
g_96.tif,2592,1944,bottle,223,1654,316,1850
nir_96.tif,2592,1944,bottle,223,1654,316,1850
r_96.tif,2592,1944,bottle,223,1654,316,1850
re_96.tif,2592,1944,bottle,223,1654,316,1850
rgb_96.jpg,2592,1944,bottle,223,1654,316,1850
g_96.tif,2592,1944,can,1,1557,250,1843
nir_96.tif,2592,1944,can,1,1557,250,1843
r_96.tif,2592,1944,can,1,1557,250,1843
re_96.tif,2592,1944,can,1,1557,250,1843
rgb_96.jpg,2592,1944,can,1,1557,250,1843
g_96.tif,2592,1944,can,728,1607,1033,1852
nir_96.tif,2592,1944,can,728,1607,1033,1852
r_96.tif,2592,1944,can,728,1607,1033,1852
re_96.tif,2592,1944,can,728,1607,1033,1852
rgb_96.jpg,2592,1944,can,728,1607,1033,1852
g_96.tif,2592,1944,can,526,1571,747,1847
nir_96.tif,2592,1944,can,526,1571,747,1847
r_96.tif,2592,1944,can,526,1571,747,1847
re_96.tif,2592,1944,can,526,1571,747,1847
rgb_96.jpg,2592,1944,can,526,1571,747,1847
g_96.tif,2592,1944,can,492,1531,793,1702
nir_96.tif,2592,1944,can,492,1531,793,1702
r_96.tif,2592,1944,can,492,1531,793,1702
re_96.tif,2592,1944,can,492,1531,793,1702
rgb_96.jpg,2592,1944,can,492,1531,793,1702
g_96.tif,2592,1944,can,979,1643,1257,1862
nir_96.tif,2592,1944,can,979,1643,1257,1862
r_96.tif,2592,1944,can,979,1643,1257,1862
re_96.tif,2592,1944,can,979,1643,1257,1862
rgb_96.jpg,2592,1944,can,979,1643,1257,1862
g_96.tif,2592,1944,can,924,1571,1185,1695
nir_96.tif,2592,1944,can,924,1571,1185,1695
r_96.tif,2592,1944,can,924,1571,1185,1695
re_96.tif,2592,1944,can,924,1571,1185,1695
rgb_96.jpg,2592,1944,can,924,1571,1185,1695
g_96.tif,2592,1944,bottle,1128,1537,1295,1607
nir_96.tif,2592,1944,bottle,1128,1537,1295,1607
r_96.tif,2592,1944,bottle,1128,1537,1295,1607
re_96.tif,2592,1944,bottle,1128,1537,1295,1607
rgb_96.jpg,2592,1944,bottle,1128,1537,1295,1607
g_96.tif,2592,1944,bottle,1083,1474,1181,1611
nir_96.tif,2592,1944,bottle,1083,1474,1181,1611
r_96.tif,2592,1944,bottle,1083,1474,1181,1611
re_96.tif,2592,1944,bottle,1083,1474,1181,1611
rgb_96.jpg,2592,1944,bottle,1083,1474,1181,1611
g_96.tif,2592,1944,bottle,1002,1464,1078,1604
nir_96.tif,2592,1944,bottle,1002,1464,1078,1604
r_96.tif,2592,1944,bottle,1002,1464,1078,1604
re_96.tif,2592,1944,bottle,1002,1464,1078,1604
rgb_96.jpg,2592,1944,bottle,1002,1464,1078,1604
g_96.tif,2592,1944,bottle,809,1535,938,1661
nir_96.tif,2592,1944,bottle,809,1535,938,1661
r_96.tif,2592,1944,bottle,809,1535,938,1661
re_96.tif,2592,1944,bottle,809,1535,938,1661
rgb_96.jpg,2592,1944,bottle,809,1535,938,1661
g_96.tif,2592,1944,bottle,743,1526,874,1618
nir_96.tif,2592,1944,bottle,743,1526,874,1618
r_96.tif,2592,1944,bottle,743,1526,874,1618
re_96.tif,2592,1944,bottle,743,1526,874,1618
rgb_96.jpg,2592,1944,bottle,743,1526,874,1618
g_96.tif,2592,1944,bottle,679,1464,826,1574
nir_96.tif,2592,1944,bottle,679,1464,826,1574
r_96.tif,2592,1944,bottle,679,1464,826,1574
re_96.tif,2592,1944,bottle,679,1464,826,1574
rgb_96.jpg,2592,1944,bottle,679,1464,826,1574
g_96.tif,2592,1944,container,398,1509,516,1597
nir_96.tif,2592,1944,container,398,1509,516,1597
r_96.tif,2592,1944,container,398,1509,516,1597
re_96.tif,2592,1944,container,398,1509,516,1597
rgb_96.jpg,2592,1944,container,398,1509,516,1597
g_96.tif,2592,1944,container,1,1435,304,1623
nir_96.tif,2592,1944,container,1,1435,304,1623
r_96.tif,2592,1944,container,1,1435,304,1623
re_96.tif,2592,1944,container,1,1435,304,1623
rgb_96.jpg,2592,1944,container,1,1435,304,1623
g_96.tif,2592,1944,bottle,221,1712,328,1866
nir_96.tif,2592,1944,bottle,221,1712,328,1866
r_96.tif,2592,1944,bottle,221,1712,328,1866
re_96.tif,2592,1944,bottle,221,1712,328,1866
rgb_96.jpg,2592,1944,bottle,221,1712,328,1866
g_96.tif,2592,1944,bottle,209,1612,366,1752
nir_96.tif,2592,1944,bottle,209,1612,366,1752
r_96.tif,2592,1944,bottle,209,1612,366,1752
re_96.tif,2592,1944,bottle,209,1612,366,1752
rgb_96.jpg,2592,1944,bottle,209,1612,366,1752
g_96.tif,2592,1944,container,743,1797,1069,1930
nir_96.tif,2592,1944,container,743,1797,1069,1930
r_96.tif,2592,1944,container,743,1797,1069,1930
re_96.tif,2592,1944,container,743,1797,1069,1930
rgb_96.jpg,2592,1944,container,743,1797,1069,1930
g_96.tif,2592,1944,bottle,29,1707,248,1878
nir_96.tif,2592,1944,bottle,29,1707,248,1878
r_96.tif,2592,1944,bottle,29,1707,248,1878
re_96.tif,2592,1944,bottle,29,1707,248,1878
rgb_96.jpg,2592,1944,bottle,29,1707,248,1878
g_96.tif,2592,1944,can,133,1843,397,1944
nir_96.tif,2592,1944,can,133,1843,397,1944
r_96.tif,2592,1944,can,133,1843,397,1944
re_96.tif,2592,1944,can,133,1843,397,1944
rgb_96.jpg,2592,1944,can,133,1843,397,1944
g_96.tif,2592,1944,can,357,1745,676,1944
nir_96.tif,2592,1944,can,357,1745,676,1944
r_96.tif,2592,1944,can,357,1745,676,1944
re_96.tif,2592,1944,can,357,1745,676,1944
rgb_96.jpg,2592,1944,can,357,1745,676,1944
g_96.tif,2592,1944,can,545,1814,809,1944
nir_96.tif,2592,1944,can,545,1814,809,1944
r_96.tif,2592,1944,can,545,1814,809,1944
re_96.tif,2592,1944,can,545,1814,809,1944
rgb_96.jpg,2592,1944,can,545,1814,809,1944
g_96.tif,2592,1944,bottle,431,1612,528,1785
nir_96.tif,2592,1944,bottle,431,1612,528,1785
r_96.tif,2592,1944,bottle,431,1612,528,1785
re_96.tif,2592,1944,bottle,431,1612,528,1785
rgb_96.jpg,2592,1944,bottle,431,1612,528,1785
g_96.tif,2592,1944,bottle,302,1724,423,1831
nir_96.tif,2592,1944,bottle,302,1724,423,1831
r_96.tif,2592,1944,bottle,302,1724,423,1831
re_96.tif,2592,1944,bottle,302,1724,423,1831
rgb_96.jpg,2592,1944,bottle,302,1724,423,1831
g_97.tif,2592,1944,bottle,1,1652,185,1774
nir_97.tif,2592,1944,bottle,1,1652,185,1774
r_97.tif,2592,1944,bottle,1,1652,185,1774
re_97.tif,2592,1944,bottle,1,1652,185,1774
rgb_97.jpg,2592,1944,bottle,1,1652,185,1774
g_97.tif,2592,1944,bottle,307,1683,566,1843
nir_97.tif,2592,1944,bottle,307,1683,566,1843
r_97.tif,2592,1944,bottle,307,1683,566,1843
re_97.tif,2592,1944,bottle,307,1683,566,1843
rgb_97.jpg,2592,1944,bottle,307,1683,566,1843
g_97.tif,2592,1944,bottle,164,1656,443,1761
nir_97.tif,2592,1944,bottle,164,1656,443,1761
r_97.tif,2592,1944,bottle,164,1656,443,1761
re_97.tif,2592,1944,bottle,164,1656,443,1761
rgb_97.jpg,2592,1944,bottle,164,1656,443,1761
g_97.tif,2592,1944,bottle,159,1602,402,1707
nir_97.tif,2592,1944,bottle,159,1602,402,1707
r_97.tif,2592,1944,bottle,159,1602,402,1707
re_97.tif,2592,1944,bottle,159,1602,402,1707
rgb_97.jpg,2592,1944,bottle,159,1602,402,1707
g_97.tif,2592,1944,bottle,214,1569,438,1656
nir_97.tif,2592,1944,bottle,214,1569,438,1656
r_97.tif,2592,1944,bottle,214,1569,438,1656
re_97.tif,2592,1944,bottle,214,1569,438,1656
rgb_97.jpg,2592,1944,bottle,214,1569,438,1656
g_97.tif,2592,1944,bottle,369,1631,631,1709
nir_97.tif,2592,1944,bottle,369,1631,631,1709
r_97.tif,2592,1944,bottle,369,1631,631,1709
re_97.tif,2592,1944,bottle,369,1631,631,1709
rgb_97.jpg,2592,1944,bottle,369,1631,631,1709
g_97.tif,2592,1944,bottle,471,1642,647,1892
nir_97.tif,2592,1944,bottle,471,1642,647,1892
r_97.tif,2592,1944,bottle,471,1642,647,1892
re_97.tif,2592,1944,bottle,471,1642,647,1892
rgb_97.jpg,2592,1944,bottle,471,1642,647,1892
g_97.tif,2592,1944,bottle,517,1776,745,1944
nir_97.tif,2592,1944,bottle,517,1776,745,1944
r_97.tif,2592,1944,bottle,517,1776,745,1944
re_97.tif,2592,1944,bottle,517,1776,745,1944
rgb_97.jpg,2592,1944,bottle,517,1776,745,1944
g_97.tif,2592,1944,bottle,421,1449,650,1599
nir_97.tif,2592,1944,bottle,421,1449,650,1599
r_97.tif,2592,1944,bottle,421,1449,650,1599
re_97.tif,2592,1944,bottle,421,1449,650,1599
rgb_97.jpg,2592,1944,bottle,421,1449,650,1599
g_97.tif,2592,1944,bottle,857,1654,1012,1816
nir_97.tif,2592,1944,bottle,857,1654,1012,1816
r_97.tif,2592,1944,bottle,857,1654,1012,1816
re_97.tif,2592,1944,bottle,857,1654,1012,1816
rgb_97.jpg,2592,1944,bottle,857,1654,1012,1816
g_97.tif,2592,1944,bottle,1111,1568,1183,1673
nir_97.tif,2592,1944,bottle,1111,1568,1183,1673
r_97.tif,2592,1944,bottle,1111,1568,1183,1673
re_97.tif,2592,1944,bottle,1111,1568,1183,1673
rgb_97.jpg,2592,1944,bottle,1111,1568,1183,1673
g_97.tif,2592,1944,bottle,585,1523,817,1604
nir_97.tif,2592,1944,bottle,585,1523,817,1604
r_97.tif,2592,1944,bottle,585,1523,817,1604
re_97.tif,2592,1944,bottle,585,1523,817,1604
rgb_97.jpg,2592,1944,bottle,585,1523,817,1604
g_97.tif,2592,1944,bottle,621,1430,829,1571
nir_97.tif,2592,1944,bottle,621,1430,829,1571
r_97.tif,2592,1944,bottle,621,1430,829,1571
re_97.tif,2592,1944,bottle,621,1430,829,1571
rgb_97.jpg,2592,1944,bottle,621,1430,829,1571
g_97.tif,2592,1944,bottle,867,1437,955,1631
nir_97.tif,2592,1944,bottle,867,1437,955,1631
r_97.tif,2592,1944,bottle,867,1437,955,1631
re_97.tif,2592,1944,bottle,867,1437,955,1631
rgb_97.jpg,2592,1944,bottle,867,1437,955,1631
g_97.tif,2592,1944,bottle,1976,1514,2181,1595
nir_97.tif,2592,1944,bottle,1976,1514,2181,1595
r_97.tif,2592,1944,bottle,1976,1514,2181,1595
re_97.tif,2592,1944,bottle,1976,1514,2181,1595
rgb_97.jpg,2592,1944,bottle,1976,1514,2181,1595
g_97.tif,2592,1944,bottle,1931,1459,2009,1600
nir_97.tif,2592,1944,bottle,1931,1459,2009,1600
r_97.tif,2592,1944,bottle,1931,1459,2009,1600
re_97.tif,2592,1944,bottle,1931,1459,2009,1600
rgb_97.jpg,2592,1944,bottle,1931,1459,2009,1600
g_97.tif,2592,1944,bottle,1845,1433,1914,1559
nir_97.tif,2592,1944,bottle,1845,1433,1914,1559
r_97.tif,2592,1944,bottle,1845,1433,1914,1559
re_97.tif,2592,1944,bottle,1845,1433,1914,1559
rgb_97.jpg,2592,1944,bottle,1845,1433,1914,1559
g_97.tif,2592,1944,bottle,1626,1454,1778,1580
nir_97.tif,2592,1944,bottle,1626,1454,1778,1580
r_97.tif,2592,1944,bottle,1626,1454,1778,1580
re_97.tif,2592,1944,bottle,1626,1454,1778,1580
rgb_97.jpg,2592,1944,bottle,1626,1454,1778,1580
g_97.tif,2592,1944,bottle,1514,1404,1664,1488
nir_97.tif,2592,1944,bottle,1514,1404,1664,1488
r_97.tif,2592,1944,bottle,1514,1404,1664,1488
re_97.tif,2592,1944,bottle,1514,1404,1664,1488
rgb_97.jpg,2592,1944,bottle,1514,1404,1664,1488
g_97.tif,2592,1944,container,1559,1673,1895,1871
nir_97.tif,2592,1944,container,1559,1673,1895,1871
r_97.tif,2592,1944,container,1559,1673,1895,1871
re_97.tif,2592,1944,container,1559,1673,1895,1871
rgb_97.jpg,2592,1944,container,1559,1673,1895,1871
g_97.tif,2592,1944,container,935,1273,1200,1464
nir_97.tif,2592,1944,container,935,1273,1200,1464
r_97.tif,2592,1944,container,935,1273,1200,1464
re_97.tif,2592,1944,container,935,1273,1200,1464
rgb_97.jpg,2592,1944,container,935,1273,1200,1464
g_97.tif,2592,1944,container,1157,1623,1336,1830
nir_97.tif,2592,1944,container,1157,1623,1336,1830
r_97.tif,2592,1944,container,1157,1623,1336,1830
re_97.tif,2592,1944,container,1157,1623,1336,1830
rgb_97.jpg,2592,1944,container,1157,1623,1336,1830
g_97.tif,2592,1944,can,997,1626,1304,1923
nir_97.tif,2592,1944,can,997,1626,1304,1923
r_97.tif,2592,1944,can,997,1626,1304,1923
re_97.tif,2592,1944,can,997,1626,1304,1923
rgb_97.jpg,2592,1944,can,997,1626,1304,1923
g_97.tif,2592,1944,can,1364,1690,1631,1944
nir_97.tif,2592,1944,can,1364,1690,1631,1944
r_97.tif,2592,1944,can,1364,1690,1631,1944
re_97.tif,2592,1944,can,1364,1690,1631,1944
rgb_97.jpg,2592,1944,can,1364,1690,1631,1944
g_97.tif,2592,1944,can,1200,1593,1502,1843
nir_97.tif,2592,1944,can,1200,1593,1502,1843
r_97.tif,2592,1944,can,1200,1593,1502,1843
re_97.tif,2592,1944,can,1200,1593,1502,1843
rgb_97.jpg,2592,1944,can,1200,1593,1502,1843
g_97.tif,2592,1944,can,1378,1487,1588,1709
nir_97.tif,2592,1944,can,1378,1487,1588,1709
r_97.tif,2592,1944,can,1378,1487,1588,1709
re_97.tif,2592,1944,can,1378,1487,1588,1709
rgb_97.jpg,2592,1944,can,1378,1487,1588,1709
g_97.tif,2592,1944,can,1571,1540,1859,1742
nir_97.tif,2592,1944,can,1571,1540,1859,1742
r_97.tif,2592,1944,can,1571,1540,1859,1742
re_97.tif,2592,1944,can,1571,1540,1859,1742
rgb_97.jpg,2592,1944,can,1571,1540,1859,1742
g_97.tif,2592,1944,can,1823,1628,2098,1809
nir_97.tif,2592,1944,can,1823,1628,2098,1809
r_97.tif,2592,1944,can,1823,1628,2098,1809
re_97.tif,2592,1944,can,1823,1628,2098,1809
rgb_97.jpg,2592,1944,can,1823,1628,2098,1809
g_97.tif,2592,1944,can,1750,1499,1981,1669
nir_97.tif,2592,1944,can,1750,1499,1981,1669
r_97.tif,2592,1944,can,1750,1499,1981,1669
re_97.tif,2592,1944,can,1750,1499,1981,1669
rgb_97.jpg,2592,1944,can,1750,1499,1981,1669
g_97.tif,2592,1944,can,1355,1435,1624,1585
nir_97.tif,2592,1944,can,1355,1435,1624,1585
r_97.tif,2592,1944,can,1355,1435,1624,1585
re_97.tif,2592,1944,can,1355,1435,1624,1585
rgb_97.jpg,2592,1944,can,1355,1435,1624,1585
g_97.tif,2592,1944,can,909,1399,1142,1647
nir_97.tif,2592,1944,can,909,1399,1142,1647
r_97.tif,2592,1944,can,909,1399,1142,1647
re_97.tif,2592,1944,can,909,1399,1142,1647
rgb_97.jpg,2592,1944,can,909,1399,1142,1647
g_97.tif,2592,1944,bottle,717,1638,931,1738
nir_97.tif,2592,1944,bottle,717,1638,931,1738
r_97.tif,2592,1944,bottle,717,1638,931,1738
re_97.tif,2592,1944,bottle,717,1638,931,1738
rgb_97.jpg,2592,1944,bottle,717,1638,931,1738
g_97.tif,2592,1944,bottle,628,1537,864,1628
nir_97.tif,2592,1944,bottle,628,1537,864,1628
r_97.tif,2592,1944,bottle,628,1537,864,1628
re_97.tif,2592,1944,bottle,628,1537,864,1628
rgb_97.jpg,2592,1944,bottle,628,1537,864,1628
g_97.tif,2592,1944,bottle,573,1611,735,1790
nir_97.tif,2592,1944,bottle,573,1611,735,1790
r_97.tif,2592,1944,bottle,573,1611,735,1790
re_97.tif,2592,1944,bottle,573,1611,735,1790
rgb_97.jpg,2592,1944,bottle,573,1611,735,1790
g_97.tif,2592,1944,bottle,854,1795,1066,1942
nir_97.tif,2592,1944,bottle,854,1795,1066,1942
r_97.tif,2592,1944,bottle,854,1795,1066,1942
re_97.tif,2592,1944,bottle,854,1795,1066,1942
rgb_97.jpg,2592,1944,bottle,854,1795,1066,1942
g_98.tif,2592,1944,bottle,179,1682,449,1782
nir_98.tif,2592,1944,bottle,179,1682,449,1782
r_98.tif,2592,1944,bottle,179,1682,449,1782
re_98.tif,2592,1944,bottle,179,1682,449,1782
rgb_98.jpg,2592,1944,bottle,179,1682,449,1782
g_98.tif,2592,1944,bottle,310,1702,565,1859
nir_98.tif,2592,1944,bottle,310,1702,565,1859
r_98.tif,2592,1944,bottle,310,1702,565,1859
re_98.tif,2592,1944,bottle,310,1702,565,1859
rgb_98.jpg,2592,1944,bottle,310,1702,565,1859
g_98.tif,2592,1944,bottle,515,1695,647,1930
nir_98.tif,2592,1944,bottle,515,1695,647,1930
r_98.tif,2592,1944,bottle,515,1695,647,1930
re_98.tif,2592,1944,bottle,515,1695,647,1930
rgb_98.jpg,2592,1944,bottle,515,1695,647,1930
g_98.tif,2592,1944,bottle,421,1487,656,1623
nir_98.tif,2592,1944,bottle,421,1487,656,1623
r_98.tif,2592,1944,bottle,421,1487,656,1623
re_98.tif,2592,1944,bottle,421,1487,656,1623
rgb_98.jpg,2592,1944,bottle,421,1487,656,1623
g_98.tif,2592,1944,bottle,650,1549,891,1633
nir_98.tif,2592,1944,bottle,650,1549,891,1633
r_98.tif,2592,1944,bottle,650,1549,891,1633
re_98.tif,2592,1944,bottle,650,1549,891,1633
rgb_98.jpg,2592,1944,bottle,650,1549,891,1633
g_98.tif,2592,1944,bottle,1963,1530,2154,1610
nir_98.tif,2592,1944,bottle,1963,1530,2154,1610
r_98.tif,2592,1944,bottle,1963,1530,2154,1610
re_98.tif,2592,1944,bottle,1963,1530,2154,1610
rgb_98.jpg,2592,1944,bottle,1963,1530,2154,1610
g_98.tif,2592,1944,bottle,1103,1458,1229,1598
nir_98.tif,2592,1944,bottle,1103,1458,1229,1598
r_98.tif,2592,1944,bottle,1103,1458,1229,1598
re_98.tif,2592,1944,bottle,1103,1458,1229,1598
rgb_98.jpg,2592,1944,bottle,1103,1458,1229,1598
g_98.tif,2592,1944,bottle,480,1405,677,1505
nir_98.tif,2592,1944,bottle,480,1405,677,1505
r_98.tif,2592,1944,bottle,480,1405,677,1505
re_98.tif,2592,1944,bottle,480,1405,677,1505
rgb_98.jpg,2592,1944,bottle,480,1405,677,1505
g_98.tif,2592,1944,container,1268,1424,1370,1475
nir_98.tif,2592,1944,container,1268,1424,1370,1475
r_98.tif,2592,1944,container,1268,1424,1370,1475
re_98.tif,2592,1944,container,1268,1424,1370,1475
rgb_98.jpg,2592,1944,container,1268,1424,1370,1475
g_98.tif,2592,1944,container,926,1316,1184,1454
nir_98.tif,2592,1944,container,926,1316,1184,1454
r_98.tif,2592,1944,container,926,1316,1184,1454
re_98.tif,2592,1944,container,926,1316,1184,1454
rgb_98.jpg,2592,1944,container,926,1316,1184,1454
g_98.tif,2592,1944,container,1586,1726,1921,1887
nir_98.tif,2592,1944,container,1586,1726,1921,1887
r_98.tif,2592,1944,container,1586,1726,1921,1887
re_98.tif,2592,1944,container,1586,1726,1921,1887
rgb_98.jpg,2592,1944,container,1586,1726,1921,1887
g_98.tif,2592,1944,can,982,1651,1303,1944
nir_98.tif,2592,1944,can,982,1651,1303,1944
r_98.tif,2592,1944,can,982,1651,1303,1944
re_98.tif,2592,1944,can,982,1651,1303,1944
rgb_98.jpg,2592,1944,can,982,1651,1303,1944
g_98.tif,2592,1944,can,1372,1719,1642,1944
nir_98.tif,2592,1944,can,1372,1719,1642,1944
r_98.tif,2592,1944,can,1372,1719,1642,1944
re_98.tif,2592,1944,can,1372,1719,1642,1944
rgb_98.jpg,2592,1944,can,1372,1719,1642,1944
g_98.tif,2592,1944,can,1245,1609,1517,1868
nir_98.tif,2592,1944,can,1245,1609,1517,1868
r_98.tif,2592,1944,can,1245,1609,1517,1868
re_98.tif,2592,1944,can,1245,1609,1517,1868
rgb_98.jpg,2592,1944,can,1245,1609,1517,1868
g_98.tif,2592,1944,can,1401,1500,1601,1735
nir_98.tif,2592,1944,can,1401,1500,1601,1735
r_98.tif,2592,1944,can,1401,1500,1601,1735
re_98.tif,2592,1944,can,1401,1500,1601,1735
rgb_98.jpg,2592,1944,can,1401,1500,1601,1735
g_98.tif,2592,1944,can,1594,1558,1884,1752
nir_98.tif,2592,1944,can,1594,1558,1884,1752
r_98.tif,2592,1944,can,1594,1558,1884,1752
re_98.tif,2592,1944,can,1594,1558,1884,1752
rgb_98.jpg,2592,1944,can,1594,1558,1884,1752
g_98.tif,2592,1944,can,1849,1616,2093,1824
nir_98.tif,2592,1944,can,1849,1616,2093,1824
r_98.tif,2592,1944,can,1849,1616,2093,1824
re_98.tif,2592,1944,can,1849,1616,2093,1824
rgb_98.jpg,2592,1944,can,1849,1616,2093,1824
g_98.tif,2592,1944,can,1793,1523,2035,1665
nir_98.tif,2592,1944,can,1793,1523,2035,1665
r_98.tif,2592,1944,can,1793,1523,2035,1665
re_98.tif,2592,1944,can,1793,1523,2035,1665
rgb_98.jpg,2592,1944,can,1793,1523,2035,1665
g_98.tif,2592,1944,can,1386,1451,1635,1596
nir_98.tif,2592,1944,can,1386,1451,1635,1596
r_98.tif,2592,1944,can,1386,1451,1635,1596
re_98.tif,2592,1944,can,1386,1451,1635,1596
rgb_98.jpg,2592,1944,can,1386,1451,1635,1596
g_98.tif,2592,1944,bottle,1856,1454,1914,1542
nir_98.tif,2592,1944,bottle,1856,1454,1914,1542
r_98.tif,2592,1944,bottle,1856,1454,1914,1542
re_98.tif,2592,1944,bottle,1856,1454,1914,1542
rgb_98.jpg,2592,1944,bottle,1856,1454,1914,1542
g_98.tif,2592,1944,bottle,893,1616,1038,1854
nir_98.tif,2592,1944,bottle,893,1616,1038,1854
r_98.tif,2592,1944,bottle,893,1616,1038,1854
re_98.tif,2592,1944,bottle,893,1616,1038,1854
rgb_98.jpg,2592,1944,bottle,893,1616,1038,1854
g_98.tif,2592,1944,bottle,708,1644,940,1777
nir_98.tif,2592,1944,bottle,708,1644,940,1777
r_98.tif,2592,1944,bottle,708,1644,940,1777
re_98.tif,2592,1944,bottle,708,1644,940,1777
rgb_98.jpg,2592,1944,bottle,708,1644,940,1777
g_98.tif,2592,1944,bottle,510,1786,770,1944
nir_98.tif,2592,1944,bottle,510,1786,770,1944
r_98.tif,2592,1944,bottle,510,1786,770,1944
re_98.tif,2592,1944,bottle,510,1786,770,1944
rgb_98.jpg,2592,1944,bottle,510,1786,770,1944
g_98.tif,2592,1944,bottle,189,1612,403,1696
nir_98.tif,2592,1944,bottle,189,1612,403,1696
r_98.tif,2592,1944,bottle,189,1612,403,1696
re_98.tif,2592,1944,bottle,189,1612,403,1696
rgb_98.jpg,2592,1944,bottle,189,1612,403,1696
g_98.tif,2592,1944,bottle,245,1586,459,1679
nir_98.tif,2592,1944,bottle,245,1586,459,1679
r_98.tif,2592,1944,bottle,245,1586,459,1679
re_98.tif,2592,1944,bottle,245,1586,459,1679
rgb_98.jpg,2592,1944,bottle,245,1586,459,1679
g_98.tif,2592,1944,bottle,652,1461,842,1570
nir_98.tif,2592,1944,bottle,652,1461,842,1570
r_98.tif,2592,1944,bottle,652,1461,842,1570
re_98.tif,2592,1944,bottle,652,1461,842,1570
rgb_98.jpg,2592,1944,bottle,652,1461,842,1570
g_98.tif,2592,1944,can,921,1423,1147,1640
nir_98.tif,2592,1944,can,921,1423,1147,1640
r_98.tif,2592,1944,can,921,1423,1147,1640
re_98.tif,2592,1944,can,921,1423,1147,1640
rgb_98.jpg,2592,1944,can,921,1423,1147,1640
g_98.tif,2592,1944,bottle,1670,1498,1761,1563
nir_98.tif,2592,1944,bottle,1670,1498,1761,1563
r_98.tif,2592,1944,bottle,1670,1498,1761,1563
re_98.tif,2592,1944,bottle,1670,1498,1761,1563
rgb_98.jpg,2592,1944,bottle,1670,1498,1761,1563
g_99.tif,2592,1944,bottle,1157,1342,1435,1491
nir_99.tif,2592,1944,bottle,1157,1342,1435,1491
r_99.tif,2592,1944,bottle,1157,1342,1435,1491
re_99.tif,2592,1944,bottle,1157,1342,1435,1491
rgb_99.jpg,2592,1944,bottle,1157,1342,1435,1491
g_99.tif,2592,1944,bottle,1001,1252,1287,1380
nir_99.tif,2592,1944,bottle,1001,1252,1287,1380
r_99.tif,2592,1944,bottle,1001,1252,1287,1380
re_99.tif,2592,1944,bottle,1001,1252,1287,1380
rgb_99.jpg,2592,1944,bottle,1001,1252,1287,1380
g_99.tif,2592,1944,bottle,628,1321,945,1496
nir_99.tif,2592,1944,bottle,628,1321,945,1496
r_99.tif,2592,1944,bottle,628,1321,945,1496
re_99.tif,2592,1944,bottle,628,1321,945,1496
rgb_99.jpg,2592,1944,bottle,628,1321,945,1496
g_99.tif,2592,1944,bottle,340,1110,447,1302
nir_99.tif,2592,1944,bottle,340,1110,447,1302
r_99.tif,2592,1944,bottle,340,1110,447,1302
re_99.tif,2592,1944,bottle,340,1110,447,1302
rgb_99.jpg,2592,1944,bottle,340,1110,447,1302
g_99.tif,2592,1944,bottle,710,1147,828,1333
nir_99.tif,2592,1944,bottle,710,1147,828,1333
r_99.tif,2592,1944,bottle,710,1147,828,1333
re_99.tif,2592,1944,bottle,710,1147,828,1333
rgb_99.jpg,2592,1944,bottle,710,1147,828,1333
g_99.tif,2592,1944,bottle,549,1033,772,1224
nir_99.tif,2592,1944,bottle,549,1033,772,1224
r_99.tif,2592,1944,bottle,549,1033,772,1224
re_99.tif,2592,1944,bottle,549,1033,772,1224
rgb_99.jpg,2592,1944,bottle,549,1033,772,1224
g_99.tif,2592,1944,bottle,342,961,568,1100
nir_99.tif,2592,1944,bottle,342,961,568,1100
r_99.tif,2592,1944,bottle,342,961,568,1100
re_99.tif,2592,1944,bottle,342,961,568,1100
rgb_99.jpg,2592,1944,bottle,342,961,568,1100
g_99.tif,2592,1944,bottle,212,949,465,1028
nir_99.tif,2592,1944,bottle,212,949,465,1028
r_99.tif,2592,1944,bottle,212,949,465,1028
re_99.tif,2592,1944,bottle,212,949,465,1028
rgb_99.jpg,2592,1944,bottle,212,949,465,1028
g_99.tif,2592,1944,container,1547,975,1861,1124
nir_99.tif,2592,1944,container,1547,975,1861,1124
r_99.tif,2592,1944,container,1547,975,1861,1124
re_99.tif,2592,1944,container,1547,975,1861,1124
rgb_99.jpg,2592,1944,container,1547,975,1861,1124
g_99.tif,2592,1944,bottle,1942,810,2121,877
nir_99.tif,2592,1944,bottle,1942,810,2121,877
r_99.tif,2592,1944,bottle,1942,810,2121,877
re_99.tif,2592,1944,bottle,1942,810,2121,877
rgb_99.jpg,2592,1944,bottle,1942,810,2121,877
g_99.tif,2592,1944,bottle,419,763,652,886
nir_99.tif,2592,1944,bottle,419,763,652,886
r_99.tif,2592,1944,bottle,419,763,652,886
re_99.tif,2592,1944,bottle,419,763,652,886
rgb_99.jpg,2592,1944,bottle,419,763,652,886
g_99.tif,2592,1944,container,914,589,1172,735
nir_99.tif,2592,1944,container,914,589,1172,735
r_99.tif,2592,1944,container,914,589,1172,735
re_99.tif,2592,1944,container,914,589,1172,735
rgb_99.jpg,2592,1944,container,914,589,1172,735
g_99.tif,2592,1944,bottle,1,945,191,1063
nir_99.tif,2592,1944,bottle,1,945,191,1063
r_99.tif,2592,1944,bottle,1,945,191,1063
re_99.tif,2592,1944,bottle,1,945,191,1063
rgb_99.jpg,2592,1944,bottle,1,945,191,1063
g_99.tif,2592,1944,bottle,540,940,656,1182
nir_99.tif,2592,1944,bottle,540,940,656,1182
r_99.tif,2592,1944,bottle,540,940,656,1182
re_99.tif,2592,1944,bottle,540,940,656,1182
rgb_99.jpg,2592,1944,bottle,540,940,656,1182
g_99.tif,2592,1944,bottle,636,816,873,893
nir_99.tif,2592,1944,bottle,636,816,873,893
r_99.tif,2592,1944,bottle,636,816,873,893
re_99.tif,2592,1944,bottle,636,816,873,893
rgb_99.jpg,2592,1944,bottle,636,816,873,893
g_99.tif,2592,1944,bottle,768,863,979,961
nir_99.tif,2592,1944,bottle,768,863,979,961
r_99.tif,2592,1944,bottle,768,863,979,961
re_99.tif,2592,1944,bottle,768,863,979,961
rgb_99.jpg,2592,1944,bottle,768,863,979,961
g_99.tif,2592,1944,bottle,894,880,1033,1098
nir_99.tif,2592,1944,bottle,894,880,1033,1098
r_99.tif,2592,1944,bottle,894,880,1033,1098
re_99.tif,2592,1944,bottle,894,880,1033,1098
rgb_99.jpg,2592,1944,bottle,894,880,1033,1098
g_99.tif,2592,1944,bottle,1080,733,1208,865
nir_99.tif,2592,1944,bottle,1080,733,1208,865
r_99.tif,2592,1944,bottle,1080,733,1208,865
re_99.tif,2592,1944,bottle,1080,733,1208,865
rgb_99.jpg,2592,1944,bottle,1080,733,1208,865
g_99.tif,2592,1944,container,1254,695,1357,756
nir_99.tif,2592,1944,container,1254,695,1357,756
r_99.tif,2592,1944,container,1254,695,1357,756
re_99.tif,2592,1944,container,1254,695,1357,756
rgb_99.jpg,2592,1944,container,1254,695,1357,756
g_99.tif,2592,1944,can,907,691,1129,896
nir_99.tif,2592,1944,can,907,691,1129,896
r_99.tif,2592,1944,can,907,691,1129,896
re_99.tif,2592,1944,can,907,691,1129,896
rgb_99.jpg,2592,1944,can,907,691,1129,896
g_99.tif,2592,1944,can,980,916,1268,1212
nir_99.tif,2592,1944,can,980,916,1268,1212
r_99.tif,2592,1944,can,980,916,1268,1212
re_99.tif,2592,1944,can,980,916,1268,1212
rgb_99.jpg,2592,1944,can,980,916,1268,1212
g_99.tif,2592,1944,can,1343,982,1603,1242
nir_99.tif,2592,1944,can,1343,982,1603,1242
r_99.tif,2592,1944,can,1343,982,1603,1242
re_99.tif,2592,1944,can,1343,982,1603,1242
rgb_99.jpg,2592,1944,can,1343,982,1603,1242
g_99.tif,2592,1944,can,1224,877,1487,1114
nir_99.tif,2592,1944,can,1224,877,1487,1114
r_99.tif,2592,1944,can,1224,877,1487,1114
re_99.tif,2592,1944,can,1224,877,1487,1114
rgb_99.jpg,2592,1944,can,1224,877,1487,1114
g_99.tif,2592,1944,can,1379,731,1572,993
nir_99.tif,2592,1944,can,1379,731,1572,993
r_99.tif,2592,1944,can,1379,731,1572,993
re_99.tif,2592,1944,can,1379,731,1572,993
rgb_99.jpg,2592,1944,can,1379,731,1572,993
g_99.tif,2592,1944,can,1361,730,1619,865
nir_99.tif,2592,1944,can,1361,730,1619,865
r_99.tif,2592,1944,can,1361,730,1619,865
re_99.tif,2592,1944,can,1361,730,1619,865
rgb_99.jpg,2592,1944,can,1361,730,1619,865
g_99.tif,2592,1944,can,1573,831,1840,1010
nir_99.tif,2592,1944,can,1573,831,1840,1010
r_99.tif,2592,1944,can,1573,831,1840,1010
re_99.tif,2592,1944,can,1573,831,1840,1010
rgb_99.jpg,2592,1944,can,1573,831,1840,1010
g_99.tif,2592,1944,can,1805,887,2049,1070
nir_99.tif,2592,1944,can,1805,887,2049,1070
r_99.tif,2592,1944,can,1805,887,2049,1070
re_99.tif,2592,1944,can,1805,887,2049,1070
rgb_99.jpg,2592,1944,can,1805,887,2049,1070
g_99.tif,2592,1944,can,1765,803,1996,949
nir_99.tif,2592,1944,can,1765,803,1996,949
r_99.tif,2592,1944,can,1765,803,1996,949
re_99.tif,2592,1944,can,1765,803,1996,949
rgb_99.jpg,2592,1944,can,1765,803,1996,949
g_99.tif,2592,1944,bottle,1840,730,1891,816
nir_99.tif,2592,1944,bottle,1840,730,1891,816
r_99.tif,2592,1944,bottle,1840,730,1891,816
re_99.tif,2592,1944,bottle,1840,730,1891,816
rgb_99.jpg,2592,1944,bottle,1840,730,1891,816
g_99.tif,2592,1944,bottle,204,882,455,991
nir_99.tif,2592,1944,bottle,204,882,455,991
r_99.tif,2592,1944,bottle,204,882,455,991
re_99.tif,2592,1944,bottle,204,882,455,991
rgb_99.jpg,2592,1944,bottle,204,882,455,991
g_99.tif,2592,1944,bottle,263,855,509,929
nir_99.tif,2592,1944,bottle,263,855,509,929
r_99.tif,2592,1944,bottle,263,855,509,929
re_99.tif,2592,1944,bottle,263,855,509,929
rgb_99.jpg,2592,1944,bottle,263,855,509,929
g_99.tif,2592,1944,bottle,443,891,660,986
nir_99.tif,2592,1944,bottle,443,891,660,986
r_99.tif,2592,1944,bottle,443,891,660,986
re_99.tif,2592,1944,bottle,443,891,660,986
rgb_99.jpg,2592,1944,bottle,443,891,660,986
g_99.tif,2592,1944,bottle,713,904,915,1012
nir_99.tif,2592,1944,bottle,713,904,915,1012
r_99.tif,2592,1944,bottle,713,904,915,1012
re_99.tif,2592,1944,bottle,713,904,915,1012
rgb_99.jpg,2592,1944,bottle,713,904,915,1012
g_99.tif,2592,1944,bottle,633,733,825,838
nir_99.tif,2592,1944,bottle,633,733,825,838
r_99.tif,2592,1944,bottle,633,733,825,838
re_99.tif,2592,1944,bottle,633,733,825,838
rgb_99.jpg,2592,1944,bottle,633,733,825,838
g_99.tif,2592,1944,bottle,469,690,665,773
nir_99.tif,2592,1944,bottle,469,690,665,773
r_99.tif,2592,1944,bottle,469,690,665,773
re_99.tif,2592,1944,bottle,469,690,665,773
rgb_99.jpg,2592,1944,bottle,469,690,665,773
g_99.tif,2592,1944,bottle,1154,761,1338,826
nir_99.tif,2592,1944,bottle,1154,761,1338,826
r_99.tif,2592,1944,bottle,1154,761,1338,826
re_99.tif,2592,1944,bottle,1154,761,1338,826
rgb_99.jpg,2592,1944,bottle,1154,761,1338,826
g_99.tif,2592,1944,bottle,1624,780,1734,833
nir_99.tif,2592,1944,bottle,1624,780,1734,833
r_99.tif,2592,1944,bottle,1624,780,1734,833
re_99.tif,2592,1944,bottle,1624,780,1734,833
rgb_99.jpg,2592,1944,bottle,1624,780,1734,833
g_99.tif,2592,1944,bottle,1509,718,1660,776
nir_99.tif,2592,1944,bottle,1509,718,1660,776
r_99.tif,2592,1944,bottle,1509,718,1660,776
re_99.tif,2592,1944,bottle,1509,718,1660,776
rgb_99.jpg,2592,1944,bottle,1509,718,1660,776
g_99.tif,2592,1944,bottle,661,683,724,743
nir_99.tif,2592,1944,bottle,661,683,724,743
r_99.tif,2592,1944,bottle,661,683,724,743
re_99.tif,2592,1944,bottle,661,683,724,743
rgb_99.jpg,2592,1944,bottle,661,683,724,743
g_99.tif,2592,1944,bottle,782,694,883,811
nir_99.tif,2592,1944,bottle,782,694,883,811
r_99.tif,2592,1944,bottle,782,694,883,811
re_99.tif,2592,1944,bottle,782,694,883,811
rgb_99.jpg,2592,1944,bottle,782,694,883,811
g_99.tif,2592,1944,bottle,867,737,950,896
nir_99.tif,2592,1944,bottle,867,737,950,896
r_99.tif,2592,1944,bottle,867,737,950,896
re_99.tif,2592,1944,bottle,867,737,950,896
rgb_99.jpg,2592,1944,bottle,867,737,950,896
g_99.tif,2592,1944,bottle,629,898,741,1042
nir_99.tif,2592,1944,bottle,629,898,741,1042
r_99.tif,2592,1944,bottle,629,898,741,1042
re_99.tif,2592,1944,bottle,629,898,741,1042
rgb_99.jpg,2592,1944,bottle,629,898,741,1042
